Date,LTD,PLC
2004/05/12,2290,2220
2004/05/13,2294,2274
2004/05/14,2264,2265
2004/05/17,2230.2,2285
2004/05/18,2250,2220.4
2004/05/19,2300,2312.2
2004/05/20,2300,2300.4
2004/05/21,2340,2348
2004/05/24,2300,2296
2004/05/25,2270,2286
2004/05/26,2328,2345
2004/05/27,2400,2400
2004/05/28,2420,2400.2
2004/05/31,2410,2420
2004/06/01,2400,2400
2004/06/02,2400,2420
2004/06/03,2410,2426
2004/06/04,2400,2420
2004/06/07,2480.2,2510
2004/06/08,2480,2504
2004/06/09,2530,2526
2004/06/10,2500,2510
2004/06/11,2470,2504.2
2004/06/14,2520,2511
2004/06/15,2443,2488
2004/06/17,2442,2480
2004/06/18,2450.2,2470
2004/06/21,2446,2470
2004/06/22,2470,2476
2004/06/23,2460.2,2470.8
2004/06/24,2514,2519.8
2004/06/25,2476,2520
2004/06/28,2480,2510
2004/06/29,2520,2540
2004/06/30,2480,2540
2004/07/01,2520,2537
2004/07/02,2430,2455.6
2004/07/05,2424,2440
2004/07/06,2409,2390
2004/07/07,2360.2,2405
2004/07/08,2379.8,2380
2004/07/09,2360,2380
2004/07/12,2350,2371
2004/07/13,2346,2409.8
2004/07/14,2284,2360
2004/07/15,2320,2360
2004/07/16,2325,2355
2004/07/19,2315,2346.4
2004/07/20,2320,2361.2
2004/07/21,2350,2389.6
2004/07/22,2322,2350
2004/07/23,2350,2380.2
2004/07/26,2268,2306.2
2004/07/27,2300,2340
2004/07/28,2310,2339.2
2004/07/29,2305,2330
2004/07/30,2317.8,2350
2004/08/02,2320,2342
2004/08/03,2309,2348
2004/08/04,2285,2314
2004/08/05,2255,2280
2004/08/06,2187,2225
2004/08/10,2165,2180.2
2004/08/11,2156,2160
2004/08/12,2195,2200
2004/08/13,2180,2214
2004/08/16,2200,2210
2004/08/17,2188,2180
2004/08/18,2188,2198
2004/08/19,2260.2,2290
2004/08/20,2262.2,2280
2004/08/23,2302,2358
2004/08/24,2390,2400
2004/08/25,2362,2372.8
2004/08/26,2380,2410
2004/08/27,2380,2400
2004/08/30,2360,2380
2004/08/31,2380.6,2420.2
2004/09/01,2365,2385.4
2004/09/02,2380,2391.8
2004/09/03,2400,2439
2004/09/06,2470.4,2480
2004/09/07,2449.6,2460
2004/09/08,2420,2436
2004/09/09,2430,2439.8
2004/09/10,2421,2429.6
2004/09/13,2414,2425.8
2004/09/14,2440,2499.8
2004/09/15,2440,2462
2004/09/16,2556,2570
2004/09/17,2598,2642
2004/09/20,2570,2590
2004/09/21,2586,2600
2004/09/22,2630,2640
2004/09/23,2599.8,2600
2004/09/27,2530,2540
2004/09/28,2530,2536
2004/09/29,2580,2610
2004/09/30,2569,2580.2
2004/10/01,2582,2605
2004/10/04,2590,2595
2004/10/05,2562,2573
2004/10/06,2572,2584
2004/10/07,2624.8,2640
2004/10/08,2599.6,2612
2004/10/11,2560,2593.4
2004/10/12,2560,2571
2004/10/13,2540,2550
2004/10/14,2526,2540
2004/10/15,2513,2520
2004/10/18,2480,2485
2004/10/19,2550,2571.8
2004/10/20,2570,2573.8
2004/10/21,2620,2639
2004/10/22,2590,2597
2004/10/25,2620,2629.4
2004/10/26,2680.2,2680
2004/10/27,2736.6,2748
2004/10/28,2774,2770
2004/10/29,2800,2800
2004/11/01,2800,2790
2004/11/02,2820.2,2847
2004/11/03,2900,2902
2004/11/04,2922.2,2960
2004/11/05,2995,3029
2004/11/08,3060.2,3060
2004/11/09,3142,3150
2004/11/10,3139.8,3120
2004/11/11,3081,3095
2004/11/12,3040,3050
2004/11/15,2985,3000
2004/11/16,2930,2946
2004/11/17,2950,2966.8
2004/11/18,2980,3015
2004/11/19,3010,3040
2004/11/22,3100,3118
2004/11/23,3100,3130
2004/11/24,3134.4,3156
2004/11/25,3112,3135
2004/11/26,3200,3240
2004/11/29,3345,3371
2004/11/30,3280,3320
2004/12/01,3380,3400
2004/12/02,3424,3459.8
2004/12/03,3363,3409
2004/12/06,3250,3400
2004/12/07,3312,3359
2004/12/08,3380,3400
2004/12/09,3380,3395
2004/12/10,3408,3439.6
2004/12/13,3400,3450
2004/12/14,3419,3428
2004/12/15,3346,3420
2004/12/17,3430,3460
2004/12/20,3436,3478
2004/12/21,3440,3460
2004/12/22,3499.8,3500
2004/12/23,3640.2,3650
2004/12/24,3600,3620
2004/12/28,3620,3620
2004/12/29,3630,3630
2004/12/30,3610,3640
2004/12/31,3620,3628
2005/01/03,3730,3730
2005/01/04,3720,3734.8
2005/01/05,3680,3690
2005/01/06,3730,3740.2
2005/01/07,3620,3633.2
2005/01/10,3590,3605
2005/01/11,3489.8,3500
2005/01/12,3590,3595.8
2005/01/13,3560,3600
2005/01/14,3565,3580
2005/01/17,3515,3502
2005/01/18,3402,3420.4
2005/01/19,3360,3390
2005/01/20,3403,3460
2005/01/21,3426,3434
2005/01/24,3399.8,3403
2005/01/25,3398,3403
2005/01/26,3393.2,3410
2005/01/27,3394,3429
2005/01/28,3416,3460
2005/01/31,3465,3500.2
2005/02/01,3464,3512
2005/02/02,3480,3520
2005/02/03,3464,3514
2005/02/04,3446.8,3480
2005/02/07,3460,3490
2005/02/08,3540,3585
2005/02/09,3570,3610
2005/02/10,3424,3460
2005/02/11,3410,3450
2005/02/14,3470,3510.2
2005/02/15,3490,3520
2005/02/16,3440,3485
2005/02/17,3420,3460
2005/02/18,3450,3490
2005/02/21,3459.8,3499.8
2005/02/22,3420,3440
2005/02/23,3440,3480.2
2005/02/24,3480,3520
2005/02/25,3484,3510
2005/02/28,3440,3480.2
2005/03/01,3500,3550
2005/03/02,3550,3600
2005/03/03,3622,3665
2005/03/04,3680,3724
2005/03/07,3700,3740
2005/03/08,3719.8,3760
2005/03/09,3720,3760
2005/03/10,3770,3810
2005/03/11,3800,3856
2005/03/14,3770,3810
2005/03/15,3760,3800
2005/03/16,3740,3760
2005/03/17,3714,3740
2005/03/18,3660,3720
2005/03/22,3600,3640
2005/03/23,3570,3591
2005/03/24,3601,3619.8
2005/03/29,3598.2,3680
2005/03/30,3560,3630
2005/03/31,3560,3624
2005/04/01,3590,3640
2005/04/04,3576,3637
2005/04/05,3584,3624
2005/04/06,3580,3630
2005/04/07,3626.4,3730
2005/04/08,3704,3758
2005/04/11,3740,3800
2005/04/12,3736,3820
2005/04/13,3562,3760
2005/04/14,3580,3640
2005/04/15,3600,3680
2005/04/18,3579.8,3600
2005/04/19,3580,3626
2005/04/20,3580,3640
2005/04/21,3580,3632
2005/04/22,3600,3685
2005/04/25,3552.2,3660
2005/04/26,3590,3660
2005/04/28,3410,3570
2005/04/29,3500,3564
2005/05/03,3490,3578
2005/05/04,3502,3580
2005/05/05,3510,3600
2005/05/06,3560,3610
2005/05/09,3559.8,3672.2
2005/05/10,3533.2,3650
2005/05/11,3540,3604
2005/05/12,3558.8,3640
2005/05/13,3510,3609
2005/05/16,3510,3619.8
2005/05/17,3480.2,3604.2
2005/05/18,3640,3698
2005/05/19,3760,3835
2005/05/20,3731,3820
2005/05/23,3700,3790
2005/05/24,3680,3780.2
2005/05/25,3698,3790.2
2005/05/26,3720,3833
2005/05/27,3840,3930
2005/05/30,3800,3886
2005/05/31,3900,4000
2005/06/01,3960,4040
2005/06/02,4010,4082
2005/06/03,4012,4120
2005/06/06,4060,4100
2005/06/07,4056,4140
2005/06/08,4044,4190
2005/06/09,4040,4120
2005/06/10,4027.4,4160
2005/06/13,4140,4240.2
2005/06/14,4155,4270
2005/06/15,4080,4261
2005/06/17,4269,4360
2005/06/20,4340,4391
2005/06/21,4359.6,4412
2005/06/22,4299.6,4341
2005/06/23,4239.8,4362
2005/06/24,4082,4221
2005/06/27,3939,4064
2005/06/28,3920,4042.2
2005/06/29,3920,4082
2005/06/30,3970,4150
2005/07/01,4040,4190
2005/07/04,4040,4202
2005/07/05,4090,4240
2005/07/06,4060,4226
2005/07/07,4020,4200
2005/07/08,4159.6,4325
2005/07/11,4120,4261
2005/07/12,4116,4168
2005/07/13,4050,4220
2005/07/14,4040,4204
2005/07/15,4040,4200
2005/07/18,4160,4274
2005/07/19,4277,4380
2005/07/20,4235,4312
2005/07/21,4200,4260
2005/07/22,4200,4222.2
2005/07/25,4100,4220
2005/07/26,4080,4200.2
2005/07/27,4120,4220
2005/07/28,4120,4250
2005/07/29,4180,4260
2005/08/01,4270,4358
2005/08/02,4374.8,4429.6
2005/08/03,4375,4443.8
2005/08/04,4410,4480
2005/08/05,4360,4440
2005/08/08,4380,4460
2005/08/10,4504.8,4579
2005/08/11,4440,4540
2005/08/12,4360,4500
2005/08/15,4359.8,4508
2005/08/16,4340,4502
2005/08/17,4260,4400.6
2005/08/18,4300,4460
2005/08/19,4320,4450
2005/08/22,4260,4400.2
2005/08/23,4239.8,4400
2005/08/24,4220,4350
2005/08/25,4147,4306
2005/08/26,4100,4286.2
2005/08/29,4030,4200.2
2005/08/30,4060,4232.6
2005/08/31,4070,4230
2005/09/01,4261.6,4410.2
2005/09/02,4489.8,4570
2005/09/05,4425,4545
2005/09/06,4624.2,4700.2
2005/09/07,4640,4740
2005/09/08,4600,4691.2
2005/09/09,4580,4710.2
2005/09/12,4640,4730
2005/09/13,4555,4659.8
2005/09/14,4537,4656
2005/09/15,4560,4740.2
2005/09/16,4560,4733.2
2005/09/19,4568,4700
2005/09/20,4527.2,4685
2005/09/21,4680,4814.4
2005/09/22,4620,4730
2005/09/23,4550,4684
2005/09/26,4668,4730
2005/09/27,4740,4855
2005/09/28,4770,4882
2005/09/29,4759.8,4811.6
2005/09/30,4765.2,4917.6
2005/10/03,4740,4887.2
2005/10/04,4780,4920
2005/10/05,4880,5000
2005/10/06,4740,4856
2005/10/07,4600,4700
2005/10/10,4600,4699.2
2005/10/11,4760,4849
2005/10/12,4678.8,4794
2005/10/13,4440,4580
2005/10/14,4300,4510
2005/10/17,4460,4557
2005/10/18,4420,4507
2005/10/19,4360,4374
2005/10/20,4700,4607.4
2005/10/21,4460,4500
2005/10/24,4520,4615.2
2005/10/25,4645,4690
2005/10/26,4665,4738
2005/10/27,4680,4760
2005/10/28,4765,4758
2005/10/31,4820,4872
2005/11/01,4880,4910
2005/11/02,4980,5059.8
2005/11/03,5280,5335
2005/11/04,5220,5295
2005/11/07,5260,5359
2005/11/08,5200,5240
2005/11/09,5200,5280.4
2005/11/10,5200,5311
2005/11/11,5220,5301
2005/11/14,5235,5395
2005/11/15,5400,5543
2005/11/16,5380,5402
2005/11/17,5290,5300
2005/11/18,5380,5450
2005/11/21,5380,5401
2005/11/22,5300,5381
2005/11/23,5209,5307.2
2005/11/24,5370,5450
2005/11/25,5330,5385
2005/11/28,5166,5251
2005/11/29,5201.2,5355
2005/11/30,5180,5200
2005/12/01,5180,5271
2005/12/02,5358.4,5377.8
2005/12/05,5180,5242
2005/12/06,5300,5338
2005/12/07,5484,5504
2005/12/08,5440,5493
2005/12/09,5360,5397.8
2005/12/12,5486.8,5473
2005/12/13,5441,5500
2005/12/14,5482.6,5491.8
2005/12/15,5500,5520.2
2005/12/19,5580,5598
2005/12/20,5501,5500
2005/12/21,5550,5567
2005/12/22,5543.4,5552
2005/12/23,5540,5540
2005/12/27,5540,5600
2005/12/28,5535,5570.2
2005/12/29,5520,5569
2005/12/30,5520,5523
2006/01/03,5540,5588
2006/01/04,5594.6,5652.4
2006/01/05,5520,5579
2006/01/06,5570,5625
2006/01/09,5600,5640.2
2006/01/10,5640,5678.8
2006/01/11,5700,5750
2006/01/12,5700,5742
2006/01/13,5700,5700
2006/01/16,5640,5640
2006/01/17,5530,5550
2006/01/18,5420,5438.8
2006/01/19,5700,5739
2006/01/20,5806.2,5859.8
2006/01/23,5880.4,5926
2006/01/24,5999.8,5960
2006/01/25,5916,5970
2006/01/26,6000,6034
2006/01/27,6139.8,6100
2006/01/30,6040,6081
2006/01/31,6050,6080
2006/02/01,6060.4,6100
2006/02/02,6158,6137.6
2006/02/03,5890,5813
2006/02/06,5889,5890
2006/02/07,5930,5947.2
2006/02/08,5922.8,5970
2006/02/09,6200,6100
2006/02/10,6040,6100
2006/02/13,5860,6010.2
2006/02/14,5800,5850
2006/02/15,5998,5955
2006/02/16,5950,6000
2006/02/17,6110.4,6149
2006/02/20,6020,6060
2006/02/21,6082,6132
2006/02/22,6200,6260
2006/02/23,6250,6302.4
2006/02/24,6240,6300
2006/02/27,6260,6324
2006/02/28,6190,6240.4
2006/03/02,6277.2,6300
2006/03/03,6060,6120
2006/03/06,6220,6280
2006/03/07,5890,5960.2
2006/03/08,5731.2,5800
2006/03/09,5720,5800
2006/03/10,5999.8,5981
2006/03/13,5920,5955.4
2006/03/14,6000,5940
2006/03/15,6040,6145
2006/03/16,6232.2,6280
2006/03/17,6400,6450
2006/03/20,6650,6690
2006/03/22,6600,6670
2006/03/23,6620,6675
2006/03/24,6492,6535
2006/03/27,6410,6470
2006/03/28,6240,6322
2006/03/29,6279,6361
2006/03/30,6280,6360
2006/03/31,6260,6300
2006/04/03,6239.8,6340
2006/04/04,6340,6442
2006/04/05,6600,6677.8
2006/04/06,6600,6623.8
2006/04/07,6740,6764
2006/04/10,6671,6740
2006/04/11,6533,6580
2006/04/12,6377.2,6449
2006/04/13,6440,6510.4
2006/04/18,6694,6706
2006/04/19,6745,6810
2006/04/20,6680,6804.4
2006/04/21,6760,6815.8
2006/04/24,6800,6882.2
2006/04/25,6760,6841
2006/04/26,6890,6971
2006/04/28,6850.2,6902
2006/05/02,6822,6885
2006/05/03,7100,7178
2006/05/04,6900,6988.2
2006/05/05,6979.8,7060
2006/05/08,7100,7200
2006/05/09,7240,7324
2006/05/10,7202,7284
2006/05/11,7390,7470
2006/05/12,7060,7141
2006/05/15,6920,7040.2
2006/05/16,6700,6820
2006/05/17,6540,6691
2006/05/18,6520,6660
2006/05/19,6660,6780
2006/05/22,6516,6599
2006/05/23,6600,6700.4
2006/05/24,6597.6,6700
2006/05/25,6460,6585
2006/05/26,6900,7000
2006/05/29,6920,7020
2006/05/30,6780,6918
2006/05/31,6879.8,6981
2006/06/01,6800,6960
2006/06/02,7040,7225
2006/06/05,7100,7199.6
2006/06/06,6810,6960
2006/06/07,6700,6840.2
2006/06/08,6000,6130
2006/06/09,6279.4,6422.2
2006/06/12,6270,6432
2006/06/13,5905.6,6140
2006/06/14,6000,6221
2006/06/15,6488,6680
2006/06/19,6480,6670
2006/06/20,6490,6670
2006/06/21,6531,6690
2006/06/22,6530,6800
2006/06/23,6380,6571.6
2006/06/26,6400,6620
2006/06/27,6400,6620
2006/06/28,6380,6577.4
2006/06/29,6330,6541
2006/06/30,6396,6700
2006/07/03,6390,6722.2
2006/07/04,6430,6756
2006/07/05,6390,6822.8
2006/07/06,6400.2,6838
2006/07/07,6460,6766
2006/07/10,6520,6811.8
2006/07/11,6439.8,6720
2006/07/12,6579.8,6879.6
2006/07/13,6340,6905
2006/07/14,6260,6714
2006/07/17,6200.2,6660
2006/07/18,6200,6610.4
2006/07/19,6460,6940
2006/07/20,6600,7000
2006/07/21,6340,6631
2006/07/24,6380,6777
2006/07/25,6260,6648.4
2006/07/26,6440,6870
2006/07/27,6760,7111.8
2006/07/28,6660,7040
2006/07/31,6800,7175.2
2006/08/01,6560,6970.2
2006/08/02,6544.4,6920.2
2006/08/03,6426.6,6920
2006/08/04,6600,6940
2006/08/07,6480,6840.2
2006/08/08,6480,6856
2006/08/10,6460,6750
2006/08/11,6480,6740
2006/08/14,6533,6856
2006/08/15,6665,6963.2
2006/08/16,6690,7000
2006/08/17,6887.2,7180
2006/08/18,6800,7100
2006/08/21,6960,7250
2006/08/22,7080.6,7438.8
2006/08/23,7040,7330
2006/08/24,6918,7250
2006/08/25,7000,7320
2006/08/28,6860,7260
2006/08/29,6910,7280.2
2006/08/30,6980,7279.4
2006/08/31,7040,7300
2006/09/01,7130,7372
2006/09/04,7160,7445
2006/09/05,7070,7300
2006/09/06,6891,7240
2006/09/07,6703,7100
2006/09/08,6820,7112
2006/09/11,6465,6900
2006/09/12,6610,6910
2006/09/13,6608,6900
2006/09/14,6600,7000
2006/09/15,6600,6925
2006/09/18,6520,6901
2006/09/19,6580,6905
2006/09/20,6610,6930
2006/09/21,6900,7238
2006/09/22,6950,7440
2006/09/26,7200,7635
2006/09/27,7200,7600
2006/09/28,7250,7576
2006/09/29,7280,7630
2006/10/02,7275,7606
2006/10/03,7195,7650
2006/10/04,7220,7570
2006/10/05,7240,7608
2006/10/06,7350,7758
2006/10/09,7345,7800
2006/10/10,7530,7980
2006/10/11,7425,7881
2006/10/12,7215,7634
2006/10/13,7178,7518
2006/10/16,7280,7667
2006/10/17,7330,7730
2006/10/18,7300,7567
2006/10/19,7180,7550
2006/10/20,7315,7620
2006/10/23,7375,7711
2006/10/24,7450,7800
2006/10/25,7400,7650
2006/10/26,7150,7450
2006/10/27,6989,7251
2006/10/30,7110,7400
2006/10/31,7400,7488
2006/11/01,7415,7659
2006/11/02,7399,7601
2006/11/03,7500,7760
2006/11/06,7600,7775
2006/11/07,7550,7784
2006/11/08,7560,7790
2006/11/09,7350,7591
2006/11/10,7380,7660
2006/11/13,7586,7835
2006/11/14,7540,7850
2006/11/15,7900,7884
2006/11/16,7531,7850
2006/11/17,7675,8024
2006/11/20,7790,8000
2006/11/21,7900,8206
2006/11/22,8020,8240
2006/11/23,8160,8400
2006/11/24,8050,8330
2006/11/27,7999,8132
2006/11/28,7826,8242
2006/11/29,8100,8400
2006/11/30,8249,8580
2006/12/01,8300,8621
2006/12/04,8097,8550
2006/12/05,8100,8546
2006/12/06,8163,8562
2006/12/07,8181,8569
2006/12/08,8249,8555
2006/12/11,7970,8370
2006/12/12,7965,8360
2006/12/13,8230,8472
2006/12/14,8350,8600
2006/12/15,8559,8800
2006/12/18,8480,8690
2006/12/19,8235,8580
2006/12/20,8309,8625
2006/12/21,8625,8880
2006/12/22,8776,8780
2006/12/27,8802,8970
2006/12/28,8770,9029
2006/12/29,8774,8963
2007/01/02,8865,9165
2007/01/03,8740,9075
2007/01/04,8646,8980
2007/01/05,8716,9097
2007/01/09,8800,9160
2007/01/10,8610,8960
2007/01/11,8760,9074
2007/01/12,8850,9160
2007/01/15,9020,9272
2007/01/16,9100,9360
2007/01/17,9087,9301
2007/01/18,9200,9385
2007/01/19,8900,9199
2007/01/22,9000,9255
2007/01/23,8849,9123
2007/01/24,8850,9126
2007/01/25,8900,9182
2007/01/26,8850,9154
2007/01/29,8833,9080
2007/01/30,8750,9034
2007/01/31,8601,8887
2007/02/01,8700,8965
2007/02/02,8625,8927
2007/02/05,8500,8823
2007/02/06,8745,9045
2007/02/07,8875,9148
2007/02/08,8690,8954
2007/02/09,8585,8931
2007/02/12,8600,9012
2007/02/13,8700,9075
2007/02/14,8725,9130
2007/02/15,8850,9190
2007/02/16,8824,9148
2007/02/19,8880,9184
2007/02/20,8855,9140
2007/02/21,8855,9106
2007/02/22,8899,9183
2007/02/23,8920,9200
2007/02/26,8903,9156
2007/02/27,8506,8760
2007/02/28,8550,8781
2007/03/01,8594,8780
2007/03/02,8650,8795
2007/03/05,8300,8470
2007/03/06,8400,8585
2007/03/07,8621,8898
2007/03/08,8817,9020
2007/03/09,8990,9057
2007/03/12,8900,8986
2007/03/13,8839,8945
2007/03/14,8601,8730
2007/03/15,8815,8895
2007/03/16,8921,9066
2007/03/19,9112,9269
2007/03/20,9184,9338
2007/03/22,9460,9560
2007/03/23,9345,9469
2007/03/26,9200,9338
2007/03/27,9205,9365
2007/03/28,9075,9330
2007/03/29,9150,9369
2007/03/30,9330,9399
2007/04/02,9320,9554
2007/04/03,9520,9600
2007/04/04,9600,9813
2007/04/05,9600,9840
2007/04/10,9790,10021
2007/04/11,9515,9830
2007/04/12,9611,9758
2007/04/13,9650,9901
2007/04/16,9799,10025
2007/04/17,9850,10080
2007/04/18,9700,9918
2007/04/19,9650,9900
2007/04/20,9780,9922
2007/04/23,9760,10060
2007/04/24,9690,9915
2007/04/25,9880,10198
2007/04/26,9900,10015
2007/04/30,10005,10132
2007/05/02,10020,10215
2007/05/03,10440,10576
2007/05/04,10320,10530
2007/05/07,10230,10545
2007/05/08,10100,10398
2007/05/09,10080,10400
2007/05/10,10210,10578
2007/05/11,10200,10640
2007/05/14,9850,10260
2007/05/15,9722,10231
2007/05/16,9771,10240
2007/05/17,9589,10125
2007/05/18,9764,10287
2007/05/21,9695,10122
2007/05/22,9600,10035
2007/05/23,9720,10150
2007/05/24,9540,10050
2007/05/25,9419,9758
2007/05/28,9570,9850
2007/05/29,9539,9895
2007/05/30,9250,9550
2007/05/31,9295,9611
2007/06/01,9500,9905
2007/06/04,9530,9903
2007/06/05,9425,9880
2007/06/06,9415,9648
2007/06/07,9240,9499
2007/06/08,9095,9300
2007/06/11,9110,9300
2007/06/12,8954,9186
2007/06/13,9155,9360
2007/06/14,9360,9566
2007/06/15,9550,9850
2007/06/18,9530,9760
2007/06/19,9485,9708
2007/06/20,9602,9750
2007/06/21,9370,9525
2007/06/22,9150,9300
2007/06/25,9156,9345
2007/06/26,9130,9345
2007/06/27,8930,9110
2007/06/28,9100,9250
2007/06/29,9130,9186
2007/07/02,9200,9328
2007/07/03,9400,9470
2007/07/04,9450,9539
2007/07/05,9580,9610
2007/07/06,9525,9570
2007/07/09,9550,9587
2007/07/10,9540,9560
2007/07/11,9578,9590
2007/07/12,9300,9388
2007/07/13,9575,9625
2007/07/16,9690,9700
2007/07/17,9610,9650
2007/07/18,9600,9611
2007/07/19,9500,9560
2007/07/20,9520,9605
2007/07/23,9340,9365
2007/07/24,9330,9312
2007/07/25,9101,9100
2007/07/26,8790,8850
2007/07/27,8650,8699
2007/07/30,8720,8795
2007/07/31,8915,8901
2007/08/01,8620,8790
2007/08/02,8600,8674
2007/08/03,8520,8600
2007/08/06,8268,8450
2007/08/07,8401,8470
2007/08/08,8730,8720
2007/08/10,7850,7840
2007/08/13,8260,8300
2007/08/14,8100,8150
2007/08/15,7900,7900
2007/08/16,7588,7599
2007/08/17,7580,7539
2007/08/20,7605,7630
2007/08/21,7600,7600
2007/08/22,7770,7714
2007/08/23,8000,7999
2007/08/24,7750,7778
2007/08/27,7980,7961
2007/08/28,7690,7602
2007/08/29,7731,7700
2007/08/30,7760,7685
2007/08/31,8050,7902
2007/09/03,8185,8000
2007/09/04,8205,8159
2007/09/05,8060,8050
2007/09/06,8120,8080
2007/09/07,7880,7800
2007/09/10,7800,7682
2007/09/11,8079,7890
2007/09/12,7900,7820
2007/09/13,7860,7848
2007/09/14,7520,7514
2007/09/17,7170,7100
2007/09/18,7240,7252
2007/09/19,7745,7614
2007/09/20,7399,7380
2007/09/21,7430,7365
2007/09/25,7200,7030
2007/09/26,7340,7160
2007/09/27,7450,7250
2007/09/28,7399,7250
2007/10/01,7215,7049
2007/10/02,7539,7300
2007/10/03,7800,7560
2007/10/04,7830,7626
2007/10/05,7740,7540
2007/10/08,7779,7584
2007/10/09,7730,7519
2007/10/10,7850,7590
2007/10/11,7724,7490
2007/10/12,7645,7401
2007/10/15,7569,7299
2007/10/16,7459,7184
2007/10/17,7400,7230
2007/10/18,7359,7101
2007/10/19,7331,7130
2007/10/22,7321,7050
2007/10/23,7320,7245
2007/10/24,7402,7280
2007/10/25,7555,7440
2007/10/26,7665,7498
2007/10/29,7765,7610
2007/10/30,7875,7725
2007/10/31,8085,7845
2007/11/01,7974,7772
2007/11/02,7795,7660
2007/11/05,7625,7545
2007/11/06,7700,7566
2007/11/07,7571,7455
2007/11/08,7500,7350
2007/11/09,7439,7300
2007/11/12,7630,7460
2007/11/13,7635,7470
2007/11/14,7750,7600
2007/11/15,7650,7339
2007/11/16,7570,7409
2007/11/19,7200,7050
2007/11/20,7400,7290
2007/11/21,7200,7040
2007/11/22,7085,7050
2007/11/23,7230,7197
2007/11/26,7100,7000
2007/11/27,7120,7020
2007/11/28,7125,7170
2007/11/29,7275,7162
2007/11/30,7250,7200
2007/12/03,7240,7089
2007/12/04,7141,6930
2007/12/05,7080,6985
2007/12/06,7100,6970
2007/12/07,7100,7082
2007/12/10,6990,6850
2007/12/11,7020,6910
2007/12/12,6960,6882
2007/12/13,6900,6750
2007/12/14,6799,6605
2007/12/18,6680,6555
2007/12/19,6576,6400
2007/12/20,6625,6370
2007/12/21,6700,6500
2007/12/24,6601,6423
2007/12/27,6460,6370
2007/12/28,6351,6328
2007/12/31,6525,6287
2008/01/02,6400,6301
2008/01/03,6358,6200
2008/01/04,6329,6070
2008/01/07,6250,6000
2008/01/08,6290,6018
2008/01/09,6169,5875
2008/01/10,6030,5817
2008/01/11,5955,5700
2008/01/14,5974,5800
2008/01/15,5858,5740
2008/01/16,5816,5677
2008/01/17,5999,5855
2008/01/18,5928,5820
2008/01/21,5750,5601
2008/01/22,5675,5694
2008/01/23,5725,5592
2008/01/24,5980,5800
2008/01/25,6150,5975
2008/01/28,5851,5846
2008/01/29,6070,5930
2008/01/30,6250,6189
2008/01/31,6299,6160
2008/02/01,6400,6286
2008/02/04,6435,6406
2008/02/05,6260,6100
2008/02/06,6179,6119
2008/02/07,6220,6070
2008/02/08,6251,6030
2008/02/11,6161,5890
2008/02/12,6345,6120
2008/02/13,6335,6064
2008/02/14,6400,6257
2008/02/15,6250,5860
2008/02/18,6015,5756
2008/02/19,6299,6041
2008/02/20,6222,5885
2008/02/21,6070,5840
2008/02/22,6049,5830
2008/02/25,6130,5930
2008/02/26,6286,6191
2008/02/27,6299,6080
2008/02/28,6150,6000
2008/02/29,6000,5770
2008/03/03,5800,5660
2008/03/04,5600,5480
2008/03/05,5470,5309
2008/03/06,5480,5320
2008/03/07,5350,5202
2008/03/10,5380,5246
2008/03/11,5480,5340
2008/03/12,5640,5529
2008/03/13,5495,5300
2008/03/14,5385,5201
2008/03/17,5090,4900
2008/03/18,5300,5141
2008/03/19,5218,5110
2008/03/20,5335,5245
2008/03/25,5680,5610
2008/03/26,5810,5580
2008/03/27,5905,5699
2008/03/28,5846,5620
2008/03/31,5743,5401
2008/04/01,5950,5660
2008/04/02,6217,5925
2008/04/03,6090,5800
2008/04/04,6087,5885
2008/04/07,6319,6055
2008/04/08,6205,5917
2008/04/09,6053,5800
2008/04/10,5850,5579
2008/04/11,5724,5530
2008/04/14,5700,5425
2008/04/15,5700,5480
2008/04/16,5850,5570
2008/04/17,5860,5659
2008/04/18,6148,5850
2008/04/21,6013,5729
2008/04/22,5850,5629
2008/04/23,5750,5500
2008/04/24,5528,5301
2008/04/25,5600,5398
2008/04/29,5550,5300
2008/04/30,5535,5418
2008/05/05,5650,5506
2008/05/06,5645,5549
2008/05/07,5675,5560
2008/05/08,5785,5644
2008/05/09,5760,5603
2008/05/12,5650,5551
2008/05/13,5610,5530
2008/05/14,5540,5432
2008/05/15,5615,5532
2008/05/16,5710,5758
2008/05/19,5860,5697
2008/05/20,5708,5606
2008/05/21,5520,5404
2008/05/22,5451,5400
2008/05/23,5499,5331
2008/05/26,5490,5379
2008/05/27,5499,5380
2008/05/28,5450,5390
2008/05/29,5210,5190
2008/05/30,5306,5299
2008/06/02,5160,5090
2008/06/03,5149,5001
2008/06/04,5130,5019
2008/06/05,5250,5139
2008/06/06,5179,5023
2008/06/09,5030,4925
2008/06/10,4980,4865
2008/06/11,4850,4770
2008/06/12,5001,4925
2008/06/13,5145,5049
2008/06/17,5085,5084
2008/06/18,5000,5000
2008/06/19,4950,5025
2008/06/20,4875,4866
2008/06/23,4730,4795
2008/06/24,4723,4744
2008/06/25,4730,4802
2008/06/26,4720,4709
2008/06/27,4770,4720
2008/06/30,4720,4745
2008/07/01,4600,4565
2008/07/02,4510,4518
2008/07/03,4344,4411
2008/07/04,4331,4298
2008/07/07,4220,4251
2008/07/08,4200,4206
2008/07/09,4393,4380
2008/07/10,4400,4380
2008/07/11,4400,4340
2008/07/14,4251,4348
2008/07/15,4265,4245
2008/07/16,4430,4460
2008/07/17,5065,5000
2008/07/18,5176,5255
2008/07/21,4901,5050
2008/07/22,4600,4677
2008/07/23,4900,5050
2008/07/24,4990,5000
2008/07/25,4818,4863
2008/07/28,4709,4699
2008/07/29,4765,4748
2008/07/30,4986,5000
2008/07/31,5010,4974
2008/08/01,5099,4940
2008/08/04,5065,5007
2008/08/05,5315,5300
2008/08/06,5360,5350
2008/08/07,5280,5290
2008/08/08,5425,5465
2008/08/11,5799,5831
2008/08/12,5573,5651
2008/08/13,5485,5430
2008/08/14,5617,5500
2008/08/15,5720,5575
2008/08/18,5600,5448
2008/08/19,5195,5100
2008/08/20,5206,5050
2008/08/21,5170,5060
2008/08/22,5201,5225
2008/08/25,5300,5200
2008/08/26,5284,5268
2008/08/27,5450,5350
2008/08/28,5694,5555
2008/08/29,5750,5625
2008/09/01,5700,5700
2008/09/02,5910,5850
2008/09/03,5700,5605
2008/09/04,5589,5520
2008/09/05,5279,5200
2008/09/08,5631,5525
2008/09/09,5832,5780
2008/09/10,5769,5728
2008/09/11,5624,5566
2008/09/12,5700,5600
2008/09/15,5368,5300
2008/09/16,5350,5140
2008/09/17,4910,4751
2008/09/18,4601,4590
2008/09/19,5189,5350
2008/09/22,5400,5449
2008/09/23,5101,5151
2008/09/25,5112,5175
2008/09/26,5050,5100
2008/09/29,4700,4750
2008/09/30,4750,4610
2008/10/01,4701,4575
2008/10/02,4800,4700
2008/10/03,4940,4730
2008/10/06,4500,4276
2008/10/07,4750,4500
2008/10/08,4430,4200
2008/10/09,4480,4300
2008/10/10,4200,3950
2008/10/13,4400,4200
2008/10/14,4849,4529
2008/10/15,4460,4290
2008/10/16,4200,3900
2008/10/17,3995,3715
2008/10/20,4000,3773
2008/10/21,4100,3875
2008/10/22,4120,3872
2008/10/23,4348,4040
2008/10/24,4400,4390
2008/10/27,4350,4150
2008/10/28,4400,4300
2008/10/29,4365,4210
2008/10/30,4465,4380
2008/10/31,4779,4449
2008/11/03,4500,4309
2008/11/04,4500,4525
2008/11/05,4520,4462
2008/11/06,4440,4425
2008/11/07,4399,4389
2008/11/10,4400,4410
2008/11/11,4327,4300
2008/11/12,4190,4050
2008/11/13,3950,3854
2008/11/14,3650,3580
2008/11/17,3700,3654
2008/11/18,3800,3801
2008/11/19,4190,4100
2008/11/20,4275,4100
2008/11/21,4055,3795
2008/11/24,3937,3720
2008/11/25,3960,3940
2008/11/26,4290,4232
2008/11/27,4540,4445
2008/11/28,4300,4139
2008/12/01,4182,4000
2008/12/02,3968,3751
2008/12/03,3789,3580
2008/12/04,3850,3725
2008/12/05,3700,3683
2008/12/08,3945,3790
2008/12/09,3975,3740
2008/12/10,4170,3820
2008/12/11,4125,3875
2008/12/12,4145,3900
2008/12/15,4200,3960
2008/12/17,4460,4160
2008/12/18,4388,4200
2008/12/19,4350,4300
2008/12/22,4100,4050
2008/12/23,4106,4050
2008/12/24,4122,4000
2008/12/29,4100,3907
2008/12/30,4179,4000
2008/12/31,4199,4007
2009/01/02,4077,3921
2009/01/05,4294,4100
2009/01/06,4400,4300
2009/01/07,4378,4251
2009/01/08,4260,4160
2009/01/09,4400,4250
2009/01/12,4425,4300
2009/01/13,4330,4151
2009/01/14,4100,4050
2009/01/15,4095,3900
2009/01/16,4001,3876
2009/01/19,3900,3696
2009/01/20,3550,3385
2009/01/21,3660,3519
2009/01/22,3672,3450
2009/01/23,3433,3280
2009/01/26,3616,3480
2009/01/27,3799,3590
2009/01/28,3851,3699
2009/01/29,3720,3490
2009/01/30,3760,3550
2009/02/02,3650,3490
2009/02/03,3724,3477
2009/02/04,3800,3540
2009/02/05,3675,3400
2009/02/06,3838,3620
2009/02/09,3950,3738
2009/02/10,3998,3740
2009/02/11,3890,3600
2009/02/12,3760,3479
2009/02/13,3700,3470
2009/02/16,3600,3350
2009/02/17,3220,3065
2009/02/18,3368,3200
2009/02/19,3438,3235
2009/02/20,3099,2949
2009/02/23,3215,2978
2009/02/24,3030,2750
2009/02/25,3000,2755
2009/02/26,3169,2955
2009/02/27,3020,2900
2009/03/02,2876,2649
2009/03/03,2870,2664
2009/03/04,2880,2720
2009/03/05,2810,2589
2009/03/06,2781,2656
2009/03/09,2720,2600
2009/03/10,3055,2940
2009/03/11,3250,3050
2009/03/12,3230,3042
2009/03/13,3364,3100
2009/03/16,3400,3138
2009/03/17,3182,2930
2009/03/18,3193,3056
2009/03/19,3373,3285
2009/03/20,3451,3498
2009/03/23,3720,3749
2009/03/24,3855,3850
2009/03/25,3875,3940
2009/03/26,3930,3920
2009/03/27,3780,3800
2009/03/30,3640,3641
2009/03/31,3886,3903
2009/04/01,3975,3900
2009/04/02,4383,4371
2009/04/03,4425,4300
2009/04/06,4345,4200
2009/04/07,4076,3993
2009/04/08,3990,3884
2009/04/09,4100,4015
2009/04/14,4302,4238
2009/04/15,4295,4150
2009/04/16,4200,4141
2009/04/17,4221,4235
2009/04/20,3870,3814
2009/04/21,3751,3738
2009/04/23,3969,3837
2009/04/24,3950,3900
2009/04/28,3999,3799
2009/04/29,4101,3901
2009/04/30,4050,4136
2009/05/04,4315,4205
2009/05/05,4250,4200
2009/05/06,4335,4290
2009/05/07,4140,4075
2009/05/08,4375,4284
2009/05/11,4255,4111
2009/05/12,4250,4152
2009/05/13,4000,3962
2009/05/14,4115,4028
2009/05/15,4168,4100
2009/05/18,4302,4249
2009/05/19,4500,4430
2009/05/20,4331,4320
2009/05/21,4200,4160
2009/05/22,4300,4240
2009/05/25,4129,4107
2009/05/26,4170,4180
2009/05/27,4435,4415
2009/05/28,4380,4327
2009/05/29,4384,4475
2009/06/01,4558,4551
2009/06/02,4650,4600
2009/06/03,4650,4660
2009/06/04,4680,4611
2009/06/05,4775,4750
2009/06/08,4799,4721
2009/06/09,4785,4763
2009/06/10,4737,4750
2009/06/11,4610,4667
2009/06/12,4556,4555
2009/06/15,4514,4460
2009/06/17,4340,4352
2009/06/18,4355,4380
2009/06/19,4484,4475
2009/06/22,4350,4345
2009/06/23,4300,4216
2009/06/24,4425,4287
2009/06/25,4411,4350
2009/06/26,4425,4330
2009/06/29,4300,4372
2009/06/30,4240,4165
2009/07/01,4457,4351
2009/07/02,4475,4400
2009/07/03,4500,4475
2009/07/06,4418,4335
2009/07/07,4399,4349
2009/07/08,4390,4371
2009/07/09,4490,4439
2009/07/10,4527,4463
2009/07/13,4650,4670
2009/07/14,4710,4717
2009/07/15,4845,4815
2009/07/16,4765,4750
2009/07/17,4800,4800
2009/07/20,4875,4950
2009/07/21,4900,4929
2009/07/22,4965,4939
2009/07/23,5220,5174
2009/07/24,5255,5225
2009/07/27,5145,5115
2009/07/28,5240,5091
2009/07/29,5225,5039
2009/07/30,5353,5148
2009/07/31,5530,5315
2009/08/03,5699,5480
2009/08/04,5727,5398
2009/08/05,5600,5404
2009/08/06,5564,5391
2009/08/07,5540,5350
2009/08/11,5311,5151
2009/08/12,5315,5149
2009/08/13,5221,5254
2009/08/14,5400,5300
2009/08/17,5314,5142
2009/08/18,5268,5165
2009/08/19,5241,5082
2009/08/20,5404,5220
2009/08/21,5350,5200
2009/08/24,5641,5370
2009/08/25,5651,5425
2009/08/26,5600,5394
2009/08/27,5551,5334
2009/08/28,5727,5431
2009/08/31,5833,5545
2009/09/01,5735,5501
2009/09/02,5638,5345
2009/09/03,5651,5385
2009/09/04,5788,5499
2009/09/07,5655,5354
2009/09/08,5575,5265
2009/09/09,5610,5305
2009/09/10,5626,5340
2009/09/11,5684,5384
2009/09/14,5581,5260
2009/09/15,5410,5125
2009/09/16,5470,5240
2009/09/17,5770,5499
2009/09/18,5863,5435
2009/09/21,5725,5437
2009/09/22,5762,5510
2009/09/23,5725,5485
2009/09/25,5570,5275
2009/09/28,5685,5320
2009/09/29,5628,5338
2009/09/30,5713,5456
2009/10/01,5780,5549
2009/10/02,5591,5369
2009/10/05,5576,5369
2009/10/06,5590,5365
2009/10/07,5645,5404
2009/10/08,5750,5489
2009/10/09,5610,5400
2009/10/12,5755,5451
2009/10/13,5740,5473
2009/10/14,5815,5544
2009/10/15,6060,5784
2009/10/16,5995,5699
2009/10/19,5977,5702
2009/10/20,5919,5719
2009/10/21,5800,5769
2009/10/22,6077,5820
2009/10/23,6078,5840
2009/10/26,6025,5850
2009/10/27,5825,5717
2009/10/28,5710,5600
2009/10/29,5850,5675
2009/10/30,5820,5710
2009/11/02,5670,5597
2009/11/03,5551,5441
2009/11/04,5470,5400
2009/11/05,5468,5406
2009/11/06,5450,5416
2009/11/09,5540,5455
2009/11/10,5739,5525
2009/11/11,5865,5688
2009/11/12,5805,5601
2009/11/13,5850,5650
2009/11/16,5900,5625
2009/11/17,5865,5575
2009/11/18,5860,5645
2009/11/19,5830,5570
2009/11/20,5825,5529
2009/11/23,5947,5600
2009/11/24,5900,5560
2009/11/25,5855,5509
2009/11/26,5683,5340
2009/11/27,5505,5276
2009/11/30,5602,5343
2009/12/01,5705,5390
2009/12/02,5600,5360
2009/12/03,5600,5400
2009/12/04,5600,5350
2009/12/07,5550,5301
2009/12/08,5450,5194
2009/12/09,5415,5123
2009/12/10,5470,5175
2009/12/11,5520,5265
2009/12/14,5530,5224
2009/12/15,5465,5194
2009/12/17,5500,5198
2009/12/18,5383,5180
2009/12/21,5400,5240
2009/12/22,5490,5275
2009/12/23,5453,5266
2009/12/24,5390,5174
2009/12/28,5400,5185
2009/12/29,5350,5124
2009/12/30,5320,5099
2009/12/31,5325,5100
2010/01/04,5398,5218
2010/01/05,5540,5300
2010/01/06,5480,5305
2010/01/07,5600,5420
2010/01/08,5649,5501
2010/01/11,5511,5400
2010/01/12,5500,5364
2010/01/13,5600,5441
2010/01/14,5670,5522
2010/01/15,5515,5350
2010/01/18,5599,5390
2010/01/19,5535,5385
2010/01/20,5600,5450
2010/01/21,5555,5450
2010/01/22,5435,5301
2010/01/25,5425,5250
2010/01/26,5339,5200
2010/01/27,5325,5180
2010/01/28,5432,5256
2010/01/29,5443,5250
2010/02/01,5450,5310
2010/02/02,5480,5300
2010/02/03,5471,5300
2010/02/04,5530,5300
2010/02/05,5300,5079
2010/02/08,5345,5080
2010/02/09,5357,5100
2010/02/10,5303,5114
2010/02/11,5380,5119
2010/02/12,5380,5150
2010/02/15,5520,5277
2010/02/16,5550,5304
2010/02/17,5700,5458
2010/02/18,5708,5520
2010/02/19,5610,5445
2010/02/22,5670,5530
2010/02/23,5630,5440
2010/02/24,5525,5365
2010/02/25,5505,5274
2010/02/26,5445,5219
2010/03/01,5470,5175
2010/03/02,5650,5369
2010/03/03,5820,5550
2010/03/04,5928,5710
2010/03/05,5940,5730
2010/03/08,6035,5797
2010/03/09,5992,5824
2010/03/10,6070,5920
2010/03/11,6060,5900
2010/03/12,6089,5929
2010/03/15,5999,5885
2010/03/16,6094,5920
2010/03/17,6285,5995
2010/03/18,6272,5985
2010/03/19,6350,6110
2010/03/23,6400,6121
2010/03/24,6460,6130
2010/03/25,6480,6150
2010/03/26,6540,6248
2010/03/29,6520,6238
2010/03/30,6285,6001
2010/03/31,6249,5945
2010/04/01,6318,6000
2010/04/06,6430,6124
2010/04/07,6450,6099
2010/04/08,6350,6091
2010/04/09,6380,6030
2010/04/12,6377,6050
2010/04/13,6424,6083
2010/04/14,6495,6155
2010/04/15,6550,6190
2010/04/16,6490,6128
2010/04/19,6360,5992
2010/04/20,6426,6115
2010/04/21,6390,6100
2010/04/22,6360,6015
2010/04/23,6400,6069
2010/04/26,6475,6131
2010/04/28,6179,5800
2010/04/29,6245,5849
2010/04/30,6240,5889
2010/05/03,6227,5930
2010/05/04,6059,5750
2010/05/05,6025,5652
2010/05/06,5900,5610
2010/05/07,5535,5200
2010/05/10,5904,5640
2010/05/11,5711,5435
2010/05/12,5970,5744
2010/05/13,5900,5660
2010/05/14,5727,5460
2010/05/17,5725,5405
2010/05/18,5733,5530
2010/05/19,5699,5471
2010/05/20,5600,5345
2010/05/21,5542,5241
2010/05/24,5665,5350
2010/05/25,5435,5170
2010/05/26,5700,5350
2010/05/27,5750,5489
2010/05/28,5700,5400
2010/05/31,5604,5320
2010/06/01,5700,5476
2010/06/02,5798,5510
2010/06/03,5828,5600
2010/06/04,5681,5384
2010/06/07,5594,5326
2010/06/08,5400,5200
2010/06/09,5665,5371
2010/06/10,5700,5480
2010/06/11,5400,5426
2010/06/14,5700,5510
2010/06/15,5740,5585
2010/06/17,5700,5472
2010/06/18,5751,5550
2010/06/21,5790,5550
2010/06/22,5763,5550
2010/06/23,5635,5410
2010/06/24,5626,5460
2010/06/25,5644,5424
2010/06/28,5653,5405
2010/06/29,5545,5270
2010/06/30,5385,5189
2010/07/01,5255,5000
2010/07/02,5347,5059
2010/07/05,5368,5040
2010/07/06,5400,5127
2010/07/07,5500,5239
2010/07/08,5515,5309
2010/07/09,5552,5350
2010/07/12,5650,5430
2010/07/13,5700,5515
2010/07/14,5704,5500
2010/07/15,5755,5525
2010/07/16,5739,5533
2010/07/19,5689,5450
2010/07/20,5600,5365
2010/07/21,5800,5537
2010/07/22,5969,5706
2010/07/23,5930,5691
2010/07/26,6003,5751
2010/07/27,6051,5808
2010/07/28,5929,5755
2010/07/29,6100,5849
2010/07/30,5951,5689
2010/08/02,5950,5772
2010/08/03,5700,5515
2010/08/04,5710,5515
2010/08/05,5730,5526
2010/08/06,5684,5480
2010/08/10,5574,5420
2010/08/11,5488,5325
2010/08/12,5410,5210
2010/08/13,5486,5315
2010/08/16,5436,5299
2010/08/17,5588,5372
2010/08/18,5505,5348
2010/08/19,5511,5280
2010/08/20,5414,5214
2010/08/23,5585,5385
2010/08/24,5480,5324
2010/08/25,5380,5240
2010/08/26,5501,5320
2010/08/27,5446,5285
2010/08/30,5550,5360
2010/08/31,5543,5355
2010/09/01,5700,5510
2010/09/02,5680,5531
2010/09/03,5640,5538
2010/09/06,5697,5560
2010/09/07,5599,5470
2010/09/08,5598,5477
2010/09/09,5575,5492
2010/09/10,5590,5520
2010/09/13,5735,5600
2010/09/14,5700,5582
2010/09/15,5749,5630
2010/09/16,5740,5572
2010/09/17,5527,5470
2010/09/20,5687,5559
2010/09/21,5714,5543
2010/09/22,5600,5450
2010/09/23,5620,5465
2010/09/27,5698,5560
2010/09/28,5722,5545
2010/09/29,5810,5590
2010/09/30,5947,5660
2010/10/01,5842,5583
2010/10/04,5810,5550
2010/10/05,5896,5644
2010/10/06,5896,5594
2010/10/07,5900,5605
2010/10/08,5824,5575
2010/10/11,5851,5609
2010/10/12,5865,5569
2010/10/13,5880,5600
2010/10/14,5872,5585
2010/10/15,5870,5572
2010/10/18,5820,5605
2010/10/19,5848,5562
2010/10/20,5800,5579
2010/10/21,5810,5575
2010/10/22,5730,5490
2010/10/25,5742,5490
2010/10/26,5765,5540
2010/10/27,5700,5500
2010/10/28,5690,5500
2010/10/29,5765,5575
2010/11/01,5800,5600
2010/11/02,5761,5612
2010/11/03,5815,5635
2010/11/04,5858,5700
2010/11/05,5901,5690
2010/11/08,5905,5695
2010/11/09,5977,5740
2010/11/10,5988,5720
2010/11/11,5919,5652
2010/11/12,5954,5714
2010/11/15,5920,5744
2010/11/16,5935,5660
2010/11/17,5888,5612
2010/11/18,5915,5665
2010/11/19,5956,5701
2010/11/22,5959,5679
2010/11/23,5843,5630
2010/11/24,5852,5625
2010/11/25,5888,5650
2010/11/26,5905,5668
2010/11/29,5797,5620
2010/11/30,5600,5497
2010/12/01,5640,5540
2010/12/02,5590,5468
2010/12/03,5660,5550
2010/12/06,5525,5410
2010/12/07,5542,5439
2010/12/08,5560,5451
2010/12/09,5540,5415
2010/12/10,5425,5390
2010/12/13,5435,5355
2010/12/14,5470,5400
2010/12/15,5440,5370
2010/12/17,5609,5429
2010/12/20,5500,5420
2010/12/21,5527,5468
2010/12/22,5520,5438
2010/12/23,5581,5466
2010/12/24,5574,5462
2010/12/28,5591,5485
2010/12/29,5575,5490
2010/12/30,5615,5494
2010/12/31,5616,5489
2011/01/03,5650,5524
2011/01/04,5690,5574
2011/01/05,5727,5590
2011/01/06,5729,5620
2011/01/07,5750,5632
2011/01/10,5686,5575
2011/01/11,5730,5600
2011/01/12,5773,5687
2011/01/13,5780,5675
2011/01/14,5800,5725
2011/01/17,5734,5691
2011/01/18,5749,5734
2011/01/19,5735,5701
2011/01/20,5690,5615
2011/01/21,5705,5634
2011/01/24,5608,5574
2011/01/25,5500,5476
2011/01/26,5519,5510
2011/01/27,5656,5610
2011/01/28,5525,5500
2011/01/31,5407,5425
2011/02/01,5528,5573
2011/02/02,5607,5635
2011/02/03,5645,5691
2011/02/04,5613,5639
2011/02/07,5525,5600
2011/02/08,5520,5595
2011/02/09,5555,5575
2011/02/10,5515,5520
2011/02/11,5538,5490
2011/02/14,5500,5519
2011/02/15,5563,5598
2011/02/16,5561,5599
2011/02/17,5610,5601
2011/02/18,5589,5559
2011/02/21,5593,5559
2011/02/22,5440,5461
2011/02/23,5366,5352
2011/02/24,5270,5302
2011/02/25,5345,5355
2011/02/28,5430,5385
2011/03/01,5450,5379
2011/03/02,5400,5312
2011/03/03,5350,5269
2011/03/04,5400,5261
2011/03/07,5456,5341
2011/03/08,5439,5293
2011/03/09,5388,5276
2011/03/10,5210,5188
2011/03/11,5227,5130
2011/03/14,5160,5110
2011/03/15,4949,4960
2011/03/16,5111,5060
2011/03/17,5100,5053
2011/03/18,5132,5111
2011/03/22,5100,5136
2011/03/23,5085,5134
2011/03/24,5160,5165
2011/03/25,5200,5200
2011/03/28,5160,5153
2011/03/29,5182,5195
2011/03/30,5274,5260
2011/03/31,5280,5245
2011/04/01,5350,5269
2011/04/04,5367,5275
2011/04/05,5417,5340
2011/04/06,5512,5430
2011/04/07,5450,5397
2011/04/08,5378,5364
2011/04/11,5351,5348
2011/04/12,5335,5312
2011/04/13,5306,5322
2011/04/14,5321,5352
2011/04/15,5263,5290
2011/04/18,5069,5090
2011/04/19,5105,5139
2011/04/20,5140,5199
2011/04/21,5196,5264
2011/04/26,5219,5263
2011/04/28,5265,5297
2011/04/29,5310,5322
2011/05/03,5200,5260
2011/05/04,5170,5254
2011/05/05,5155,5225
2011/05/06,5188,5250
2011/05/09,5175,5252
2011/05/10,5284,5375
2011/05/11,5274,5400
2011/05/12,5246,5344
2011/05/13,5217,5305
2011/05/16,5267,5320
2011/05/17,5275,5307
2011/05/19,5399,5445
2011/05/20,5525,5550
2011/05/23,5425,5445
2011/05/24,5448,5512
2011/05/25,5507,5594
2011/05/26,5570,5625
2011/05/27,5665,5690
2011/05/30,5629,5642
2011/05/31,5732,5700
2011/06/01,5675,5655
2011/06/02,5700,5645
2011/06/03,5663,5615
2011/06/06,5630,5589
2011/06/07,5700,5620
2011/06/08,5590,5527
2011/06/09,5591,5569
2011/06/10,5533,5485
2011/06/13,5490,5472
2011/06/14,5525,5475
2011/06/15,5464,5410
2011/06/17,5367,5295
2011/06/20,5350,5259
2011/06/21,5430,5320
2011/06/22,5390,5290
2011/06/23,5333,5245
2011/06/24,5361,5263
2011/06/27,5311,5238
2011/06/28,5407,5350
2011/06/29,5530,5450
2011/06/30,5579,5490
2011/07/01,5625,5570
2011/07/04,5609,5545
2011/07/05,5736,5630
2011/07/06,5625,5579
2011/07/07,5695,5619
2011/07/08,5673,5590
2011/07/11,5598,5470
2011/07/12,5552,5480
2011/07/13,5625,5540
2011/07/14,5580,5530
2011/07/15,5635,5540
2011/07/18,5495,5450
2011/07/19,5528,5470
2011/07/20,5568,5528
2011/07/21,5657,5627
2011/07/22,5595,5598
2011/07/25,5525,5465
2011/07/26,5508,5446
2011/07/27,5480,5405
2011/07/28,5400,5313
2011/07/29,5397,5282
2011/08/01,5296,5185
2011/08/02,5151,5111
2011/08/03,5103,5010
2011/08/04,4884,4810
2011/08/05,4840,4800
2011/08/08,4733,4650
2011/08/10,4730,4600
2011/08/11,4887,4775
2011/08/12,4929,4822
2011/08/15,4955,4851
2011/08/16,4900,4777
2011/08/17,4872,4753
2011/08/18,4620,4520
2011/08/19,4680,4595
2011/08/22,4655,4572
2011/08/23,4700,4660
2011/08/24,4729,4750
2011/08/25,4650,4640
2011/08/26,4730,4748
2011/08/29,4931,4915
2011/08/30,4910,4850
2011/08/31,4986,4935
2011/09/01,5040,4989
2011/09/02,4917,4883
2011/09/05,4831,4814
2011/09/06,4727,4710
2011/09/07,4847,4860
2011/09/08,4959,4940
2011/09/09,4860,4866
2011/09/12,4740,4735
2011/09/13,4767,4725
2011/09/14,4785,4770
2011/09/15,4860,4839
2011/09/16,4838,4830
2011/09/19,4785,4810
2011/09/20,4800,4812
2011/09/21,4870,4834
2011/09/22,4679,4665
2011/09/23,4550,4548
2011/09/26,4397,4450
2011/09/27,4552,4575
2011/09/28,4523,4532
2011/09/29,4435,4435
2011/09/30,4420,4363
2011/10/03,4411,4370
2011/10/04,4230,4230
2011/10/05,4200,4220
2011/10/06,4280,4291
2011/10/07,4414,4378
2011/10/10,4482,4518
2011/10/11,4483,4550
2011/10/12,4602,4639
2011/10/13,4630,4566
2011/10/14,4630,4585
2011/10/17,4597,4588
2011/10/18,4657,4588
2011/10/19,4735,4640
2011/10/20,4700,4650
2011/10/21,4860,4824
2011/10/24,4777,4730
2011/10/25,4850,4757
2011/10/26,4770,4700
2011/10/27,5025,4940
2011/10/28,5000,4900
2011/10/31,4874,4830
2011/11/01,4749,4639
2011/11/02,4790,4707
2011/11/03,4709,4643
2011/11/04,4599,4569
2011/11/07,4721,4701
2011/11/08,4785,4760
2011/11/09,4652,4606
2011/11/10,4672,4619
2011/11/11,4693,4667
2011/11/14,4702,4673
2011/11/15,4736,4729
2011/11/16,4735,4725
2011/11/17,4580,4597
2011/11/18,4490,4510
2011/11/21,4355,4386
2011/11/22,4385,4405
2011/11/23,4330,4341
2011/12/02,4330,4341
2011/12/05,4330,4341
2011/12/06,4330,4341
2011/12/07,4330,4341
2011/12/08,4330,4341
2011/12/09,4330,4341
2011/12/12,4330,4341
2011/12/13,4470,4422
2011/12/14,4400,4324
2011/12/15,4471,4370
2011/12/19,4358,4259
2011/12/20,4360,4265
2011/12/21,4350,4278
2011/12/22,4400,4282
2011/12/23,4420,4298
2011/12/28,4392,4267
2011/12/29,4380,4260
2011/12/30,4407,4255
2012/01/03,4456,4338
2012/01/04,4485,4345
2012/01/05,4442,4270
2012/01/06,4420,4270
2012/01/09,4410,4280
2012/01/10,4412,4307
2012/01/11,4394,4285
2012/01/12,4462,4329
2012/01/13,4511,4359
2012/01/16,4505,4356
2012/01/17,4595,4410
2012/01/18,4640,4479
2012/01/19,4725,4581
2012/01/20,4804,4686
2012/01/23,4885,4760
2012/01/24,4838,4670
2012/01/25,4808,4680
2012/01/26,4899,4765
2012/01/27,4860,4730
2012/01/30,4772,4621
2012/01/31,4790,4650
2012/02/01,4921,4776
2012/02/02,4974,4876
2012/02/03,4930,4798
2012/02/06,4815,4720
2012/02/07,4855,4723
2012/02/08,4860,4749
2012/02/09,4910,4815
2012/02/10,4826,4714
2012/02/13,4860,4772
2012/02/14,4848,4733
2012/02/15,4891,4807
2012/02/16,4861,4783
2012/02/17,4888,4816
2012/02/20,4878,4810
2012/02/21,4855,4810
2012/02/22,4831,4780
2012/02/23,4855,4856
2012/02/24,4894,4870
2012/02/27,4847,4805
2012/02/28,4899,4900
2012/02/29,4926,4890
2012/03/01,4973,4925
2012/03/02,4954,4919
2012/03/05,4920,4869
2012/03/06,4815,4753
2012/03/07,4800,4777
2012/03/08,4835,4795
2012/03/09,4845,4803
2012/03/12,4851,4823
2012/03/13,4903,4900
2012/03/14,4916,4907
2012/03/15,4755,4768
2012/03/16,4730,4775
2012/03/19,4725,4744
2012/03/20,4749,4743
2012/03/22,4680,4645
2012/03/23,4701,4670
2012/03/26,4744,4715
2012/03/27,4810,4770
2012/03/28,4748,4722
2012/03/29,4687,4660
2012/03/30,4716,4692
2012/04/02,4732,4684
2012/04/03,4700,4716
2012/04/04,4533,4555
2012/04/05,4600,4567
2012/04/10,4540,4515
2012/04/11,4542,4552
2012/04/12,4573,4559
2012/04/13,4501,4485
2012/04/16,4457,4435
2012/04/17,4480,4482
2012/04/18,4503,4480
2012/04/19,4515,4521
2012/04/20,4517,4498
2012/04/23,4398,4400
2012/04/24,4421,4430
2012/04/25,4430,4431
2012/04/26,4467,4460
2012/04/30,4463,4456
2012/05/02,4509,4490
2012/05/03,4500,4500
2012/05/04,4474,4470
2012/05/07,4467,4464
2012/05/08,4369,4387
2012/05/09,4359,4356
2012/05/10,4416,4433
2012/05/11,4467,4460
2012/05/14,4400,4410
2012/05/15,4355,4365
2012/05/16,4335,4355
2012/05/17,4235,4237
2012/05/18,4150,4143
2012/05/21,4131,4120
2012/05/22,4225,4237
2012/05/23,4230,4226
2012/05/24,4300,4300
2012/05/25,4315,4303
2012/05/28,4385,4353
2012/05/29,4487,4469
2012/05/30,4368,4327
2012/05/31,4400,4368
2012/06/01,4370,4338
2012/06/04,4305,4283
2012/06/05,4260,4279
2012/06/06,4381,4349
2012/06/07,4540,4525
2012/06/08,4468,4465
2012/06/11,4504,4480
2012/06/12,4558,4519
2012/06/13,4621,4568
2012/06/14,4568,4543
2012/06/15,4680,4694
2012/06/18,4864,4816
2012/06/19,4890,4851
2012/06/20,4940,4915
2012/06/21,4901,4871
2012/06/22,4863,4829
2012/06/25,4796,4798
2012/06/26,4795,4823
2012/06/27,4822,4830
2012/06/28,4756,4744
2012/06/29,4801,4780
2012/07/02,4890,4880
2012/07/03,5006,4982
2012/07/04,4920,4950
2012/07/05,5000,4973
2012/07/06,4934,4913
2012/07/09,4884,4890
2012/07/10,4938,4970
2012/07/11,4973,4944
2012/07/12,4893,4900
2012/07/13,5010,5010
2012/07/16,5026,5030
2012/07/17,5025,5028
2012/07/18,5083,5050
2012/07/19,5120,5123
2012/07/20,5060,5066
2012/07/23,4830,4820
2012/07/24,4823,4800
2012/07/25,4810,4822
2012/07/26,4840,4855
2012/07/27,4927,4885
2012/07/30,4954,4930
2012/07/31,4940,4890
2012/08/01,4948,4925
2012/08/02,4954,4930
2012/08/03,4984,4969
2012/08/06,5025,5001
2012/08/07,4920,4934
2012/08/08,4975,4990
2012/08/10,5001,5021
2012/08/13,5015,5040
2012/08/14,5074,5081
2012/08/15,5099,5097
2012/08/16,5141,5150
2012/08/17,5207,5216
2012/08/20,5121,5139
2012/08/21,5130,5140
2012/08/22,5058,5050
2012/08/23,5104,5100
2012/08/24,5124,5116
2012/08/27,5144,5160
2012/08/28,5100,5100
2012/08/29,5084,5065
2012/08/30,5021,5051
2012/08/31,5095,5090
2012/09/03,5109,5142
2012/09/04,5048,5077
2012/09/05,5051,5070
2012/09/06,5179,5201
2012/09/07,5237,5200
2012/09/10,5108,5140
2012/09/11,5087,5100
2012/09/12,5265,5294
2012/09/13,5230,5260
2012/09/14,5277,5328
2012/09/17,5224,5295
2012/09/18,5230,5317
2012/09/19,5252,5334
2012/09/20,5280,5325
2012/09/21,5126,5170
2012/09/25,5141,5186
2012/09/26,5049,5097
2012/09/27,5055,5117
2012/09/28,5110,5128
2012/10/01,5234,5275
2012/10/02,5254,5282
2012/10/03,5282,5300
2012/10/04,5340,5350
2012/10/05,5341,5358
2012/10/08,5226,5349
2012/10/09,5118,5178
2012/10/10,5067,5120
2012/10/11,5113,5147
2012/10/12,5118,5124
2012/10/15,5030,5061
2012/10/16,5150,5158
2012/10/17,5250,5250
2012/10/18,5250,5220
2012/10/19,5194,5190
2012/10/22,5205,5178
2012/10/23,5168,5144
2012/10/24,5176,5164
2012/10/25,5216,5180
2012/10/26,5167,5133
2012/10/29,5160,5104
2012/10/30,5141,5099
2012/10/31,5100,5090
2012/11/01,5100,5155
2012/11/02,5148,5153
2012/11/05,5211,5212
2012/11/06,5220,5190
2012/11/07,5250,5202
2012/11/08,5227,5180
2012/11/09,5229,5132
2012/11/12,5205,5177
2012/11/13,5260,5200
2012/11/14,5234,5184
2012/11/15,5316,5270
2012/11/16,5333,5287
2012/11/19,5400,5356
2012/11/21,5470,5464
2012/11/22,5470,5433
2012/11/23,5450,5424
2012/11/24,5450,5424
2012/11/25,5450,5424
2012/11/26,5350,5345
2012/11/27,5360,5345
2012/11/28,5350,5356
2012/11/29,5380,5368
2012/11/30,5465,5431
2012/12/03,5427,5420
2012/12/04,5470,5433
2012/12/05,5459,5438
2012/12/06,5550,5500
2012/12/07,5560,5500
2012/12/10,5485,5410
2012/12/11,5588,5525
2012/12/12,5631,5635
2012/12/13,5722,5710
2012/12/14,5686,5653
2012/12/18,5635,5618
2012/12/19,5805,5736
2012/12/20,5905,5845
2012/12/21,5773,5780
2012/12/24,5750,5740
2012/12/27,5885,5818
2012/12/28,5850,5787
2012/12/31,5880,5832
2013/01/02,6007,5960
2013/01/03,6065,6000
2013/01/04,6054,6002
2013/01/07,6085,6053
2013/01/08,6081,6052
2013/01/09,6074,6009
2013/01/10,6100,6063
2013/01/11,6230,6219
2013/01/14,6376,6307
2013/01/15,6314,6323
2013/01/16,6305,6330
2013/01/17,6316,6323
2013/01/18,6400,6432
2013/01/21,6450,6500
2013/01/22,6427,6460
2013/01/23,6345,6404
2013/01/24,6375,6490
2013/01/25,6520,6524
2013/01/28,6490,6573
2013/01/29,6605,6695
2013/01/30,6637,6706
2013/01/31,6459,6530
2013/02/01,6568,6617
2013/02/04,6604,6610
2013/02/05,6597,6605
2013/02/06,6625,6650
2013/02/07,6689,6690
2013/02/08,6759,6750
2013/02/11,6850,6850
2013/02/12,6736,6805
2013/02/13,6850,6865
2013/02/14,6770,6760
2013/02/15,6786,6791
2013/02/18,6798,6799
2013/02/19,6770,6819
2013/02/20,6700,6750
2013/02/21,6520,6539
2013/02/22,6625,6626
2013/02/25,6575,6617
2013/02/26,6500,6520
2013/02/27,6389,6404
2013/02/28,6401,6511
2013/03/01,6541,6560
2013/03/04,6550,6592
2013/03/05,6655,6710
2013/03/06,6758,6795
2013/03/07,6815,6847
2013/03/08,6905,6900
2013/03/11,6989,7000
2013/03/12,6965,6936
2013/03/13,6909,6915
2013/03/14,6880,6898
2013/03/15,6807,6782
2013/03/18,6745,6653
2013/03/19,6715,6636
2013/03/20,6769,6701
2013/03/22,6725,6680
2013/03/25,6615,6560
2013/03/26,6685,6589
2013/03/27,6427,6384
2013/03/28,6426,6433
2013/04/02,6467,6411
2013/04/03,6425,6330
2013/04/04,6260,6218
2013/04/05,6059,6027
2013/04/08,6078,6054
2013/04/09,6176,6113
2013/04/10,6252,6224
2013/04/11,6330,6279
2013/04/12,6190,6116
2013/04/15,6120,6112
2013/04/16,6182,6192
2013/04/17,6038,6000
2013/04/18,6100,6084
2013/04/19,6180,6160
2013/04/22,6153,6125
2013/04/23,6342,6291
2013/04/24,6292,6310
2013/04/25,6389,6358
2013/04/26,6389,6400
2013/04/29,6335,6299
2013/04/30,6437,6338
2013/05/02,6412,6336
2013/05/03,6623,6565
2013/05/06,6750,6676
2013/05/07,6721,6646
2013/05/08,6805,6750
2013/05/09,6930,6897
2013/05/10,6885,6810
2013/05/13,6900,6889
2013/05/14,7011,7031
2013/05/15,7060,7050
2013/05/16,7179,7132
2013/05/17,7177,7160
2013/05/20,7079,7000
2013/05/21,7133,7117
2013/05/22,7250,7264
2013/05/23,7000,7003
2013/05/24,6986,6998
2013/05/27,6980,6990
2013/05/28,7349,7278
2013/05/29,7040,7048
2013/05/30,7050,7090
2013/05/31,7200,7107
2013/06/03,7000,6932
2013/06/04,7023,6967
2013/06/05,6887,6839
2013/06/06,6840,6841
2013/06/07,6900,6943
2013/06/10,6931,6955
2013/06/11,6677,6670
2013/06/12,6684,6641
2013/06/13,6650,6630
2013/06/14,6611,6628
2013/06/18,6697,6750
2013/06/19,6553,6609
2013/06/20,6450,6499
2013/06/21,6130,6256
2013/06/24,6009,6016
2013/06/25,6209,6264
2013/06/26,6433,6436
2013/06/27,6395,6381
2013/06/28,6399,6303
2013/07/01,6590,6509
2013/07/02,6417,6330
2013/07/03,6487,6400
2013/07/04,6548,6524
2013/07/05,6308,6348
2013/07/08,6469,6535
2013/07/09,6405,6429
2013/07/10,6385,6396
2013/07/11,6450,6510
2013/07/12,6489,6519
2013/07/15,6521,6580
2013/07/16,6435,6533
2013/07/17,6588,6615
2013/07/18,6658,6700
2013/07/19,6570,6677
2013/07/22,6686,6761
2013/07/23,6856,6836
2013/07/24,6877,6778
2013/07/25,6856,6756
2013/07/26,6820,6700
2013/07/29,6694,6615
2013/07/30,6602,6575
2013/07/31,6649,6573
2013/08/01,6871,6770
2013/08/02,6695,6650
2013/08/05,6666,6624
2013/08/06,6562,6542
2013/08/07,6701,6627
2013/08/08,6610,6560
2013/08/12,6810,6711
2013/08/13,6766,6772
2013/08/14,6946,6863
2013/08/15,6800,6724
2013/08/16,6900,6866
2013/08/19,6968,6892
2013/08/20,6820,6763
2013/08/21,6800,6769
2013/08/22,6890,6794
2013/08/23,6889,6800
2013/08/26,6977,6873
2013/08/27,6820,6769
2013/08/28,6609,6609
2013/08/29,6639,6616
2013/08/30,6644,6550
2013/09/02,6782,6710
2013/09/03,6771,6700
2013/09/04,6698,6659
2013/09/05,6748,6689
2013/09/06,6667,6596
2013/09/09,6822,6740
2013/09/10,6864,6835
2013/09/11,6856,6806
2013/09/12,7038,6945
2013/09/13,6900,6873
2013/09/16,6911,6875
2013/09/17,6700,6650
2013/09/18,6598,6540
2013/09/19,6612,6532
2013/09/20,6550,6496
2013/09/23,6444,6400
2013/09/25,6446,6430
2013/09/26,6423,6442
2013/09/27,6541,6520
2013/09/30,6597,6511
2013/10/01,6560,6499
2013/10/02,6640,6529
2013/10/03,6605,6528
2013/10/04,6609,6484
2013/10/07,6569,6482
2013/10/08,6476,6389
2013/10/09,6385,6308
2013/10/10,6540,6454
2013/10/11,6736,6683
2013/10/14,6793,6756
2013/10/15,6800,6790
2013/10/16,6820,6756
2013/10/17,6739,6700
2013/10/18,6819,6758
2013/10/21,6875,6845
2013/10/22,6889,6841
2013/10/23,6872,6842
2013/10/24,6914,6901
2013/10/25,7010,7000
2013/10/28,7000,6982
2013/10/29,6876,6853
2013/10/30,7037,7001
2013/10/31,7122,6978
2013/11/01,7105,7078
2013/11/04,7129,7100
2013/11/05,7022,6987
2013/11/06,7053,7048
2013/11/07,7100,7082
2013/11/08,6883,6909
2013/11/11,7040,7000
2013/11/12,7015,7010
2013/11/13,6837,6836
2013/11/14,6990,7029
2013/11/15,6946,6994
2013/11/18,7001,7021
2013/11/19,6960,6947
2013/11/20,6935,6974
2013/11/21,6840,6895
2013/11/22,6909,6967
2013/11/25,6849,6909
2013/11/26,6829,6880
2013/11/27,6932,7000
2013/11/28,7154,7180
2013/11/29,7120,7186
2013/12/02,7090,7146
2013/12/03,6967,6963
2013/12/04,6877,6981
2013/12/05,7038,7029
2013/12/06,7116,7115
2013/12/09,7001,7010
2013/12/10,6994,6987
2013/12/11,7067,7066
2013/12/12,6731,6810
2013/12/13,6838,6837
2013/12/17,6905,7012
2013/12/18,6972,7010
2013/12/19,7181,7220
2013/12/20,7285,7345
2013/12/23,7312,7361
2013/12/24,7136,7202
2013/12/27,7352,7420
2013/12/30,7416,7500
2013/12/31,7450,7557
2014/01/02,7436,7501
2014/01/03,7448,7509
2014/01/06,7355,7461
2014/01/07,7387,7450
2014/01/08,7486,7550
2014/01/09,7550,7630
2014/01/10,7589,7676
2014/01/13,7728,7760
2014/01/14,7645,7746
2014/01/15,7687,7820
2014/01/16,7770,7810
2014/01/17,7725,7732
2014/01/20,7750,7780
2014/01/21,7750,7793
2014/01/22,7583,7642
2014/01/23,7434,7486
2014/01/24,7276,7301
2014/01/27,7250,7290
2014/01/28,7140,7223
2014/01/29,7025,7082
2014/01/30,6990,7026
2014/01/31,7121,7163
2014/02/03,7060,7100
2014/02/04,6946,6972
2014/02/05,7108,7136
2014/02/06,7400,7450
2014/02/07,7477,7496
2014/02/10,7485,7528
2014/02/11,7500,7540
2014/02/12,7710,7775
2014/02/13,7716,7718
2014/02/14,7741,7730
2014/02/17,7750,7800
2014/02/18,7857,7899
2014/02/19,7940,7930
2014/02/20,7940,7940
2014/02/21,7913,7955
2014/02/24,7890,7942
2014/02/25,7785,7772
2014/02/26,7810,7867
2014/02/27,7791,7820
2014/02/28,7920,7921
2014/03/03,7900,7900
2014/03/04,7921,7948
2014/03/05,7892,7895
2014/03/06,7932,7907
2014/03/07,8008,7982
2014/03/10,7980,7980
2014/03/11,7935,7962
2014/03/12,7972,7942
2014/03/13,7862,7919
2014/03/14,7750,7762
2014/03/17,7860,7834
2014/03/18,7754,7794
2014/03/19,7870,7918
2014/03/20,7915,7911
2014/03/24,8240,8300
2014/03/25,8325,8388
2014/03/26,8470,8490
2014/03/27,8359,8432
2014/03/28,8435,8435
2014/03/31,8484,8480
2014/04/01,8602,8598
2014/04/02,8770,8750
2014/04/03,8767,8703
2014/04/04,8765,8828
2014/04/07,8751,8708
2014/04/08,8738,8676
2014/04/09,8750,8682
2014/04/10,8868,8800
2014/04/11,8780,8697
2014/04/14,8656,8621
2014/04/15,8625,8666
2014/04/16,8789,8772
2014/04/17,8848,8834
2014/04/22,9000,8940
2014/04/23,8941,8940
2014/04/24,9088,9055
2014/04/25,9198,9129
2014/04/29,9254,9236
2014/04/30,9241,9226
2014/05/02,9289,9284
2014/05/05,9206,9159
2014/05/06,9200,9200
2014/05/08,9199,9180
2014/05/09,9185,9159
2014/05/12,9190,9190
2014/05/13,9240,9194
2014/05/14,9325,9250
2014/05/15,9188,9075
2014/05/16,9006,8937
2014/05/19,9130,9074
2014/05/20,9101,9060
2014/05/21,9030,9000
2014/05/22,8940,8859
2014/05/23,8981,8908
2014/05/26,9000,8961
2014/05/27,8935,8869
2014/05/28,9111,9069
2014/05/29,9119,9062
2014/05/30,9082,9111
2014/06/02,9269,9248
2014/06/03,9171,9185
2014/06/04,9222,9257
2014/06/05,9197,9222
2014/06/06,9306,9313
2014/06/09,9350,9375
2014/06/10,9595,9553
2014/06/11,9530,9523
2014/06/12,9568,9579
2014/06/13,9598,9598
2014/06/17,9651,9635
2014/06/18,9554,9524
2014/06/19,9665,9620
2014/06/20,9641,9596
2014/06/23,9734,9689
2014/06/24,9555,9542
2014/06/25,9300,9325
2014/06/26,9586,9570
2014/06/27,9659,9650
2014/06/30,9748,9779
2014/07/01,9575,9622
2014/07/02,9500,9562
2014/07/03,9767,9827
2014/07/04,9716,9781
2014/07/07,9796,9838
2014/07/08,9730,9727
2014/07/09,9700,9679
2014/07/10,9540,9600
2014/07/11,9800,9785
2014/07/14,9728,9741
2014/07/15,9750,9746
2014/07/16,9796,9795
2014/07/17,9655,9680
2014/07/18,9676,9661
2014/07/21,9455,9490
2014/07/22,9718,9727
2014/07/23,9670,9675
2014/07/24,9503,9487
2014/07/25,9506,9514
2014/07/28,9365,9377
2014/07/29,9483,9455
2014/07/30,9344,9346
2014/07/31,9256,9269
2014/08/01,9078,9065
2014/08/04,9248,9200
2014/08/05,9250,9180
2014/08/06,9004,8950
2014/08/07,8934,8889
2014/08/08,8936,8895
2014/08/11,9149,9051
2014/08/12,9320,9262
2014/08/13,9320,9218
2014/08/14,9350,9290
2014/08/15,9200,9174
2014/08/18,9345,9305
2014/08/19,9429,9367
2014/08/20,9440,9350
2014/08/21,9592,9511
2014/08/22,9646,9559
2014/08/25,9790,9730
2014/08/26,9792,9729
2014/08/27,9785,9690
2014/08/28,9757,9692
2014/08/29,9620,9616
2014/09/01,9715,9700
2014/09/02,9840,9830
2014/09/03,9833,9859
2014/09/04,9835,9830
2014/09/05,9852,9858
2014/09/08,9737,9684
2014/09/09,9760,9764
2014/09/10,9875,9835
2014/09/11,9994,9957
2014/09/12,9939,9924
2014/09/15,9851,9828
2014/09/16,9855,9796
2014/09/17,9980,9915
2014/09/18,10189,10099
2014/09/19,10115,10099
2014/09/22,10043,10030
2014/09/23,9892,9868
2014/09/25,9500,9517
2014/09/26,9608,9600
2014/09/29,9496,9499
2014/09/30,9489,9506
2014/10/01,9346,9320
2014/10/02,9323,9261
2014/10/03,9481,9418
2014/10/06,9647,9600
2014/10/07,9485,9400
2014/10/08,9336,9275
2014/10/09,9350,9269
2014/10/10,9152,9092
2014/10/13,9135,9096
2014/10/14,9199,9134
2014/10/15,8800,8780
2014/10/16,8994,8943
2014/10/17,9225,9200
2014/10/20,9218,9186
2014/10/21,9414,9365
2014/10/22,9380,9351
2014/10/23,9422,9405
2014/10/24,9485,9435
2014/10/27,9530,9500
2014/10/28,9600,9555
2014/10/29,9742,9689
2014/10/30,9560,9514
2014/10/31,10070,9998
2014/11/03,10144,10069
2014/11/04,10095,10047
2014/11/05,10244,10188
2014/11/06,10203,10155
2014/11/07,10216,10185
2014/11/10,10362,10317
2014/11/11,10345,10287
2014/11/12,10300,10223
2014/11/13,10300,10249
2014/11/14,10316,10237
2014/11/17,10306,10252
2014/11/18,10336,10229
2014/11/19,10384,10302
2014/11/20,10062,10031
2014/11/21,10400,10378
2014/11/24,10408,10396
2014/11/25,10400,10373
2014/11/26,10311,10297
2014/11/27,10374,10338
2014/11/28,10299,10231
2014/12/01,10053,10044
2014/12/02,10126,10116
2014/12/03,10203,10226
2014/12/04,9995,9985
2014/12/05,10057,10081
2014/12/08,10000,10000
2014/12/09,9660,9625
2014/12/10,9683,9604
2014/12/11,9564,9584
2014/12/12,9475,9505
2014/12/15,9287,9312
2014/12/17,9521,9474
2014/12/18,9704,9610
2014/12/19,9789,9701
2014/12/22,9850,9759
2014/12/23,9880,9789
2014/12/24,9810,9773
2014/12/29,9903,9840
2014/12/30,9762,9677
2014/12/31,9750,9717
2015/01/02,9760,9705
2015/01/05,9502,9462
2015/01/06,9610,9521
2015/01/07,9625,9508
2015/01/08,9644,9544
2015/01/09,9367,9350
2015/01/12,9366,9283
2015/01/13,9601,9525
2015/01/14,9417,9331
2015/01/15,9542,9465
2015/01/16,9343,9324
2015/01/19,9581,9570
2015/01/20,9550,9534
2015/01/21,9550,9522
2015/01/22,9612,9603
2015/01/23,9724,9663
2015/01/26,9790,9779
2015/01/27,9815,9827
2015/01/28,10000,9995
2015/01/29,9836,9860
2015/01/30,9815,9864
2015/02/02,9583,9620
2015/02/03,9726,9778
2015/02/04,9690,9710
2015/02/05,9836,9845
2015/02/06,9915,9982
2015/02/09,9903,9900
2015/02/10,9800,9800
2015/02/11,9995,10063
2015/02/12,10204,10269
2015/02/13,10247,10286
2015/02/16,10155,10235
2015/02/17,10160,10230
2015/02/18,10268,10315
2015/02/19,10329,10397
2015/02/20,10318,10296
2015/02/23,10456,10459
2015/02/24,10375,10389
2015/02/25,10441,10415
2015/02/26,10347,10333
2015/02/27,10300,10371
2015/03/02,10350,10388
2015/03/03,10435,10424
2015/03/04,10305,10309
2015/03/05,10422,10390
2015/03/06,10660,10667
2015/03/09,10459,10476
2015/03/10,10250,10327
2015/03/11,10350,10399
2015/03/12,10384,10434
2015/03/13,10329,10420
2015/03/16,10699,10780
2015/03/17,10618,10700
2015/03/18,10648,10704
2015/03/19,10735,10822
2015/03/20,10597,10647
2015/03/23,10499,10547
2015/03/24,10581,10613
2015/03/25,10319,10400
2015/03/26,10122,10170
2015/03/27,10080,10150
2015/03/30,10227,10282
2015/03/31,10051,10156
2015/04/01,10042,10074
2015/04/02,10150,10177
2015/04/07,10250,10249
2015/04/08,10375,10399
2015/04/09,10417,10437
2015/04/10,10599,10654
2015/04/13,10625,10690
2015/04/14,10557,10621
2015/04/15,10654,10693
2015/04/16,10699,10759
2015/04/17,10643,10700
2015/04/20,10767,10820
2015/04/21,11067,11107
2015/04/22,11160,11269
2015/04/23,11329,11399
2015/04/24,11378,11441
2015/04/28,11280,11329
2015/04/29,11247,11285
2015/04/30,11309,11400
2015/05/04,11285,11386
2015/05/05,11100,11180
2015/05/06,10867,10950
2015/05/07,10881,10993
2015/05/08,11248,11354
2015/05/11,11277,11360
2015/05/12,11070,11150
2015/05/13,11122,11229
2015/05/14,11109,11221
2015/05/15,11223,11314
2015/05/18,11276,11382
2015/05/19,11412,11522
2015/05/20,11499,11597
2015/05/21,11557,11684
2015/05/22,11770,11900
2015/05/25,11700,11834
2015/05/26,11389,11501
2015/05/27,11374,11416
2015/05/28,11200,11296
2015/05/29,10998,11130
2015/06/01,10890,11000
2015/06/02,10930,11012
2015/06/03,10889,11006
2015/06/04,10879,10951
2015/06/05,10823,10950
2015/06/08,10937,11029
2015/06/09,10718,10868
2015/06/10,11077,11209
2015/06/11,11108,11217
2015/06/12,11060,11153
2015/06/15,10830,10971
2015/06/17,10900,11052
2015/06/18,10823,10920
2015/06/19,10677,10837
2015/06/22,10926,11048
2015/06/23,10989,11084
2015/06/24,10995,11101
2015/06/25,11105,11231
2015/06/26,11050,11174
2015/06/29,10900,10995
2015/06/30,10955,11016
2015/07/01,11000,11140
2015/07/02,11200,11284
2015/07/03,11058,11178
2015/07/06,11036,11126
2015/07/07,10721,10813
2015/07/08,10902,10969
2015/07/09,11177,11314
2015/07/10,11313,11404
2015/07/13,11604,11749
2015/07/14,11399,11527
2015/07/15,11667,11800
2015/07/16,11845,11966
2015/07/17,11860,11959
2015/07/20,11883,11975
2015/07/21,11750,11808
2015/07/22,11720,11795
2015/07/23,11793,11863
2015/07/24,11668,11784
2015/07/27,11518,11596
2015/07/28,11285,11405
2015/07/29,11492,11586
2015/07/30,11450,11578
2015/07/31,11475,11569
2015/08/03,11518,11620
2015/08/04,11637,11721
2015/08/05,11735,11825
2015/08/06,11617,11715
2015/08/07,11431,11509
2015/08/11,11642,11710
2015/08/12,11159,11208
2015/08/13,11333,11375
2015/08/14,11164,11259
2015/08/17,11038,11126
2015/08/18,11268,11350
2015/08/19,11102,11175
2015/08/20,10851,10938
2015/08/21,10550,10652
2015/08/24,10369,10487
2015/08/25,10703,10754
2015/08/26,10464,10526
2015/08/27,10704,10799
2015/08/28,10684,10799
2015/08/31,10792,10928
2015/09/01,10300,10471
2015/09/02,10500,10660
2015/09/03,10692,10832
2015/09/04,10445,10578
2015/09/07,10644,10763
2015/09/08,10779,10878
2015/09/09,10900,11035
2015/09/10,10982,11128
2015/09/11,10770,10900
2015/09/14,10961,11076
2015/09/15,10947,11062
2015/09/16,10911,11059
2015/09/17,11096,11202
2015/09/18,10845,10944
2015/09/21,10935,11055
2015/09/22,10709,10803
2015/09/23,10904,11055
2015/09/25,10758,10846
2015/09/28,10601,10695
2015/09/29,10499,10567
2015/09/30,10585,10640
2015/10/01,10726,10750
2015/10/02,10800,10839
2015/10/05,11063,11074
2015/10/06,11000,11027
2015/10/07,11109,11139
2015/10/08,11050,11065
2015/10/09,11106,11129
2015/10/12,11067,11085
2015/10/13,10945,10935
2015/10/14,10903,10908
2015/10/15,10915,10925
2015/10/16,10848,10920
2015/10/19,11141,11160
2015/10/20,11050,11075
2015/10/21,11078,11139
2015/10/22,11081,11129
2015/10/23,11460,11491
2015/10/26,11486,11529
2015/10/27,11399,11440
2015/10/28,11433,11447
2015/10/29,11415,11444
2015/10/30,11463,11522
2015/11/02,11547,11641
2015/11/03,11576,11619
2015/11/04,11532,11649
2015/11/05,11405,11462
2015/11/06,11279,11341
2015/11/09,11482,11534
2015/11/10,11164,11239
2015/11/11,11051,11133
2015/11/12,10986,11000
2015/11/13,10828,10880
2015/11/16,10820,10849
2015/11/17,11011,11049
2015/11/18,10941,11000
2015/11/19,11700,11801
2015/11/20,11813,11841
2015/11/23,11660,11683
