Date,Discovery,Sanlam
2004/05/12,1299,841
2004/05/13,1325,855
2004/05/14,1285,855
2004/05/17,1285,845
2004/05/18,1275,830
2004/05/19,1285,844
2004/05/20,1256,845
2004/05/21,1250,843
2004/05/24,1240,835
2004/05/25,1220,830
2004/05/26,1220,850
2004/05/27,1234,860
2004/05/28,1255,885
2004/05/31,1284,892
2004/06/01,1250,890
2004/06/02,1261,896
2004/06/03,1250,885
2004/06/04,1265,866
2004/06/07,1265,885
2004/06/08,1271,870
2004/06/09,1265,860
2004/06/10,1260,853
2004/06/11,1230,849
2004/06/14,1268,850
2004/06/15,1232,850
2004/06/17,1250,850
2004/06/18,1250,850
2004/06/21,1258,857
2004/06/22,1260,846
2004/06/23,1255,840
2004/06/24,1290,850
2004/06/25,1275,880
2004/06/28,1265,884
2004/06/29,1245,880
2004/06/30,1283,880
2004/07/01,1300,890
2004/07/02,1275,871
2004/07/05,1300,861
2004/07/06,1285,869
2004/07/07,1285,850
2004/07/08,1285,835
2004/07/09,1299,850
2004/07/12,1280,855
2004/07/13,1299,861
2004/07/14,1280,845
2004/07/15,1280,853
2004/07/16,1280,840
2004/07/19,1250,840
2004/07/20,1250,845
2004/07/21,1250,858
2004/07/22,1230,850
2004/07/23,1229,865
2004/07/26,1220,875
2004/07/27,1230,870
2004/07/28,1290,878
2004/07/29,1295,870
2004/07/30,1335,875
2004/08/02,1320,868
2004/08/03,1368,882
2004/08/04,1330,890
2004/08/05,1300,865
2004/08/06,1310,850
2004/08/10,1405,860
2004/08/11,1331,850
2004/08/12,1400,860
2004/08/13,1400,850
2004/08/16,1400,864
2004/08/17,1400,855
2004/08/18,1361,850
2004/08/19,1380,850
2004/08/20,1388,845
2004/08/23,1400,871
2004/08/24,1400,874
2004/08/25,1399,890
2004/08/26,1399,896
2004/08/27,1410,898
2004/08/30,1450,895
2004/08/31,1495,897
2004/09/01,1485,915
2004/09/02,1485,939
2004/09/03,1450,991
2004/09/06,1440,970
2004/09/07,1445,963
2004/09/08,1430,965
2004/09/09,1375,985
2004/09/10,1355,970
2004/09/13,1376,990
2004/09/14,1385,977
2004/09/15,1375,987
2004/09/16,1370,1005
2004/09/17,1395,995
2004/09/20,1397,999
2004/09/21,1400,1010
2004/09/22,1440,999
2004/09/23,1400,1047
2004/09/27,1400,1075
2004/09/28,1411,1082
2004/09/29,1440,1075
2004/09/30,1470,1096
2004/10/01,1500,1080
2004/10/04,1525,1059
2004/10/05,1530,1058
2004/10/06,1530,1071
2004/10/07,1550,1080
2004/10/08,1545,1080
2004/10/11,1540,1072
2004/10/12,1540,1060
2004/10/13,1520,1060
2004/10/14,1530,1060
2004/10/15,1492,1084
2004/10/18,1500,1065
2004/10/19,1500,1071
2004/10/20,1540,1050
2004/10/21,1540,1041
2004/10/22,1540,1055
2004/10/25,1540,1050
2004/10/26,1530,1060
2004/10/27,1574,1065
2004/10/28,1640,1077
2004/10/29,1660,1078
2004/11/01,1698,1080
2004/11/02,1700,1082
2004/11/03,1662,1075
2004/11/04,1700,1098
2004/11/05,1700,1120
2004/11/08,1670,1160
2004/11/09,1690,1184
2004/11/10,1660,1165
2004/11/11,1685,1154
2004/11/12,1690,1145
2004/11/15,1700,1143
2004/11/16,1688,1125
2004/11/17,1700,1127
2004/11/18,1720,1139
2004/11/19,1750,1130
2004/11/22,1780,1135
2004/11/23,1800,1135
2004/11/24,1810,1161
2004/11/25,1810,1205
2004/11/26,1850,1251
2004/11/29,1850,1250
2004/11/30,1859,1210
2004/12/01,1796,1220
2004/12/02,1780,1235
2004/12/03,1750,1245
2004/12/06,1795,1200
2004/12/07,1815,1221
2004/12/08,1822,1210
2004/12/09,1830,1185
2004/12/10,1790,1180
2004/12/13,1800,1200
2004/12/14,1800,1225
2004/12/15,1790,1255
2004/12/17,1790,1285
2004/12/20,1790,1260
2004/12/21,1785,1261
2004/12/22,1782,1270
2004/12/23,1800,1290
2004/12/24,1800,1290
2004/12/28,1850,1295
2004/12/29,1845,1300
2004/12/30,1870,1295
2004/12/31,1870,1300
2005/01/03,1900,1300
2005/01/04,1945,1275
2005/01/05,1940,1291
2005/01/06,2000,1250
2005/01/07,1995,1240
2005/01/10,1980,1245
2005/01/11,1980,1250
2005/01/12,1980,1260
2005/01/13,1980,1270
2005/01/14,1970,1225
2005/01/17,1930,1206
2005/01/18,1880,1180
2005/01/19,1866,1174
2005/01/20,1860,1165
2005/01/21,1865,1171
2005/01/24,1860,1165
2005/01/25,1851,1150
2005/01/26,1825,1185
2005/01/27,1860,1206
2005/01/28,1870,1240
2005/01/31,1850,1261
2005/02/01,1840,1266
2005/02/02,1832,1250
2005/02/03,1811,1275
2005/02/04,1806,1235
2005/02/07,1760,1206
2005/02/08,1700,1235
2005/02/09,1735,1236
2005/02/10,1760,1236
2005/02/11,1765,1245
2005/02/14,1770,1227
2005/02/15,1750,1235
2005/02/16,1730,1255
2005/02/17,1740,1300
2005/02/18,1790,1290
2005/02/21,1852,1290
2005/02/22,1900,1294
2005/02/23,1910,1301
2005/02/24,1925,1301
2005/02/25,1930,1310
2005/02/28,1925,1335
2005/03/01,1900,1356
2005/03/02,1905,1336
2005/03/03,1920,1313
2005/03/04,2025,1320
2005/03/07,2075,1319
2005/03/08,2150,1341
2005/03/09,2150,1345
2005/03/10,2150,1352
2005/03/11,2130,1356
2005/03/14,2140,1335
2005/03/15,2100,1300
2005/03/16,2075,1250
2005/03/17,2050,1265
2005/03/18,2066,1260
2005/03/22,2120,1240
2005/03/23,2090,1224
2005/03/24,2025,1200
2005/03/29,2000,1210
2005/03/30,1970,1210
2005/03/31,2040,1214
2005/04/01,2050,1215
2005/04/04,2050,1212
2005/04/05,2000,1218
2005/04/06,2000,1220
2005/04/07,1980,1202
2005/04/08,1980,1239
2005/04/11,1980,1222
2005/04/12,1950,1212
2005/04/13,1960,1205
2005/04/14,1960,1223
2005/04/15,1965,1236
2005/04/18,1952,1172
2005/04/19,1960,1166
2005/04/20,1980,1180
2005/04/21,2000,1160
2005/04/22,1990,1150
2005/04/25,1999,1165
2005/04/26,1982,1170
2005/04/28,2000,1128
2005/04/29,2000,1149
2005/05/03,2033,1160
2005/05/04,2060,1144
2005/05/05,2150,1150
2005/05/06,2165,1191
2005/05/09,2216,1215
2005/05/10,2220,1187
2005/05/11,2210,1194
2005/05/12,2180,1182
2005/05/13,2150,1173
2005/05/16,2100,1174
2005/05/17,2125,1160
2005/05/18,2150,1180
2005/05/19,2140,1183
2005/05/20,2200,1164
2005/05/23,2200,1167
2005/05/24,2235,1156
2005/05/25,2222,1155
2005/05/26,2230,1147
2005/05/27,2230,1139
2005/05/30,2220,1139
2005/05/31,2200,1120
2005/06/01,2200,1080
2005/06/02,2200,1102
2005/06/03,2165,1122
2005/06/06,2250,1139
2005/06/07,2275,1140
2005/06/08,2380,1110
2005/06/09,2525,1103
2005/06/10,2500,1105
2005/06/13,2460,1130
2005/06/14,2450,1153
2005/06/15,2450,1155
2005/06/17,2439,1144
2005/06/20,2450,1160
2005/06/21,2490,1175
2005/06/22,2480,1172
2005/06/23,2490,1194
2005/06/24,2300,1170
2005/06/27,2239,1155
2005/06/28,2200,1157
2005/06/29,2199,1170
2005/06/30,2200,1174
2005/07/01,2200,1198
2005/07/04,2200,1162
2005/07/05,2180,1175
2005/07/06,2174,1175
2005/07/07,2167,1150
2005/07/08,2168,1152
2005/07/11,2140,1160
2005/07/12,2150,1185
2005/07/13,2180,1191
2005/07/14,2180,1208
2005/07/15,2150,1200
2005/07/18,2120,1195
2005/07/19,2075,1183
2005/07/20,2110,1190
2005/07/21,2120,1192
2005/07/22,2110,1181
2005/07/25,2080,1192
2005/07/26,2110,1190
2005/07/27,2150,1210
2005/07/28,2160,1254
2005/07/29,2121,1235
2005/08/01,2080,1265
2005/08/02,2120,1236
2005/08/03,2100,1259
2005/08/04,2100,1295
2005/08/05,2065,1270
2005/08/08,2060,1267
2005/08/10,2179,1309
2005/08/11,2150,1322
2005/08/12,2150,1316
2005/08/15,2144,1331
2005/08/16,2095,1335
2005/08/17,2115,1327
2005/08/18,2119,1327
2005/08/19,2150,1331
2005/08/22,2215,1325
2005/08/23,2200,1335
2005/08/24,2200,1315
2005/08/25,2240,1311
2005/08/26,2245,1305
2005/08/29,2210,1306
2005/08/30,2200,1323
2005/08/31,2200,1327
2005/09/01,2200,1325
2005/09/02,2200,1340
2005/09/05,2220,1330
2005/09/06,2240,1345
2005/09/07,2245,1360
2005/09/08,2291,1347
2005/09/09,2260,1350
2005/09/12,2250,1353
2005/09/13,2150,1361
2005/09/14,2139,1345
2005/09/15,2155,1320
2005/09/16,2170,1285
2005/09/19,2220,1281
2005/09/20,2247,1299
2005/09/21,2247,1310
2005/09/22,2195,1267
2005/09/23,2145,1265
2005/09/26,2165,1280
2005/09/27,2190,1271
2005/09/28,2160,1267
2005/09/29,2115,1270
2005/09/30,2080,1280
2005/10/03,2060,1263
2005/10/04,2106,1255
2005/10/05,2140,1260
2005/10/06,2100,1240
2005/10/07,2080,1245
2005/10/10,2060,1220
2005/10/11,2118,1230
2005/10/12,2140,1244
2005/10/13,2100,1210
2005/10/14,2056,1210
2005/10/17,2050,1210
2005/10/18,1977,1210
2005/10/19,1990,1165
2005/10/20,2048,1222
2005/10/21,2055,1205
2005/10/24,2130,1230
2005/10/25,2155,1265
2005/10/26,2250,1245
2005/10/27,2200,1210
2005/10/28,2150,1200
2005/10/31,2195,1235
2005/11/01,2160,1260
2005/11/02,2160,1246
2005/11/03,2150,1270
2005/11/04,2130,1247
2005/11/07,2140,1270
2005/11/08,2160,1250
2005/11/09,2150,1251
2005/11/10,2140,1248
2005/11/11,2120,1260
2005/11/14,2110,1315
2005/11/15,2145,1295
2005/11/16,2140,1310
2005/11/17,2150,1330
2005/11/18,2200,1345
2005/11/21,2195,1338
2005/11/22,2199,1311
2005/11/23,2175,1330
2005/11/24,2156,1350
2005/11/25,2150,1340
2005/11/28,2150,1348
2005/11/29,2150,1340
2005/11/30,2150,1321
2005/12/01,2199,1325
2005/12/02,2170,1325
2005/12/05,2150,1336
2005/12/06,2175,1376
2005/12/07,2201,1428
2005/12/08,2230,1402
2005/12/09,2220,1400
2005/12/12,2244,1395
2005/12/13,2256,1385
2005/12/14,2205,1399
2005/12/15,2220,1440
2005/12/19,2250,1491
2005/12/20,2260,1490
2005/12/21,2281,1495
2005/12/22,2306,1500
2005/12/23,2325,1504
2005/12/27,2340,1540
2005/12/28,2350,1525
2005/12/29,2340,1525
2005/12/30,2340,1519
2006/01/03,2300,1510
2006/01/04,2285,1510
2006/01/05,2300,1475
2006/01/06,2341,1515
2006/01/09,2350,1540
2006/01/10,2345,1550
2006/01/11,2465,1560
2006/01/12,2480,1560
2006/01/13,2490,1568
2006/01/16,2490,1530
2006/01/17,2450,1520
2006/01/18,2400,1559
2006/01/19,2400,1620
2006/01/20,2400,1620
2006/01/23,2375,1595
2006/01/24,2400,1609
2006/01/25,2500,1620
2006/01/26,2558,1627
2006/01/27,2500,1630
2006/01/30,2500,1600
2006/01/31,2488,1610
2006/02/01,2562,1655
2006/02/02,2600,1630
2006/02/03,2551,1600
2006/02/06,2575,1629
2006/02/07,2573,1630
2006/02/08,2595,1590
2006/02/09,2600,1690
2006/02/10,2641,1645
2006/02/13,2615,1580
2006/02/14,2550,1551
2006/02/15,2530,1608
2006/02/16,2500,1640
2006/02/17,2485,1715
2006/02/20,2450,1690
2006/02/21,2500,1678
2006/02/22,2530,1700
2006/02/23,2600,1695
2006/02/24,2500,1650
2006/02/27,2495,1667
2006/02/28,2460,1605
2006/03/02,2490,1620
2006/03/03,2470,1570
2006/03/06,2470,1555
2006/03/07,2440,1415
2006/03/08,2440,1490
2006/03/09,2425,1560
2006/03/10,2400,1600
2006/03/13,2409,1620
2006/03/14,2360,1650
2006/03/15,2379,1680
2006/03/16,2350,1640
2006/03/17,2370,1660
2006/03/20,2334,1689
2006/03/22,2345,1690
2006/03/23,2340,1710
2006/03/24,2346,1728
2006/03/27,2360,1750
2006/03/28,2361,1680
2006/03/29,2446,1670
2006/03/30,2480,1695
2006/03/31,2451,1650
2006/04/03,2456,1660
2006/04/04,2400,1660
2006/04/05,2360,1631
2006/04/06,2370,1591
2006/04/07,2420,1625
2006/04/10,2440,1629
2006/04/11,2425,1639
2006/04/12,2400,1626
2006/04/13,2405,1605
2006/04/18,2405,1641
2006/04/19,2416,1648
2006/04/20,2380,1635
2006/04/21,2380,1578
2006/04/24,2380,1570
2006/04/25,2370,1560
2006/04/26,2371,1555
2006/04/28,2445,1553
2006/05/02,2440,1560
2006/05/03,2425,1570
2006/05/04,2400,1560
2006/05/05,2374,1561
2006/05/08,2400,1572
2006/05/09,2400,1610
2006/05/10,2410,1618
2006/05/11,2410,1620
2006/05/12,2400,1590
2006/05/15,2300,1575
2006/05/16,2275,1560
2006/05/17,2340,1555
2006/05/18,2265,1535
2006/05/19,2250,1550
2006/05/22,2202,1540
2006/05/23,2250,1570
2006/05/24,2245,1550
2006/05/25,2223,1551
2006/05/26,2200,1610
2006/05/29,2200,1625
2006/05/30,2180,1570
2006/05/31,2165,1531
2006/06/01,2140,1536
2006/06/02,2132,1581
2006/06/05,2098,1547
2006/06/06,2070,1480
2006/06/07,2025,1470
2006/06/08,1930,1400
2006/06/09,1949,1467
2006/06/12,1950,1450
2006/06/13,1890,1390
2006/06/14,1900,1450
2006/06/15,1950,1480
2006/06/19,2036,1467
2006/06/20,2076,1486
2006/06/21,2080,1541
2006/06/22,2050,1481
2006/06/23,2000,1450
2006/06/26,1945,1380
2006/06/27,1905,1405
2006/06/28,1940,1420
2006/06/29,2000,1430
2006/06/30,2010,1450
2006/07/03,2070,1439
2006/07/04,2100,1449
2006/07/05,2100,1410
2006/07/06,2100,1449
2006/07/07,2100,1469
2006/07/10,2100,1489
2006/07/11,2120,1499
2006/07/12,2150,1538
2006/07/13,2140,1470
2006/07/14,2125,1440
2006/07/17,2100,1425
2006/07/18,2081,1430
2006/07/19,2099,1474
2006/07/20,2149,1440
2006/07/21,2196,1430
2006/07/24,2200,1480
2006/07/25,2228,1512
2006/07/26,2265,1515
2006/07/27,2300,1564
2006/07/28,2300,1510
2006/07/31,2250,1536
2006/08/01,2200,1510
2006/08/02,2180,1513
2006/08/03,2180,1506
2006/08/04,2159,1540
2006/08/07,2120,1528
2006/08/08,2114,1495
2006/08/10,2116,1473
2006/08/11,2135,1501
2006/08/14,2160,1482
2006/08/15,2140,1490
2006/08/16,2200,1500
2006/08/17,2220,1549
2006/08/18,2200,1495
2006/08/21,2152,1520
2006/08/22,2150,1530
2006/08/23,2150,1501
2006/08/24,2140,1502
2006/08/25,2145,1486
2006/08/28,2135,1503
2006/08/29,2120,1510
2006/08/30,2120,1543
2006/08/31,2240,1515
2006/09/01,2180,1550
2006/09/04,2203,1596
2006/09/05,2250,1575
2006/09/06,2300,1599
2006/09/07,2300,1561
2006/09/08,2270,1555
2006/09/11,2259,1535
2006/09/12,2265,1576
2006/09/13,2275,1599
2006/09/14,2275,1590
2006/09/15,2231,1560
2006/09/18,2300,1571
2006/09/19,2320,1611
2006/09/20,2275,1620
2006/09/21,2299,1655
2006/09/22,2300,1643
2006/09/26,2300,1711
2006/09/27,2300,1695
2006/09/28,2265,1705
2006/09/29,2230,1710
2006/10/02,2200,1679
2006/10/03,2230,1709
2006/10/04,2200,1710
2006/10/05,2206,1700
2006/10/06,2245,1695
2006/10/09,2246,1700
2006/10/10,2265,1695
2006/10/11,2285,1711
2006/10/12,2285,1700
2006/10/13,2315,1700
2006/10/16,2290,1770
2006/10/17,2290,1770
2006/10/18,2290,1735
2006/10/19,2315,1707
2006/10/20,2320,1700
2006/10/23,2325,1705
2006/10/24,2390,1741
2006/10/25,2360,1720
2006/10/26,2331,1710
2006/10/27,2350,1710
2006/10/30,2375,1710
2006/10/31,2380,1750
2006/11/01,2402,1770
2006/11/02,2400,1750
2006/11/03,2430,1740
2006/11/06,2450,1755
2006/11/07,2442,1768
2006/11/08,2450,1785
2006/11/09,2450,1788
2006/11/10,2440,1740
2006/11/13,2430,1742
2006/11/14,2420,1765
2006/11/15,2380,1771
2006/11/16,2350,1765
2006/11/17,2380,1750
2006/11/20,2380,1762
2006/11/21,2390,1780
2006/11/22,2421,1790
2006/11/23,2489,1800
2006/11/24,2475,1825
2006/11/27,2480,1815
2006/11/28,2480,1792
2006/11/29,2500,1800
2006/11/30,2499,1780
2006/12/01,2500,1793
2006/12/04,2500,1780
2006/12/05,2480,1750
2006/12/06,2495,1771
2006/12/07,2480,1737
2006/12/08,2483,1747
2006/12/11,2495,1745
2006/12/12,2485,1779
2006/12/13,2495,1800
2006/12/14,2530,1815
2006/12/15,2616,1840
2006/12/18,2630,1804
2006/12/19,2655,1800
2006/12/20,2720,1809
2006/12/21,2660,1830
2006/12/22,2685,1821
2006/12/27,2719,1860
2006/12/28,2690,1860
2006/12/29,2690,1830
2007/01/02,2739,1900
2007/01/03,2720,1899
2007/01/04,2730,1880
2007/01/05,2719,1905
2007/01/09,2770,1990
2007/01/10,2846,1948
2007/01/11,2855,1950
2007/01/12,2880,1980
2007/01/15,2965,1975
2007/01/16,3041,1970
2007/01/17,3075,1970
2007/01/18,3150,1969
2007/01/19,3051,1944
2007/01/22,3060,1960
2007/01/23,3010,1943
2007/01/24,3000,1950
2007/01/25,2975,1961
2007/01/26,2960,1925
2007/01/29,3000,1880
2007/01/30,2999,1880
2007/01/31,3000,1865
2007/02/01,2851,1925
2007/02/02,2950,1893
2007/02/05,2971,1870
2007/02/06,2930,1895
2007/02/07,2892,1895
2007/02/08,2830,1866
2007/02/09,2830,1881
2007/02/12,2830,1876
2007/02/13,2915,1900
2007/02/14,2975,1920
2007/02/15,2970,1940
2007/02/16,2945,1939
2007/02/19,2934,1934
2007/02/20,2901,1986
2007/02/21,2901,1977
2007/02/22,3019,2000
2007/02/23,3119,1977
2007/02/26,3099,1980
2007/02/27,2990,1922
2007/02/28,2939,1895
2007/03/01,2895,1870
2007/03/02,2940,1870
2007/03/05,2831,1820
2007/03/06,2897,1830
2007/03/07,2900,1835
2007/03/08,2890,1909
2007/03/09,2999,1930
2007/03/12,2979,1929
2007/03/13,2910,1895
2007/03/14,2860,1865
2007/03/15,2901,1920
2007/03/16,2903,1920
2007/03/19,2905,1955
2007/03/20,2920,1970
2007/03/22,2919,1988
2007/03/23,2900,1991
2007/03/26,2900,2000
2007/03/27,2870,2004
2007/03/28,2856,2001
2007/03/29,2865,2000
2007/03/30,2880,2000
2007/04/02,2900,2041
2007/04/03,2980,2055
2007/04/04,2995,2080
2007/04/05,2980,2070
2007/04/10,3094,2110
2007/04/11,3007,2100
2007/04/12,3011,2105
2007/04/13,3020,2117
2007/04/16,3090,2150
2007/04/17,3090,2175
2007/04/18,3110,2199
2007/04/19,3200,2250
2007/04/20,3259,2175
2007/04/23,3230,2250
2007/04/24,3200,2201
2007/04/25,3200,2288
2007/04/26,3210,2405
2007/04/30,3270,2380
2007/05/02,3290,2281
2007/05/03,3315,2256
2007/05/04,3212,2351
2007/05/07,3225,2353
2007/05/08,3210,2251
2007/05/09,3210,2241
2007/05/10,3250,2236
2007/05/11,3220,2200
2007/05/14,3205,2250
2007/05/15,3220,2230
2007/05/16,3210,2215
2007/05/17,3210,2200
2007/05/18,3220,2182
2007/05/21,3220,2215
2007/05/22,3220,2246
2007/05/23,3200,2315
2007/05/24,3220,2301
2007/05/25,3199,2291
2007/05/28,3195,2299
2007/05/29,3190,2300
2007/05/30,3153,2274
2007/05/31,3145,2300
2007/06/01,3150,2321
2007/06/04,3110,2276
2007/06/05,3130,2279
2007/06/06,3156,2260
2007/06/07,3195,2285
2007/06/08,3165,2269
2007/06/11,3150,2331
2007/06/12,3138,2287
2007/06/13,3100,2267
2007/06/14,3115,2302
2007/06/15,3100,2300
2007/06/18,3088,2310
2007/06/19,3060,2300
2007/06/20,3079,2292
2007/06/21,3080,2265
2007/06/22,3079,2252
2007/06/25,2998,2242
2007/06/26,2990,2222
2007/06/27,2930,2195
2007/06/28,2933,2231
2007/06/29,2903,2249
2007/07/02,2900,2237
2007/07/03,2899,2215
2007/07/04,2889,2217
2007/07/05,2870,2196
2007/07/06,2895,2208
2007/07/09,2940,2225
2007/07/10,2970,2255
2007/07/11,2970,2250
2007/07/12,3047,2255
2007/07/13,3012,2277
2007/07/16,3035,2285
2007/07/17,3010,2289
2007/07/18,2995,2287
2007/07/19,2975,2315
2007/07/20,2973,2340
2007/07/23,2960,2373
2007/07/24,2940,2355
2007/07/25,2919,2328
2007/07/26,2820,2298
2007/07/27,2801,2280
2007/07/30,2825,2284
2007/07/31,2849,2291
2007/08/01,2760,2236
2007/08/02,2750,2248
2007/08/03,2710,2275
2007/08/06,2680,2190
2007/08/07,2650,2198
2007/08/08,2700,2240
2007/08/10,2695,2225
2007/08/13,2700,2226
2007/08/14,2650,2192
2007/08/15,2647,2126
2007/08/16,2600,2110
2007/08/17,2590,2101
2007/08/20,2550,2060
2007/08/21,2499,2080
2007/08/22,2500,2115
2007/08/23,2550,2090
2007/08/24,2554,2065
2007/08/27,2625,2075
2007/08/28,2640,2090
2007/08/29,2680,2116
2007/08/30,2630,2100
2007/08/31,2700,2156
2007/09/03,2700,2230
2007/09/04,2690,2250
2007/09/05,2660,2180
2007/09/06,2595,2152
2007/09/07,2650,2160
2007/09/10,2640,2178
2007/09/11,2665,2261
2007/09/12,2680,2220
2007/09/13,2625,2200
2007/09/14,2624,2189
2007/09/17,2625,2178
2007/09/18,2650,2214
2007/09/19,2650,2274
2007/09/20,2629,2262
2007/09/21,2585,2240
2007/09/25,2530,2247
2007/09/26,2570,2260
2007/09/27,2602,2252
2007/09/28,2640,2227
2007/10/01,2650,2225
2007/10/02,2640,2279
2007/10/03,2745,2360
2007/10/04,2701,2386
2007/10/05,2695,2341
2007/10/08,2720,2385
2007/10/09,2720,2364
2007/10/10,2789,2360
2007/10/11,2767,2390
2007/10/12,2788,2377
2007/10/15,2750,2340
2007/10/16,2727,2340
2007/10/17,2700,2360
2007/10/18,2700,2325
2007/10/19,2665,2323
2007/10/22,2645,2285
2007/10/23,2700,2271
2007/10/24,2730,2295
2007/10/25,2725,2355
2007/10/26,2785,2325
2007/10/29,2870,2368
2007/10/30,2834,2345
2007/10/31,2805,2370
2007/11/01,2810,2335
2007/11/02,2860,2340
2007/11/05,2860,2300
2007/11/06,2900,2350
2007/11/07,2875,2340
2007/11/08,2805,2351
2007/11/09,2800,2330
2007/11/12,2800,2312
2007/11/13,2795,2304
2007/11/14,2765,2344
2007/11/15,2788,2300
2007/11/16,2915,2283
2007/11/19,2781,2270
2007/11/20,2770,2300
2007/11/21,2840,2261
2007/11/22,2885,2250
2007/11/23,2930,2250
2007/11/26,2801,2250
2007/11/27,2750,2221
2007/11/28,2650,2260
2007/11/29,2750,2326
2007/11/30,2789,2338
2007/12/03,2685,2339
2007/12/04,2680,2330
2007/12/05,2700,2348
2007/12/06,2731,2350
2007/12/07,2676,2350
2007/12/10,2690,2367
2007/12/11,2700,2335
2007/12/12,2750,2330
2007/12/13,2749,2300
2007/12/14,2651,2259
2007/12/18,2615,2235
2007/12/19,2670,2219
2007/12/20,2640,2320
2007/12/21,2715,2320
2007/12/24,2725,2320
2007/12/27,2725,2335
2007/12/28,2715,2350
2007/12/31,2713,2275
2008/01/02,2730,2281
2008/01/03,2700,2250
2008/01/04,2690,2270
2008/01/07,2635,2255
2008/01/08,2645,2272
2008/01/09,2640,2185
2008/01/10,2560,2092
2008/01/11,2560,2020
2008/01/14,2630,2100
2008/01/15,2530,2051
2008/01/16,2451,2001
2008/01/17,2400,2040
2008/01/18,2395,1969
2008/01/21,2360,1860
2008/01/22,2410,1870
2008/01/23,2360,1945
2008/01/24,2367,1950
2008/01/25,2400,1900
2008/01/28,2336,1840
2008/01/29,2352,1850
2008/01/30,2390,1967
2008/01/31,2380,1944
2008/02/01,2384,2065
2008/02/04,2470,1992
2008/02/05,2339,1878
2008/02/06,2300,1949
2008/02/07,2250,1880
2008/02/08,2276,1915
2008/02/11,2210,1850
2008/02/12,2210,1875
2008/02/13,2199,1905
2008/02/14,2278,1895
2008/02/15,2301,1865
2008/02/18,2440,1890
2008/02/19,2450,1900
2008/02/20,2360,1845
2008/02/21,2360,1900
2008/02/22,2323,1870
2008/02/25,2390,1895
2008/02/26,2575,1937
2008/02/27,2620,1930
2008/02/28,2700,1859
2008/02/29,2740,1875
2008/03/03,2755,1850
2008/03/04,2690,1836
2008/03/05,2620,1800
2008/03/06,2520,1880
2008/03/07,2400,1850
2008/03/10,2375,1883
2008/03/11,2365,2005
2008/03/12,2429,2067
2008/03/13,2405,1980
2008/03/14,2400,1990
2008/03/17,2300,1959
2008/03/18,2400,1990
2008/03/19,2390,2035
2008/03/20,2300,1900
2008/03/25,2395,1926
2008/03/26,2454,1982
2008/03/27,2460,2039
2008/03/28,2450,1995
2008/03/31,2430,1910
2008/04/01,2460,1979
2008/04/02,2520,2050
2008/04/03,2506,2015
2008/04/04,2590,2060
2008/04/07,2685,2133
2008/04/08,2650,2137
2008/04/09,2608,2131
2008/04/10,2520,2105
2008/04/11,2470,2130
2008/04/14,2499,2090
2008/04/15,2495,2121
2008/04/16,2520,2125
2008/04/17,2529,2120
2008/04/18,2500,2175
2008/04/21,2500,2060
2008/04/22,2481,2025
2008/04/23,2490,1999
2008/04/24,2501,1990
2008/04/25,2485,1996
2008/04/29,2480,2006
2008/04/30,2485,2000
2008/05/05,2450,1999
2008/05/06,2405,1980
2008/05/07,2390,1960
2008/05/08,2355,2000
2008/05/09,2365,2000
2008/05/12,2340,2010
2008/05/13,2300,2006
2008/05/14,2310,2003
2008/05/15,2380,2000
2008/05/16,2417,1963
2008/05/19,2351,1962
2008/05/20,2440,1960
2008/05/21,2420,1976
2008/05/22,2400,1981
2008/05/23,2405,1965
2008/05/26,2420,1945
2008/05/27,2450,1953
2008/05/28,2400,1980
2008/05/29,2390,1931
2008/05/30,2400,1930
2008/06/02,2444,1930
2008/06/03,2420,1930
2008/06/04,2400,1921
2008/06/05,2395,1949
2008/06/06,2385,1910
2008/06/09,2370,1890
2008/06/10,2365,1858
2008/06/11,2381,1795
2008/06/12,2360,1829
2008/06/13,2355,1797
2008/06/17,2305,1775
2008/06/18,2302,1740
2008/06/19,2296,1727
2008/06/20,2300,1730
2008/06/23,2169,1681
2008/06/24,2060,1645
2008/06/25,2070,1670
2008/06/26,2130,1670
2008/06/27,2190,1695
2008/06/30,2170,1660
2008/07/01,2048,1585
2008/07/02,2020,1590
2008/07/03,1955,1542
2008/07/04,1980,1554
2008/07/07,1940,1522
2008/07/08,1847,1520
2008/07/09,1870,1500
2008/07/10,1880,1525
2008/07/11,1814,1535
2008/07/14,1835,1503
2008/07/15,1825,1505
2008/07/16,1906,1531
2008/07/17,1985,1724
2008/07/18,2000,1752
2008/07/21,2060,1659
2008/07/22,2020,1640
2008/07/23,2000,1779
2008/07/24,2051,1745
2008/07/25,2025,1680
2008/07/28,2015,1640
2008/07/29,2025,1684
2008/07/30,2025,1750
2008/07/31,2160,1760
2008/08/01,2125,1755
2008/08/04,2125,1740
2008/08/05,2100,1803
2008/08/06,2135,1785
2008/08/07,2140,1751
2008/08/08,2150,1760
2008/08/11,2190,1784
2008/08/12,2250,1810
2008/08/13,2297,1782
2008/08/14,2227,1820
2008/08/15,2170,1825
2008/08/18,2130,1789
2008/08/19,2080,1743
2008/08/20,2090,1780
2008/08/21,2110,1787
2008/08/22,2150,1805
2008/08/25,2150,1780
2008/08/26,2170,1752
2008/08/27,2180,1732
2008/08/28,2280,1840
2008/08/29,2220,1776
2008/09/01,2220,1760
2008/09/02,2230,1777
2008/09/03,2315,1760
2008/09/04,2399,1725
2008/09/05,2410,1705
2008/09/08,2462,1824
2008/09/09,2460,1830
2008/09/10,2451,1840
2008/09/11,2390,1830
2008/09/12,2320,1840
2008/09/15,2350,1810
2008/09/16,2270,1771
2008/09/17,2280,1701
2008/09/18,2283,1693
2008/09/19,2501,1780
2008/09/22,2453,1800
2008/09/23,2360,1706
2008/09/25,2355,1740
2008/09/26,2300,1748
2008/09/29,2175,1650
2008/09/30,2150,1760
2008/10/01,2270,1800
2008/10/02,2250,1760
2008/10/03,2285,1780
2008/10/06,2260,1620
2008/10/07,2261,1700
2008/10/08,2260,1770
2008/10/09,2370,1685
2008/10/10,2280,1635
2008/10/13,2340,1680
2008/10/14,2449,1770
2008/10/15,2400,1710
2008/10/16,2400,1650
2008/10/17,2335,1545
2008/10/20,2275,1496
2008/10/21,2250,1510
2008/10/22,2250,1435
2008/10/23,2130,1525
2008/10/24,2037,1490
2008/10/27,2015,1488
2008/10/28,2060,1575
2008/10/29,2115,1600
2008/10/30,2250,1650
2008/10/31,2399,1590
2008/11/03,2300,1560
2008/11/04,2370,1630
2008/11/05,2425,1608
2008/11/06,2400,1611
2008/11/07,2425,1668
2008/11/10,2440,1628
2008/11/11,2450,1590
2008/11/12,2402,1645
2008/11/13,2400,1580
2008/11/14,2399,1628
2008/11/17,2342,1650
2008/11/18,2290,1620
2008/11/19,2226,1636
2008/11/20,2190,1638
2008/11/21,2160,1640
2008/11/24,2200,1600
2008/11/25,2225,1657
2008/11/26,2300,1655
2008/11/27,2310,1705
2008/11/28,2240,1650
2008/12/01,2240,1708
2008/12/02,2200,1650
2008/12/03,2250,1632
2008/12/04,2389,1660
2008/12/05,2355,1720
2008/12/08,2400,1745
2008/12/09,2400,1848
2008/12/10,2410,1845
2008/12/11,2500,1772
2008/12/12,2541,1778
2008/12/15,2541,1780
2008/12/17,2620,1760
2008/12/18,2641,1760
2008/12/19,2640,1740
2008/12/22,2640,1661
2008/12/23,2590,1698
2008/12/24,2595,1685
2008/12/29,2600,1690
2008/12/30,2590,1729
2008/12/31,2582,1700
2009/01/02,2600,1690
2009/01/05,2580,1697
2009/01/06,2600,1749
2009/01/07,2590,1700
2009/01/08,2570,1700
2009/01/09,2600,1720
2009/01/12,2570,1735
2009/01/13,2540,1712
2009/01/14,2540,1667
2009/01/15,2501,1649
2009/01/16,2560,1654
2009/01/19,2550,1660
2009/01/20,2520,1615
2009/01/21,2579,1600
2009/01/22,2500,1639
2009/01/23,2500,1561
2009/01/26,2515,1575
2009/01/27,2530,1660
2009/01/28,2575,1710
2009/01/29,2505,1641
2009/01/30,2547,1620
2009/02/02,2492,1575
2009/02/03,2480,1630
2009/02/04,2575,1653
2009/02/05,2550,1635
2009/02/06,2600,1670
2009/02/09,2625,1690
2009/02/10,2584,1650
2009/02/11,2600,1640
2009/02/12,2575,1655
2009/02/13,2580,1636
2009/02/16,2550,1581
2009/02/17,2399,1586
2009/02/18,2339,1585
2009/02/19,2450,1585
2009/02/20,2400,1550
2009/02/23,2499,1574
2009/02/24,2490,1562
2009/02/25,2500,1565
2009/02/26,2500,1605
2009/02/27,2415,1528
2009/03/02,2495,1552
2009/03/03,2440,1501
2009/03/04,2440,1472
2009/03/05,2420,1460
2009/03/06,2330,1394
2009/03/09,2205,1449
2009/03/10,2210,1478
2009/03/11,2260,1490
2009/03/12,2280,1481
2009/03/13,2402,1515
2009/03/16,2422,1547
2009/03/17,2387,1539
2009/03/18,2449,1470
2009/03/19,2400,1526
2009/03/20,2489,1496
2009/03/23,2471,1568
2009/03/24,2415,1560
2009/03/25,2420,1650
2009/03/26,2420,1690
2009/03/27,2401,1665
2009/03/30,2430,1652
2009/03/31,2506,1684
2009/04/01,2475,1714
2009/04/02,2599,1772
2009/04/03,2600,1743
2009/04/06,2572,1765
2009/04/07,2475,1699
2009/04/08,2560,1665
2009/04/09,2660,1668
2009/04/14,2735,1708
2009/04/15,2565,1718
2009/04/16,2550,1700
2009/04/17,2600,1619
2009/04/20,2599,1535
2009/04/21,2500,1513
2009/04/23,2475,1550
2009/04/24,2498,1570
2009/04/28,2539,1583
2009/04/29,2600,1600
2009/04/30,2470,1590
2009/05/04,2579,1639
2009/05/05,2620,1685
2009/05/06,2614,1750
2009/05/07,2579,1661
2009/05/08,2605,1725
2009/05/11,2660,1726
2009/05/12,2690,1768
2009/05/13,2585,1710
2009/05/14,2640,1683
2009/05/15,2648,1726
2009/05/18,2705,1770
2009/05/19,2750,1785
2009/05/20,2700,1776
2009/05/21,2691,1750
2009/05/22,2733,1780
2009/05/25,2725,1743
2009/05/26,2740,1725
2009/05/27,2834,1753
2009/05/28,2840,1750
2009/05/29,2801,1715
2009/06/01,2800,1725
2009/06/02,2785,1709
2009/06/03,2735,1682
2009/06/04,2750,1699
2009/06/05,2720,1685
2009/06/08,2650,1695
2009/06/09,2600,1710
2009/06/10,2595,1724
2009/06/11,2555,1695
2009/06/12,2540,1700
2009/06/15,2475,1714
2009/06/17,2497,1695
2009/06/18,2530,1705
2009/06/19,2500,1705
2009/06/22,2410,1699
2009/06/23,2490,1685
2009/06/24,2501,1725
2009/06/25,2521,1750
2009/06/26,2591,1755
2009/06/29,2590,1735
2009/06/30,2584,1728
2009/07/01,2600,1733
2009/07/02,2595,1730
2009/07/03,2580,1735
2009/07/06,2535,1715
2009/07/07,2585,1731
2009/07/08,2630,1710
2009/07/09,2660,1703
2009/07/10,2715,1715
2009/07/13,2745,1723
2009/07/14,2755,1766
2009/07/15,2775,1866
2009/07/16,2805,1850
2009/07/17,2830,1860
2009/07/20,2850,1885
2009/07/21,2780,1865
2009/07/22,2755,1899
2009/07/23,2760,1918
2009/07/24,2770,1972
2009/07/27,2830,1970
2009/07/28,2770,1975
2009/07/29,2740,1959
2009/07/30,2728,1937
2009/07/31,2760,1978
2009/08/03,2770,2022
2009/08/04,2780,2074
2009/08/05,2760,2090
2009/08/06,2692,2055
2009/08/07,2699,2037
2009/08/11,2577,2005
2009/08/12,2650,2006
2009/08/13,2639,1985
2009/08/14,2655,1976
2009/08/17,2610,1957
2009/08/18,2615,1951
2009/08/19,2612,1955
2009/08/20,2633,1960
2009/08/21,2750,1998
2009/08/24,2780,2045
2009/08/25,2765,2040
2009/08/26,2785,2075
2009/08/27,2809,2070
2009/08/28,2810,2076
2009/08/31,2790,2050
2009/09/01,2789,2065
2009/09/02,2760,2060
2009/09/03,2799,2050
2009/09/04,2850,2038
2009/09/07,2870,2050
2009/09/08,2838,2098
2009/09/09,2770,2031
2009/09/10,2720,2017
2009/09/11,2801,2067
2009/09/14,2775,2028
2009/09/15,2745,2026
2009/09/16,2775,2033
2009/09/17,2783,2060
2009/09/18,2785,2050
2009/09/21,2710,2054
2009/09/22,2772,2035
2009/09/23,2795,2050
2009/09/25,2880,2079
2009/09/28,2815,2049
2009/09/29,2825,2011
2009/09/30,2920,2051
2009/10/01,2943,2070
2009/10/02,2835,1977
2009/10/05,2850,1982
2009/10/06,2845,2004
2009/10/07,2839,2040
2009/10/08,2843,1996
2009/10/09,2819,2000
2009/10/12,2825,2040
2009/10/13,2838,2020
2009/10/14,2815,2053
2009/10/15,2803,2135
2009/10/16,2823,2100
2009/10/19,2816,2105
2009/10/20,2820,2135
2009/10/21,2900,2150
2009/10/22,2950,2180
2009/10/23,3016,2144
2009/10/26,3000,2140
2009/10/27,3025,2130
2009/10/28,3029,2098
2009/10/29,3080,2136
2009/10/30,3115,2155
2009/11/02,3057,2086
2009/11/03,2975,2097
2009/11/04,3030,2081
2009/11/05,3042,2070
2009/11/06,3002,2081
2009/11/09,3065,2137
2009/11/10,3100,2165
2009/11/11,3180,2214
2009/11/12,3150,2214
2009/11/13,3200,2217
2009/11/16,3226,2260
2009/11/17,3224,2224
2009/11/18,3200,2173
2009/11/19,3200,2214
2009/11/20,3168,2159
2009/11/23,3193,2231
2009/11/24,3210,2220
2009/11/25,3225,2250
2009/11/26,3217,2201
2009/11/27,3166,2160
2009/11/30,3185,2215
2009/12/01,3179,2233
2009/12/02,3100,2270
2009/12/03,3240,2245
2009/12/04,3215,2233
2009/12/07,3100,2255
2009/12/08,3090,2245
2009/12/09,3046,2208
2009/12/10,3075,2262
2009/12/11,3080,2223
2009/12/14,3117,2255
2009/12/15,3040,2239
2009/12/17,3045,2260
2009/12/18,3040,2245
2009/12/21,3050,2263
2009/12/22,3048,2240
2009/12/23,3050,2253
2009/12/24,3069,2270
2009/12/28,3099,2281
2009/12/29,3120,2305
2009/12/30,3160,2270
2009/12/31,3195,2275
2010/01/04,3205,2280
2010/01/05,3221,2325
2010/01/06,3215,2300
2010/01/07,3195,2293
2010/01/08,3180,2287
2010/01/11,3186,2270
2010/01/12,3140,2293
2010/01/13,3156,2302
2010/01/14,3180,2300
2010/01/15,3238,2262
2010/01/18,3185,2277
2010/01/19,3192,2290
2010/01/20,3199,2310
2010/01/21,3200,2297
2010/01/22,3110,2270
2010/01/25,3115,2271
2010/01/26,3060,2279
2010/01/27,3090,2260
2010/01/28,3107,2293
2010/01/29,3105,2288
2010/02/01,3051,2327
2010/02/02,3080,2329
2010/02/03,3119,2330
2010/02/04,3094,2280
2010/02/05,3050,2275
2010/02/08,3050,2246
2010/02/09,3030,2285
2010/02/10,3140,2265
2010/02/11,3090,2275
2010/02/12,3130,2260
2010/02/15,3155,2300
2010/02/16,3198,2320
2010/02/17,3212,2338
2010/02/18,3202,2365
2010/02/19,3200,2355
2010/02/22,3230,2399
2010/02/23,3330,2402
2010/02/24,3295,2405
2010/02/25,3300,2410
2010/02/26,3361,2443
2010/03/01,3351,2430
2010/03/02,3361,2495
2010/03/03,3350,2525
2010/03/04,3370,2546
2010/03/05,3420,2520
2010/03/08,3385,2532
2010/03/09,3422,2515
2010/03/10,3406,2540
2010/03/11,3440,2505
2010/03/12,3427,2510
2010/03/15,3430,2500
2010/03/16,3400,2505
2010/03/17,3430,2503
2010/03/18,3440,2507
2010/03/19,3480,2468
2010/03/23,3460,2475
2010/03/24,3460,2466
2010/03/25,3435,2454
2010/03/26,3435,2450
2010/03/29,3420,2475
2010/03/30,3415,2451
2010/03/31,3450,2487
2010/04/01,3400,2453
2010/04/06,3400,2458
2010/04/07,3426,2473
2010/04/08,3425,2435
2010/04/09,3402,2464
2010/04/12,3437,2477
2010/04/13,3430,2480
2010/04/14,3526,2505
2010/04/15,3498,2540
2010/04/16,3490,2515
2010/04/19,3480,2390
2010/04/20,3530,2375
2010/04/21,3592,2360
2010/04/22,3600,2354
2010/04/23,3551,2350
2010/04/26,3555,2394
2010/04/28,3550,2361
2010/04/29,3540,2416
2010/04/30,3590,2426
2010/05/03,3592,2430
2010/05/04,3592,2390
2010/05/05,3595,2372
2010/05/06,3572,2347
2010/05/07,3530,2299
2010/05/10,3680,2400
2010/05/11,3680,2371
2010/05/12,3700,2454
2010/05/13,3637,2450
2010/05/14,3550,2376
2010/05/17,3541,2400
2010/05/18,3555,2455
2010/05/19,3530,2390
2010/05/20,3480,2335
2010/05/21,3478,2306
2010/05/24,3458,2385
2010/05/25,3400,2300
2010/05/26,3480,2290
2010/05/27,3496,2368
2010/05/28,3500,2365
2010/05/31,3500,2361
2010/06/01,3470,2305
2010/06/02,3469,2330
2010/06/03,3455,2326
2010/06/04,3400,2300
2010/06/07,3350,2241
2010/06/08,3320,2200
2010/06/09,3350,2270
2010/06/10,3370,2300
2010/06/11,3344,2281
2010/06/14,3357,2320
2010/06/15,3399,2377
2010/06/17,3400,2401
2010/06/18,3450,2380
2010/06/21,3479,2394
2010/06/22,3450,2400
2010/06/23,3498,2410
2010/06/24,3499,2397
2010/06/25,3500,2400
2010/06/28,3525,2400
2010/06/29,3509,2340
2010/06/30,3505,2286
2010/07/01,3490,2320
2010/07/02,3490,2343
2010/07/05,3456,2315
2010/07/06,3440,2395
2010/07/07,3460,2400
2010/07/08,3460,2400
2010/07/09,3485,2408
2010/07/12,3510,2394
2010/07/13,3520,2416
2010/07/14,3525,2427
2010/07/15,3519,2406
2010/07/16,3535,2410
2010/07/19,3520,2387
2010/07/20,3520,2419
2010/07/21,3541,2438
2010/07/22,3599,2502
2010/07/23,3600,2515
2010/07/26,3620,2501
2010/07/27,3611,2538
2010/07/28,3610,2508
2010/07/29,3612,2500
2010/07/30,3625,2502
2010/08/02,3680,2512
2010/08/03,3710,2515
2010/08/04,3710,2492
2010/08/05,3715,2502
2010/08/06,3665,2488
2010/08/10,3635,2440
2010/08/11,3624,2367
2010/08/12,3581,2375
2010/08/13,3596,2382
2010/08/16,3580,2356
2010/08/17,3599,2389
2010/08/18,3580,2335
2010/08/19,3595,2330
2010/08/20,3555,2319
2010/08/23,3569,2333
2010/08/24,3537,2311
2010/08/25,3500,2293
2010/08/26,3410,2299
2010/08/27,3435,2301
2010/08/30,3480,2357
2010/08/31,3503,2328
2010/09/01,3557,2413
2010/09/02,3615,2410
2010/09/03,3575,2419
2010/09/06,3570,2395
2010/09/07,3600,2400
2010/09/08,3612,2424
2010/09/09,3649,2400
2010/09/10,3670,2400
2010/09/13,3685,2475
2010/09/14,3704,2519
2010/09/15,3726,2497
2010/09/16,3731,2496
2010/09/17,3735,2440
2010/09/20,3750,2498
2010/09/21,3754,2527
2010/09/22,3778,2528
2010/09/23,3750,2516
2010/09/27,3799,2549
2010/09/28,3855,2585
2010/09/29,3870,2583
2010/09/30,3912,2630
2010/10/01,3895,2600
2010/10/04,3889,2602
2010/10/05,3857,2605
2010/10/06,3950,2618
2010/10/07,3909,2569
2010/10/08,3930,2550
2010/10/11,3885,2590
2010/10/12,3886,2610
2010/10/13,3919,2620
2010/10/14,3920,2620
2010/10/15,3902,2611
2010/10/18,3918,2615
2010/10/19,3895,2608
2010/10/20,3875,2600
2010/10/21,3920,2640
2010/10/22,3890,2599
2010/10/25,3900,2600
2010/10/26,3912,2610
2010/10/27,3873,2588
2010/10/28,3890,2605
2010/10/29,3948,2626
2010/11/01,3949,2669
2010/11/02,4029,2690
2010/11/03,4095,2723
2010/11/04,4068,2701
2010/11/05,4026,2704
2010/11/08,4055,2700
2010/11/09,4077,2705
2010/11/10,4050,2732
2010/11/11,4000,2685
2010/11/12,4015,2690
2010/11/15,4025,2690
2010/11/16,4000,2668
2010/11/17,3999,2669
2010/11/18,4000,2675
2010/11/19,3996,2683
2010/11/22,4005,2674
2010/11/23,3997,2623
2010/11/24,4020,2646
2010/11/25,4045,2632
2010/11/26,4049,2630
2010/11/29,3970,2616
2010/11/30,3896,2596
2010/12/01,3920,2623
2010/12/02,3940,2670
2010/12/03,3940,2685
2010/12/06,3939,2677
2010/12/07,3900,2660
2010/12/08,3930,2683
2010/12/09,3944,2711
2010/12/10,3915,2711
2010/12/13,3915,2695
2010/12/14,3926,2713
2010/12/15,3866,2729
2010/12/17,3889,2746
2010/12/20,3875,2765
2010/12/21,3905,2795
2010/12/22,3945,2785
2010/12/23,3955,2758
2010/12/24,3930,2734
2010/12/28,3945,2764
2010/12/29,3932,2750
2010/12/30,3940,2775
2010/12/31,3942,2792
2011/01/03,3990,2799
2011/01/04,4000,2800
2011/01/05,4039,2800
2011/01/06,4069,2805
2011/01/07,4022,2795
2011/01/10,3970,2765
2011/01/11,3975,2804
2011/01/12,3975,2818
2011/01/13,4000,2798
2011/01/14,4080,2796
2011/01/17,4018,2790
2011/01/18,3976,2806
2011/01/19,4000,2785
2011/01/20,3970,2737
2011/01/21,3983,2770
2011/01/24,3971,2765
2011/01/25,3966,2768
2011/01/26,4020,2765
2011/01/27,3959,2800
2011/01/28,3862,2753
2011/01/31,3767,2720
2011/02/01,3875,2835
2011/02/02,3876,2785
2011/02/03,3860,2735
2011/02/04,3820,2735
2011/02/07,3855,2722
2011/02/08,3865,2690
2011/02/09,3865,2699
2011/02/10,3850,2671
2011/02/11,3900,2716
2011/02/14,3860,2722
2011/02/15,3878,2709
2011/02/16,3893,2729
2011/02/17,3938,2725
2011/02/18,3956,2731
2011/02/21,3978,2785
2011/02/22,3940,2762
2011/02/23,3905,2677
2011/02/24,3855,2652
2011/02/25,3861,2710
2011/02/28,3950,2705
2011/03/01,3949,2668
2011/03/02,3890,2732
2011/03/03,3875,2757
2011/03/04,3890,2738
2011/03/07,3850,2776
2011/03/08,3845,2785
2011/03/09,3942,2750
2011/03/10,3865,2663
2011/03/11,3850,2703
2011/03/14,3805,2709
2011/03/15,3745,2656
2011/03/16,3703,2651
2011/03/17,3700,2649
2011/03/18,3736,2642
2011/03/22,3750,2691
2011/03/23,3750,2692
2011/03/24,3795,2720
2011/03/25,3747,2730
2011/03/28,3740,2740
2011/03/29,3736,2725
2011/03/30,3770,2750
2011/03/31,3811,2760
2011/04/01,3855,2788
2011/04/04,3870,2761
2011/04/05,3866,2768
2011/04/06,3870,2806
2011/04/07,3838,2789
2011/04/08,3811,2785
2011/04/11,3785,2779
2011/04/12,3750,2765
2011/04/13,3741,2775
2011/04/14,3735,2797
2011/04/15,3710,2782
2011/04/18,3698,2736
2011/04/19,3710,2775
2011/04/20,3746,2748
2011/04/21,3760,2710
2011/04/26,3765,2759
2011/04/28,3790,2765
2011/04/29,3787,2816
2011/05/03,3765,2703
2011/05/04,3730,2676
2011/05/05,3720,2688
2011/05/06,3717,2720
2011/05/09,3720,2693
2011/05/10,3728,2741
2011/05/11,3730,2750
2011/05/12,3715,2736
2011/05/13,3736,2718
2011/05/16,3736,2738
2011/05/17,3749,2707
2011/05/19,3827,2738
2011/05/20,3856,2731
2011/05/23,3835,2691
2011/05/24,3840,2694
2011/05/25,3832,2698
2011/05/26,3866,2705
2011/05/27,3880,2754
2011/05/30,3893,2770
2011/05/31,3937,2782
2011/06/01,3885,2774
2011/06/02,3860,2768
2011/06/03,3844,2716
2011/06/06,3836,2724
2011/06/07,3840,2763
2011/06/08,3865,2729
2011/06/09,3890,2720
2011/06/10,3851,2710
2011/06/13,3861,2705
2011/06/14,3888,2685
2011/06/15,3895,2679
2011/06/17,3882,2694
2011/06/20,3848,2700
2011/06/21,3894,2707
2011/06/22,3895,2675
2011/06/23,3855,2645
2011/06/24,3769,2693
2011/06/27,3785,2695
2011/06/28,3830,2720
2011/06/29,3860,2748
2011/06/30,3855,2756
2011/07/01,3919,2749
2011/07/04,3906,2771
2011/07/05,3965,2780
2011/07/06,3910,2775
2011/07/07,3958,2775
2011/07/08,3970,2765
2011/07/11,3980,2763
2011/07/12,3980,2761
2011/07/13,4008,2770
2011/07/14,4038,2766
2011/07/15,4022,2767
2011/07/18,4000,2756
2011/07/19,4000,2759
2011/07/20,4000,2770
2011/07/21,4010,2770
2011/07/22,4000,2759
2011/07/25,3997,2782
2011/07/26,3998,2768
2011/07/27,3955,2760
2011/07/28,3945,2730
2011/07/29,3921,2704
2011/08/01,3976,2734
2011/08/02,3950,2683
2011/08/03,3870,2620
2011/08/04,3790,2530
2011/08/05,3690,2488
2011/08/08,3625,2481
2011/08/10,3635,2498
2011/08/11,3668,2578
2011/08/12,3700,2612
2011/08/15,3730,2641
2011/08/16,3729,2591
2011/08/17,3740,2625
2011/08/18,3690,2568
2011/08/19,3684,2599
2011/08/22,3682,2620
2011/08/23,3695,2586
2011/08/24,3734,2610
2011/08/25,3650,2526
2011/08/26,3690,2545
2011/08/29,3760,2665
2011/08/30,3799,2632
2011/08/31,3825,2735
2011/09/01,3925,2724
2011/09/02,3940,2685
2011/09/05,3947,2650
2011/09/06,3904,2555
2011/09/07,3970,2695
2011/09/08,4020,2782
2011/09/09,3982,2720
2011/09/12,3947,2665
2011/09/13,3935,2724
2011/09/14,3992,2720
2011/09/15,3995,2784
2011/09/16,3990,2750
2011/09/19,3995,2721
2011/09/20,3971,2769
2011/09/21,3988,2769
2011/09/22,3915,2660
2011/09/23,3850,2618
2011/09/26,3860,2609
2011/09/27,3967,2706
2011/09/28,3915,2728
2011/09/29,3902,2663
2011/09/30,3959,2705
2011/10/03,3959,2735
2011/10/04,3881,2630
2011/10/05,3934,2648
2011/10/06,3910,2658
2011/10/07,3948,2675
2011/10/10,4000,2746
2011/10/11,4031,2760
2011/10/12,4120,2785
2011/10/13,4101,2781
2011/10/14,4125,2778
2011/10/17,4101,2800
2011/10/18,4137,2828
2011/10/19,4120,2835
2011/10/20,4099,2826
2011/10/21,4130,2889
2011/10/24,4112,2870
2011/10/25,4173,2890
2011/10/26,4165,2894
2011/10/27,4180,2935
2011/10/28,4262,2985
2011/10/31,4150,2965
2011/11/01,4174,2930
2011/11/02,4133,2929
2011/11/03,4160,2944
2011/11/04,4113,2868
2011/11/07,4130,2935
2011/11/08,4150,2938
2011/11/09,4100,2880
2011/11/10,4138,2897
2011/11/11,4120,2885
2011/11/14,4140,2853
2011/11/15,4132,2922
2011/11/16,4185,2935
2011/11/17,4200,2949
2011/11/18,4180,2875
2011/11/21,4150,2817
2011/11/22,4154,2810
2011/11/23,4097,2775
2011/12/02,4097,2775
2011/12/05,4097,2775
2011/12/06,4097,2775
2011/12/07,4097,2775
2011/12/08,4097,2775
2011/12/09,4097,2775
2011/12/12,4097,2775
2011/12/13,4350,2924
2011/12/14,4300,2880
2011/12/15,4335,2892
2011/12/19,4330,2880
2011/12/20,4350,2846
2011/12/21,4305,2832
2011/12/22,4350,2862
2011/12/23,4350,2890
2011/12/28,4320,2881
2011/12/29,4350,2893
2011/12/30,4350,2885
2012/01/03,4373,2962
2012/01/04,4371,2927
2012/01/05,4355,2973
2012/01/06,4330,3005
2012/01/09,4360,3015
2012/01/10,4350,3002
2012/01/11,4361,3020
2012/01/12,4444,3032
2012/01/13,4500,3031
2012/01/16,4538,3036
2012/01/17,4534,3075
2012/01/18,4500,3090
2012/01/19,4540,3095
2012/01/20,4625,3059
2012/01/23,4650,3079
2012/01/24,4562,3035
2012/01/25,4495,2989
2012/01/26,4533,3010
2012/01/27,4515,3030
2012/01/30,4529,2995
2012/01/31,4550,3018
2012/02/01,4577,3073
2012/02/02,4630,3101
2012/02/03,4660,3116
2012/02/06,4650,3073
2012/02/07,4644,3085
2012/02/08,4690,3095
2012/02/09,4700,3100
2012/02/10,4666,3048
2012/02/13,4685,3049
2012/02/14,4693,3035
2012/02/15,4748,3040
2012/02/16,4720,3000
2012/02/17,4735,3010
2012/02/20,4760,3035
2012/02/21,4745,3039
2012/02/22,4730,3040
2012/02/23,4715,3033
2012/02/24,4790,3088
2012/02/27,4795,3050
2012/02/28,4830,3109
2012/02/29,4892,3086
2012/03/01,4851,3095
2012/03/02,4889,3108
2012/03/05,4900,3150
2012/03/06,4800,3043
2012/03/07,4860,3050
2012/03/08,4915,3129
2012/03/09,4930,3217
2012/03/12,4940,3215
2012/03/13,4997,3235
2012/03/14,5044,3288
2012/03/15,5029,3287
2012/03/16,4945,3250
2012/03/19,4885,3250
2012/03/20,4950,3250
2012/03/22,4970,3250
2012/03/23,4980,3255
2012/03/26,5000,3257
2012/03/27,5020,3310
2012/03/28,5000,3301
2012/03/29,5020,3310
2012/03/30,5037,3318
2012/04/02,5060,3385
2012/04/03,5100,3390
2012/04/04,5065,3340
2012/04/05,5120,3386
2012/04/10,5163,3390
2012/04/11,5120,3430
2012/04/12,5105,3410
2012/04/13,5125,3390
2012/04/16,5111,3392
2012/04/17,5100,3387
2012/04/18,5151,3400
2012/04/19,5194,3399
2012/04/20,5199,3358
2012/04/23,5167,3263
2012/04/24,5185,3246
2012/04/25,5169,3270
2012/04/26,5140,3299
2012/04/30,5150,3344
2012/05/02,5160,3309
2012/05/03,5135,3320
2012/05/04,5150,3325
2012/05/07,5129,3320
2012/05/08,5093,3250
2012/05/09,5095,3238
2012/05/10,5071,3285
2012/05/11,5110,3308
2012/05/14,5084,3243
2012/05/15,5057,3216
2012/05/16,5069,3282
2012/05/17,5063,3243
2012/05/18,5031,3200
2012/05/21,4980,3181
2012/05/22,4985,3244
2012/05/23,4899,3225
2012/05/24,4905,3266
2012/05/25,4890,3296
2012/05/28,4900,3280
2012/05/29,4965,3342
2012/05/30,4893,3318
2012/05/31,4972,3345
2012/06/01,4952,3350
2012/06/04,4980,3355
2012/06/05,4975,3346
2012/06/06,4980,3391
2012/06/07,5007,3424
2012/06/08,5000,3445
2012/06/11,5000,3443
2012/06/12,5025,3475
2012/06/13,5035,3451
2012/06/14,5049,3440
2012/06/15,5019,3420
2012/06/18,5094,3482
2012/06/19,5160,3523
2012/06/20,5203,3583
2012/06/21,5234,3548
2012/06/22,5218,3545
2012/06/25,5310,3521
2012/06/26,5215,3546
2012/06/27,5250,3569
2012/06/28,5142,3535
2012/06/29,5200,3575
2012/07/02,5290,3550
2012/07/03,5359,3618
2012/07/04,5300,3627
2012/07/05,5370,3630
2012/07/06,5389,3646
2012/07/09,5400,3630
2012/07/10,5319,3658
2012/07/11,5301,3640
2012/07/12,5317,3605
2012/07/13,5380,3614
2012/07/16,5390,3632
2012/07/17,5340,3641
2012/07/18,5280,3685
2012/07/19,5332,3685
2012/07/20,5373,3670
2012/07/23,5305,3596
2012/07/24,5298,3546
2012/07/25,5400,3560
2012/07/26,5400,3539
2012/07/27,5405,3619
2012/07/30,5450,3640
2012/07/31,5400,3556
2012/08/01,5430,3589
2012/08/02,5530,3574
2012/08/03,5599,3615
2012/08/06,5595,3630
2012/08/07,5565,3650
2012/08/08,5625,3697
2012/08/10,5620,3727
2012/08/13,5580,3684
2012/08/14,5635,3707
2012/08/15,5653,3715
2012/08/16,5720,3732
2012/08/17,5666,3743
2012/08/20,5800,3717
2012/08/21,5870,3749
2012/08/22,5759,3710
2012/08/23,5800,3718
2012/08/24,5810,3719
2012/08/27,5863,3724
2012/08/28,5765,3715
2012/08/29,5792,3695
2012/08/30,5725,3675
2012/08/31,5768,3698
2012/09/03,5800,3733
2012/09/04,5793,3725
2012/09/05,5620,3725
2012/09/06,5580,3766
2012/09/07,5540,3728
2012/09/10,5355,3704
2012/09/11,5305,3703
2012/09/12,5385,3705
2012/09/13,5470,3704
2012/09/14,5515,3705
2012/09/17,5505,3700
2012/09/18,5390,3687
2012/09/19,5360,3700
2012/09/20,5440,3673
2012/09/21,5439,3704
2012/09/25,5490,3710
2012/09/26,5510,3628
2012/09/27,5457,3731
2012/09/28,5550,3757
2012/10/01,5528,3787
2012/10/02,5581,3799
2012/10/03,5601,3800
2012/10/04,5684,3822
2012/10/05,5621,3790
2012/10/08,5474,3750
2012/10/09,5407,3622
2012/10/10,5366,3582
2012/10/11,5448,3665
2012/10/12,5462,3689
2012/10/15,5489,3719
2012/10/16,5499,3787
2012/10/17,5550,3840
2012/10/18,5550,3800
2012/10/19,5447,3800
2012/10/22,5494,3815
2012/10/23,5534,3820
2012/10/24,5505,3843
2012/10/25,5500,3872
2012/10/26,5460,3883
2012/10/29,5495,3880
2012/10/30,5500,3879
2012/10/31,5552,3873
2012/11/01,5499,3848
2012/11/02,5546,3865
2012/11/05,5642,3953
2012/11/06,5685,4001
2012/11/07,5640,4019
2012/11/08,5600,3966
2012/11/09,5505,3901
2012/11/12,5465,3918
2012/11/13,5590,4014
2012/11/14,5578,4035
2012/11/15,5611,4021
2012/11/16,5675,4015
2012/11/19,5693,4038
2012/11/21,5730,4040
2012/11/22,5748,4054
2012/11/23,5698,4060
2012/11/24,5698,4060
2012/11/25,5698,4060
2012/11/26,5625,4075
2012/11/27,5621,4086
2012/11/28,5550,4070
2012/11/29,5600,4100
2012/11/30,5581,4090
2012/12/03,5621,4170
2012/12/04,5680,4183
2012/12/05,5700,4150
2012/12/06,5700,4245
2012/12/07,5740,4213
2012/12/10,5817,4231
2012/12/11,5884,4331
2012/12/12,5925,4341
2012/12/13,5933,4278
2012/12/14,5900,4247
2012/12/18,6000,4306
2012/12/19,6030,4451
2012/12/20,6020,4510
2012/12/21,6040,4510
2012/12/24,6112,4490
2012/12/27,6138,4545
2012/12/28,6212,4529
2012/12/31,6219,4477
2013/01/02,6233,4545
2013/01/03,6200,4549
2013/01/04,6156,4598
2013/01/07,6065,4609
2013/01/08,6090,4631
2013/01/09,6205,4721
2013/01/10,6154,4684
2013/01/11,6187,4675
2013/01/14,6248,4702
2013/01/15,6181,4606
2013/01/16,6279,4641
2013/01/17,6250,4703
2013/01/18,6454,4710
2013/01/21,6362,4728
2013/01/22,6395,4700
2013/01/23,6413,4690
2013/01/24,6500,4712
2013/01/25,6629,4705
2013/01/28,6749,4745
2013/01/29,6642,4735
2013/01/30,6552,4641
2013/01/31,6624,4554
2013/02/01,6500,4499
2013/02/04,6400,4419
2013/02/05,6332,4405
2013/02/06,6335,4360
2013/02/07,6326,4399
2013/02/08,6335,4398
2013/02/11,6315,4371
2013/02/12,6458,4320
2013/02/13,6441,4294
2013/02/14,6485,4300
2013/02/15,6562,4309
2013/02/18,6530,4398
2013/02/19,6540,4390
2013/02/20,6540,4455
2013/02/21,6748,4400
2013/02/22,6860,4385
2013/02/25,7010,4455
2013/02/26,7070,4465
2013/02/27,7258,4415
2013/02/28,7510,4528
2013/03/01,7751,4650
2013/03/04,7496,4634
2013/03/05,7500,4731
2013/03/06,7570,4770
2013/03/07,7722,4790
2013/03/08,7600,4825
2013/03/11,7600,4861
2013/03/12,7620,4812
2013/03/13,7819,4785
2013/03/14,7900,4780
2013/03/15,7641,4687
2013/03/18,7600,4738
2013/03/19,7700,4718
2013/03/20,7790,4655
2013/03/22,7925,4650
2013/03/25,7935,4696
2013/03/26,7980,4760
2013/03/27,7850,4635
2013/03/28,7824,4718
2013/04/02,7799,4795
2013/04/03,7650,4603
2013/04/04,7600,4628
2013/04/05,7450,4492
2013/04/08,7669,4510
2013/04/09,7580,4511
2013/04/10,7745,4553
2013/04/11,7799,4581
2013/04/12,7820,4568
2013/04/15,7770,4482
2013/04/16,7871,4629
2013/04/17,7898,4574
2013/04/18,7925,4575
2013/04/19,7898,4660
2013/04/22,7889,4465
2013/04/23,7950,4500
2013/04/24,7900,4546
2013/04/25,7960,4570
2013/04/26,7980,4541
2013/04/29,7975,4568
2013/04/30,8174,4599
2013/05/02,8200,4621
2013/05/03,8451,4600
2013/05/06,8449,4600
2013/05/07,8153,4575
2013/05/08,8271,4610
2013/05/09,8239,4630
2013/05/10,8350,4650
2013/05/13,8621,4650
2013/05/14,8700,4730
2013/05/15,8499,4862
2013/05/16,8398,4967
2013/05/17,8400,4960
2013/05/20,8250,4881
2013/05/21,8451,4947
2013/05/22,8294,4900
2013/05/23,8051,4802
2013/05/24,7960,4771
2013/05/27,8248,4820
2013/05/28,8385,4928
2013/05/29,7990,4763
2013/05/30,8025,4757
2013/05/31,8100,4740
2013/06/03,8090,4707
2013/06/04,8271,4720
2013/06/05,8270,4822
2013/06/06,8016,4723
2013/06/07,8064,4760
2013/06/10,8050,4709
2013/06/11,7818,4469
2013/06/12,7815,4390
2013/06/13,7875,4278
2013/06/14,7999,4325
2013/06/18,8220,4500
2013/06/19,8134,4500
2013/06/20,7880,4290
2013/06/21,7830,4225
2013/06/24,7462,4133
2013/06/25,7818,4320
2013/06/26,8134,4462
2013/06/27,8250,4470
2013/06/28,8406,4600
2013/07/01,8594,4691
2013/07/02,8471,4709
2013/07/03,8217,4521
2013/07/04,8570,4700
2013/07/05,8261,4526
2013/07/08,8440,4589
2013/07/09,8650,4587
2013/07/10,8594,4599
2013/07/11,8660,4668
2013/07/12,8675,4752
2013/07/15,8651,4750
2013/07/16,8628,4705
2013/07/17,9200,4800
2013/07/18,8913,4889
2013/07/19,8719,4689
2013/07/22,8700,4717
2013/07/23,8903,4760
2013/07/24,8870,4640
2013/07/25,9000,4625
2013/07/26,8801,4647
2013/07/29,8955,4693
2013/07/30,8938,4620
2013/07/31,8925,4753
2013/08/01,9010,4740
2013/08/02,9100,4791
2013/08/05,9484,4695
2013/08/06,9515,4655
2013/08/07,9400,4596
2013/08/08,9451,4610
2013/08/12,9494,4700
2013/08/13,9506,4700
2013/08/14,9635,4750
2013/08/15,9600,4644
2013/08/16,9550,4736
2013/08/19,9540,4638
2013/08/20,9550,4607
2013/08/21,9530,4592
2013/08/22,9650,4750
2013/08/23,9755,4750
2013/08/26,9831,4789
2013/08/27,9505,4720
2013/08/28,8641,4512
2013/08/29,8230,4589
2013/08/30,8463,4603
2013/09/02,8430,4702
2013/09/03,8700,4687
2013/09/04,8350,4678
2013/09/05,8545,4695
2013/09/06,8575,4700
2013/09/09,8702,4700
2013/09/10,8899,4775
2013/09/11,8816,4680
2013/09/12,8720,4748
2013/09/13,8699,4706
2013/09/16,8571,4745
2013/09/17,8654,4800
2013/09/18,8550,4760
2013/09/19,8875,4918
2013/09/20,8791,4821
2013/09/23,8750,4854
2013/09/25,8724,4872
2013/09/26,8475,4820
2013/09/27,8300,4815
2013/09/30,8108,4686
2013/10/01,8155,4741
2013/10/02,8220,4811
2013/10/03,8200,4850
2013/10/04,8128,4777
2013/10/07,7975,4732
2013/10/08,7800,4730
2013/10/09,7800,4635
2013/10/10,8000,4731
2013/10/11,8000,4795
2013/10/14,8030,4814
2013/10/15,8199,4943
2013/10/16,8261,4980
2013/10/17,8224,4956
2013/10/18,8185,5227
2013/10/21,8244,5286
2013/10/22,8400,5500
2013/10/23,8300,5351
2013/10/24,8315,5270
2013/10/25,8400,5256
2013/10/28,8450,5350
2013/10/29,8500,5329
2013/10/30,8455,5385
2013/10/31,8500,5388
2013/11/01,8571,5395
2013/11/04,8412,5400
2013/11/05,8350,5374
2013/11/06,8356,5394
2013/11/07,8327,5380
2013/11/08,8100,5300
2013/11/11,8252,5309
2013/11/12,8311,5309
2013/11/13,8125,5142
2013/11/14,8206,5210
2013/11/15,8101,5180
2013/11/18,8160,5230
2013/11/19,8121,5214
2013/11/20,8210,5240
2013/11/21,8119,5183
2013/11/22,8115,5168
2013/11/25,8225,5190
2013/11/26,8051,5045
2013/11/27,8075,5085
2013/11/28,8090,5129
2013/11/29,8149,5157
2013/12/02,8245,5188
2013/12/03,8087,4995
2013/12/04,7980,4940
2013/12/05,7910,5015
2013/12/06,7988,5100
2013/12/09,7930,5110
2013/12/10,7800,5145
2013/12/11,7825,5073
2013/12/12,7805,4960
2013/12/13,7778,4970
2013/12/17,7890,5100
2013/12/18,7809,5078
2013/12/19,7910,5168
2013/12/20,7996,5145
2013/12/23,8165,5240
2013/12/24,8175,5196
2013/12/27,8330,5240
2013/12/30,8400,5291
2013/12/31,8450,5324
2014/01/02,8515,5340
2014/01/03,8401,5290
2014/01/06,8187,5160
2014/01/07,8450,5256
2014/01/08,8336,5107
2014/01/09,8130,5196
2014/01/10,8205,5272
2014/01/13,8230,5370
2014/01/14,8180,5250
2014/01/15,8219,5259
2014/01/16,8046,5110
2014/01/17,7940,4951
2014/01/20,8041,4997
2014/01/21,8200,5071
2014/01/22,8143,5075
2014/01/23,8205,4955
2014/01/24,8000,4885
2014/01/27,7946,4829
2014/01/28,7940,4839
2014/01/29,7770,4678
2014/01/30,7573,4666
2014/01/31,7500,4769
2014/02/03,7360,4775
2014/02/04,7110,4800
2014/02/05,7230,4702
2014/02/06,7230,4736
2014/02/07,7334,4825
2014/02/10,7500,5100
2014/02/11,7477,5080
2014/02/12,7793,5219
2014/02/13,7738,5115
2014/02/14,7805,5230
2014/02/17,7925,5238
2014/02/18,7925,5225
2014/02/19,7863,5185
2014/02/20,7750,5115
2014/02/21,7800,5083
2014/02/24,7755,5109
2014/02/25,7815,5115
2014/02/26,7790,5160
2014/02/27,7821,5160
2014/02/28,7944,5290
2014/03/03,7900,5240
2014/03/04,7940,5370
2014/03/05,7825,5380
2014/03/06,7845,5227
2014/03/07,7902,5319
2014/03/10,7932,5325
2014/03/11,7891,5293
2014/03/12,7750,5256
2014/03/13,7829,5285
2014/03/14,7750,5264
2014/03/17,7700,5290
2014/03/18,7800,5301
2014/03/19,7762,5353
2014/03/20,7834,5250
2014/03/24,7800,5306
2014/03/25,7875,5450
2014/03/26,7900,5620
2014/03/27,8085,5633
2014/03/28,8284,5809
2014/03/31,8437,5754
2014/04/01,8355,5880
2014/04/02,8467,5780
2014/04/03,8669,5660
2014/04/04,8875,5683
2014/04/07,8950,5499
2014/04/08,8935,5489
2014/04/09,8887,5487
2014/04/10,8800,5490
2014/04/11,8750,5469
2014/04/14,8801,5461
2014/04/15,8937,5386
2014/04/16,8877,5455
2014/04/17,8900,5505
2014/04/22,9000,5521
2014/04/23,8951,5532
2014/04/24,8953,5587
2014/04/25,9057,5664
2014/04/29,9089,5620
2014/04/30,9120,5625
2014/05/02,9200,5700
2014/05/05,9150,5690
2014/05/06,9171,5621
2014/05/08,9410,5696
2014/05/09,9315,5715
2014/05/12,9315,5710
2014/05/13,9400,5773
2014/05/14,9300,5851
2014/05/15,9201,5837
2014/05/16,9048,5806
2014/05/19,9321,5904
2014/05/20,9359,5840
2014/05/21,9203,5900
2014/05/22,9345,5935
2014/05/23,9330,6000
2014/05/26,9240,5950
2014/05/27,9090,5920
2014/05/28,9000,5938
2014/05/29,9170,5972
2014/05/30,9150,5911
2014/06/02,8977,5985
2014/06/03,8911,6037
2014/06/04,8875,5923
2014/06/05,9095,6201
2014/06/06,9100,6180
2014/06/09,9107,6117
2014/06/10,9050,6177
2014/06/11,9133,6134
2014/06/12,9116,6136
2014/06/13,9020,6116
2014/06/17,9301,6166
2014/06/18,9097,6128
2014/06/19,9251,6220
2014/06/20,9360,6141
2014/06/23,9340,6145
2014/06/24,9445,6249
2014/06/25,9415,6163
2014/06/26,9500,6169
2014/06/27,9480,6152
2014/06/30,9715,6175
2014/07/01,9790,6300
2014/07/02,9700,6320
2014/07/03,9647,6230
2014/07/04,9625,6185
2014/07/07,9600,6212
2014/07/08,9649,6215
2014/07/09,9700,6300
2014/07/10,9583,6180
2014/07/11,9517,6157
2014/07/14,9615,6152
2014/07/15,9602,6115
2014/07/16,9730,6197
2014/07/17,9700,6123
2014/07/18,9705,6109
2014/07/21,9511,6048
2014/07/22,9692,6187
2014/07/23,9850,6118
2014/07/24,9800,6129
2014/07/25,9761,6080
2014/07/28,9740,6175
2014/07/29,9740,6250
2014/07/30,9494,6102
2014/07/31,9400,6110
2014/08/01,9394,6074
2014/08/04,9548,6154
2014/08/05,9721,6150
2014/08/06,9508,6024
2014/08/07,9548,6019
2014/08/08,9540,6018
2014/08/11,9730,6140
2014/08/12,9800,6172
2014/08/13,9800,6338
2014/08/14,9911,6382
2014/08/15,9859,6362
2014/08/18,9745,6420
2014/08/19,9787,6453
2014/08/20,9700,6413
2014/08/21,9700,6456
2014/08/22,9765,6400
2014/08/25,9795,6476
2014/08/26,9815,6595
2014/08/27,10000,6603
2014/08/28,9905,6630
2014/08/29,9815,6600
2014/09/01,9880,6542
2014/09/02,9930,6555
2014/09/03,10177,6829
2014/09/04,10350,6879
2014/09/05,10275,6870
2014/09/08,10358,6800
2014/09/09,10208,6818
2014/09/10,10213,6800
2014/09/11,10273,6827
2014/09/12,10300,6820
2014/09/15,10155,6770
2014/09/16,10236,6800
2014/09/17,10253,6809
2014/09/18,10270,6873
2014/09/19,10167,6847
2014/09/22,9934,6715
2014/09/23,9835,6654
2014/09/25,9700,6553
2014/09/26,9741,6475
2014/09/29,9698,6461
2014/09/30,9833,6530
2014/10/01,9675,6496
2014/10/02,9533,6393
2014/10/03,9602,6456
2014/10/06,9635,6590
2014/10/07,9450,6424
2014/10/08,9210,6294
2014/10/09,9050,6330
2014/10/10,9170,6140
2014/10/13,9216,6246
2014/10/14,9416,6340
2014/10/15,9170,6081
2014/10/16,9329,6103
2014/10/17,9470,6220
2014/10/20,9500,6211
2014/10/21,9740,6438
2014/10/22,9632,6390
2014/10/23,9640,6511
2014/10/24,9600,6526
2014/10/27,9792,6602
2014/10/28,9940,6746
2014/10/29,9939,6840
2014/10/30,9899,6751
2014/10/31,10033,6965
2014/11/03,10120,7088
2014/11/04,10072,7140
2014/11/05,10000,7098
2014/11/06,9953,7080
2014/11/07,10017,7096
2014/11/10,10450,7198
2014/11/11,10478,7271
2014/11/12,10571,7249
2014/11/13,10300,7127
2014/11/14,10506,7130
2014/11/17,10544,7213
2014/11/18,10624,7190
2014/11/19,10693,7225
2014/11/20,10469,7101
2014/11/21,10888,7283
2014/11/24,10977,7290
2014/11/25,11075,7170
2014/11/26,10950,7201
2014/11/27,11079,7254
2014/11/28,11150,7320
2014/12/01,10928,7065
2014/12/02,11040,7100
2014/12/03,11025,6782
2014/12/04,11020,6740
2014/12/05,10940,6876
2014/12/08,11045,6974
2014/12/09,10800,6876
2014/12/10,10747,6860
2014/12/11,10813,6798
2014/12/12,10549,6803
2014/12/15,10482,6567
2014/12/17,10262,6576
2014/12/18,10851,6964
2014/12/19,11023,6935
2014/12/22,10883,6878
2014/12/23,10989,6981
2014/12/24,10896,6871
2014/12/29,11186,7005
2014/12/30,11069,6970
2014/12/31,11140,7000
2015/01/02,10940,6932
2015/01/05,10715,6555
2015/01/06,11100,6660
2015/01/07,11091,6690
2015/01/08,11465,6700
2015/01/09,11143,6494
2015/01/12,11000,6390
2015/01/13,11430,6533
2015/01/14,11362,6396
2015/01/15,11500,6399
2015/01/16,11663,6343
2015/01/19,11773,6420
2015/01/20,11524,6418
2015/01/21,11590,6549
2015/01/22,11375,6660
2015/01/23,11430,6801
2015/01/26,11489,6762
2015/01/27,11560,6938
2015/01/28,11660,6990
2015/01/29,11629,7050
2015/01/30,11530,7023
2015/02/02,11447,6976
2015/02/03,11599,6990
2015/02/04,11548,7279
2015/02/05,11704,7300
2015/02/06,11935,7241
2015/02/09,11840,7320
2015/02/10,11892,7500
2015/02/11,11900,7603
2015/02/12,11930,7775
2015/02/13,11831,7892
2015/02/16,11916,7788
2015/02/17,11890,7751
2015/02/18,11611,7701
2015/02/19,11700,7753
2015/02/20,11500,7800
2015/02/23,11540,7728
2015/02/24,11410,7751
2015/02/25,11950,7889
2015/02/26,11940,7784
2015/02/27,11979,7560
2015/03/02,11900,7506
2015/03/03,12100,7463
2015/03/04,12478,7402
2015/03/05,13200,7280
2015/03/06,13000,7536
2015/03/09,12802,7718
2015/03/10,12800,7718
2015/03/11,12750,7800
2015/03/12,13000,7887
2015/03/13,13005,7880
2015/03/16,12350,7850
2015/03/17,12289,7875
2015/03/18,12315,7875
2015/03/19,12800,7900
2015/03/20,12450,7825
2015/03/23,12040,7915
2015/03/24,12106,8041
2015/03/25,12092,7960
2015/03/26,12100,7725
2015/03/27,12280,7745
2015/03/30,12394,7801
2015/03/31,12480,7837
2015/04/01,12850,7889
2015/04/02,13150,7994
2015/04/07,13356,8053
2015/04/08,13249,7950
2015/04/09,13320,7901
2015/04/10,13650,8101
2015/04/13,14195,7793
2015/04/14,13758,7720
2015/04/15,13550,7695
2015/04/16,13586,7784
2015/04/17,13613,7677
2015/04/20,13730,7822
2015/04/21,13750,7805
2015/04/22,13401,7611
2015/04/23,13667,7716
2015/04/24,13452,7839
2015/04/28,13300,7725
2015/04/29,13054,7608
2015/04/30,13208,7697
2015/05/04,12908,7496
2015/05/05,12926,7579
2015/05/06,12751,7425
2015/05/07,12525,7324
2015/05/08,12591,7462
2015/05/11,12760,7323
2015/05/12,12475,7295
2015/05/13,12449,7265
2015/05/14,12300,7224
2015/05/15,12258,7351
2015/05/18,12400,7322
2015/05/19,12757,7446
2015/05/20,12770,7541
2015/05/21,12550,7498
2015/05/22,12800,7390
2015/05/25,12681,7300
2015/05/26,12343,7100
2015/05/27,12399,7042
2015/05/28,12297,6959
2015/05/29,12182,6847
2015/06/01,12000,6810
2015/06/02,11811,6809
2015/06/03,11801,6761
2015/06/04,11822,6833
2015/06/05,11900,6900
2015/06/08,11935,6822
2015/06/09,11752,6704
2015/06/10,12030,6862
2015/06/11,12210,6876
2015/06/12,12293,6721
2015/06/15,11979,6675
2015/06/17,12179,6761
2015/06/18,12000,6708
2015/06/19,12010,6642
2015/06/22,12220,6794
2015/06/23,12409,6788
2015/06/24,12555,6892
2015/06/25,12884,6907
2015/06/26,12688,6770
2015/06/29,12453,6645
2015/06/30,12647,6634
2015/07/01,12740,6736
2015/07/02,12812,6755
2015/07/03,13055,6785
2015/07/06,12772,6660
2015/07/07,12313,6423
2015/07/08,12491,6644
2015/07/09,13060,6910
2015/07/10,13420,7061
2015/07/13,13634,7294
2015/07/14,13361,7181
2015/07/15,13611,7094
2015/07/16,13858,7185
2015/07/17,13900,7212
2015/07/20,14059,7277
2015/07/21,13795,7220
2015/07/22,13530,6987
2015/07/23,13700,6961
2015/07/24,13401,6831
2015/07/27,13650,6872
2015/07/28,13353,6695
2015/07/29,13550,6867
2015/07/30,13650,6642
2015/07/31,13585,6682
2015/08/03,13550,6676
2015/08/04,13750,6889
2015/08/05,13777,6775
2015/08/06,13750,6851
2015/08/07,13564,6793
2015/08/11,13626,6794
2015/08/12,13240,6403
2015/08/13,13342,6550
2015/08/14,13209,6483
2015/08/17,13401,6360
2015/08/18,13512,6420
2015/08/19,13332,6330
2015/08/20,13008,6197
2015/08/21,12737,6050
2015/08/24,12408,5950
2015/08/25,12927,6375
2015/08/26,13004,6178
2015/08/27,12897,6314
2015/08/28,13339,6479
2015/08/31,13401,6379
2015/09/01,12905,6175
2015/09/02,13076,6250
2015/09/03,13369,6141
2015/09/04,12915,5926
2015/09/07,12635,5706
2015/09/08,12834,5925
2015/09/09,13000,5984
2015/09/10,12903,6005
2015/09/11,12975,5874
2015/09/14,13365,6045
2015/09/15,13218,5950
2015/09/16,13372,6084
2015/09/17,13764,6165
2015/09/18,13769,6100
2015/09/21,13600,6000
2015/09/22,13275,5830
2015/09/23,13510,5929
2015/09/25,13436,5893
2015/09/28,13203,5760
2015/09/29,13268,5826
2015/09/30,13766,5980
2015/10/01,13655,6080
2015/10/02,13850,6153
2015/10/05,13935,6384
2015/10/06,13790,6415
2015/10/07,13835,6458
2015/10/08,13750,6428
2015/10/09,13735,6542
2015/10/12,13899,6475
2015/10/13,13907,6478
2015/10/14,13900,6391
2015/10/15,14200,6357
2015/10/16,14352,6374
2015/10/19,14570,6559
2015/10/20,14360,6430
2015/10/21,14343,6384
2015/10/22,14401,6330
2015/10/23,14596,6396
2015/10/26,14780,6357
2015/10/27,14965,6256
2015/10/28,15393,6391
2015/10/29,15075,6310
2015/10/30,14800,6250
2015/11/02,15295,6285
2015/11/03,15220,6280
2015/11/04,15467,6385
2015/11/05,14971,6250
2015/11/06,14550,6050
2015/11/09,14696,6012
2015/11/10,14170,5760
2015/11/11,14539,5721
2015/11/12,14432,5577
2015/11/13,13818,5549
2015/11/16,13984,5740
2015/11/17,14344,5964
2015/11/18,14474,5805
2015/11/19,14922,6048
2015/11/20,15090,6145
2015/11/23,15305,6309
