Date,Discovery,MMI
2004/05/12,1299,745
2004/05/13,1325,740
2004/05/14,1285,735
2004/05/17,1285,736
2004/05/18,1275,750
2004/05/19,1285,750
2004/05/20,1256,750
2004/05/21,1250,750
2004/05/24,1240,750
2004/05/25,1220,770
2004/05/26,1220,775
2004/05/27,1234,775
2004/05/28,1255,775
2004/05/31,1284,755
2004/06/01,1250,750
2004/06/02,1261,750
2004/06/03,1250,755
2004/06/04,1265,755
2004/06/07,1265,770
2004/06/08,1271,760
2004/06/09,1265,760
2004/06/10,1260,750
2004/06/11,1230,745
2004/06/14,1268,740
2004/06/15,1232,730
2004/06/17,1250,726
2004/06/18,1250,710
2004/06/21,1258,731
2004/06/22,1260,730
2004/06/23,1255,739
2004/06/24,1290,731
2004/06/25,1275,715
2004/06/28,1265,731
2004/06/29,1245,725
2004/06/30,1283,730
2004/07/01,1300,727
2004/07/02,1275,740
2004/07/05,1300,740
2004/07/06,1285,745
2004/07/07,1285,750
2004/07/08,1285,750
2004/07/09,1299,745
2004/07/12,1280,750
2004/07/13,1299,740
2004/07/14,1280,750
2004/07/15,1280,750
2004/07/16,1280,750
2004/07/19,1250,760
2004/07/20,1250,750
2004/07/21,1250,759
2004/07/22,1230,735
2004/07/23,1229,720
2004/07/26,1220,730
2004/07/27,1230,730
2004/07/28,1290,730
2004/07/29,1295,730
2004/07/30,1335,745
2004/08/02,1320,740
2004/08/03,1368,740
2004/08/04,1330,735
2004/08/05,1300,763
2004/08/06,1310,764
2004/08/10,1405,764
2004/08/11,1331,755
2004/08/12,1400,780
2004/08/13,1400,770
2004/08/16,1400,775
2004/08/17,1400,780
2004/08/18,1361,760
2004/08/19,1380,760
2004/08/20,1388,755
2004/08/23,1400,765
2004/08/24,1400,761
2004/08/25,1399,740
2004/08/26,1399,765
2004/08/27,1410,758
2004/08/30,1450,765
2004/08/31,1495,765
2004/09/01,1485,765
2004/09/02,1485,775
2004/09/03,1450,790
2004/09/06,1440,825
2004/09/07,1445,855
2004/09/08,1430,823
2004/09/09,1375,835
2004/09/10,1355,840
2004/09/13,1376,840
2004/09/14,1385,845
2004/09/15,1375,835
2004/09/16,1370,820
2004/09/17,1395,815
2004/09/20,1397,823
2004/09/21,1400,824
2004/09/22,1440,830
2004/09/23,1400,835
2004/09/27,1400,826
2004/09/28,1411,839
2004/09/29,1440,842
2004/09/30,1470,880
2004/10/01,1500,880
2004/10/04,1525,874
2004/10/05,1530,875
2004/10/06,1530,866
2004/10/07,1550,863
2004/10/08,1545,868
2004/10/11,1540,875
2004/10/12,1540,890
2004/10/13,1520,910
2004/10/14,1530,910
2004/10/15,1492,906
2004/10/18,1500,919
2004/10/19,1500,910
2004/10/20,1540,895
2004/10/21,1540,890
2004/10/22,1540,880
2004/10/25,1540,890
2004/10/26,1530,885
2004/10/27,1574,890
2004/10/28,1640,890
2004/10/29,1660,885
2004/11/01,1698,875
2004/11/02,1700,877
2004/11/03,1662,948
2004/11/04,1700,921
2004/11/05,1700,930
2004/11/08,1670,930
2004/11/09,1690,930
2004/11/10,1660,915
2004/11/11,1685,915
2004/11/12,1690,914
2004/11/15,1700,915
2004/11/16,1688,955
2004/11/17,1700,960
2004/11/18,1720,960
2004/11/19,1750,959
2004/11/22,1780,940
2004/11/23,1800,930
2004/11/24,1810,935
2004/11/25,1810,950
2004/11/26,1850,958
2004/11/29,1850,965
2004/11/30,1859,959
2004/12/01,1796,960
2004/12/02,1780,1000
2004/12/03,1750,1020
2004/12/06,1795,1020
2004/12/07,1815,1031
2004/12/08,1822,1050
2004/12/09,1830,1060
2004/12/10,1790,1050
2004/12/13,1800,1052
2004/12/14,1800,1040
2004/12/15,1790,1025
2004/12/17,1790,1050
2004/12/20,1790,1050
2004/12/21,1785,1050
2004/12/22,1782,1070
2004/12/23,1800,1075
2004/12/24,1800,1075
2004/12/28,1850,1085
2004/12/29,1845,1090
2004/12/30,1870,1088
2004/12/31,1870,1090
2005/01/03,1900,990
2005/01/04,1945,1005
2005/01/05,1940,1000
2005/01/06,2000,995
2005/01/07,1995,990
2005/01/10,1980,1000
2005/01/11,1980,1000
2005/01/12,1980,995
2005/01/13,1980,980
2005/01/14,1970,1010
2005/01/17,1930,1025
2005/01/18,1880,1001
2005/01/19,1866,995
2005/01/20,1860,1000
2005/01/21,1865,1020
2005/01/24,1860,1010
2005/01/25,1851,1005
2005/01/26,1825,1015
2005/01/27,1860,1015
2005/01/28,1870,1015
2005/01/31,1850,1010
2005/02/01,1840,1020
2005/02/02,1832,1020
2005/02/03,1811,1010
2005/02/04,1806,1025
2005/02/07,1760,1019
2005/02/08,1700,1020
2005/02/09,1735,1025
2005/02/10,1760,1025
2005/02/11,1765,1030
2005/02/14,1770,1065
2005/02/15,1750,1060
2005/02/16,1730,1060
2005/02/17,1740,1065
2005/02/18,1790,1075
2005/02/21,1852,1095
2005/02/22,1900,1100
2005/02/23,1910,1126
2005/02/24,1925,1120
2005/02/25,1930,1130
2005/02/28,1925,1130
2005/03/01,1900,1130
2005/03/02,1905,1145
2005/03/03,1920,1048
2005/03/04,2025,1129
2005/03/07,2075,1130
2005/03/08,2150,1115
2005/03/09,2150,1130
2005/03/10,2150,1109
2005/03/11,2130,1075
2005/03/14,2140,1047
2005/03/15,2100,1080
2005/03/16,2075,1090
2005/03/17,2050,1090
2005/03/18,2066,1085
2005/03/22,2120,1080
2005/03/23,2090,1079
2005/03/24,2025,1040
2005/03/29,2000,1035
2005/03/30,1970,1025
2005/03/31,2040,1035
2005/04/01,2050,1030
2005/04/04,2050,1020
2005/04/05,2000,1010
2005/04/06,2000,1021
2005/04/07,1980,1015
2005/04/08,1980,1030
2005/04/11,1980,1015
2005/04/12,1950,1025
2005/04/13,1960,995
2005/04/14,1960,982
2005/04/15,1965,990
2005/04/18,1952,995
2005/04/19,1960,1025
2005/04/20,1980,1041
2005/04/21,2000,1040
2005/04/22,1990,1040
2005/04/25,1999,1040
2005/04/26,1982,1045
2005/04/28,2000,1040
2005/04/29,2000,1074
2005/05/03,2033,1050
2005/05/04,2060,1030
2005/05/05,2150,1050
2005/05/06,2165,1090
2005/05/09,2216,1085
2005/05/10,2220,1060
2005/05/11,2210,1060
2005/05/12,2180,1065
2005/05/13,2150,1070
2005/05/16,2100,1070
2005/05/17,2125,1090
2005/05/18,2150,1065
2005/05/19,2140,1025
2005/05/20,2200,1025
2005/05/23,2200,1025
2005/05/24,2235,1010
2005/05/25,2222,1040
2005/05/26,2230,1040
2005/05/27,2230,1025
2005/05/30,2220,1009
2005/05/31,2200,950
2005/06/01,2200,960
2005/06/02,2200,1005
2005/06/03,2165,1014
2005/06/06,2250,998
2005/06/07,2275,1010
2005/06/08,2380,1006
2005/06/09,2525,980
2005/06/10,2500,1000
2005/06/13,2460,995
2005/06/14,2450,1000
2005/06/15,2450,1010
2005/06/17,2439,1010
2005/06/20,2450,1000
2005/06/21,2490,1008
2005/06/22,2480,1008
2005/06/23,2490,1025
2005/06/24,2300,1030
2005/06/27,2239,1015
2005/06/28,2200,1030
2005/06/29,2199,1007
2005/06/30,2200,1012
2005/07/01,2200,1040
2005/07/04,2200,1026
2005/07/05,2180,1030
2005/07/06,2174,1012
2005/07/07,2167,1000
2005/07/08,2168,1005
2005/07/11,2140,1020
2005/07/12,2150,1060
2005/07/13,2180,1060
2005/07/14,2180,1070
2005/07/15,2150,1070
2005/07/18,2120,1050
2005/07/19,2075,1065
2005/07/20,2110,1070
2005/07/21,2120,1100
2005/07/22,2110,1090
2005/07/25,2080,1090
2005/07/26,2110,1081
2005/07/27,2150,1081
2005/07/28,2160,1106
2005/07/29,2121,1140
2005/08/01,2080,1140
2005/08/02,2120,1154
2005/08/03,2100,1165
2005/08/04,2100,1175
2005/08/05,2065,1170
2005/08/08,2060,1170
2005/08/10,2179,1175
2005/08/11,2150,1140
2005/08/12,2150,1130
2005/08/15,2144,1140
2005/08/16,2095,1140
2005/08/17,2115,1110
2005/08/18,2119,1110
2005/08/19,2150,1120
2005/08/22,2215,1127
2005/08/23,2200,1148
2005/08/24,2200,1175
2005/08/25,2240,1165
2005/08/26,2245,1150
2005/08/29,2210,1130
2005/08/30,2200,1140
2005/08/31,2200,1165
2005/09/01,2200,1175
2005/09/02,2200,1200
2005/09/05,2220,1180
2005/09/06,2240,1155
2005/09/07,2245,1163
2005/09/08,2291,1169
2005/09/09,2260,1155
2005/09/12,2250,1160
2005/09/13,2150,1165
2005/09/14,2139,1145
2005/09/15,2155,1130
2005/09/16,2170,1101
2005/09/19,2220,1135
2005/09/20,2247,1135
2005/09/21,2247,1140
2005/09/22,2195,1135
2005/09/23,2145,1130
2005/09/26,2165,1115
2005/09/27,2190,1110
2005/09/28,2160,1110
2005/09/29,2115,1100
2005/09/30,2080,1112
2005/10/03,2060,1080
2005/10/04,2106,1085
2005/10/05,2140,1099
2005/10/06,2100,1080
2005/10/07,2080,1085
2005/10/10,2060,1070
2005/10/11,2118,1060
2005/10/12,2140,1041
2005/10/13,2100,1030
2005/10/14,2056,1000
2005/10/17,2050,1025
2005/10/18,1977,1020
2005/10/19,1990,1015
2005/10/20,2048,1025
2005/10/21,2055,1020
2005/10/24,2130,1060
2005/10/25,2155,1055
2005/10/26,2250,1045
2005/10/27,2200,1045
2005/10/28,2150,1045
2005/10/31,2195,1025
2005/11/01,2160,1050
2005/11/02,2160,1075
2005/11/03,2150,1085
2005/11/04,2130,1070
2005/11/07,2140,1085
2005/11/08,2160,1100
2005/11/09,2150,1105
2005/11/10,2140,1095
2005/11/11,2120,1100
2005/11/14,2110,1100
2005/11/15,2145,1090
2005/11/16,2140,1093
2005/11/17,2150,1100
2005/11/18,2200,1098
2005/11/21,2195,1092
2005/11/22,2199,1085
2005/11/23,2175,1080
2005/11/24,2156,1091
2005/11/25,2150,1070
2005/11/28,2150,1070
2005/11/29,2150,1053
2005/11/30,2150,1056
2005/12/01,2199,1069
2005/12/02,2170,1085
2005/12/05,2150,1060
2005/12/06,2175,1125
2005/12/07,2201,1150
2005/12/08,2230,1118
2005/12/09,2220,1103
2005/12/12,2244,1110
2005/12/13,2256,1100
2005/12/14,2205,1103
2005/12/15,2220,1145
2005/12/19,2250,1160
2005/12/20,2260,1180
2005/12/21,2281,1175
2005/12/22,2306,1200
2005/12/23,2325,1200
2005/12/27,2340,1200
2005/12/28,2350,1200
2005/12/29,2340,1190
2005/12/30,2340,1185
2006/01/03,2300,1180
2006/01/04,2285,1200
2006/01/05,2300,1180
2006/01/06,2341,1180
2006/01/09,2350,1184
2006/01/10,2345,1205
2006/01/11,2465,1265
2006/01/12,2480,1275
2006/01/13,2490,1270
2006/01/16,2490,1240
2006/01/17,2450,1226
2006/01/18,2400,1240
2006/01/19,2400,1292
2006/01/20,2400,1300
2006/01/23,2375,1285
2006/01/24,2400,1260
2006/01/25,2500,1289
2006/01/26,2558,1280
2006/01/27,2500,1290
2006/01/30,2500,1279
2006/01/31,2488,1290
2006/02/01,2562,1296
2006/02/02,2600,1293
2006/02/03,2551,1275
2006/02/06,2575,1300
2006/02/07,2573,1282
2006/02/08,2595,1295
2006/02/09,2600,1300
2006/02/10,2641,1305
2006/02/13,2615,1310
2006/02/14,2550,1290
2006/02/15,2530,1325
2006/02/16,2500,1350
2006/02/17,2485,1350
2006/02/20,2450,1340
2006/02/21,2500,1330
2006/02/22,2530,1350
2006/02/23,2600,1350
2006/02/24,2500,1335
2006/02/27,2495,1350
2006/02/28,2460,1333
2006/03/02,2490,1329
2006/03/03,2470,1320
2006/03/06,2470,1325
2006/03/07,2440,1290
2006/03/08,2440,1290
2006/03/09,2425,1294
2006/03/10,2400,1320
2006/03/13,2409,1350
2006/03/14,2360,1349
2006/03/15,2379,1425
2006/03/16,2350,1409
2006/03/17,2370,1410
2006/03/20,2334,1415
2006/03/22,2345,1415
2006/03/23,2340,1415
2006/03/24,2346,1405
2006/03/27,2360,1420
2006/03/28,2361,1390
2006/03/29,2446,1400
2006/03/30,2480,1415
2006/03/31,2451,1415
2006/04/03,2456,1290
2006/04/04,2400,1290
2006/04/05,2360,1285
2006/04/06,2370,1280
2006/04/07,2420,1290
2006/04/10,2440,1270
2006/04/11,2425,1245
2006/04/12,2400,1230
2006/04/13,2405,1249
2006/04/18,2405,1269
2006/04/19,2416,1270
2006/04/20,2380,1280
2006/04/21,2380,1287
2006/04/24,2380,1280
2006/04/25,2370,1280
2006/04/26,2371,1290
2006/04/28,2445,1305
2006/05/02,2440,1302
2006/05/03,2425,1325
2006/05/04,2400,1330
2006/05/05,2374,1330
2006/05/08,2400,1335
2006/05/09,2400,1350
2006/05/10,2410,1349
2006/05/11,2410,1331
2006/05/12,2400,1315
2006/05/15,2300,1270
2006/05/16,2275,1270
2006/05/17,2340,1271
2006/05/18,2265,1230
2006/05/19,2250,1240
2006/05/22,2202,1220
2006/05/23,2250,1220
2006/05/24,2245,1240
2006/05/25,2223,1230
2006/05/26,2200,1279
2006/05/29,2200,1299
2006/05/30,2180,1269
2006/05/31,2165,1255
2006/06/01,2140,1256
2006/06/02,2132,1290
2006/06/05,2098,1260
2006/06/06,2070,1210
2006/06/07,2025,1200
2006/06/08,1930,1150
2006/06/09,1949,1150
2006/06/12,1950,1120
2006/06/13,1890,1060
2006/06/14,1900,1080
2006/06/15,1950,1130
2006/06/19,2036,1146
2006/06/20,2076,1190
2006/06/21,2080,1186
2006/06/22,2050,1150
2006/06/23,2000,1100
2006/06/26,1945,1060
2006/06/27,1905,1080
2006/06/28,1940,1080
2006/06/29,2000,1100
2006/06/30,2010,1180
2006/07/03,2070,1176
2006/07/04,2100,1160
2006/07/05,2100,1141
2006/07/06,2100,1145
2006/07/07,2100,1145
2006/07/10,2100,1145
2006/07/11,2120,1160
2006/07/12,2150,1165
2006/07/13,2140,1170
2006/07/14,2125,1131
2006/07/17,2100,1110
2006/07/18,2081,1125
2006/07/19,2099,1135
2006/07/20,2149,1180
2006/07/21,2196,1175
2006/07/24,2200,1175
2006/07/25,2228,1160
2006/07/26,2265,1190
2006/07/27,2300,1210
2006/07/28,2300,1240
2006/07/31,2250,1190
2006/08/01,2200,1160
2006/08/02,2180,1170
2006/08/03,2180,1200
2006/08/04,2159,1200
2006/08/07,2120,1200
2006/08/08,2114,1165
2006/08/10,2116,1165
2006/08/11,2135,1170
2006/08/14,2160,1165
2006/08/15,2140,1156
2006/08/16,2200,1170
2006/08/17,2220,1186
2006/08/18,2200,1166
2006/08/21,2152,1191
2006/08/22,2150,1189
2006/08/23,2150,1190
2006/08/24,2140,1163
2006/08/25,2145,1160
2006/08/28,2135,1177
2006/08/29,2120,1201
2006/08/30,2120,1240
2006/08/31,2240,1207
2006/09/01,2180,1240
2006/09/04,2203,1240
2006/09/05,2250,1240
2006/09/06,2300,1230
2006/09/07,2300,1220
2006/09/08,2270,1292
2006/09/11,2259,1250
2006/09/12,2265,1254
2006/09/13,2275,1280
2006/09/14,2275,1241
2006/09/15,2231,1240
2006/09/18,2300,1242
2006/09/19,2320,1245
2006/09/20,2275,1248
2006/09/21,2299,1245
2006/09/22,2300,1235
2006/09/26,2300,1235
2006/09/27,2300,1239
2006/09/28,2265,1235
2006/09/29,2230,1225
2006/10/02,2200,1210
2006/10/03,2230,1200
2006/10/04,2200,1209
2006/10/05,2206,1210
2006/10/06,2245,1205
2006/10/09,2246,1211
2006/10/10,2265,1216
2006/10/11,2285,1230
2006/10/12,2285,1264
2006/10/13,2315,1265
2006/10/16,2290,1305
2006/10/17,2290,1300
2006/10/18,2290,1310
2006/10/19,2315,1305
2006/10/20,2320,1300
2006/10/23,2325,1290
2006/10/24,2390,1300
2006/10/25,2360,1300
2006/10/26,2331,1270
2006/10/27,2350,1280
2006/10/30,2375,1260
2006/10/31,2380,1285
2006/11/01,2402,1330
2006/11/02,2400,1340
2006/11/03,2430,1335
2006/11/06,2450,1346
2006/11/07,2442,1340
2006/11/08,2450,1349
2006/11/09,2450,1370
2006/11/10,2440,1380
2006/11/13,2430,1365
2006/11/14,2420,1405
2006/11/15,2380,1400
2006/11/16,2350,1420
2006/11/17,2380,1400
2006/11/20,2380,1420
2006/11/21,2390,1435
2006/11/22,2421,1425
2006/11/23,2489,1420
2006/11/24,2475,1429
2006/11/27,2480,1420
2006/11/28,2480,1410
2006/11/29,2500,1400
2006/11/30,2499,1375
2006/12/01,2500,1411
2006/12/04,2500,1420
2006/12/05,2480,1424
2006/12/06,2495,1420
2006/12/07,2480,1415
2006/12/08,2483,1420
2006/12/11,2495,1395
2006/12/12,2485,1410
2006/12/13,2495,1421
2006/12/14,2530,1440
2006/12/15,2616,1452
2006/12/18,2630,1441
2006/12/19,2655,1451
2006/12/20,2720,1463
2006/12/21,2660,1460
2006/12/22,2685,1508
2006/12/27,2719,1508
2006/12/28,2690,1540
2006/12/29,2690,1500
2007/01/02,2739,1525
2007/01/03,2720,1505
2007/01/04,2730,1540
2007/01/05,2719,1500
2007/01/09,2770,1505
2007/01/10,2846,1495
2007/01/11,2855,1500
2007/01/12,2880,1520
2007/01/15,2965,1518
2007/01/16,3041,1510
2007/01/17,3075,1540
2007/01/18,3150,1580
2007/01/19,3051,1540
2007/01/22,3060,1553
2007/01/23,3010,1552
2007/01/24,3000,1564
2007/01/25,2975,1576
2007/01/26,2960,1560
2007/01/29,3000,1540
2007/01/30,2999,1535
2007/01/31,3000,1519
2007/02/01,2851,1544
2007/02/02,2950,1543
2007/02/05,2971,1490
2007/02/06,2930,1475
2007/02/07,2892,1510
2007/02/08,2830,1505
2007/02/09,2830,1520
2007/02/12,2830,1535
2007/02/13,2915,1525
2007/02/14,2975,1530
2007/02/15,2970,1525
2007/02/16,2945,1510
2007/02/19,2934,1525
2007/02/20,2901,1550
2007/02/21,2901,1550
2007/02/22,3019,1559
2007/02/23,3119,1559
2007/02/26,3099,1550
2007/02/27,2990,1541
2007/02/28,2939,1520
2007/03/01,2895,1500
2007/03/02,2940,1500
2007/03/05,2831,1475
2007/03/06,2897,1470
2007/03/07,2900,1499
2007/03/08,2890,1506
2007/03/09,2999,1520
2007/03/12,2979,1550
2007/03/13,2910,1550
2007/03/14,2860,1556
2007/03/15,2901,1589
2007/03/16,2903,1602
2007/03/19,2905,1627
2007/03/20,2920,1600
2007/03/22,2919,1605
2007/03/23,2900,1611
2007/03/26,2900,1615
2007/03/27,2870,1615
2007/03/28,2856,1610
2007/03/29,2865,1631
2007/03/30,2880,1485
2007/04/02,2900,1485
2007/04/03,2980,1480
2007/04/04,2995,1500
2007/04/05,2980,1500
2007/04/10,3094,1515
2007/04/11,3007,1503
2007/04/12,3011,1530
2007/04/13,3020,1540
2007/04/16,3090,1525
2007/04/17,3090,1525
2007/04/18,3110,1531
2007/04/19,3200,1520
2007/04/20,3259,1560
2007/04/23,3230,1560
2007/04/24,3200,1570
2007/04/25,3200,1607
2007/04/26,3210,1621
2007/04/30,3270,1680
2007/05/02,3290,1655
2007/05/03,3315,1630
2007/05/04,3212,1635
2007/05/07,3225,1636
2007/05/08,3210,1630
2007/05/09,3210,1640
2007/05/10,3250,1655
2007/05/11,3220,1660
2007/05/14,3205,1680
2007/05/15,3220,1670
2007/05/16,3210,1640
2007/05/17,3210,1624
2007/05/18,3220,1638
2007/05/21,3220,1660
2007/05/22,3220,1640
2007/05/23,3200,1640
2007/05/24,3220,1640
2007/05/25,3199,1635
2007/05/28,3195,1630
2007/05/29,3190,1630
2007/05/30,3153,1630
2007/05/31,3145,1625
2007/06/01,3150,1629
2007/06/04,3110,1600
2007/06/05,3130,1580
2007/06/06,3156,1573
2007/06/07,3195,1550
2007/06/08,3165,1525
2007/06/11,3150,1580
2007/06/12,3138,1560
2007/06/13,3100,1550
2007/06/14,3115,1576
2007/06/15,3100,1550
2007/06/18,3088,1572
2007/06/19,3060,1585
2007/06/20,3079,1570
2007/06/21,3080,1535
2007/06/22,3079,1550
2007/06/25,2998,1518
2007/06/26,2990,1516
2007/06/27,2930,1490
2007/06/28,2933,1472
2007/06/29,2903,1486
2007/07/02,2900,1488
2007/07/03,2899,1495
2007/07/04,2889,1490
2007/07/05,2870,1500
2007/07/06,2895,1500
2007/07/09,2940,1495
2007/07/10,2970,1486
2007/07/11,2970,1490
2007/07/12,3047,1500
2007/07/13,3012,1481
2007/07/16,3035,1496
2007/07/17,3010,1485
2007/07/18,2995,1470
2007/07/19,2975,1480
2007/07/20,2973,1527
2007/07/23,2960,1520
2007/07/24,2940,1512
2007/07/25,2919,1514
2007/07/26,2820,1454
2007/07/27,2801,1447
2007/07/30,2825,1465
2007/07/31,2849,1479
2007/08/01,2760,1447
2007/08/02,2750,1450
2007/08/03,2710,1406
2007/08/06,2680,1361
2007/08/07,2650,1400
2007/08/08,2700,1440
2007/08/10,2695,1395
2007/08/13,2700,1403
2007/08/14,2650,1390
2007/08/15,2647,1357
2007/08/16,2600,1350
2007/08/17,2590,1360
2007/08/20,2550,1390
2007/08/21,2499,1401
2007/08/22,2500,1410
2007/08/23,2550,1450
2007/08/24,2554,1440
2007/08/27,2625,1400
2007/08/28,2640,1390
2007/08/29,2680,1449
2007/08/30,2630,1449
2007/08/31,2700,1480
2007/09/03,2700,1480
2007/09/04,2690,1479
2007/09/05,2660,1449
2007/09/06,2595,1420
2007/09/07,2650,1450
2007/09/10,2640,1431
2007/09/11,2665,1435
2007/09/12,2680,1475
2007/09/13,2625,1485
2007/09/14,2624,1470
2007/09/17,2625,1466
2007/09/18,2650,1486
2007/09/19,2650,1525
2007/09/20,2629,1500
2007/09/21,2585,1518
2007/09/25,2530,1525
2007/09/26,2570,1489
2007/09/27,2602,1525
2007/09/28,2640,1520
2007/10/01,2650,1515
2007/10/02,2640,1550
2007/10/03,2745,1575
2007/10/04,2701,1550
2007/10/05,2695,1575
2007/10/08,2720,1575
2007/10/09,2720,1575
2007/10/10,2789,1574
2007/10/11,2767,1590
2007/10/12,2788,1619
2007/10/15,2750,1597
2007/10/16,2727,1589
2007/10/17,2700,1590
2007/10/18,2700,1600
2007/10/19,2665,1572
2007/10/22,2645,1580
2007/10/23,2700,1589
2007/10/24,2730,1597
2007/10/25,2725,1595
2007/10/26,2785,1600
2007/10/29,2870,1598
2007/10/30,2834,1590
2007/10/31,2805,1591
2007/11/01,2810,1590
2007/11/02,2860,1600
2007/11/05,2860,1605
2007/11/06,2900,1590
2007/11/07,2875,1581
2007/11/08,2805,1570
2007/11/09,2800,1550
2007/11/12,2800,1554
2007/11/13,2795,1550
2007/11/14,2765,1565
2007/11/15,2788,1561
2007/11/16,2915,1580
2007/11/19,2781,1551
2007/11/20,2770,1540
2007/11/21,2840,1500
2007/11/22,2885,1495
2007/11/23,2930,1510
2007/11/26,2801,1500
2007/11/27,2750,1500
2007/11/28,2650,1490
2007/11/29,2750,1522
2007/11/30,2789,1500
2007/12/03,2685,1505
2007/12/04,2680,1510
2007/12/05,2700,1485
2007/12/06,2731,1500
2007/12/07,2676,1515
2007/12/10,2690,1535
2007/12/11,2700,1580
2007/12/12,2750,1491
2007/12/13,2749,1540
2007/12/14,2651,1487
2007/12/18,2615,1450
2007/12/19,2670,1468
2007/12/20,2640,1408
2007/12/21,2715,1519
2007/12/24,2725,1460
2007/12/27,2725,1505
2007/12/28,2715,1482
2007/12/31,2713,1509
2008/01/02,2730,1469
2008/01/03,2700,1454
2008/01/04,2690,1433
2008/01/07,2635,1420
2008/01/08,2645,1420
2008/01/09,2640,1420
2008/01/10,2560,1425
2008/01/11,2560,1395
2008/01/14,2630,1400
2008/01/15,2530,1410
2008/01/16,2451,1362
2008/01/17,2400,1391
2008/01/18,2395,1371
2008/01/21,2360,1300
2008/01/22,2410,1350
2008/01/23,2360,1349
2008/01/24,2367,1400
2008/01/25,2400,1380
2008/01/28,2336,1340
2008/01/29,2352,1322
2008/01/30,2390,1360
2008/01/31,2380,1340
2008/02/01,2384,1400
2008/02/04,2470,1440
2008/02/05,2339,1375
2008/02/06,2300,1340
2008/02/07,2250,1315
2008/02/08,2276,1310
2008/02/11,2210,1250
2008/02/12,2210,1275
2008/02/13,2199,1300
2008/02/14,2278,1310
2008/02/15,2301,1300
2008/02/18,2440,1300
2008/02/19,2450,1320
2008/02/20,2360,1299
2008/02/21,2360,1300
2008/02/22,2323,1300
2008/02/25,2390,1300
2008/02/26,2575,1365
2008/02/27,2620,1380
2008/02/28,2700,1390
2008/02/29,2740,1440
2008/03/03,2755,1380
2008/03/04,2690,1281
2008/03/05,2620,1295
2008/03/06,2520,1304
2008/03/07,2400,1295
2008/03/10,2375,1300
2008/03/11,2365,1317
2008/03/12,2429,1365
2008/03/13,2405,1330
2008/03/14,2400,1310
2008/03/17,2300,1296
2008/03/18,2400,1300
2008/03/19,2390,1285
2008/03/20,2300,1305
2008/03/25,2395,1379
2008/03/26,2454,1420
2008/03/27,2460,1415
2008/03/28,2450,1410
2008/03/31,2430,1340
2008/04/01,2460,1329
2008/04/02,2520,1380
2008/04/03,2506,1375
2008/04/04,2590,1410
2008/04/07,2685,1447
2008/04/08,2650,1405
2008/04/09,2608,1375
2008/04/10,2520,1345
2008/04/11,2470,1330
2008/04/14,2499,1327
2008/04/15,2495,1304
2008/04/16,2520,1339
2008/04/17,2529,1345
2008/04/18,2500,1380
2008/04/21,2500,1400
2008/04/22,2481,1399
2008/04/23,2490,1370
2008/04/24,2501,1340
2008/04/25,2485,1340
2008/04/29,2480,1340
2008/04/30,2485,1320
2008/05/05,2450,1327
2008/05/06,2405,1310
2008/05/07,2390,1337
2008/05/08,2355,1318
2008/05/09,2365,1300
2008/05/12,2340,1311
2008/05/13,2300,1327
2008/05/14,2310,1336
2008/05/15,2380,1319
2008/05/16,2417,1320
2008/05/19,2351,1335
2008/05/20,2440,1320
2008/05/21,2420,1287
2008/05/22,2400,1299
2008/05/23,2405,1280
2008/05/26,2420,1272
2008/05/27,2450,1272
2008/05/28,2400,1281
2008/05/29,2390,1260
2008/05/30,2400,1235
2008/06/02,2444,1220
2008/06/03,2420,1225
2008/06/04,2400,1269
2008/06/05,2395,1240
2008/06/06,2385,1239
2008/06/09,2370,1233
2008/06/10,2365,1190
2008/06/11,2381,1195
2008/06/12,2360,1195
2008/06/13,2355,1170
2008/06/17,2305,1160
2008/06/18,2302,1125
2008/06/19,2296,1161
2008/06/20,2300,1159
2008/06/23,2169,1116
2008/06/24,2060,1098
2008/06/25,2070,1091
2008/06/26,2130,1140
2008/06/27,2190,1120
2008/06/30,2170,1093
2008/07/01,2048,1055
2008/07/02,2020,1065
2008/07/03,1955,1067
2008/07/04,1980,1060
2008/07/07,1940,1035
2008/07/08,1847,1013
2008/07/09,1870,1035
2008/07/10,1880,1020
2008/07/11,1814,1049
2008/07/14,1835,1020
2008/07/15,1825,1023
2008/07/16,1906,1088
2008/07/17,1985,1165
2008/07/18,2000,1200
2008/07/21,2060,1155
2008/07/22,2020,1130
2008/07/23,2000,1180
2008/07/24,2051,1160
2008/07/25,2025,1190
2008/07/28,2015,1169
2008/07/29,2025,1168
2008/07/30,2025,1181
2008/07/31,2160,1150
2008/08/01,2125,1185
2008/08/04,2125,1205
2008/08/05,2100,1210
2008/08/06,2135,1230
2008/08/07,2140,1230
2008/08/08,2150,1210
2008/08/11,2190,1260
2008/08/12,2250,1270
2008/08/13,2297,1260
2008/08/14,2227,1240
2008/08/15,2170,1255
2008/08/18,2130,1236
2008/08/19,2080,1210
2008/08/20,2090,1211
2008/08/21,2110,1192
2008/08/22,2150,1230
2008/08/25,2150,1233
2008/08/26,2170,1230
2008/08/27,2180,1210
2008/08/28,2280,1240
2008/08/29,2220,1280
2008/09/01,2220,1235
2008/09/02,2230,1211
2008/09/03,2315,1235
2008/09/04,2399,1255
2008/09/05,2410,1298
2008/09/08,2462,1305
2008/09/09,2460,1355
2008/09/10,2451,1340
2008/09/11,2390,1325
2008/09/12,2320,1330
2008/09/15,2350,1341
2008/09/16,2270,1301
2008/09/17,2280,1275
2008/09/18,2283,1240
2008/09/19,2501,1290
2008/09/22,2453,1300
2008/09/23,2360,1160
2008/09/25,2355,1217
2008/09/26,2300,1199
2008/09/29,2175,1122
2008/09/30,2150,1100
2008/10/01,2270,1171
2008/10/02,2250,1140
2008/10/03,2285,1160
2008/10/06,2260,1130
2008/10/07,2261,1150
2008/10/08,2260,1130
2008/10/09,2370,1140
2008/10/10,2280,1115
2008/10/13,2340,1160
2008/10/14,2449,1185
2008/10/15,2400,1140
2008/10/16,2400,1047
2008/10/17,2335,1015
2008/10/20,2275,1030
2008/10/21,2250,1020
2008/10/22,2250,1000
2008/10/23,2130,990
2008/10/24,2037,940
2008/10/27,2015,915
2008/10/28,2060,920
2008/10/29,2115,970
2008/10/30,2250,995
2008/10/31,2399,996
2008/11/03,2300,1020
2008/11/04,2370,1022
2008/11/05,2425,955
2008/11/06,2400,1000
2008/11/07,2425,1008
2008/11/10,2440,1020
2008/11/11,2450,1030
2008/11/12,2402,1017
2008/11/13,2400,1010
2008/11/14,2399,1049
2008/11/17,2342,1015
2008/11/18,2290,1000
2008/11/19,2226,1020
2008/11/20,2190,1005
2008/11/21,2160,1000
2008/11/24,2200,1000
2008/11/25,2225,1010
2008/11/26,2300,1005
2008/11/27,2310,1035
2008/11/28,2240,1058
2008/12/01,2240,1030
2008/12/02,2200,1030
2008/12/03,2250,1030
2008/12/04,2389,1045
2008/12/05,2355,1045
2008/12/08,2400,1080
2008/12/09,2400,1105
2008/12/10,2410,1130
2008/12/11,2500,1120
2008/12/12,2541,1115
2008/12/15,2541,1095
2008/12/17,2620,1067
2008/12/18,2641,1090
2008/12/19,2640,1000
2008/12/22,2640,1075
2008/12/23,2590,1060
2008/12/24,2595,1061
2008/12/29,2600,1036
2008/12/30,2590,1072
2008/12/31,2582,1080
2009/01/02,2600,1050
2009/01/05,2580,1080
2009/01/06,2600,1080
2009/01/07,2590,1079
2009/01/08,2570,1070
2009/01/09,2600,1130
2009/01/12,2570,1123
2009/01/13,2540,1095
2009/01/14,2540,1114
2009/01/15,2501,1095
2009/01/16,2560,1120
2009/01/19,2550,1140
2009/01/20,2520,1131
2009/01/21,2579,1120
2009/01/22,2500,1145
2009/01/23,2500,1127
2009/01/26,2515,1151
2009/01/27,2530,1190
2009/01/28,2575,1241
2009/01/29,2505,1210
2009/01/30,2547,1220
2009/02/02,2492,1222
2009/02/03,2480,1190
2009/02/04,2575,1235
2009/02/05,2550,1245
2009/02/06,2600,1240
2009/02/09,2625,1254
2009/02/10,2584,1234
2009/02/11,2600,1245
2009/02/12,2575,1246
2009/02/13,2580,1232
2009/02/16,2550,1205
2009/02/17,2399,1170
2009/02/18,2339,1200
2009/02/19,2450,1197
2009/02/20,2400,1150
2009/02/23,2499,1170
2009/02/24,2490,1140
2009/02/25,2500,1090
2009/02/26,2500,1130
2009/02/27,2415,1092
2009/03/02,2495,1100
2009/03/03,2440,1034
2009/03/04,2440,1021
2009/03/05,2420,999
2009/03/06,2330,1015
2009/03/09,2205,981
2009/03/10,2210,953
2009/03/11,2260,1000
2009/03/12,2280,999
2009/03/13,2402,1050
2009/03/16,2422,1060
2009/03/17,2387,1031
2009/03/18,2449,1045
2009/03/19,2400,1075
2009/03/20,2489,1035
2009/03/23,2471,1080
2009/03/24,2415,1080
2009/03/25,2420,1090
2009/03/26,2420,1100
2009/03/27,2401,1105
2009/03/30,2430,1039
2009/03/31,2506,1050
2009/04/01,2475,1058
2009/04/02,2599,1060
2009/04/03,2600,1050
2009/04/06,2572,1045
2009/04/07,2475,1082
2009/04/08,2560,1040
2009/04/09,2660,1125
2009/04/14,2735,1125
2009/04/15,2565,1113
2009/04/16,2550,1115
2009/04/17,2600,1095
2009/04/20,2599,1068
2009/04/21,2500,1090
2009/04/23,2475,1091
2009/04/24,2498,1080
2009/04/28,2539,1118
2009/04/29,2600,1133
2009/04/30,2470,1070
2009/05/04,2579,1116
2009/05/05,2620,1130
2009/05/06,2614,1175
2009/05/07,2579,1190
2009/05/08,2605,1175
2009/05/11,2660,1184
2009/05/12,2690,1168
2009/05/13,2585,1145
2009/05/14,2640,1132
2009/05/15,2648,1145
2009/05/18,2705,1150
2009/05/19,2750,1143
2009/05/20,2700,1160
2009/05/21,2691,1127
2009/05/22,2733,1138
2009/05/25,2725,1117
2009/05/26,2740,1130
2009/05/27,2834,1195
2009/05/28,2840,1162
2009/05/29,2801,1163
2009/06/01,2800,1158
2009/06/02,2785,1130
2009/06/03,2735,1104
2009/06/04,2750,1100
2009/06/05,2720,1110
2009/06/08,2650,1120
2009/06/09,2600,1100
2009/06/10,2595,1100
2009/06/11,2555,1079
2009/06/12,2540,1093
2009/06/15,2475,1095
2009/06/17,2497,1060
2009/06/18,2530,1090
2009/06/19,2500,1089
2009/06/22,2410,1071
2009/06/23,2490,1070
2009/06/24,2501,1095
2009/06/25,2521,1090
2009/06/26,2591,1110
2009/06/29,2590,1127
2009/06/30,2584,1165
2009/07/01,2600,1170
2009/07/02,2595,1177
2009/07/03,2580,1186
2009/07/06,2535,1159
2009/07/07,2585,1170
2009/07/08,2630,1170
2009/07/09,2660,1190
2009/07/10,2715,1193
2009/07/13,2745,1203
2009/07/14,2755,1211
2009/07/15,2775,1235
2009/07/16,2805,1234
2009/07/17,2830,1238
2009/07/20,2850,1245
2009/07/21,2780,1255
2009/07/22,2755,1260
2009/07/23,2760,1293
2009/07/24,2770,1300
2009/07/27,2830,1320
2009/07/28,2770,1305
2009/07/29,2740,1290
2009/07/30,2728,1290
2009/07/31,2760,1285
2009/08/03,2770,1320
2009/08/04,2780,1320
2009/08/05,2760,1316
2009/08/06,2692,1300
2009/08/07,2699,1315
2009/08/11,2577,1275
2009/08/12,2650,1260
2009/08/13,2639,1281
2009/08/14,2655,1289
2009/08/17,2610,1261
2009/08/18,2615,1283
2009/08/19,2612,1272
2009/08/20,2633,1300
2009/08/21,2750,1310
2009/08/24,2780,1311
2009/08/25,2765,1312
2009/08/26,2785,1335
2009/08/27,2809,1333
2009/08/28,2810,1347
2009/08/31,2790,1361
2009/09/01,2789,1350
2009/09/02,2760,1320
2009/09/03,2799,1322
2009/09/04,2850,1314
2009/09/07,2870,1300
2009/09/08,2838,1299
2009/09/09,2770,1285
2009/09/10,2720,1290
2009/09/11,2801,1324
2009/09/14,2775,1285
2009/09/15,2745,1300
2009/09/16,2775,1299
2009/09/17,2783,1320
2009/09/18,2785,1279
2009/09/21,2710,1255
2009/09/22,2772,1270
2009/09/23,2795,1274
2009/09/25,2880,1305
2009/09/28,2815,1300
2009/09/29,2825,1273
2009/09/30,2920,1279
2009/10/01,2943,1255
2009/10/02,2835,1258
2009/10/05,2850,1245
2009/10/06,2845,1265
2009/10/07,2839,1295
2009/10/08,2843,1302
2009/10/09,2819,1265
2009/10/12,2825,1285
2009/10/13,2838,1279
2009/10/14,2815,1285
2009/10/15,2803,1280
2009/10/16,2823,1275
2009/10/19,2816,1301
2009/10/20,2820,1300
2009/10/21,2900,1325
2009/10/22,2950,1330
2009/10/23,3016,1335
2009/10/26,3000,1340
2009/10/27,3025,1341
2009/10/28,3029,1325
2009/10/29,3080,1345
2009/10/30,3115,1330
2009/11/02,3057,1333
2009/11/03,2975,1305
2009/11/04,3030,1325
2009/11/05,3042,1300
2009/11/06,3002,1280
2009/11/09,3065,1314
2009/11/10,3100,1325
2009/11/11,3180,1335
2009/11/12,3150,1346
2009/11/13,3200,1350
2009/11/16,3226,1366
2009/11/17,3224,1371
2009/11/18,3200,1368
2009/11/19,3200,1350
2009/11/20,3168,1345
2009/11/23,3193,1376
2009/11/24,3210,1381
2009/11/25,3225,1385
2009/11/26,3217,1357
2009/11/27,3166,1322
2009/11/30,3185,1321
2009/12/01,3179,1345
2009/12/02,3100,1335
2009/12/03,3240,1355
2009/12/04,3215,1320
2009/12/07,3100,1298
2009/12/08,3090,1275
2009/12/09,3046,1260
2009/12/10,3075,1240
2009/12/11,3080,1260
2009/12/14,3117,1275
2009/12/15,3040,1300
2009/12/17,3045,1270
2009/12/18,3040,1309
2009/12/21,3050,1307
2009/12/22,3048,1300
2009/12/23,3050,1315
2009/12/24,3069,1325
2009/12/28,3099,1320
2009/12/29,3120,1329
2009/12/30,3160,1329
2009/12/31,3195,1342
2010/01/04,3205,1348
2010/01/05,3221,1330
2010/01/06,3215,1315
2010/01/07,3195,1339
2010/01/08,3180,1340
2010/01/11,3186,1325
2010/01/12,3140,1310
2010/01/13,3156,1308
2010/01/14,3180,1342
2010/01/15,3238,1342
2010/01/18,3185,1340
2010/01/19,3192,1332
2010/01/20,3199,1345
2010/01/21,3200,1350
2010/01/22,3110,1309
2010/01/25,3115,1300
2010/01/26,3060,1300
2010/01/27,3090,1315
2010/01/28,3107,1318
2010/01/29,3105,1333
2010/02/01,3051,1335
2010/02/02,3080,1340
2010/02/03,3119,1340
2010/02/04,3094,1335
2010/02/05,3050,1330
2010/02/08,3050,1315
2010/02/09,3030,1319
2010/02/10,3140,1318
2010/02/11,3090,1323
2010/02/12,3130,1331
2010/02/15,3155,1351
2010/02/16,3198,1384
2010/02/17,3212,1379
2010/02/18,3202,1383
2010/02/19,3200,1380
2010/02/22,3230,1384
2010/02/23,3330,1381
2010/02/24,3295,1375
2010/02/25,3300,1370
2010/02/26,3361,1399
2010/03/01,3351,1393
2010/03/02,3361,1388
2010/03/03,3350,1405
2010/03/04,3370,1433
2010/03/05,3420,1440
2010/03/08,3385,1440
2010/03/09,3422,1440
2010/03/10,3406,1459
2010/03/11,3440,1448
2010/03/12,3427,1445
2010/03/15,3430,1445
2010/03/16,3400,1455
2010/03/17,3430,1466
2010/03/18,3440,1490
2010/03/19,3480,1481
2010/03/23,3460,1490
2010/03/24,3460,1480
2010/03/25,3435,1480
2010/03/26,3435,1481
2010/03/29,3420,1485
2010/03/30,3415,1510
2010/03/31,3450,1688
2010/04/01,3400,1571
2010/04/06,3400,1580
2010/04/07,3426,1580
2010/04/08,3425,1570
2010/04/09,3402,1560
2010/04/12,3437,1576
2010/04/13,3430,1575
2010/04/14,3526,1609
2010/04/15,3498,1647
2010/04/16,3490,1604
2010/04/19,3480,1611
2010/04/20,3530,1670
2010/04/21,3592,1664
2010/04/22,3600,1669
2010/04/23,3551,1665
2010/04/26,3555,1673
2010/04/28,3550,1673
2010/04/29,3540,1675
2010/04/30,3590,1696
2010/05/03,3592,1695
2010/05/04,3592,1695
2010/05/05,3595,1620
2010/05/06,3572,1600
2010/05/07,3530,1560
2010/05/10,3680,1631
2010/05/11,3680,1607
2010/05/12,3700,1613
2010/05/13,3637,1605
2010/05/14,3550,1580
2010/05/17,3541,1580
2010/05/18,3555,1609
2010/05/19,3530,1615
2010/05/20,3480,1594
2010/05/21,3478,1604
2010/05/24,3458,1609
2010/05/25,3400,1553
2010/05/26,3480,1575
2010/05/27,3496,1589
2010/05/28,3500,1600
2010/05/31,3500,1585
2010/06/01,3470,1590
2010/06/02,3469,1615
2010/06/03,3455,1590
2010/06/04,3400,1565
2010/06/07,3350,1551
2010/06/08,3320,1547
2010/06/09,3350,1587
2010/06/10,3370,1614
2010/06/11,3344,1600
2010/06/14,3357,1637
2010/06/15,3399,1640
2010/06/17,3400,1658
2010/06/18,3450,1686
2010/06/21,3479,1700
2010/06/22,3450,1700
2010/06/23,3498,1672
2010/06/24,3499,1704
2010/06/25,3500,1720
2010/06/28,3525,1716
2010/06/29,3509,1615
2010/06/30,3505,1606
2010/07/01,3490,1619
2010/07/02,3490,1650
2010/07/05,3456,1625
2010/07/06,3440,1657
2010/07/07,3460,1659
2010/07/08,3460,1669
2010/07/09,3485,1664
2010/07/12,3510,1668
2010/07/13,3520,1658
2010/07/14,3525,1655
2010/07/15,3519,1655
2010/07/16,3535,1659
2010/07/19,3520,1668
2010/07/20,3520,1650
2010/07/21,3541,1685
2010/07/22,3599,1720
2010/07/23,3600,1741
2010/07/26,3620,1760
2010/07/27,3611,1760
2010/07/28,3610,1746
2010/07/29,3612,1749
2010/07/30,3625,1729
2010/08/02,3680,1750
2010/08/03,3710,1720
2010/08/04,3710,1715
2010/08/05,3715,1700
2010/08/06,3665,1694
2010/08/10,3635,1676
2010/08/11,3624,1633
2010/08/12,3581,1642
2010/08/13,3596,1636
2010/08/16,3580,1621
2010/08/17,3599,1636
2010/08/18,3580,1606
2010/08/19,3595,1625
2010/08/20,3555,1594
2010/08/23,3569,1620
2010/08/24,3537,1615
2010/08/25,3500,1590
2010/08/26,3410,1615
2010/08/27,3435,1585
2010/08/30,3480,1590
2010/08/31,3503,1594
2010/09/01,3557,1600
2010/09/02,3615,1613
2010/09/03,3575,1589
2010/09/06,3570,1552
2010/09/07,3600,1576
2010/09/08,3612,1590
2010/09/09,3649,1620
2010/09/10,3670,1622
2010/09/13,3685,1663
2010/09/14,3704,1660
2010/09/15,3726,1670
2010/09/16,3731,1680
2010/09/17,3735,1604
2010/09/20,3750,1607
2010/09/21,3754,1625
2010/09/22,3778,1624
2010/09/23,3750,1621
2010/09/27,3799,1630
2010/09/28,3855,1638
2010/09/29,3870,1636
2010/09/30,3912,1640
2010/10/01,3895,1640
2010/10/04,3889,1641
2010/10/05,3857,1640
2010/10/06,3950,1630
2010/10/07,3909,1618
2010/10/08,3930,1605
2010/10/11,3885,1627
2010/10/12,3886,1620
2010/10/13,3919,1635
2010/10/14,3920,1655
2010/10/15,3902,1627
2010/10/18,3918,1650
2010/10/19,3895,1650
2010/10/20,3875,1656
2010/10/21,3920,1660
2010/10/22,3890,1660
2010/10/25,3900,1652
2010/10/26,3912,1669
2010/10/27,3873,1679
2010/10/28,3890,1680
2010/10/29,3948,1690
2010/11/01,3949,1726
2010/11/02,4029,1732
2010/11/03,4095,1765
2010/11/04,4068,1740
2010/11/05,4026,1730
2010/11/08,4055,1737
2010/11/09,4077,1745
2010/11/10,4050,1740
2010/11/11,4000,1705
2010/11/12,4015,1695
2010/11/15,4025,1701
2010/11/16,4000,1700
2010/11/17,3999,1700
2010/11/18,4000,1700
2010/11/19,3996,1680
2010/11/22,4005,1677
2010/11/23,3997,1675
2010/11/24,4020,1640
2010/11/25,4045,1656
2010/11/26,4049,1643
2010/11/29,3970,1527
2010/11/30,3896,1628
2010/12/01,3920,1600
2010/12/02,3940,1635
2010/12/03,3940,1690
2010/12/06,3939,1712
2010/12/07,3900,1680
2010/12/08,3930,1661
2010/12/09,3944,1639
2010/12/10,3915,1615
2010/12/13,3915,1613
2010/12/14,3926,1659
2010/12/15,3866,1633
2010/12/17,3889,1615
2010/12/20,3875,1647
2010/12/21,3905,1685
2010/12/22,3945,1654
2010/12/23,3955,1660
2010/12/24,3930,1662
2010/12/28,3945,1651
2010/12/29,3932,1649
2010/12/30,3940,1650
2010/12/31,3942,1662
2011/01/03,3990,1670
2011/01/04,4000,1700
2011/01/05,4039,1730
2011/01/06,4069,1742
2011/01/07,4022,1740
2011/01/10,3970,1730
2011/01/11,3975,1775
2011/01/12,3975,1720
2011/01/13,4000,1725
2011/01/14,4080,1724
2011/01/17,4018,1710
2011/01/18,3976,1685
2011/01/19,4000,1680
2011/01/20,3970,1650
2011/01/21,3983,1655
2011/01/24,3971,1650
2011/01/25,3966,1661
2011/01/26,4020,1659
2011/01/27,3959,1660
2011/01/28,3862,1642
2011/01/31,3767,1640
2011/02/01,3875,1650
2011/02/02,3876,1653
2011/02/03,3860,1640
2011/02/04,3820,1645
2011/02/07,3855,1641
2011/02/08,3865,1631
2011/02/09,3865,1640
2011/02/10,3850,1639
2011/02/11,3900,1642
2011/02/14,3860,1650
2011/02/15,3878,1650
2011/02/16,3893,1662
2011/02/17,3938,1651
2011/02/18,3956,1651
2011/02/21,3978,1670
2011/02/22,3940,1660
2011/02/23,3905,1620
2011/02/24,3855,1610
2011/02/25,3861,1620
2011/02/28,3950,1625
2011/03/01,3949,1649
2011/03/02,3890,1610
2011/03/03,3875,1625
2011/03/04,3890,1620
2011/03/07,3850,1617
2011/03/08,3845,1620
2011/03/09,3942,1675
2011/03/10,3865,1648
2011/03/11,3850,1634
2011/03/14,3805,1620
2011/03/15,3745,1600
2011/03/16,3703,1609
2011/03/17,3700,1620
2011/03/18,3736,1649
2011/03/22,3750,1649
2011/03/23,3750,1640
2011/03/24,3795,1655
2011/03/25,3747,1680
2011/03/28,3740,1619
2011/03/29,3736,1617
2011/03/30,3770,1639
2011/03/31,3811,1665
2011/04/01,3855,1674
2011/04/04,3870,1635
2011/04/05,3866,1645
2011/04/06,3870,1675
2011/04/07,3838,1662
2011/04/08,3811,1665
2011/04/11,3785,1650
2011/04/12,3750,1651
2011/04/13,3741,1688
2011/04/14,3735,1690
2011/04/15,3710,1680
2011/04/18,3698,1669
2011/04/19,3710,1660
2011/04/20,3746,1700
2011/04/21,3760,1707
2011/04/26,3765,1700
2011/04/28,3790,1700
2011/04/29,3787,1700
2011/05/03,3765,1685
2011/05/04,3730,1700
2011/05/05,3720,1691
2011/05/06,3717,1682
2011/05/09,3720,1681
2011/05/10,3728,1716
2011/05/11,3730,1695
2011/05/12,3715,1700
2011/05/13,3736,1700
2011/05/16,3736,1689
2011/05/17,3749,1702
2011/05/19,3827,1702
2011/05/20,3856,1708
2011/05/23,3835,1700
2011/05/24,3840,1710
2011/05/25,3832,1704
2011/05/26,3866,1700
2011/05/27,3880,1720
2011/05/30,3893,1717
2011/05/31,3937,1762
2011/06/01,3885,1745
2011/06/02,3860,1740
2011/06/03,3844,1711
2011/06/06,3836,1707
2011/06/07,3840,1715
2011/06/08,3865,1723
2011/06/09,3890,1715
2011/06/10,3851,1715
2011/06/13,3861,1703
2011/06/14,3888,1700
2011/06/15,3895,1701
2011/06/17,3882,1684
2011/06/20,3848,1700
2011/06/21,3894,1713
2011/06/22,3895,1702
2011/06/23,3855,1685
2011/06/24,3769,1671
2011/06/27,3785,1665
2011/06/28,3830,1680
2011/06/29,3860,1690
2011/06/30,3855,1699
2011/07/01,3919,1724
2011/07/04,3906,1695
2011/07/05,3965,1740
2011/07/06,3910,1725
2011/07/07,3958,1721
2011/07/08,3970,1745
2011/07/11,3980,1730
2011/07/12,3980,1711
2011/07/13,4008,1719
2011/07/14,4038,1728
2011/07/15,4022,1748
2011/07/18,4000,1715
2011/07/19,4000,1713
2011/07/20,4000,1733
2011/07/21,4010,1728
2011/07/22,4000,1734
2011/07/25,3997,1734
2011/07/26,3998,1722
2011/07/27,3955,1700
2011/07/28,3945,1700
2011/07/29,3921,1700
2011/08/01,3976,1700
2011/08/02,3950,1677
2011/08/03,3870,1653
2011/08/04,3790,1626
2011/08/05,3690,1565
2011/08/08,3625,1513
2011/08/10,3635,1545
2011/08/11,3668,1583
2011/08/12,3700,1599
2011/08/15,3730,1609
2011/08/16,3729,1621
2011/08/17,3740,1605
2011/08/18,3690,1595
2011/08/19,3684,1574
2011/08/22,3682,1599
2011/08/23,3695,1595
2011/08/24,3734,1612
2011/08/25,3650,1604
2011/08/26,3690,1580
2011/08/29,3760,1608
2011/08/30,3799,1615
2011/08/31,3825,1674
2011/09/01,3925,1666
2011/09/02,3940,1665
2011/09/05,3947,1641
2011/09/06,3904,1630
2011/09/07,3970,1688
2011/09/08,4020,1709
2011/09/09,3982,1667
2011/09/12,3947,1653
2011/09/13,3935,1677
2011/09/14,3992,1650
2011/09/15,3995,1640
2011/09/16,3990,1680
2011/09/19,3995,1670
2011/09/20,3971,1650
2011/09/21,3988,1658
2011/09/22,3915,1645
2011/09/23,3850,1606
2011/09/26,3860,1643
2011/09/27,3967,1685
2011/09/28,3915,1705
2011/09/29,3902,1650
2011/09/30,3959,1698
2011/10/03,3959,1630
2011/10/04,3881,1606
2011/10/05,3934,1593
2011/10/06,3910,1585
2011/10/07,3948,1590
2011/10/10,4000,1587
2011/10/11,4031,1598
2011/10/12,4120,1620
2011/10/13,4101,1623
2011/10/14,4125,1600
2011/10/17,4101,1650
2011/10/18,4137,1647
2011/10/19,4120,1659
2011/10/20,4099,1645
2011/10/21,4130,1677
2011/10/24,4112,1670
2011/10/25,4173,1684
2011/10/26,4165,1685
2011/10/27,4180,1695
2011/10/28,4262,1747
2011/10/31,4150,1705
2011/11/01,4174,1685
2011/11/02,4133,1687
2011/11/03,4160,1695
2011/11/04,4113,1676
2011/11/07,4130,1695
2011/11/08,4150,1705
2011/11/09,4100,1682
2011/11/10,4138,1685
2011/11/11,4120,1690
2011/11/14,4140,1685
2011/11/15,4132,1695
2011/11/16,4185,1699
2011/11/17,4200,1705
2011/11/18,4180,1683
2011/11/21,4150,1660
2011/11/22,4154,1654
2011/11/23,4097,1645
2011/12/02,4097,1645
2011/12/05,4097,1645
2011/12/06,4097,1645
2011/12/07,4097,1645
2011/12/08,4097,1645
2011/12/09,4097,1645
2011/12/12,4097,1645
2011/12/13,4350,1711
2011/12/14,4300,1696
2011/12/15,4335,1716
2011/12/19,4330,1725
2011/12/20,4350,1724
2011/12/21,4305,1718
2011/12/22,4350,1713
2011/12/23,4350,1720
2011/12/28,4320,1715
2011/12/29,4350,1720
2011/12/30,4350,1710
2012/01/03,4373,1729
2012/01/04,4371,1767
2012/01/05,4355,1772
2012/01/06,4330,1770
2012/01/09,4360,1790
2012/01/10,4350,1800
2012/01/11,4361,1790
2012/01/12,4444,1790
2012/01/13,4500,1808
2012/01/16,4538,1795
2012/01/17,4534,1815
2012/01/18,4500,1835
2012/01/19,4540,1800
2012/01/20,4625,1810
2012/01/23,4650,1804
2012/01/24,4562,1800
2012/01/25,4495,1775
2012/01/26,4533,1800
2012/01/27,4515,1805
2012/01/30,4529,1800
2012/01/31,4550,1815
2012/02/01,4577,1826
2012/02/02,4630,1845
2012/02/03,4660,1895
2012/02/06,4650,1890
2012/02/07,4644,1901
2012/02/08,4690,1900
2012/02/09,4700,1921
2012/02/10,4666,1905
2012/02/13,4685,1910
2012/02/14,4693,1940
2012/02/15,4748,1933
2012/02/16,4720,1910
2012/02/17,4735,1905
2012/02/20,4760,1913
2012/02/21,4745,1898
2012/02/22,4730,1888
2012/02/23,4715,1883
2012/02/24,4790,1909
2012/02/27,4795,1889
2012/02/28,4830,1912
2012/02/29,4892,1908
2012/03/01,4851,1920
2012/03/02,4889,1924
2012/03/05,4900,1923
2012/03/06,4800,1830
2012/03/07,4860,1809
2012/03/08,4915,1819
2012/03/09,4930,1817
2012/03/12,4940,1799
2012/03/13,4997,1810
2012/03/14,5044,1823
2012/03/15,5029,1780
2012/03/16,4945,1783
2012/03/19,4885,1810
2012/03/20,4950,1795
2012/03/22,4970,1770
2012/03/23,4980,1765
2012/03/26,5000,1750
2012/03/27,5020,1755
2012/03/28,5000,1760
2012/03/29,5020,1752
2012/03/30,5037,1771
2012/04/02,5060,1767
2012/04/03,5100,1795
2012/04/04,5065,1731
2012/04/05,5120,1743
2012/04/10,5163,1746
2012/04/11,5120,1726
2012/04/12,5105,1728
2012/04/13,5125,1729
2012/04/16,5111,1706
2012/04/17,5100,1734
2012/04/18,5151,1730
2012/04/19,5194,1722
2012/04/20,5199,1732
2012/04/23,5167,1740
2012/04/24,5185,1752
2012/04/25,5169,1736
2012/04/26,5140,1745
2012/04/30,5150,1751
2012/05/02,5160,1753
2012/05/03,5135,1757
2012/05/04,5150,1768
2012/05/07,5129,1745
2012/05/08,5093,1734
2012/05/09,5095,1716
2012/05/10,5071,1733
2012/05/11,5110,1745
2012/05/14,5084,1731
2012/05/15,5057,1730
2012/05/16,5069,1720
2012/05/17,5063,1710
2012/05/18,5031,1690
2012/05/21,4980,1687
2012/05/22,4985,1700
2012/05/23,4899,1685
2012/05/24,4905,1681
2012/05/25,4890,1671
2012/05/28,4900,1672
2012/05/29,4965,1675
2012/05/30,4893,1664
2012/05/31,4972,1669
2012/06/01,4952,1682
2012/06/04,4980,1683
2012/06/05,4975,1695
2012/06/06,4980,1725
2012/06/07,5007,1750
2012/06/08,5000,1727
2012/06/11,5000,1719
2012/06/12,5025,1725
2012/06/13,5035,1739
2012/06/14,5049,1713
2012/06/15,5019,1722
2012/06/18,5094,1740
2012/06/19,5160,1741
2012/06/20,5203,1772
2012/06/21,5234,1759
2012/06/22,5218,1790
2012/06/25,5310,1820
2012/06/26,5215,1812
2012/06/27,5250,1825
2012/06/28,5142,1794
2012/06/29,5200,1800
2012/07/02,5290,1815
2012/07/03,5359,1825
2012/07/04,5300,1830
2012/07/05,5370,1885
2012/07/06,5389,1879
2012/07/09,5400,1865
2012/07/10,5319,1865
2012/07/11,5301,1865
2012/07/12,5317,1865
2012/07/13,5380,1865
2012/07/16,5390,1859
2012/07/17,5340,1850
2012/07/18,5280,1850
2012/07/19,5332,1847
2012/07/20,5373,1875
2012/07/23,5305,1850
2012/07/24,5298,1826
2012/07/25,5400,1823
2012/07/26,5400,1798
2012/07/27,5405,1818
2012/07/30,5450,1870
2012/07/31,5400,1860
2012/08/01,5430,1870
2012/08/02,5530,1875
2012/08/03,5599,1940
2012/08/06,5595,1944
2012/08/07,5565,1927
2012/08/08,5625,1935
2012/08/10,5620,1955
2012/08/13,5580,1969
2012/08/14,5635,1965
2012/08/15,5653,1949
2012/08/16,5720,1940
2012/08/17,5666,1913
2012/08/20,5800,1900
2012/08/21,5870,1916
2012/08/22,5759,1913
2012/08/23,5800,1904
2012/08/24,5810,1912
2012/08/27,5863,1920
2012/08/28,5765,1945
2012/08/29,5792,1960
2012/08/30,5725,1940
2012/08/31,5768,1946
2012/09/03,5800,1964
2012/09/04,5793,1978
2012/09/05,5620,1970
2012/09/06,5580,1975
2012/09/07,5540,1968
2012/09/10,5355,1973
2012/09/11,5305,1988
2012/09/12,5385,2020
2012/09/13,5470,2049
2012/09/14,5515,2067
2012/09/17,5505,2055
2012/09/18,5390,2090
2012/09/19,5360,2060
2012/09/20,5440,2072
2012/09/21,5439,2063
2012/09/25,5490,2085
2012/09/26,5510,2089
2012/09/27,5457,2115
2012/09/28,5550,2119
2012/10/01,5528,1993
2012/10/02,5581,2029
2012/10/03,5601,2030
2012/10/04,5684,2093
2012/10/05,5621,2085
2012/10/08,5474,2062
2012/10/09,5407,2017
2012/10/10,5366,2019
2012/10/11,5448,2061
2012/10/12,5462,2065
2012/10/15,5489,2070
2012/10/16,5499,2115
2012/10/17,5550,2175
2012/10/18,5550,2147
2012/10/19,5447,2096
2012/10/22,5494,2074
2012/10/23,5534,2085
2012/10/24,5505,2090
2012/10/25,5500,2090
2012/10/26,5460,2094
2012/10/29,5495,2100
2012/10/30,5500,2095
2012/10/31,5552,2097
2012/11/01,5499,2090
2012/11/02,5546,2080
2012/11/05,5642,2088
2012/11/06,5685,2086
2012/11/07,5640,2099
2012/11/08,5600,2100
2012/11/09,5505,2085
2012/11/12,5465,2070
2012/11/13,5590,2070
2012/11/14,5578,2051
2012/11/15,5611,2038
2012/11/16,5675,2062
2012/11/19,5693,2085
2012/11/21,5730,2090
2012/11/22,5748,2081
2012/11/23,5698,2070
2012/11/24,5698,2070
2012/11/25,5698,2070
2012/11/26,5625,2079
2012/11/27,5621,2079
2012/11/28,5550,2050
2012/11/29,5600,2060
2012/11/30,5581,2087
2012/12/03,5621,2100
2012/12/04,5680,2088
2012/12/05,5700,2075
2012/12/06,5700,2080
2012/12/07,5740,2090
2012/12/10,5817,2088
2012/12/11,5884,2142
2012/12/12,5925,2120
2012/12/13,5933,2137
2012/12/14,5900,2150
2012/12/18,6000,2178
2012/12/19,6030,2190
2012/12/20,6020,2204
2012/12/21,6040,2192
2012/12/24,6112,2180
2012/12/27,6138,2202
2012/12/28,6212,2216
2012/12/31,6219,2217
2013/01/02,6233,2240
2013/01/03,6200,2249
2013/01/04,6156,2258
2013/01/07,6065,2300
2013/01/08,6090,2262
2013/01/09,6205,2260
2013/01/10,6154,2269
2013/01/11,6187,2297
2013/01/14,6248,2282
2013/01/15,6181,2292
2013/01/16,6279,2300
2013/01/17,6250,2320
2013/01/18,6454,2300
2013/01/21,6362,2300
2013/01/22,6395,2290
2013/01/23,6413,2331
2013/01/24,6500,2350
2013/01/25,6629,2350
2013/01/28,6749,2350
2013/01/29,6642,2355
2013/01/30,6552,2345
2013/01/31,6624,2325
2013/02/01,6500,2307
2013/02/04,6400,2258
2013/02/05,6332,2250
2013/02/06,6335,2260
2013/02/07,6326,2270
2013/02/08,6335,2296
2013/02/11,6315,2290
2013/02/12,6458,2266
2013/02/13,6441,2275
2013/02/14,6485,2303
2013/02/15,6562,2284
2013/02/18,6530,2291
2013/02/19,6540,2290
2013/02/20,6540,2280
2013/02/21,6748,2260
2013/02/22,6860,2260
2013/02/25,7010,2263
2013/02/26,7070,2256
2013/02/27,7258,2213
2013/02/28,7510,2235
2013/03/01,7751,2270
2013/03/04,7496,2270
2013/03/05,7500,2275
2013/03/06,7570,2320
2013/03/07,7722,2320
2013/03/08,7600,2320
2013/03/11,7600,2325
2013/03/12,7620,2339
2013/03/13,7819,2334
2013/03/14,7900,2370
2013/03/15,7641,2370
2013/03/18,7600,2335
2013/03/19,7700,2340
2013/03/20,7790,2340
2013/03/22,7925,2335
2013/03/25,7935,2331
2013/03/26,7980,2380
2013/03/27,7850,2324
2013/03/28,7824,2323
2013/04/02,7799,2380
2013/04/03,7650,2310
2013/04/04,7600,2348
2013/04/05,7450,2308
2013/04/08,7669,2350
2013/04/09,7580,2275
2013/04/10,7745,2296
2013/04/11,7799,2316
2013/04/12,7820,2302
2013/04/15,7770,2241
2013/04/16,7871,2249
2013/04/17,7898,2230
2013/04/18,7925,2230
2013/04/19,7898,2270
2013/04/22,7889,2275
2013/04/23,7950,2275
2013/04/24,7900,2300
2013/04/25,7960,2300
2013/04/26,7980,2312
2013/04/29,7975,2300
2013/04/30,8174,2290
2013/05/02,8200,2310
2013/05/03,8451,2330
2013/05/06,8449,2340
2013/05/07,8153,2357
2013/05/08,8271,2430
2013/05/09,8239,2469
2013/05/10,8350,2460
2013/05/13,8621,2538
2013/05/14,8700,2580
2013/05/15,8499,2650
2013/05/16,8398,2653
2013/05/17,8400,2655
2013/05/20,8250,2550
2013/05/21,8451,2580
2013/05/22,8294,2608
2013/05/23,8051,2593
2013/05/24,7960,2590
2013/05/27,8248,2570
2013/05/28,8385,2643
2013/05/29,7990,2401
2013/05/30,8025,2381
2013/05/31,8100,2384
2013/06/03,8090,2324
2013/06/04,8271,2387
2013/06/05,8270,2344
2013/06/06,8016,2278
2013/06/07,8064,2252
2013/06/10,8050,2330
2013/06/11,7818,2204
2013/06/12,7815,2189
2013/06/13,7875,2126
2013/06/14,7999,2113
2013/06/18,8220,2189
2013/06/19,8134,2142
2013/06/20,7880,2095
2013/06/21,7830,2075
2013/06/24,7462,1981
2013/06/25,7818,2052
2013/06/26,8134,2127
2013/06/27,8250,2188
2013/06/28,8406,2217
2013/07/01,8594,2285
2013/07/02,8471,2260
2013/07/03,8217,2150
2013/07/04,8570,2180
2013/07/05,8261,2135
2013/07/08,8440,2129
2013/07/09,8650,2084
2013/07/10,8594,2086
2013/07/11,8660,2098
2013/07/12,8675,2172
2013/07/15,8651,2214
2013/07/16,8628,2211
2013/07/17,9200,2263
2013/07/18,8913,2283
2013/07/19,8719,2141
2013/07/22,8700,2228
2013/07/23,8903,2320
2013/07/24,8870,2280
2013/07/25,9000,2230
2013/07/26,8801,2151
2013/07/29,8955,2156
2013/07/30,8938,2150
2013/07/31,8925,2150
2013/08/01,9010,2210
2013/08/02,9100,2261
2013/08/05,9484,2203
2013/08/06,9515,2190
2013/08/07,9400,2235
2013/08/08,9451,2190
2013/08/12,9494,2176
2013/08/13,9506,2170
2013/08/14,9635,2204
2013/08/15,9600,2204
2013/08/16,9550,2194
2013/08/19,9540,2205
2013/08/20,9550,2200
2013/08/21,9530,2190
2013/08/22,9650,2190
2013/08/23,9755,2170
2013/08/26,9831,2172
2013/08/27,9505,2145
2013/08/28,8641,2087
2013/08/29,8230,2094
2013/08/30,8463,2057
2013/09/02,8430,2075
2013/09/03,8700,2123
2013/09/04,8350,2127
2013/09/05,8545,2214
2013/09/06,8575,2264
2013/09/09,8702,2284
2013/09/10,8899,2291
2013/09/11,8816,2322
2013/09/12,8720,2421
2013/09/13,8699,2415
2013/09/16,8571,2418
2013/09/17,8654,2441
2013/09/18,8550,2436
2013/09/19,8875,2504
2013/09/20,8791,2420
2013/09/23,8750,2473
2013/09/25,8724,2500
2013/09/26,8475,2479
2013/09/27,8300,2470
2013/09/30,8108,2440
2013/10/01,8155,2444
2013/10/02,8220,2423
2013/10/03,8200,2450
2013/10/04,8128,2429
2013/10/07,7975,2428
2013/10/08,7800,2429
2013/10/09,7800,2405
2013/10/10,8000,2450
2013/10/11,8000,2454
2013/10/14,8030,2390
2013/10/15,8199,2443
2013/10/16,8261,2470
2013/10/17,8224,2469
2013/10/18,8185,2472
2013/10/21,8244,2474
2013/10/22,8400,2484
2013/10/23,8300,2460
2013/10/24,8315,2474
2013/10/25,8400,2450
2013/10/28,8450,2448
2013/10/29,8500,2465
2013/10/30,8455,2460
2013/10/31,8500,2465
2013/11/01,8571,2470
2013/11/04,8412,2462
2013/11/05,8350,2463
2013/11/06,8356,2550
2013/11/07,8327,2523
2013/11/08,8100,2463
2013/11/11,8252,2420
2013/11/12,8311,2444
2013/11/13,8125,2413
2013/11/14,8206,2418
2013/11/15,8101,2435
2013/11/18,8160,2489
2013/11/19,8121,2438
2013/11/20,8210,2459
2013/11/21,8119,2440
2013/11/22,8115,2450
2013/11/25,8225,2422
2013/11/26,8051,2449
2013/11/27,8075,2460
2013/11/28,8090,2602
2013/11/29,8149,2597
2013/12/02,8245,2580
2013/12/03,8087,2540
2013/12/04,7980,2523
2013/12/05,7910,2520
2013/12/06,7988,2544
2013/12/09,7930,2530
2013/12/10,7800,2518
2013/12/11,7825,2501
2013/12/12,7805,2433
2013/12/13,7778,2422
2013/12/17,7890,2460
2013/12/18,7809,2453
2013/12/19,7910,2475
2013/12/20,7996,2480
2013/12/23,8165,2507
2013/12/24,8175,2546
2013/12/27,8330,2530
2013/12/30,8400,2579
2013/12/31,8450,2530
2014/01/02,8515,2600
2014/01/03,8401,2549
2014/01/06,8187,2520
2014/01/07,8450,2541
2014/01/08,8336,2536
2014/01/09,8130,2505
2014/01/10,8205,2536
2014/01/13,8230,2610
2014/01/14,8180,2571
2014/01/15,8219,2600
2014/01/16,8046,2600
2014/01/17,7940,2500
2014/01/20,8041,2500
2014/01/21,8200,2560
2014/01/22,8143,2523
2014/01/23,8205,2500
2014/01/24,8000,2444
2014/01/27,7946,2430
2014/01/28,7940,2431
2014/01/29,7770,2390
2014/01/30,7573,2308
2014/01/31,7500,2356
2014/02/03,7360,2334
2014/02/04,7110,2325
2014/02/05,7230,2301
2014/02/06,7230,2313
2014/02/07,7334,2377
2014/02/10,7500,2362
2014/02/11,7477,2315
2014/02/12,7793,2399
2014/02/13,7738,2369
2014/02/14,7805,2372
2014/02/17,7925,2401
2014/02/18,7925,2382
2014/02/19,7863,2397
2014/02/20,7750,2322
2014/02/21,7800,2270
2014/02/24,7755,2257
2014/02/25,7815,2255
2014/02/26,7790,2250
2014/02/27,7821,2245
2014/02/28,7944,2289
2014/03/03,7900,2263
2014/03/04,7940,2302
2014/03/05,7825,2315
2014/03/06,7845,2363
2014/03/07,7902,2441
2014/03/10,7932,2434
2014/03/11,7891,2405
2014/03/12,7750,2410
2014/03/13,7829,2396
2014/03/14,7750,2366
2014/03/17,7700,2374
2014/03/18,7800,2430
2014/03/19,7762,2477
2014/03/20,7834,2430
2014/03/24,7800,2438
2014/03/25,7875,2435
2014/03/26,7900,2513
2014/03/27,8085,2504
2014/03/28,8284,2504
2014/03/31,8437,2460
2014/04/01,8355,2465
2014/04/02,8467,2435
2014/04/03,8669,2500
2014/04/04,8875,2600
2014/04/07,8950,2600
2014/04/08,8935,2575
2014/04/09,8887,2576
2014/04/10,8800,2645
2014/04/11,8750,2570
2014/04/14,8801,2570
2014/04/15,8937,2534
2014/04/16,8877,2527
2014/04/17,8900,2602
2014/04/22,9000,2610
2014/04/23,8951,2607
2014/04/24,8953,2625
2014/04/25,9057,2653
2014/04/29,9089,2640
2014/04/30,9120,2640
2014/05/02,9200,2702
2014/05/05,9150,2706
2014/05/06,9171,2720
2014/05/08,9410,2683
2014/05/09,9315,2642
2014/05/12,9315,2683
2014/05/13,9400,2715
2014/05/14,9300,2690
2014/05/15,9201,2640
2014/05/16,9048,2610
2014/05/19,9321,2666
2014/05/20,9359,2663
2014/05/21,9203,2641
2014/05/22,9345,2652
2014/05/23,9330,2685
2014/05/26,9240,2657
2014/05/27,9090,2611
2014/05/28,9000,2621
2014/05/29,9170,2620
2014/05/30,9150,2557
2014/06/02,8977,2578
2014/06/03,8911,2608
2014/06/04,8875,2615
2014/06/05,9095,2657
2014/06/06,9100,2660
2014/06/09,9107,2604
2014/06/10,9050,2615
2014/06/11,9133,2634
2014/06/12,9116,2614
2014/06/13,9020,2603
2014/06/17,9301,2660
2014/06/18,9097,2619
2014/06/19,9251,2654
2014/06/20,9360,2682
2014/06/23,9340,2655
2014/06/24,9445,2658
2014/06/25,9415,2598
2014/06/26,9500,2587
2014/06/27,9480,2596
2014/06/30,9715,2625
2014/07/01,9790,2608
2014/07/02,9700,2610
2014/07/03,9647,2606
2014/07/04,9625,2590
2014/07/07,9600,2604
2014/07/08,9649,2594
2014/07/09,9700,2569
2014/07/10,9583,2571
2014/07/11,9517,2565
2014/07/14,9615,2552
2014/07/15,9602,2570
2014/07/16,9730,2579
2014/07/17,9700,2591
2014/07/18,9705,2529
2014/07/21,9511,2520
2014/07/22,9692,2513
2014/07/23,9850,2550
2014/07/24,9800,2565
2014/07/25,9761,2574
2014/07/28,9740,2583
2014/07/29,9740,2610
2014/07/30,9494,2602
2014/07/31,9400,2599
2014/08/01,9394,2590
2014/08/04,9548,2605
2014/08/05,9721,2626
2014/08/06,9508,2600
2014/08/07,9548,2600
2014/08/08,9540,2564
2014/08/11,9730,2631
2014/08/12,9800,2650
2014/08/13,9800,2637
2014/08/14,9911,2642
2014/08/15,9859,2633
2014/08/18,9745,2679
2014/08/19,9787,2675
2014/08/20,9700,2679
2014/08/21,9700,2685
2014/08/22,9765,2692
2014/08/25,9795,2685
2014/08/26,9815,2697
2014/08/27,10000,2700
2014/08/28,9905,2725
2014/08/29,9815,2749
2014/09/01,9880,2786
2014/09/02,9930,2825
2014/09/03,10177,2820
2014/09/04,10350,2830
2014/09/05,10275,2832
2014/09/08,10358,2821
2014/09/09,10208,2804
2014/09/10,10213,2839
2014/09/11,10273,2870
2014/09/12,10300,2911
2014/09/15,10155,2875
2014/09/16,10236,2856
2014/09/17,10253,2880
2014/09/18,10270,2940
2014/09/19,10167,2826
2014/09/22,9934,2830
2014/09/23,9835,2778
2014/09/25,9700,2790
2014/09/26,9741,2800
2014/09/29,9698,2620
2014/09/30,9833,2621
2014/10/01,9675,2635
2014/10/02,9533,2644
2014/10/03,9602,2656
2014/10/06,9635,2630
2014/10/07,9450,2611
2014/10/08,9210,2607
2014/10/09,9050,2616
2014/10/10,9170,2560
2014/10/13,9216,2575
2014/10/14,9416,2612
2014/10/15,9170,2540
2014/10/16,9329,2590
2014/10/17,9470,2609
2014/10/20,9500,2608
2014/10/21,9740,2628
2014/10/22,9632,2660
2014/10/23,9640,2650
2014/10/24,9600,2663
2014/10/27,9792,2688
2014/10/28,9940,2719
2014/10/29,9939,2770
2014/10/30,9899,2788
2014/10/31,10033,2819
2014/11/03,10120,2857
2014/11/04,10072,2822
2014/11/05,10000,2883
2014/11/06,9953,2850
2014/11/07,10017,2875
2014/11/10,10450,2946
2014/11/11,10478,2976
2014/11/12,10571,3023
2014/11/13,10300,3003
2014/11/14,10506,3038
2014/11/17,10544,3001
2014/11/18,10624,3084
2014/11/19,10693,3019
2014/11/20,10469,3008
2014/11/21,10888,3075
2014/11/24,10977,3083
2014/11/25,11075,3040
2014/11/26,10950,3112
2014/11/27,11079,3125
2014/11/28,11150,3155
2014/12/01,10928,3046
2014/12/02,11040,3109
2014/12/03,11025,3075
2014/12/04,11020,3078
2014/12/05,10940,3022
2014/12/08,11045,3041
2014/12/09,10800,3015
2014/12/10,10747,3015
2014/12/11,10813,2982
2014/12/12,10549,2968
2014/12/15,10482,2918
2014/12/17,10262,2889
2014/12/18,10851,2992
2014/12/19,11023,2999
2014/12/22,10883,2990
2014/12/23,10989,3004
2014/12/24,10896,2980
2014/12/29,11186,3013
2014/12/30,11069,3019
2014/12/31,11140,3000
2015/01/02,10940,3031
2015/01/05,10715,2947
2015/01/06,11100,2990
2015/01/07,11091,2972
2015/01/08,11465,3055
2015/01/09,11143,2993
2015/01/12,11000,2929
2015/01/13,11430,2974
2015/01/14,11362,2946
2015/01/15,11500,2920
2015/01/16,11663,2960
2015/01/19,11773,2962
2015/01/20,11524,2941
2015/01/21,11590,2963
2015/01/22,11375,3031
2015/01/23,11430,3083
2015/01/26,11489,3086
2015/01/27,11560,3109
2015/01/28,11660,3133
2015/01/29,11629,3110
2015/01/30,11530,3133
2015/02/02,11447,3134
2015/02/03,11599,3212
2015/02/04,11548,3189
2015/02/05,11704,3208
2015/02/06,11935,3246
2015/02/09,11840,3255
2015/02/10,11892,3263
2015/02/11,11900,3294
2015/02/12,11930,3320
2015/02/13,11831,3335
2015/02/16,11916,3300
2015/02/17,11890,3290
2015/02/18,11611,3283
2015/02/19,11700,3300
2015/02/20,11500,3289
2015/02/23,11540,3291
2015/02/24,11410,3382
2015/02/25,11950,3333
2015/02/26,11940,3269
2015/02/27,11979,3255
2015/03/02,11900,3209
2015/03/03,12100,3210
2015/03/04,12478,3230
2015/03/05,13200,3245
2015/03/06,13000,3262
2015/03/09,12802,3209
2015/03/10,12800,3160
2015/03/11,12750,3155
2015/03/12,13000,3225
2015/03/13,13005,3242
2015/03/16,12350,3194
2015/03/17,12289,3275
2015/03/18,12315,3286
2015/03/19,12800,3327
2015/03/20,12450,3230
2015/03/23,12040,3172
2015/03/24,12106,3220
2015/03/25,12092,3254
2015/03/26,12100,3198
2015/03/27,12280,3205
2015/03/30,12394,3243
2015/03/31,12480,3282
2015/04/01,12850,3280
2015/04/02,13150,3314
2015/04/07,13356,3307
2015/04/08,13249,3280
2015/04/09,13320,3330
2015/04/10,13650,3380
2015/04/13,14195,3475
2015/04/14,13758,3390
2015/04/15,13550,3372
2015/04/16,13586,3416
2015/04/17,13613,3375
2015/04/20,13730,3390
2015/04/21,13750,3452
2015/04/22,13401,3425
2015/04/23,13667,3425
2015/04/24,13452,3421
2015/04/28,13300,3374
2015/04/29,13054,3366
2015/04/30,13208,3385
2015/05/04,12908,3352
2015/05/05,12926,3388
2015/05/06,12751,3300
2015/05/07,12525,3262
2015/05/08,12591,3319
2015/05/11,12760,3278
2015/05/12,12475,3246
2015/05/13,12449,3237
2015/05/14,12300,3220
2015/05/15,12258,3223
2015/05/18,12400,3302
2015/05/19,12757,3318
2015/05/20,12770,3358
2015/05/21,12550,3305
2015/05/22,12800,3241
2015/05/25,12681,3239
2015/05/26,12343,3148
2015/05/27,12399,3150
2015/05/28,12297,3138
2015/05/29,12182,3062
2015/06/01,12000,3018
2015/06/02,11811,2969
2015/06/03,11801,2960
2015/06/04,11822,2930
2015/06/05,11900,2956
2015/06/08,11935,2965
2015/06/09,11752,2965
2015/06/10,12030,2971
2015/06/11,12210,3023
2015/06/12,12293,2958
2015/06/15,11979,2933
2015/06/17,12179,2926
2015/06/18,12000,2935
2015/06/19,12010,2829
2015/06/22,12220,2917
2015/06/23,12409,2947
2015/06/24,12555,2954
2015/06/25,12884,3004
2015/06/26,12688,2964
2015/06/29,12453,2963
2015/06/30,12647,3015
2015/07/01,12740,2983
2015/07/02,12812,3040
2015/07/03,13055,3034
2015/07/06,12772,3000
2015/07/07,12313,2906
2015/07/08,12491,2935
2015/07/09,13060,3073
2015/07/10,13420,3100
2015/07/13,13634,3107
2015/07/14,13361,3054
2015/07/15,13611,3070
2015/07/16,13858,3096
2015/07/17,13900,3095
2015/07/20,14059,3134
2015/07/21,13795,3104
2015/07/22,13530,3023
2015/07/23,13700,3019
2015/07/24,13401,2959
2015/07/27,13650,2928
2015/07/28,13353,2880
2015/07/29,13550,2910
2015/07/30,13650,2920
2015/07/31,13585,2945
2015/08/03,13550,2893
2015/08/04,13750,2989
2015/08/05,13777,3000
2015/08/06,13750,3016
2015/08/07,13564,2994
2015/08/11,13626,2983
2015/08/12,13240,2848
2015/08/13,13342,2920
2015/08/14,13209,2839
2015/08/17,13401,2805
2015/08/18,13512,2800
2015/08/19,13332,2800
2015/08/20,13008,2806
2015/08/21,12737,2769
2015/08/24,12408,2671
2015/08/25,12927,2800
2015/08/26,13004,2757
2015/08/27,12897,2780
2015/08/28,13339,2822
2015/08/31,13401,2811
2015/09/01,12905,2756
2015/09/02,13076,2760
2015/09/03,13369,2749
2015/09/04,12915,2660
2015/09/07,12635,2640
2015/09/08,12834,2635
2015/09/09,13000,2589
2015/09/10,12903,2590
2015/09/11,12975,2495
2015/09/14,13365,2577
2015/09/15,13218,2556
2015/09/16,13372,2558
2015/09/17,13764,2570
2015/09/18,13769,2591
2015/09/21,13600,2545
2015/09/22,13275,2508
2015/09/23,13510,2541
2015/09/25,13436,2509
2015/09/28,13203,2384
2015/09/29,13268,2312
2015/09/30,13766,2379
2015/10/01,13655,2400
2015/10/02,13850,2440
2015/10/05,13935,2498
2015/10/06,13790,2457
2015/10/07,13835,2507
2015/10/08,13750,2507
2015/10/09,13735,2526
2015/10/12,13899,2521
2015/10/13,13907,2508
2015/10/14,13900,2512
2015/10/15,14200,2490
2015/10/16,14352,2455
2015/10/19,14570,2485
2015/10/20,14360,2422
2015/10/21,14343,2382
2015/10/22,14401,2386
2015/10/23,14596,2475
2015/10/26,14780,2553
2015/10/27,14965,2527
2015/10/28,15393,2552
2015/10/29,15075,2514
2015/10/30,14800,2510
2015/11/02,15295,2504
2015/11/03,15220,2562
2015/11/04,15467,2567
2015/11/05,14971,2544
2015/11/06,14550,2459
2015/11/09,14696,2481
2015/11/10,14170,2410
2015/11/11,14539,2415
2015/11/12,14432,2371
2015/11/13,13818,2320
2015/11/16,13984,2367
2015/11/17,14344,2401
2015/11/18,14474,2373
2015/11/19,14922,2499
2015/11/20,15090,2530
2015/11/23,15305,2534
