Date,First Rand,Nedbank
2004/05/12,935,1124
2004/05/13,935,1125
2004/05/14,902,1120
2004/05/17,925,1125
2004/05/18,915,1120
2004/05/19,960,1121
2004/05/20,971,1120
2004/05/21,955,1125
2004/05/24,930,1125
2004/05/25,955,1125
2004/05/26,975,1130
2004/05/27,1012,1125
2004/05/28,1000,1115
2004/05/31,1018,1115
2004/06/01,1010,1100
2004/06/02,1005,1099
2004/06/03,996,1099
2004/06/04,1000,1095
2004/06/07,1010,1120
2004/06/08,1020,1115
2004/06/09,1020,1115
2004/06/10,1007,1115
2004/06/11,1000,1110
2004/06/14,1015,1110
2004/06/15,1011,1110
2004/06/17,1005,1100
2004/06/18,1014,1105
2004/06/21,1020,1100
2004/06/22,1005,1105
2004/06/23,1015,1098
2004/06/24,1024,1098
2004/06/25,1010,1100
2004/06/28,1008,1100
2004/06/29,1020,1095
2004/06/30,1019,1095
2004/07/01,1010,1096
2004/07/02,1000,1110
2004/07/05,1019,1100
2004/07/06,1010,1110
2004/07/07,1010,1120
2004/07/08,1008,1118
2004/07/09,997,1110
2004/07/12,1005,1105
2004/07/13,1031,1110
2004/07/14,1027,1110
2004/07/15,1042,1116
2004/07/16,1010,1110
2004/07/19,1000,1110
2004/07/20,995,1110
2004/07/21,1015,1110
2004/07/22,1008,1120
2004/07/23,1010,1118
2004/07/26,1005,1123
2004/07/27,1010,1130
2004/07/28,1012,1135
2004/07/29,995,1138
2004/07/30,1004,1136
2004/08/02,1000,1140
2004/08/03,1003,1145
2004/08/04,1003,1160
2004/08/05,995,1163
2004/08/06,982,1170
2004/08/10,980,1170
2004/08/11,975,1175
2004/08/12,996,1169
2004/08/13,987,1169
2004/08/16,984,1170
2004/08/17,979,1170
2004/08/18,983,1173
2004/08/19,980,1171
2004/08/20,990,1170
2004/08/23,1020,1140
2004/08/24,1036,1140
2004/08/25,1036,1140
2004/08/26,1050,1100
2004/08/27,1061,1135
2004/08/30,1055,1135
2004/08/31,1069,1133
2004/09/01,1080,1145
2004/09/02,1090,1140
2004/09/03,1098,1131
2004/09/06,1080,1150
2004/09/07,1084,1150
2004/09/08,1091,1165
2004/09/09,1112,1175
2004/09/10,1098,1175
2004/09/13,1110,1175
2004/09/14,1125,1175
2004/09/15,1124,1140
2004/09/16,1145,1135
2004/09/17,1160,1140
2004/09/20,1185,1131
2004/09/21,1180,1125
2004/09/22,1160,1135
2004/09/23,1173,1140
2004/09/27,1170,1146
2004/09/28,1180,1140
2004/09/29,1210,1137
2004/09/30,1212,1135
2004/10/01,1210,1135
2004/10/04,1193,1137
2004/10/05,1190,1130
2004/10/06,1200,1121
2004/10/07,1199,1130
2004/10/08,1180,1160
2004/10/11,1185,1160
2004/10/12,1160,1160
2004/10/13,1170,1150
2004/10/14,1185,1150
2004/10/15,1192,1150
2004/10/18,1190,1148
2004/10/19,1190,1150
2004/10/20,1185,1150
2004/10/21,1195,1145
2004/10/22,1196,1140
2004/10/25,1175,1139
2004/10/26,1210,1148
2004/10/27,1226,1130
2004/10/28,1220,1130
2004/10/29,1215,1135
2004/11/01,1250,1140
2004/11/02,1260,1145
2004/11/03,1237,1140
2004/11/04,1244,1145
2004/11/05,1265,1140
2004/11/08,1290,1145
2004/11/09,1270,1140
2004/11/10,1242,1170
2004/11/11,1240,1165
2004/11/12,1249,1175
2004/11/15,1249,1175
2004/11/16,1250,1185
2004/11/17,1266,1185
2004/11/18,1258,1170
2004/11/19,1240,1173
2004/11/22,1245,1190
2004/11/23,1230,1190
2004/11/24,1251,1185
2004/11/25,1300,1180
2004/11/26,1295,1185
2004/11/29,1320,1185
2004/11/30,1330,1184
2004/12/01,1340,1180
2004/12/02,1334,1180
2004/12/03,1325,1180
2004/12/06,1325,1180
2004/12/07,1309,1180
2004/12/08,1300,1180
2004/12/09,1290,1200
2004/12/10,1300,1200
2004/12/13,1325,1210
2004/12/14,1310,1245
2004/12/15,1320,1271
2004/12/17,1330,1300
2004/12/20,1340,1317
2004/12/21,1346,1342
2004/12/22,1357,1370
2004/12/23,1374,1307
2004/12/24,1350,1300
2004/12/28,1385,1310
2004/12/29,1377,1300
2004/12/30,1360,1310
2004/12/31,1335,1200
2005/01/03,1366,1220
2005/01/04,1395,1225
2005/01/05,1380,1266
2005/01/06,1320,1290
2005/01/07,1345,1295
2005/01/10,1342,1300
2005/01/11,1303,1305
2005/01/12,1325,1308
2005/01/13,1320,1305
2005/01/14,1313,1304
2005/01/17,1290,1295
2005/01/18,1260,1260
2005/01/19,1270,1230
2005/01/20,1263,1235
2005/01/21,1299,1240
2005/01/24,1300,1235
2005/01/25,1298,1225
2005/01/26,1310,1230
2005/01/27,1346,1250
2005/01/28,1345,1265
2005/01/31,1365,1250
2005/02/01,1352,1246
2005/02/02,1311,1241
2005/02/03,1330,1240
2005/02/04,1357,1210
2005/02/07,1315,1240
2005/02/08,1300,1230
2005/02/09,1330,1240
2005/02/10,1360,1250
2005/02/11,1359,1250
2005/02/14,1349,1250
2005/02/15,1363,1250
2005/02/16,1394,1250
2005/02/17,1395,1250
2005/02/18,1375,1250
2005/02/21,1370,1220
2005/02/22,1405,1220
2005/02/23,1399,1230
2005/02/24,1395,1235
2005/02/25,1410,1250
2005/02/28,1399,1225
2005/03/01,1385,1250
2005/03/02,1381,1240
2005/03/03,1395,1240
2005/03/04,1419,1250
2005/03/07,1405,1250
2005/03/08,1425,1240
2005/03/09,1430,1250
2005/03/10,1422,1250
2005/03/11,1400,1250
2005/03/14,1394,1195
2005/03/15,1380,1196
2005/03/16,1350,1200
2005/03/17,1315,1180
2005/03/18,1300,1180
2005/03/22,1326,1150
2005/03/23,1319,1175
2005/03/24,1318,1160
2005/03/29,1323,1180
2005/03/30,1320,1180
2005/03/31,1333,1190
2005/04/01,1373,1200
2005/04/04,1346,1198
2005/04/05,1318,1195
2005/04/06,1321,1200
2005/04/07,1318,1200
2005/04/08,1322,1200
2005/04/11,1304,1200
2005/04/12,1291,1220
2005/04/13,1285,1220
2005/04/14,1320,1215
2005/04/15,1315,1215
2005/04/18,1320,1230
2005/04/19,1325,1230
2005/04/20,1305,1230
2005/04/21,1324,1220
2005/04/22,1300,1215
2005/04/25,1305,1230
2005/04/26,1340,1230
2005/04/28,1300,1210
2005/04/29,1295,1210
2005/05/03,1316,1210
2005/05/04,1340,1210
2005/05/05,1361,1230
2005/05/06,1385,1230
2005/05/09,1400,1201
2005/05/10,1390,1205
2005/05/11,1412,1210
2005/05/12,1381,1210
2005/05/13,1392,1210
2005/05/16,1402,1210
2005/05/17,1367,1210
2005/05/18,1376,1205
2005/05/19,1382,1185
2005/05/20,1400,1175
2005/05/23,1360,1200
2005/05/24,1365,1210
2005/05/25,1390,1210
2005/05/26,1387,1210
2005/05/27,1386,1210
2005/05/30,1385,1210
2005/05/31,1368,1210
2005/06/01,1335,1206
2005/06/02,1335,1215
2005/06/03,1375,1195
2005/06/06,1410,1203
2005/06/07,1443,1210
2005/06/08,1445,1210
2005/06/09,1430,1215
2005/06/10,1454,1210
2005/06/13,1410,1210
2005/06/14,1395,1209
2005/06/15,1440,1209
2005/06/17,1453,1209
2005/06/20,1449,1209
2005/06/21,1450,1208
2005/06/22,1449,1206
2005/06/23,1430,1209
2005/06/24,1390,1195
2005/06/27,1387,1190
2005/06/28,1415,1196
2005/06/29,1422,1209
2005/06/30,1387,1209
2005/07/01,1390,1198
2005/07/04,1397,1190
2005/07/05,1396,1200
2005/07/06,1392,1200
2005/07/07,1400,1208
2005/07/08,1393,1200
2005/07/11,1423,1205
2005/07/12,1490,1210
2005/07/13,1501,1215
2005/07/14,1546,1220
2005/07/15,1480,1227
2005/07/18,1515,1230
2005/07/19,1550,1221
2005/07/20,1543,1226
2005/07/21,1545,1245
2005/07/22,1570,1245
2005/07/25,1582,1240
2005/07/26,1560,1244
2005/07/27,1591,1240
2005/07/28,1620,1241
2005/07/29,1585,1240
2005/08/01,1605,1235
2005/08/02,1630,1235
2005/08/03,1615,1230
2005/08/04,1602,1217
2005/08/05,1620,1205
2005/08/08,1660,1205
2005/08/10,1692,1211
2005/08/11,1695,1217
2005/08/12,1681,1255
2005/08/15,1659,1255
2005/08/16,1648,1230
2005/08/17,1604,1194
2005/08/18,1605,1200
2005/08/19,1624,1200
2005/08/22,1625,1156
2005/08/23,1639,1160
2005/08/24,1611,1150
2005/08/25,1586,1165
2005/08/26,1552,1160
2005/08/29,1545,1160
2005/08/30,1523,1160
2005/08/31,1520,1160
2005/09/01,1576,1166
2005/09/02,1615,1160
2005/09/05,1609,1160
2005/09/06,1616,1165
2005/09/07,1670,1180
2005/09/08,1640,1195
2005/09/09,1620,1185
2005/09/12,1640,1179
2005/09/13,1650,1180
2005/09/14,1675,1193
2005/09/15,1655,1189
2005/09/16,1680,1175
2005/09/19,1660,1180
2005/09/20,1647,1180
2005/09/21,1650,1181
2005/09/22,1627,1189
2005/09/23,1610,1189
2005/09/26,1647,1170
2005/09/27,1654,1170
2005/09/28,1657,1195
2005/09/29,1663,1200
2005/09/30,1695,1195
2005/10/03,1650,1180
2005/10/04,1645,1165
2005/10/05,1635,1170
2005/10/06,1602,1195
2005/10/07,1588,1175
2005/10/10,1612,1194
2005/10/11,1616,1199
2005/10/12,1611,1200
2005/10/13,1568,1200
2005/10/14,1551,1199
2005/10/17,1560,1199
2005/10/18,1550,1199
2005/10/19,1491,1199
2005/10/20,1530,1199
2005/10/21,1520,1199
2005/10/24,1570,1199
2005/10/25,1570,1202
2005/10/26,1589,1200
2005/10/27,1550,1210
2005/10/28,1545,1210
2005/10/31,1579,1210
2005/11/01,1624,1215
2005/11/02,1615,1211
2005/11/03,1635,1215
2005/11/04,1615,1220
2005/11/07,1635,1230
2005/11/08,1566,1230
2005/11/09,1600,1225
2005/11/10,1635,1225
2005/11/11,1665,1230
2005/11/14,1700,1230
2005/11/15,1660,1235
2005/11/16,1655,1240
2005/11/17,1670,1239
2005/11/18,1649,1235
2005/11/21,1625,1236
2005/11/22,1590,1245
2005/11/23,1602,1250
2005/11/24,1630,1255
2005/11/25,1605,1250
2005/11/28,1590,1251
2005/11/29,1603,1255
2005/11/30,1580,1249
2005/12/01,1561,1245
2005/12/02,1595,1245
2005/12/05,1625,1225
2005/12/06,1690,1245
2005/12/07,1760,1241
2005/12/08,1725,1240
2005/12/09,1725,1260
2005/12/12,1740,1250
2005/12/13,1755,1260
2005/12/14,1740,1275
2005/12/15,1802,1275
2005/12/19,1848,1288
2005/12/20,1850,1276
2005/12/21,1876,1280
2005/12/22,1882,1289
2005/12/23,1900,1285
2005/12/27,1945,1297
2005/12/28,1900,1270
2005/12/29,1900,1296
2005/12/30,1845,1275
2006/01/03,1895,1290
2006/01/04,1875,1290
2006/01/05,1831,1273
2006/01/06,1892,1290
2006/01/09,1900,1275
2006/01/10,1915,1276
2006/01/11,1965,1275
2006/01/12,1939,1288
2006/01/13,1947,1280
2006/01/16,1900,1279
2006/01/17,1845,1275
2006/01/18,1840,1270
2006/01/19,1935,1270
2006/01/20,1920,1270
2006/01/23,1909,1271
2006/01/24,1915,1290
2006/01/25,1911,1285
2006/01/26,1880,1285
2006/01/27,1900,1285
2006/01/30,1885,1285
2006/01/31,1935,1279
2006/02/01,1975,1290
2006/02/02,1984,1285
2006/02/03,1925,1298
2006/02/06,1999,1286
2006/02/07,1926,1280
2006/02/08,1870,1285
2006/02/09,1920,1285
2006/02/10,1904,1286
2006/02/13,1856,1299
2006/02/14,1821,1320
2006/02/15,1850,1322
2006/02/16,1910,1300
2006/02/17,1990,1285
2006/02/20,1990,1310
2006/02/21,2020,1323
2006/02/22,2015,1323
2006/02/23,2035,1335
2006/02/24,1970,1335
2006/02/27,1981,1325
2006/02/28,1870,1335
2006/03/02,1910,1330
2006/03/03,1886,1330
2006/03/06,1915,1315
2006/03/07,1778,1315
2006/03/08,1832,1320
2006/03/09,1940,1315
2006/03/10,1888,1310
2006/03/13,1920,1250
2006/03/14,1949,1240
2006/03/15,2000,1230
2006/03/16,2030,1230
2006/03/17,2040,1229
2006/03/20,2075,1227
2006/03/22,2060,1230
2006/03/23,2080,1227
2006/03/24,2078,1230
2006/03/27,2093,1230
2006/03/28,2025,1245
2006/03/29,2050,1275
2006/03/30,2080,1260
2006/03/31,2000,1260
2006/04/03,2038,1261
2006/04/04,1976,1240
2006/04/05,2005,1260
2006/04/06,1956,1250
2006/04/07,2010,1260
2006/04/10,2005,1230
2006/04/11,2015,1210
2006/04/12,1975,1200
2006/04/13,2020,1200
2006/04/18,2015,1210
2006/04/19,2043,1200
2006/04/20,2020,1210
2006/04/21,2010,1210
2006/04/24,1985,1215
2006/04/25,1970,1211
2006/04/26,1976,1250
2006/04/28,1980,1257
2006/05/02,1966,1236
2006/05/03,1935,1250
2006/05/04,1918,1260
2006/05/05,1930,1275
2006/05/08,1906,1265
2006/05/09,1925,1260
2006/05/10,1928,1260
2006/05/11,1905,1270
2006/05/12,1864,1260
2006/05/15,1813,1240
2006/05/16,1875,1240
2006/05/17,1880,1225
2006/05/18,1861,1230
2006/05/19,1819,1230
2006/05/22,1712,1230
2006/05/23,1780,1225
2006/05/24,1735,1225
2006/05/25,1780,1220
2006/05/26,1825,1220
2006/05/29,1850,1230
2006/05/30,1786,1215
2006/05/31,1771,1215
2006/06/01,1810,1215
2006/06/02,1875,1215
2006/06/05,1870,1215
2006/06/06,1780,1200
2006/06/07,1720,1220
2006/06/08,1620,1210
2006/06/09,1780,1205
2006/06/12,1723,1210
2006/06/13,1725,1170
2006/06/14,1755,1140
2006/06/15,1820,1139
2006/06/19,1820,1150
2006/06/20,1815,1160
2006/06/21,1765,1180
2006/06/22,1736,1200
2006/06/23,1645,1219
2006/06/26,1540,1210
2006/06/27,1552,1215
2006/06/28,1586,1220
2006/06/29,1651,1215
2006/06/30,1690,1220
2006/07/03,1769,1230
2006/07/04,1760,1229
2006/07/05,1700,1220
2006/07/06,1700,1230
2006/07/07,1719,1230
2006/07/10,1755,1230
2006/07/11,1711,1230
2006/07/12,1750,1221
2006/07/13,1685,1210
2006/07/14,1660,1220
2006/07/17,1591,1208
2006/07/18,1600,1203
2006/07/19,1656,1210
2006/07/20,1656,1210
2006/07/21,1655,1210
2006/07/24,1665,1225
2006/07/25,1670,1215
2006/07/26,1670,1215
2006/07/27,1715,1215
2006/07/28,1695,1215
2006/07/31,1727,1215
2006/08/01,1661,1215
2006/08/02,1649,1220
2006/08/03,1650,1215
2006/08/04,1670,1230
2006/08/07,1620,1230
2006/08/08,1630,1229
2006/08/10,1632,1215
2006/08/11,1641,1225
2006/08/14,1620,1229
2006/08/15,1620,1230
2006/08/16,1624,1240
2006/08/17,1689,1245
2006/08/18,1704,1240
2006/08/21,1711,1215
2006/08/22,1730,1230
2006/08/23,1720,1220
2006/08/24,1720,1215
2006/08/25,1730,1216
2006/08/28,1760,1200
2006/08/29,1792,1170
2006/08/30,1822,1165
2006/08/31,1785,1170
2006/09/01,1800,1165
2006/09/04,1840,1160
2006/09/05,1835,1160
2006/09/06,1805,1160
2006/09/07,1767,1200
2006/09/08,1750,1168
2006/09/11,1691,1155
2006/09/12,1712,1129
2006/09/13,1753,1118
2006/09/14,1721,1120
2006/09/15,1762,1115
2006/09/18,1810,1110
2006/09/19,1804,1111
2006/09/20,1800,1110
2006/09/21,1840,1110
2006/09/22,1795,1119
2006/09/26,1800,1110
2006/09/27,1775,1120
2006/09/28,1789,1130
2006/09/29,1770,1125
2006/10/02,1750,1160
2006/10/03,1750,1168
2006/10/04,1770,1168
2006/10/05,1795,1150
2006/10/06,1815,1140
2006/10/09,1821,1160
2006/10/10,1788,1155
2006/10/11,1785,1150
2006/10/12,1800,1119
2006/10/13,1850,1120
2006/10/16,1875,1110
2006/10/17,1852,1131
2006/10/18,1855,1150
2006/10/19,1840,1145
2006/10/20,1840,1150
2006/10/23,1815,1160
2006/10/24,1825,1150
2006/10/25,1835,1145
2006/10/26,1804,1142
2006/10/27,1811,1140
2006/10/30,1810,1130
2006/10/31,1927,1125
2006/11/01,1961,1125
2006/11/02,1930,1136
2006/11/03,1935,1135
2006/11/06,1977,1140
2006/11/07,1958,1130
2006/11/08,1980,1135
2006/11/09,1958,1145
2006/11/10,1939,1130
2006/11/13,1950,1125
2006/11/14,1935,1130
2006/11/15,1919,1130
2006/11/16,1899,1131
2006/11/17,1888,1111
2006/11/20,1901,1111
2006/11/21,1955,1115
2006/11/22,2008,1111
2006/11/23,2040,1100
2006/11/24,2030,1095
2006/11/27,2039,1095
2006/11/28,1955,1091
2006/11/29,1993,1090
2006/11/30,1977,1095
2006/12/01,1997,1090
2006/12/04,2002,1090
2006/12/05,1970,1095
2006/12/06,1965,1100
2006/12/07,1970,1105
2006/12/08,1970,1110
2006/12/11,1952,1125
2006/12/12,1945,1130
2006/12/13,1999,1150
2006/12/14,2043,1120
2006/12/15,2070,1115
2006/12/18,2080,1126
2006/12/19,2060,1140
2006/12/20,2152,1135
2006/12/21,2235,1130
2006/12/22,2255,1120
2006/12/27,2254,1130
2006/12/28,2230,1130
2006/12/29,2220,1140
2007/01/02,2219,1140
2007/01/03,2171,1130
2007/01/04,2115,1130
2007/01/05,2181,1120
2007/01/09,2310,1110
2007/01/10,2275,1120
2007/01/11,2265,1120
2007/01/12,2260,1120
2007/01/15,2310,1110
2007/01/16,2350,1110
2007/01/17,2350,1110
2007/01/18,2382,1100
2007/01/19,2319,1105
2007/01/22,2365,1090
2007/01/23,2365,1085
2007/01/24,2343,1095
2007/01/25,2291,1105
2007/01/26,2325,1095
2007/01/29,2282,1110
2007/01/30,2310,1100
2007/01/31,2300,1110
2007/02/01,2360,1115
2007/02/02,2337,1115
2007/02/05,2284,1115
2007/02/06,2358,1115
2007/02/07,2330,1102
2007/02/08,2242,1109
2007/02/09,2261,1110
2007/02/12,2282,1100
2007/02/13,2285,1100
2007/02/14,2250,1100
2007/02/15,2314,1105
2007/02/16,2380,1120
2007/02/19,2360,1120
2007/02/20,2350,1100
2007/02/21,2360,1085
2007/02/22,2455,1051
2007/02/23,2445,1070
2007/02/26,2467,1075
2007/02/27,2382,1070
2007/02/28,2395,1065
2007/03/01,2316,1075
2007/03/02,2300,1080
2007/03/05,2186,1100
2007/03/06,2210,1090
2007/03/07,2230,1100
2007/03/08,2299,1080
2007/03/09,2355,1080
2007/03/12,2350,1070
2007/03/13,2291,1070
2007/03/14,2250,1090
2007/03/15,2245,1090
2007/03/16,2178,1025
2007/03/19,2214,1015
2007/03/20,2280,1015
2007/03/22,2349,1020
2007/03/23,2371,1010
2007/03/26,2285,1020
2007/03/27,2330,1015
2007/03/28,2285,1014
2007/03/29,2377,1013
2007/03/30,2460,1016
2007/04/02,2430,1015
2007/04/03,2455,1010
2007/04/04,2460,1002
2007/04/05,2437,1000
2007/04/10,2440,1000
2007/04/11,2375,999
2007/04/12,2430,995
2007/04/13,2520,995
2007/04/16,2468,1005
2007/04/17,2575,1025
2007/04/18,2505,1025
2007/04/19,2520,1020
2007/04/20,2559,1020
2007/04/23,2531,1020
2007/04/24,2535,1022
2007/04/25,2545,1030
2007/04/26,2520,1049
2007/04/30,2520,1049
2007/05/02,2510,1070
2007/05/03,2514,1095
2007/05/04,2487,1101
2007/05/07,2461,1090
2007/05/08,2420,1080
2007/05/09,2416,1090
2007/05/10,2465,1086
2007/05/11,2459,1090
2007/05/14,2415,1091
2007/05/15,2370,1112
2007/05/16,2325,1107
2007/05/17,2325,1107
2007/05/18,2330,1099
2007/05/21,2343,1100
2007/05/22,2405,1100
2007/05/23,2485,1100
2007/05/24,2405,1114
2007/05/25,2375,1110
2007/05/28,2385,1111
2007/05/29,2397,1130
2007/05/30,2315,1125
2007/05/31,2289,1120
2007/06/01,2290,1130
2007/06/04,2280,1105
2007/06/05,2284,1125
2007/06/06,2275,1110
2007/06/07,2300,1120
2007/06/08,2239,1120
2007/06/11,2305,1100
2007/06/12,2277,1110
2007/06/13,2300,1105
2007/06/14,2374,1105
2007/06/15,2369,1090
2007/06/18,2331,1070
2007/06/19,2360,1076
2007/06/20,2350,1075
2007/06/21,2330,1085
2007/06/22,2306,1060
2007/06/25,2300,1075
2007/06/26,2230,1080
2007/06/27,2187,1070
2007/06/28,2240,1072
2007/06/29,2260,1076
2007/07/02,2275,1070
2007/07/03,2280,1065
2007/07/04,2235,1065
2007/07/05,2220,1070
2007/07/06,2275,1070
2007/07/09,2320,1070
2007/07/10,2390,1070
2007/07/11,2400,1065
2007/07/12,2365,1060
2007/07/13,2355,1080
2007/07/16,2360,1075
2007/07/17,2331,1080
2007/07/18,2351,1078
2007/07/19,2360,1075
2007/07/20,2359,1066
2007/07/23,2431,1070
2007/07/24,2460,1070
2007/07/25,2409,1060
2007/07/26,2330,1060
2007/07/27,2280,1070
2007/07/30,2310,1065
2007/07/31,2318,1065
2007/08/01,2300,1065
2007/08/02,2330,1065
2007/08/03,2260,1080
2007/08/06,2234,1071
2007/08/07,2299,1065
2007/08/08,2370,1061
2007/08/10,2250,1059
2007/08/13,2340,1059
2007/08/14,2240,1075
2007/08/15,2240,1075
2007/08/16,2155,1045
2007/08/17,2175,1042
2007/08/20,2190,1050
2007/08/21,2135,1075
2007/08/22,2189,1070
2007/08/23,2235,1075
2007/08/24,2240,1075
2007/08/27,2289,1045
2007/08/28,2210,1015
2007/08/29,2260,1015
2007/08/30,2316,1005
2007/08/31,2335,1000
2007/09/03,2340,1000
2007/09/04,2355,1026
2007/09/05,2270,1000
2007/09/06,2300,1020
2007/09/07,2230,1020
2007/09/10,2280,1020
2007/09/11,2308,1000
2007/09/12,2285,1019
2007/09/13,2285,1018
2007/09/14,2301,1010
2007/09/17,2320,1005
2007/09/18,2249,1000
2007/09/19,2280,1000
2007/09/20,2292,995
2007/09/21,2251,990
2007/09/25,2180,970
2007/09/26,2200,995
2007/09/27,2236,995
2007/09/28,2210,1010
2007/10/01,2190,1000
2007/10/02,2290,1009
2007/10/03,2400,1005
2007/10/04,2400,1000
2007/10/05,2439,1000
2007/10/08,2438,1007
2007/10/09,2390,1005
2007/10/10,2428,1005
2007/10/11,2485,1004
2007/10/12,2420,1000
2007/10/15,2370,1003
2007/10/16,2374,1005
2007/10/17,2395,1005
2007/10/18,2395,1000
2007/10/19,2367,1005
2007/10/22,2335,1000
2007/10/23,2399,1000
2007/10/24,2430,1000
2007/10/25,2540,1000
2007/10/26,2580,998
2007/10/29,2600,1001
2007/10/30,2595,1010
2007/10/31,2570,1005
2007/11/01,2510,1005
2007/11/02,2525,1005
2007/11/05,2521,1005
2007/11/06,2559,1011
2007/11/07,2521,1020
2007/11/08,2561,1019
2007/11/09,2578,1020
2007/11/12,2580,1006
2007/11/13,2575,1016
2007/11/14,2570,1020
2007/11/15,2570,1019
2007/11/16,2515,1000
2007/11/19,2338,1000
2007/11/20,2399,1015
2007/11/21,2389,1024
2007/11/22,2366,1020
2007/11/23,2335,1020
2007/11/26,2263,997
2007/11/27,2220,995
2007/11/28,2185,1000
2007/11/29,2213,1005
2007/11/30,2150,1020
2007/12/03,2120,1000
2007/12/04,2130,1005
2007/12/05,2205,1001
2007/12/06,2145,1005
2007/12/07,2095,1006
2007/12/10,2075,1015
2007/12/11,2125,1008
2007/12/12,2184,1021
2007/12/13,2070,1020
2007/12/14,2040,1022
2007/12/18,2050,1015
2007/12/19,2050,1015
2007/12/20,2100,1015
2007/12/21,2085,1020
2007/12/24,2075,1020
2007/12/27,2100,1021
2007/12/28,2076,1030
2007/12/31,1975,1030
2008/01/02,2025,1020
2008/01/03,1970,1030
2008/01/04,1937,1020
2008/01/07,1900,1010
2008/01/08,1959,1010
2008/01/09,1957,1003
2008/01/10,1860,1019
2008/01/11,1800,1020
2008/01/14,1854,1000
2008/01/15,1828,1000
2008/01/16,1841,1000
2008/01/17,1850,1010
2008/01/18,1779,1000
2008/01/21,1725,993
2008/01/22,1745,980
2008/01/23,1716,990
2008/01/24,1790,994
2008/01/25,1770,1030
2008/01/28,1660,1000
2008/01/29,1677,1010
2008/01/30,1671,1000
2008/01/31,1660,1010
2008/02/01,1760,1012
2008/02/04,1790,1005
2008/02/05,1680,1000
2008/02/06,1643,1005
2008/02/07,1611,1002
2008/02/08,1615,1000
2008/02/11,1599,1015
2008/02/12,1648,1020
2008/02/13,1710,1020
2008/02/14,1739,1020
2008/02/15,1710,1020
2008/02/18,1719,1020
2008/02/19,1775,1020
2008/02/20,1750,1020
2008/02/21,1741,1040
2008/02/22,1760,1025
2008/02/25,1805,1050
2008/02/26,1938,1025
2008/02/27,1921,1035
2008/02/28,1872,1037
2008/02/29,1870,1055
2008/03/03,1799,1050
2008/03/04,1703,1060
2008/03/05,1651,1055
2008/03/06,1676,1060
2008/03/07,1620,1055
2008/03/10,1622,1050
2008/03/11,1699,1050
2008/03/12,1686,1038
2008/03/13,1614,1020
2008/03/14,1600,1025
2008/03/17,1540,1015
2008/03/18,1604,1025
2008/03/19,1582,1050
2008/03/20,1540,998
2008/03/25,1605,995
2008/03/26,1610,990
2008/03/27,1655,990
2008/03/28,1647,980
2008/03/31,1600,980
2008/04/01,1620,980
2008/04/02,1708,985
2008/04/03,1685,970
2008/04/04,1693,970
2008/04/07,1705,975
2008/04/08,1717,962
2008/04/09,1710,978
2008/04/10,1665,970
2008/04/11,1650,980
2008/04/14,1616,995
2008/04/15,1668,1015
2008/04/16,1630,1001
2008/04/17,1600,1009
2008/04/18,1619,1010
2008/04/21,1633,1000
2008/04/22,1635,997
2008/04/23,1633,1000
2008/04/24,1596,997
2008/04/25,1586,1000
2008/04/29,1581,993
2008/04/30,1566,995
2008/05/05,1555,995
2008/05/06,1550,990
2008/05/07,1540,995
2008/05/08,1561,985
2008/05/09,1555,1002
2008/05/12,1545,990
2008/05/13,1555,980
2008/05/14,1570,980
2008/05/15,1584,970
2008/05/16,1580,975
2008/05/19,1544,971
2008/05/20,1535,981
2008/05/21,1540,985
2008/05/22,1515,990
2008/05/23,1520,990
2008/05/26,1518,995
2008/05/27,1500,990
2008/05/28,1479,970
2008/05/29,1441,969
2008/05/30,1470,960
2008/06/02,1461,955
2008/06/03,1433,970
2008/06/04,1483,976
2008/06/05,1507,990
2008/06/06,1448,974
2008/06/09,1418,972
2008/06/10,1392,970
2008/06/11,1376,960
2008/06/12,1384,950
2008/06/13,1353,951
2008/06/17,1334,975
2008/06/18,1325,985
2008/06/19,1321,990
2008/06/20,1324,985
2008/06/23,1313,980
2008/06/24,1290,970
2008/06/25,1305,995
2008/06/26,1300,994
2008/06/27,1335,994
2008/06/30,1330,998
2008/07/01,1309,995
2008/07/02,1315,971
2008/07/03,1304,965
2008/07/04,1303,975
2008/07/07,1348,950
2008/07/08,1360,950
2008/07/09,1400,970
2008/07/10,1396,980
2008/07/11,1372,965
2008/07/14,1338,965
2008/07/15,1329,975
2008/07/16,1480,970
2008/07/17,1550,990
2008/07/18,1501,1005
2008/07/21,1471,996
2008/07/22,1460,995
2008/07/23,1550,1000
2008/07/24,1589,1000
2008/07/25,1527,1020
2008/07/28,1524,1015
2008/07/29,1600,1020
2008/07/30,1642,1025
2008/07/31,1672,1020
2008/08/01,1620,1028
2008/08/04,1628,1040
2008/08/05,1618,1060
2008/08/06,1585,1061
2008/08/07,1599,1060
2008/08/08,1578,1070
2008/08/11,1606,1100
2008/08/12,1559,1095
2008/08/13,1527,1095
2008/08/14,1546,1100
2008/08/15,1633,1100
2008/08/18,1611,1080
2008/08/19,1529,1070
2008/08/20,1510,1072
2008/08/21,1507,1110
2008/08/22,1510,1075
2008/08/25,1540,1025
2008/08/26,1524,1000
2008/08/27,1610,1000
2008/08/28,1674,1010
2008/08/29,1642,1010
2008/09/01,1650,1000
2008/09/02,1660,1005
2008/09/03,1660,1005
2008/09/04,1665,1005
2008/09/05,1656,990
2008/09/08,1731,991
2008/09/09,1728,994
2008/09/10,1753,994
2008/09/11,1669,1000
2008/09/12,1700,1000
2008/09/15,1662,980
2008/09/16,1625,995
2008/09/17,1581,995
2008/09/18,1550,983
2008/09/19,1645,980
2008/09/22,1745,983
2008/09/23,1625,985
2008/09/25,1675,980
2008/09/26,1680,975
2008/09/29,1617,977
2008/09/30,1671,976
2008/10/01,1644,967
2008/10/02,1626,970
2008/10/03,1605,960
2008/10/06,1475,950
2008/10/07,1514,945
2008/10/08,1480,930
2008/10/09,1499,935
2008/10/10,1452,930
2008/10/13,1450,940
2008/10/14,1500,940
2008/10/15,1510,938
2008/10/16,1438,925
2008/10/17,1376,925
2008/10/20,1318,930
2008/10/21,1294,930
2008/10/22,1197,930
2008/10/23,1172,930
2008/10/24,1215,925
2008/10/27,1170,900
2008/10/28,1220,912
2008/10/29,1274,905
2008/10/30,1340,909
2008/10/31,1399,915
2008/11/03,1416,910
2008/11/04,1428,910
2008/11/05,1381,910
2008/11/06,1360,910
2008/11/07,1364,915
2008/11/10,1450,950
2008/11/11,1385,1000
2008/11/12,1401,985
2008/11/13,1375,965
2008/11/14,1390,960
2008/11/17,1368,963
2008/11/18,1361,965
2008/11/19,1410,975
2008/11/20,1370,981
2008/11/21,1370,985
2008/11/24,1411,1000
2008/11/25,1500,1000
2008/11/26,1550,1000
2008/11/27,1615,1000
2008/11/28,1650,970
2008/12/01,1650,975
2008/12/02,1455,970
2008/12/03,1415,970
2008/12/04,1468,970
2008/12/05,1524,975
2008/12/08,1610,995
2008/12/09,1643,1000
2008/12/10,1600,990
2008/12/11,1511,990
2008/12/12,1484,992
2008/12/15,1502,992
2008/12/17,1595,1000
2008/12/18,1690,995
2008/12/19,1585,1000
2008/12/22,1504,1000
2008/12/23,1530,1000
2008/12/24,1560,1000
2008/12/29,1590,990
2008/12/30,1592,990
2008/12/31,1611,990
2009/01/02,1578,990
2009/01/05,1585,990
2009/01/06,1664,995
2009/01/07,1585,1005
2009/01/08,1540,1010
2009/01/09,1570,1010
2009/01/12,1600,1015
2009/01/13,1584,1015
2009/01/14,1570,1029
2009/01/15,1459,1025
2009/01/16,1511,1005
2009/01/19,1417,1010
2009/01/20,1415,1009
2009/01/21,1435,1000
2009/01/22,1365,979
2009/01/23,1301,975
2009/01/26,1330,980
2009/01/27,1420,970
2009/01/28,1540,970
2009/01/29,1506,979
2009/01/30,1490,973
2009/02/02,1390,962
2009/02/03,1425,981
2009/02/04,1467,1000
2009/02/05,1423,985
2009/02/06,1510,1005
2009/02/09,1540,1005
2009/02/10,1520,1010
2009/02/11,1485,1010
2009/02/12,1448,1010
2009/02/13,1430,1014
2009/02/16,1392,1006
2009/02/17,1320,1009
2009/02/18,1300,1010
2009/02/19,1260,1008
2009/02/20,1181,1010
2009/02/23,1210,1010
2009/02/24,1218,1010
2009/02/25,1220,1005
2009/02/26,1275,1007
2009/02/27,1205,1005
2009/03/02,1150,1007
2009/03/03,1116,1007
2009/03/04,1160,1010
2009/03/05,1140,1010
2009/03/06,1175,1005
2009/03/09,1135,1010
2009/03/10,1136,1010
2009/03/11,1187,1002
2009/03/12,1230,1001
2009/03/13,1200,1009
2009/03/16,1170,1008
2009/03/17,1128,1006
2009/03/18,1154,1001
2009/03/19,1222,1005
2009/03/20,1220,1007
2009/03/23,1268,955
2009/03/24,1310,955
2009/03/25,1363,970
2009/03/26,1270,968
2009/03/27,1250,967
2009/03/30,1190,956
2009/03/31,1206,950
2009/04/01,1280,955
2009/04/02,1330,950
2009/04/03,1380,959
2009/04/06,1341,950
2009/04/07,1339,1000
2009/04/08,1302,996
2009/04/09,1350,975
2009/04/14,1400,990
2009/04/15,1372,990
2009/04/16,1320,990
2009/04/17,1325,995
2009/04/20,1250,990
2009/04/21,1210,965
2009/04/23,1275,970
2009/04/24,1250,980
2009/04/28,1299,985
2009/04/29,1336,992
2009/04/30,1305,998
2009/05/04,1383,997
2009/05/05,1380,996
2009/05/06,1360,1000
2009/05/07,1321,1005
2009/05/08,1325,1012
2009/05/11,1310,1018
2009/05/12,1334,1018
2009/05/13,1300,1018
2009/05/14,1280,1020
2009/05/15,1312,1025
2009/05/18,1353,1025
2009/05/19,1390,1035
2009/05/20,1420,1040
2009/05/21,1370,1040
2009/05/22,1400,1050
2009/05/25,1352,1050
2009/05/26,1347,1065
2009/05/27,1380,1060
2009/05/28,1377,1050
2009/05/29,1365,1050
2009/06/01,1385,1060
2009/06/02,1346,1060
2009/06/03,1344,1055
2009/06/04,1354,1060
2009/06/05,1330,1065
2009/06/08,1331,1059
2009/06/09,1344,1063
2009/06/10,1355,1065
2009/06/11,1360,1060
2009/06/12,1385,1055
2009/06/15,1390,1065
2009/06/17,1358,1066
2009/06/18,1375,1060
2009/06/19,1356,1055
2009/06/22,1340,1052
2009/06/23,1329,1055
2009/06/24,1330,1053
2009/06/25,1334,1050
2009/06/26,1380,1050
2009/06/29,1400,1005
2009/06/30,1406,995
2009/07/01,1435,990
2009/07/02,1392,1002
2009/07/03,1424,1010
2009/07/06,1393,1040
2009/07/07,1429,1030
2009/07/08,1439,1020
2009/07/09,1450,1030
2009/07/10,1469,1039
2009/07/13,1460,1020
2009/07/14,1505,1021
2009/07/15,1539,1030
2009/07/16,1515,1040
2009/07/17,1506,1045
2009/07/20,1540,1041
2009/07/21,1545,1045
2009/07/22,1542,1045
2009/07/23,1528,1040
2009/07/24,1538,1040
2009/07/27,1526,1040
2009/07/28,1518,1040
2009/07/29,1470,1040
2009/07/30,1525,1050
2009/07/31,1517,1050
2009/08/03,1517,1012
2009/08/04,1520,1015
2009/08/05,1515,1030
2009/08/06,1526,1035
2009/08/07,1531,1028
2009/08/11,1495,1033
2009/08/12,1485,1020
2009/08/13,1485,1020
2009/08/14,1498,1020
2009/08/17,1455,1040
2009/08/18,1477,1040
2009/08/19,1468,1038
2009/08/20,1477,1035
2009/08/21,1501,1040
2009/08/24,1560,990
2009/08/25,1558,980
2009/08/26,1590,980
2009/08/27,1615,985
2009/08/28,1591,990
2009/08/31,1588,980
2009/09/01,1597,985
2009/09/02,1570,982
2009/09/03,1528,990
2009/09/04,1535,982
2009/09/07,1555,985
2009/09/08,1590,984
2009/09/09,1574,975
2009/09/10,1555,986
2009/09/11,1576,975
2009/09/14,1530,975
2009/09/15,1569,976
2009/09/16,1570,978
2009/09/17,1625,976
2009/09/18,1641,976
2009/09/21,1642,982
2009/09/22,1655,980
2009/09/23,1650,972
2009/09/25,1637,965
2009/09/28,1675,960
2009/09/29,1627,960
2009/09/30,1651,958
2009/10/01,1623,955
2009/10/02,1588,956
2009/10/05,1591,956
2009/10/06,1627,956
2009/10/07,1628,974
2009/10/08,1630,986
2009/10/09,1630,989
2009/10/12,1625,995
2009/10/13,1670,998
2009/10/14,1720,998
2009/10/15,1715,999
2009/10/16,1682,1000
2009/10/19,1710,1000
2009/10/20,1715,1000
2009/10/21,1765,1005
2009/10/22,1765,1008
2009/10/23,1758,1030
2009/10/26,1741,1010
2009/10/27,1730,1010
2009/10/28,1720,1010
2009/10/29,1790,1005
2009/10/30,1779,1005
2009/11/02,1725,1010
2009/11/03,1689,1010
2009/11/04,1673,1005
2009/11/05,1690,1007
2009/11/06,1635,1009
2009/11/09,1718,1007
2009/11/10,1750,1014
2009/11/11,1730,1014
2009/11/12,1758,1014
2009/11/13,1729,1011
2009/11/16,1741,1007
2009/11/17,1735,1005
2009/11/18,1746,1010
2009/11/19,1725,1003
2009/11/20,1730,1000
2009/11/23,1746,1000
2009/11/24,1780,1000
2009/11/25,1770,995
2009/11/26,1745,999
2009/11/27,1744,990
2009/11/30,1737,996
2009/12/01,1754,997
2009/12/02,1758,993
2009/12/03,1745,990
2009/12/04,1770,998
2009/12/07,1765,998
2009/12/08,1782,999
2009/12/09,1790,995
2009/12/10,1810,1000
2009/12/11,1850,1000
2009/12/14,1832,999
2009/12/15,1814,998
2009/12/17,1834,1009
2009/12/18,1835,1010
2009/12/21,1813,1010
2009/12/22,1820,1018
2009/12/23,1822,1015
2009/12/24,1830,1005
2009/12/28,1857,1003
2009/12/29,1819,1005
2009/12/30,1815,1005
2009/12/31,1834,1005
2010/01/04,1840,1000
2010/01/05,1886,1000
2010/01/06,1892,1010
2010/01/07,1894,1010
2010/01/08,1900,1005
2010/01/11,1880,1007
2010/01/12,1865,1009
2010/01/13,1869,1010
2010/01/14,1843,1004
2010/01/15,1844,1010
2010/01/18,1858,1020
2010/01/19,1875,1020
2010/01/20,1902,1030
2010/01/21,1900,1030
2010/01/22,1870,1050
2010/01/25,1868,1060
2010/01/26,1860,1031
2010/01/27,1825,1050
2010/01/28,1850,1056
2010/01/29,1865,1050
2010/02/01,1835,1050
2010/02/02,1835,1060
2010/02/03,1839,1070
2010/02/04,1801,1085
2010/02/05,1775,1060
2010/02/08,1770,1064
2010/02/09,1825,1075
2010/02/10,1806,1065
2010/02/11,1807,1080
2010/02/12,1764,1080
2010/02/15,1829,1080
2010/02/16,1799,1090
2010/02/17,1830,1081
2010/02/18,1824,1091
2010/02/19,1800,1100
2010/02/22,1805,1100
2010/02/23,1815,1095
2010/02/24,1804,1100
2010/02/25,1810,1100
2010/02/26,1819,1090
2010/03/01,1855,1090
2010/03/02,1870,1095
2010/03/03,1890,1093
2010/03/04,1910,1100
2010/03/05,1958,1100
2010/03/08,1955,1075
2010/03/09,1935,1100
2010/03/10,1969,1085
2010/03/11,1955,1099
2010/03/12,1965,1100
2010/03/15,1966,1086
2010/03/16,1980,1095
2010/03/17,2000,1100
2010/03/18,2056,1103
2010/03/19,2045,1059
2010/03/23,2040,1059
2010/03/24,2040,1050
2010/03/25,2047,1058
2010/03/26,1989,1050
2010/03/29,1998,1046
2010/03/30,2005,1055
2010/03/31,2020,1053
2010/04/01,2020,1041
2010/04/06,2026,1059
2010/04/07,2049,1060
2010/04/08,1967,1057
2010/04/09,1995,1060
2010/04/12,1977,1055
2010/04/13,1980,1062
2010/04/14,2015,1100
2010/04/15,2012,1070
2010/04/16,2000,1050
2010/04/19,1989,1060
2010/04/20,2024,1053
2010/04/21,2015,1052
2010/04/22,1991,1041
2010/04/23,2000,1050
2010/04/26,2080,1050
2010/04/28,2000,1050
2010/04/29,2035,1044
2010/04/30,2043,1040
2010/05/03,2036,1028
2010/05/04,1999,1030
2010/05/05,1954,1030
2010/05/06,1985,1030
2010/05/07,1875,1034
2010/05/10,1985,1021
2010/05/11,2020,1030
2010/05/12,2080,1030
2010/05/13,2050,1030
2010/05/14,1990,1021
2010/05/17,1972,1021
2010/05/18,2015,1030
2010/05/19,2000,1020
2010/05/20,1900,1030
2010/05/21,1915,1023
2010/05/24,1960,1020
2010/05/25,1900,1015
2010/05/26,1956,1030
2010/05/27,1970,1028
2010/05/28,1960,1030
2010/05/31,1944,1020
2010/06/01,1944,1020
2010/06/02,1996,1025
2010/06/03,1936,1030
2010/06/04,1906,1030
2010/06/07,1860,1027
2010/06/08,1806,1030
2010/06/09,1865,1030
2010/06/10,1899,1021
2010/06/11,1857,1030
2010/06/14,1900,1030
2010/06/15,1940,1030
2010/06/17,1967,1024
2010/06/18,1895,1030
2010/06/21,1898,1030
2010/06/22,1938,1025
2010/06/23,1900,1030
2010/06/24,1900,1025
2010/06/25,1886,1021
2010/06/28,1900,1021
2010/06/29,1870,1030
2010/06/30,1806,1022
2010/07/01,1817,1030
2010/07/02,1861,1030
2010/07/05,1860,1040
2010/07/06,1908,1060
2010/07/07,1930,1030
2010/07/08,1965,1040
2010/07/09,1971,1040
2010/07/12,1960,1050
2010/07/13,2005,1055
2010/07/14,1984,1055
2010/07/15,1954,1060
2010/07/16,1980,1056
2010/07/19,1960,1070
2010/07/20,1971,1080
2010/07/21,2015,1100
2010/07/22,2052,1100
2010/07/23,2062,1100
2010/07/26,2080,1100
2010/07/27,2040,1100
2010/07/28,2035,1100
2010/07/29,2040,1090
2010/07/30,2025,1100
2010/08/02,2060,1099
2010/08/03,1992,1098
2010/08/04,1959,1095
2010/08/05,1952,1098
2010/08/06,1944,1099
2010/08/10,1905,1100
2010/08/11,1855,1092
2010/08/12,1872,1100
2010/08/13,1866,1100
2010/08/16,1876,1100
2010/08/17,1905,1105
2010/08/18,1860,1110
2010/08/19,1865,1117
2010/08/20,1845,1110
2010/08/23,1904,1066
2010/08/24,1885,1061
2010/08/25,1858,1060
2010/08/26,1875,1061
2010/08/27,1857,1060
2010/08/30,1885,1056
2010/08/31,1933,1065
2010/09/01,2014,1050
2010/09/02,1981,1060
2010/09/03,1995,1052
2010/09/06,1993,1060
2010/09/07,1950,1055
2010/09/08,1976,1040
2010/09/09,1996,1045
2010/09/10,2019,1035
2010/09/13,2055,1030
2010/09/14,2017,1030
2010/09/15,2021,1030
2010/09/16,2010,1040
2010/09/17,2000,1045
2010/09/20,2030,1060
2010/09/21,2050,1031
2010/09/22,2050,1058
2010/09/23,2062,1055
2010/09/27,2101,1050
2010/09/28,2092,1061
2010/09/29,2118,1068
2010/09/30,2146,1068
2010/10/01,2108,1050
2010/10/04,2115,1055
2010/10/05,2131,1060
2010/10/06,2117,1063
2010/10/07,2082,1067
2010/10/08,2098,1075
2010/10/11,2054,1070
2010/10/12,2069,1065
2010/10/13,2111,1065
2010/10/14,2085,1065
2010/10/15,2070,1078
2010/10/18,2066,1070
2010/10/19,2072,1068
2010/10/20,2070,1065
2010/10/21,2087,1080
2010/10/22,2065,1070
2010/10/25,2038,1075
2010/10/26,2040,1078
2010/10/27,2015,1070
2010/10/28,2042,1072
2010/10/29,2061,1072
2010/11/01,2093,1072
2010/11/02,2095,1075
2010/11/03,2140,1080
2010/11/04,2200,1085
2010/11/05,2230,1070
2010/11/08,2210,1070
2010/11/09,2230,1082
2010/11/10,2195,1080
2010/11/11,2196,1080
2010/11/12,2253,1090
2010/11/15,2247,1074
2010/11/16,2229,1080
2010/11/17,2220,1080
2010/11/18,2157,1078
2010/11/19,2123,1073
2010/11/22,2125,1075
2010/11/23,2081,1076
2010/11/24,2119,1080
2010/11/25,2115,1076
2010/11/26,2102,1080
2010/11/29,2050,1080
2010/11/30,2005,1074
2010/12/01,2029,1080
2010/12/02,2044,1070
2010/12/03,2084,1057
2010/12/06,1864,1060
2010/12/07,1860,1075
2010/12/08,1843,1067
2010/12/09,1875,1060
2010/12/10,1842,1058
2010/12/13,1830,1065
2010/12/14,1865,1065
2010/12/15,1880,1070
2010/12/17,1857,1070
2010/12/20,1870,1090
2010/12/21,1899,1072
2010/12/22,1910,1075
2010/12/23,1921,1075
2010/12/24,1911,1075
2010/12/28,1930,1075
2010/12/29,1935,1070
2010/12/30,1949,1072
2010/12/31,1951,1070
2011/01/03,1971,1068
2011/01/04,1989,1069
2011/01/05,2000,1070
2011/01/06,2015,1079
2011/01/07,1998,1075
2011/01/10,1996,1060
2011/01/11,2059,1055
2011/01/12,2090,1070
2011/01/13,2105,1060
2011/01/14,2081,1065
2011/01/17,2037,1070
2011/01/18,2031,1070
2011/01/19,2000,1065
2011/01/20,1995,1064
2011/01/21,1995,1060
2011/01/24,1984,1050
2011/01/25,1992,1060
2011/01/26,1986,1050
2011/01/27,2000,1070
2011/01/28,1955,1070
2011/01/31,1949,1075
2011/02/01,1963,1050
2011/02/02,1990,1046
2011/02/03,2002,1060
2011/02/04,1963,1060
2011/02/07,1935,1055
2011/02/08,1930,1060
2011/02/09,1912,1066
2011/02/10,1893,1061
2011/02/11,1945,1069
2011/02/14,1973,1070
2011/02/15,1975,1070
2011/02/16,2001,1050
2011/02/17,2005,1085
2011/02/18,1990,1060
2011/02/21,2005,1041
2011/02/22,1970,1041
2011/02/23,1937,1045
2011/02/24,1901,1040
2011/02/25,1951,1040
2011/02/28,1959,1041
2011/03/01,1930,1032
2011/03/02,1929,1031
2011/03/03,1936,1032
2011/03/04,1942,1032
2011/03/07,1906,1030
2011/03/08,1930,1015
2011/03/09,1934,1012
2011/03/10,1890,1006
2011/03/11,1903,1010
2011/03/14,1898,1030
2011/03/15,1828,1025
2011/03/16,1857,1000
2011/03/17,1911,1000
2011/03/18,1870,970
2011/03/22,1868,986
2011/03/23,1919,1000
2011/03/24,1945,1020
2011/03/25,1928,1036
2011/03/28,1890,1035
2011/03/29,1929,1045
2011/03/30,1990,1035
2011/03/31,2010,1035
2011/04/01,2038,1025
2011/04/04,2035,1017
2011/04/05,2052,1010
2011/04/06,2065,1025
2011/04/07,2045,1040
2011/04/08,2028,1014
2011/04/11,2030,1025
2011/04/12,2018,1015
2011/04/13,2027,1035
2011/04/14,1986,1035
2011/04/15,1939,1015
2011/04/18,1902,1000
2011/04/19,1935,1000
2011/04/20,1995,1000
2011/04/21,2010,1000
2011/04/26,2050,980
2011/04/28,2060,985
2011/04/29,2066,990
2011/05/03,2008,975
2011/05/04,1972,1000
2011/05/05,1970,1019
2011/05/06,2009,1019
2011/05/09,1993,1020
2011/05/10,2008,1025
2011/05/11,1999,1033
2011/05/12,1970,1025
2011/05/13,1980,1027
2011/05/16,2008,1025
2011/05/17,1985,1023
2011/05/19,2001,1009
2011/05/20,1981,1009
2011/05/23,1941,995
2011/05/24,2000,1000
2011/05/25,1975,990
2011/05/26,2000,980
2011/05/27,2021,1000
2011/05/30,2025,990
2011/05/31,2050,1000
2011/06/01,2027,996
2011/06/02,2018,995
2011/06/03,1980,1000
2011/06/06,1978,1000
2011/06/07,1980,1000
2011/06/08,1979,1005
2011/06/09,1978,1000
2011/06/10,1949,995
2011/06/13,1962,1005
2011/06/14,1956,1030
2011/06/15,1940,1029
2011/06/17,1938,1010
2011/06/20,1924,1010
2011/06/21,1935,1010
2011/06/22,1910,1011
2011/06/23,1884,1033
2011/06/24,1921,1036
2011/06/27,1902,1030
2011/06/28,1934,1035
2011/06/29,1982,1040
2011/06/30,1985,1042
2011/07/01,1980,1040
2011/07/04,1979,1036
2011/07/05,2020,1043
2011/07/06,2020,1041
2011/07/07,2005,1044
2011/07/08,1950,1037
2011/07/11,1940,1045
2011/07/12,1940,1045
2011/07/13,1945,1040
2011/07/14,1970,1025
2011/07/15,1976,1024
2011/07/18,1947,1025
2011/07/19,1960,1015
2011/07/20,1971,1015
2011/07/21,1979,1015
2011/07/22,1951,1004
2011/07/25,1980,996
2011/07/26,1959,995
2011/07/27,1960,995
2011/07/28,1950,1005
2011/07/29,1927,1006
2011/08/01,1953,1015
2011/08/02,1922,1020
2011/08/03,1898,1030
2011/08/04,1837,1030
2011/08/05,1867,1020
2011/08/08,1790,1013
2011/08/10,1806,1018
2011/08/11,1881,1025
2011/08/12,1917,1040
2011/08/15,1936,1040
2011/08/16,1917,1030
2011/08/17,1937,1030
2011/08/18,1900,1010
2011/08/19,1927,1025
2011/08/22,1949,1000
2011/08/23,1901,1005
2011/08/24,1937,1005
2011/08/25,1931,1005
2011/08/26,1930,1000
2011/08/29,2029,1000
2011/08/30,1999,1000
2011/08/31,2022,1000
2011/09/01,2038,996
2011/09/02,1997,1005
2011/09/05,1986,995
2011/09/06,1930,999
2011/09/07,2015,1000
2011/09/08,2091,1000
2011/09/09,2050,1000
2011/09/12,2005,1000
2011/09/13,2060,1000
2011/09/14,2094,1003
2011/09/15,2096,1005
2011/09/16,2060,1010
2011/09/19,2032,1012
2011/09/20,2025,1017
2011/09/21,2043,1005
2011/09/22,2006,1019
2011/09/23,1964,1015
2011/09/26,1965,1013
2011/09/27,2039,1020
2011/09/28,2031,1021
2011/09/29,1970,1025
2011/09/30,1960,1025
2011/10/03,1979,1026
2011/10/04,1931,1026
2011/10/05,1981,1045
2011/10/06,2020,1050
2011/10/07,2065,1075
2011/10/10,1985,1050
2011/10/11,2010,1070
2011/10/12,2014,1035
2011/10/13,2004,1040
2011/10/14,1989,1040
2011/10/17,1996,1040
2011/10/18,1960,1040
2011/10/19,1925,1050
2011/10/20,1905,1050
2011/10/21,1975,1050
2011/10/24,1939,1060
2011/10/25,1990,1060
2011/10/26,1951,1060
2011/10/27,1974,1069
2011/10/28,1980,1070
2011/10/31,1974,1051
2011/11/01,1926,1054
2011/11/02,1955,1060
2011/11/03,1958,1073
2011/11/04,1935,1072
2011/11/07,1985,1075
2011/11/08,1984,1080
2011/11/09,1952,1075
2011/11/10,1956,1065
2011/11/11,1962,1072
2011/11/14,1955,1075
2011/11/15,1981,1075
2011/11/16,1988,1066
2011/11/17,1982,1075
2011/11/18,1935,1070
2011/11/21,1890,1065
2011/11/22,1920,1085
2011/11/23,1911,1080
2011/12/02,1911,1080
2011/12/05,1911,1080
2011/12/06,1911,1080
2011/12/07,1911,1080
2011/12/08,1911,1080
2011/12/09,1911,1080
2011/12/12,1911,1080
2011/12/13,2048,1061
2011/12/14,2017,1078
2011/12/15,2076,1095
2011/12/19,2050,1100
2011/12/20,2059,1105
2011/12/21,2025,1100
2011/12/22,2070,1095
2011/12/23,2075,1100
2011/12/28,2105,1080
2011/12/29,2089,1078
2011/12/30,2074,1095
2012/01/03,2129,1085
2012/01/04,2105,1090
2012/01/05,2120,1093
2012/01/06,2140,1110
2012/01/09,2133,1085
2012/01/10,2135,1095
2012/01/11,2135,1100
2012/01/12,2177,1100
2012/01/13,2173,1105
2012/01/16,2172,1107
2012/01/17,2190,1100
2012/01/18,2235,1130
2012/01/19,2269,1117
2012/01/20,2280,1120
2012/01/23,2285,1115
2012/01/24,2266,1115
2012/01/25,2220,1110
2012/01/26,2241,1115
2012/01/27,2264,1110
2012/01/30,2238,1105
2012/01/31,2255,1105
2012/02/01,2290,1100
2012/02/02,2300,1060
2012/02/03,2320,1080
2012/02/06,2275,1082
2012/02/07,2284,1083
2012/02/08,2299,1085
2012/02/09,2329,1091
2012/02/10,2285,1100
2012/02/13,2287,1092
2012/02/14,2265,1095
2012/02/15,2285,1082
2012/02/16,2264,1080
2012/02/17,2294,1062
2012/02/20,2290,1065
2012/02/21,2302,1090
2012/02/22,2273,1070
2012/02/23,2348,1064
2012/02/24,2474,1065
2012/02/27,2396,1085
2012/02/28,2425,1070
2012/02/29,2390,1070
2012/03/01,2463,1060
2012/03/02,2445,1060
2012/03/05,2440,1075
2012/03/06,2389,1085
2012/03/07,2391,1100
2012/03/08,2424,1102
2012/03/09,2426,1102
2012/03/12,2433,1105
2012/03/13,2460,1100
2012/03/14,2485,1095
2012/03/15,2487,1092
2012/03/16,2400,1045
2012/03/19,2375,1044
2012/03/20,2360,1070
2012/03/22,2329,1076
2012/03/23,2337,1085
2012/03/26,2369,1091
2012/03/27,2416,1100
2012/03/28,2418,1100
2012/03/29,2400,1101
2012/03/30,2370,1100
2012/04/02,2390,1099
2012/04/03,2406,1100
2012/04/04,2356,1095
2012/04/05,2360,1100
2012/04/10,2383,1100
2012/04/11,2370,1100
2012/04/12,2390,1100
2012/04/13,2389,1105
2012/04/16,2360,1095
2012/04/17,2361,1099
2012/04/18,2412,1098
2012/04/19,2390,1100
2012/04/20,2470,1100
2012/04/23,2413,1115
2012/04/24,2431,1120
2012/04/25,2477,1120
2012/04/26,2511,1135
2012/04/30,2527,1120
2012/05/02,2566,1120
2012/05/03,2610,1130
2012/05/04,2607,1121
2012/05/07,2597,1126
2012/05/08,2582,1125
2012/05/09,2561,1120
2012/05/10,2620,1105
2012/05/11,2614,1092
2012/05/14,2580,1101
2012/05/15,2560,1120
2012/05/16,2594,1120
2012/05/17,2600,1110
2012/05/18,2500,1116
2012/05/21,2485,1116
2012/05/22,2530,1120
2012/05/23,2480,1123
2012/05/24,2506,1125
2012/05/25,2500,1125
2012/05/28,2497,1125
2012/05/29,2556,1135
2012/05/30,2525,1135
2012/05/31,2575,1140
2012/06/01,2571,1143
2012/06/04,2597,1130
2012/06/05,2605,1135
2012/06/06,2624,1131
2012/06/07,2695,1135
2012/06/08,2684,1140
2012/06/11,2643,1140
2012/06/12,2690,1141
2012/06/13,2690,1130
2012/06/14,2675,1135
2012/06/15,2644,1129
2012/06/18,2696,1130
2012/06/19,2760,1125
2012/06/20,2779,1121
2012/06/21,2782,1100
2012/06/22,2785,1100
2012/06/25,2763,1096
2012/06/26,2699,1093
2012/06/27,2716,1116
2012/06/28,2640,1125
2012/06/29,2639,1095
2012/07/02,2690,1100
2012/07/03,2730,1099
2012/07/04,2699,1085
2012/07/05,2682,1100
2012/07/06,2698,1100
2012/07/09,2669,1080
2012/07/10,2700,1080
2012/07/11,2710,1078
2012/07/12,2681,1080
2012/07/13,2655,1065
2012/07/16,2710,1068
2012/07/17,2738,1075
2012/07/18,2772,1074
2012/07/19,2753,1105
2012/07/20,2717,1093
2012/07/23,2697,1063
2012/07/24,2691,1061
2012/07/25,2703,1065
2012/07/26,2700,1065
2012/07/27,2765,1080
2012/07/30,2835,1073
2012/07/31,2764,1065
2012/08/01,2785,1050
2012/08/02,2790,1050
2012/08/03,2900,1054
2012/08/06,2890,1065
2012/08/07,2862,1050
2012/08/08,2840,1060
2012/08/10,2825,1060
2012/08/13,2815,1055
2012/08/14,2860,1075
2012/08/15,2815,1075
2012/08/16,2779,1084
2012/08/17,2736,1099
2012/08/20,2730,1065
2012/08/21,2765,1060
2012/08/22,2770,1052
2012/08/23,2749,1060
2012/08/24,2763,1062
2012/08/27,2782,1050
2012/08/28,2803,1050
2012/08/29,2803,1060
2012/08/30,2738,1058
2012/08/31,2745,1046
2012/09/03,2738,1043
2012/09/04,2771,1040
2012/09/05,2783,1035
2012/09/06,2808,1035
2012/09/07,2766,1050
2012/09/10,2725,1035
2012/09/11,2755,1025
2012/09/12,2735,1045
2012/09/13,2659,1036
2012/09/14,2562,1039
2012/09/17,2550,1036
2012/09/18,2637,1036
2012/09/19,2700,1049
2012/09/20,2705,1038
2012/09/21,2732,1050
2012/09/25,2765,1055
2012/09/26,2745,1065
2012/09/27,2753,1071
2012/09/28,2789,1085
2012/10/01,2789,1085
2012/10/02,2800,1090
2012/10/03,2830,1080
2012/10/04,2842,1089
2012/10/05,2739,1090
2012/10/08,2590,1089
2012/10/09,2600,1091
2012/10/10,2652,1094
2012/10/11,2680,1092
2012/10/12,2705,1090
2012/10/15,2701,1100
2012/10/16,2770,1106
2012/10/17,2802,1100
2012/10/18,2753,1120
2012/10/19,2702,1110
2012/10/22,2769,1116
2012/10/23,2778,1105
2012/10/24,2808,1115
2012/10/25,2812,1115
2012/10/26,2796,1114
2012/10/29,2843,1117
2012/10/30,2855,1115
2012/10/31,2878,1115
2012/11/01,2900,1116
2012/11/02,2950,1118
2012/11/05,2940,1115
2012/11/06,3019,1100
2012/11/07,3030,1080
2012/11/08,3030,1085
2012/11/09,2989,1075
2012/11/12,2995,1080
2012/11/13,2990,1077
2012/11/14,3037,1072
2012/11/15,2962,1080
2012/11/16,3010,1095
2012/11/19,3046,1080
2012/11/21,2956,1100
2012/11/22,2963,1110
2012/11/23,2938,1125
2012/11/24,2938,1125
2012/11/25,2938,1125
2012/11/26,2893,1100
2012/11/27,2879,1100
2012/11/28,2915,1100
2012/11/29,2963,1100
2012/11/30,2905,1110
2012/12/03,2960,1105
2012/12/04,2974,1104
2012/12/05,3036,1100
2012/12/06,3026,1130
2012/12/07,3036,1105
2012/12/10,3080,1100
2012/12/11,3058,1110
2012/12/12,3039,1107
2012/12/13,3008,1082
2012/12/14,2970,1085
2012/12/18,3007,1060
2012/12/19,3035,1060
2012/12/20,3133,1060
2012/12/21,3066,1100
2012/12/24,3067,1095
2012/12/27,3100,1090
2012/12/28,3095,1089
2012/12/31,3100,1089
2013/01/02,3127,1089
2013/01/03,3140,1080
2013/01/04,3157,1074
2013/01/07,3211,1064
2013/01/08,3216,1070
2013/01/09,3198,1065
2013/01/10,3164,1070
2013/01/11,3175,1064
2013/01/14,3170,1065
2013/01/15,3089,1065
2013/01/16,3180,1065
2013/01/17,3250,1065
2013/01/18,3300,1066
2013/01/21,3309,1060
2013/01/22,3300,1081
2013/01/23,3261,1065
2013/01/24,3248,1080
2013/01/25,3305,1060
2013/01/28,3289,1060
2013/01/29,3333,1066
2013/01/30,3296,1060
2013/01/31,3225,1069
2013/02/01,3185,1062
2013/02/04,3119,1060
2013/02/05,3170,1066
2013/02/06,3178,1060
2013/02/07,3181,1055
2013/02/08,3178,1060
2013/02/11,3180,1063
2013/02/12,3170,1070
2013/02/13,3160,1050
2013/02/14,3149,1050
2013/02/15,3095,1050
2013/02/18,3103,1045
2013/02/19,3135,1039
2013/02/20,3110,1055
2013/02/21,3077,1050
2013/02/22,3050,1051
2013/02/25,3073,1080
2013/02/26,3030,1060
2013/02/27,2992,1070
2013/02/28,3085,1060
2013/03/01,3140,1060
2013/03/04,3083,1080
2013/03/05,3220,1060
2013/03/06,3126,1070
2013/03/07,3133,1065
2013/03/08,3145,1063
2013/03/11,3134,1080
2013/03/12,3086,1080
2013/03/13,3022,1079
2013/03/14,3058,1066
2013/03/15,3023,1025
2013/03/18,3061,1025
2013/03/19,3106,1045
2013/03/20,3132,1040
2013/03/22,3199,1035
2013/03/25,3230,1045
2013/03/26,3253,1045
2013/03/27,3225,1058
2013/03/28,3220,1060
2013/04/02,3285,1065
2013/04/03,3252,1062
2013/04/04,3240,1038
2013/04/05,3180,1050
2013/04/08,3200,1038
2013/04/09,3200,1037
2013/04/10,3207,1049
2013/04/11,3206,1040
2013/04/12,3200,1040
2013/04/15,3116,1042
2013/04/16,3140,1045
2013/04/17,3070,1045
2013/04/18,3091,1035
2013/04/19,3116,1040
2013/04/22,3096,1040
2013/04/23,3130,1036
2013/04/24,3083,1040
2013/04/25,3080,1030
2013/04/26,3095,1030
2013/04/29,3083,1030
2013/04/30,3118,1020
2013/05/02,3136,1020
2013/05/03,3100,1015
2013/05/06,3081,1030
2013/05/07,3138,1010
2013/05/08,3200,1020
2013/05/09,3201,1030
2013/05/10,3160,1029
2013/05/13,3152,1029
2013/05/14,3150,1025
2013/05/15,3175,1030
2013/05/16,3191,1025
2013/05/17,3142,1025
2013/05/20,3085,1029
2013/05/21,3165,1028
2013/05/22,3111,1027
2013/05/23,3014,1028
2013/05/24,3012,1025
2013/05/27,3010,1030
2013/05/28,3035,1029
2013/05/29,2974,1030
2013/05/30,2971,1048
2013/05/31,2950,1030
2013/06/03,2825,1030
2013/06/04,2815,1035
2013/06/05,2771,1034
2013/06/06,2700,1033
2013/06/07,2725,1032
2013/06/10,2700,1045
2013/06/11,2637,1031
2013/06/12,2650,1030
2013/06/13,2655,1031
2013/06/14,2743,1031
2013/06/18,2819,1040
2013/06/19,2823,1045
2013/06/20,2724,1045
2013/06/21,2740,1032
2013/06/24,2726,1038
2013/06/25,2780,1049
2013/06/26,2875,1034
2013/06/27,2880,1040
2013/06/28,2893,1034
2013/07/01,2949,1034
2013/07/02,2940,1035
2013/07/03,2830,1048
2013/07/04,2898,1043
2013/07/05,2809,1035
2013/07/08,2845,1035
2013/07/09,2880,1034
2013/07/10,2800,1040
2013/07/11,2855,1040
2013/07/12,2894,1038
2013/07/15,2906,1025
2013/07/16,2840,1025
2013/07/17,2845,1033
2013/07/18,2876,1035
2013/07/19,2855,1042
2013/07/22,2877,1050
2013/07/23,2926,1048
2013/07/24,2880,1029
2013/07/25,2899,1030
2013/07/26,2874,1025
2013/07/29,2925,1017
2013/07/30,2860,1017
2013/07/31,2966,1017
2013/08/01,2945,1018
2013/08/02,2950,1027
2013/08/05,2956,1023
2013/08/06,2980,1027
2013/08/07,2976,1023
2013/08/08,3010,1020
2013/08/12,3042,1013
2013/08/13,3077,1015
2013/08/14,3122,1019
2013/08/15,3085,1012
2013/08/16,3105,1013
2013/08/19,3036,1015
2013/08/20,3050,1017
2013/08/21,3020,1013
2013/08/22,3020,1016
2013/08/23,3000,1017
2013/08/26,3035,970
2013/08/27,3055,965
2013/08/28,2975,964
2013/08/29,3014,969
2013/08/30,3007,960
2013/09/02,3055,962
2013/09/03,3074,955
2013/09/04,3060,953
2013/09/05,3108,950
2013/09/06,3136,950
2013/09/09,3130,946
2013/09/10,3230,943
2013/09/11,3275,942
2013/09/12,3356,950
2013/09/13,3340,944
2013/09/16,3310,950
2013/09/17,3370,962
2013/09/18,3322,985
2013/09/19,3450,965
2013/09/20,3440,970
2013/09/23,3410,965
2013/09/25,3470,969
2013/09/26,3445,969
2013/09/27,3392,965
2013/09/30,3350,965
2013/10/01,3436,970
2013/10/02,3415,965
2013/10/03,3450,970
2013/10/04,3446,975
2013/10/07,3389,970
2013/10/08,3358,970
2013/10/09,3322,975
2013/10/10,3422,971
2013/10/11,3420,975
2013/10/14,3475,972
2013/10/15,3548,970
2013/10/16,3585,971
2013/10/17,3572,970
2013/10/18,3570,972
2013/10/21,3582,977
2013/10/22,3545,978
2013/10/23,3533,975
2013/10/24,3551,975
2013/10/25,3517,976
2013/10/28,3600,972
2013/10/29,3600,974
2013/10/30,3619,970
2013/10/31,3600,973
2013/11/01,3543,970
2013/11/04,3536,973
2013/11/05,3479,970
2013/11/06,3445,972
2013/11/07,3428,970
2013/11/08,3320,974
2013/11/11,3320,973
2013/11/12,3328,975
2013/11/13,3286,971
2013/11/14,3290,973
2013/11/15,3300,973
2013/11/18,3360,971
2013/11/19,3310,972
2013/11/20,3325,988
2013/11/21,3300,986
2013/11/22,3280,986
2013/11/25,3300,995
2013/11/26,3185,995
2013/11/27,3300,995
2013/11/28,3358,995
2013/11/29,3381,995
2013/12/02,3385,998
2013/12/03,3280,998
2013/12/04,3290,1005
2013/12/05,3313,1010
2013/12/06,3405,1011
2013/12/09,3425,1011
2013/12/10,3386,1013
2013/12/11,3379,1013
2013/12/12,3270,1015
2013/12/13,3292,1015
2013/12/17,3350,1017
2013/12/18,3342,1020
2013/12/19,3400,1025
2013/12/20,3399,1049
2013/12/23,3386,1050
2013/12/24,3404,1049
2013/12/27,3474,1050
2013/12/30,3542,1050
2013/12/31,3589,1037
2014/01/02,3571,1026
2014/01/03,3550,1030
2014/01/06,3462,1045
2014/01/07,3500,1056
2014/01/08,3445,1056
2014/01/09,3378,1050
2014/01/10,3385,1050
2014/01/13,3432,1050
2014/01/14,3375,1056
2014/01/15,3400,1055
2014/01/16,3380,1025
2014/01/17,3343,1020
2014/01/20,3330,1019
2014/01/21,3400,1000
2014/01/22,3421,1000
2014/01/23,3400,1000
2014/01/24,3289,1070
2014/01/27,3271,1030
2014/01/28,3275,1020
2014/01/29,3200,1008
2014/01/30,3102,980
2014/01/31,3112,1000
2014/02/03,3048,1035
2014/02/04,3055,1004
2014/02/05,3041,1005
2014/02/06,3067,1010
2014/02/07,3145,1000
2014/02/10,3125,1000
2014/02/11,3105,1000
2014/02/12,3161,1006
2014/02/13,3140,1010
2014/02/14,3180,1010
2014/02/17,3228,1020
2014/02/18,3213,1000
2014/02/19,3237,990
2014/02/20,3215,990
2014/02/21,3277,991
2014/02/24,3405,980
2014/02/25,3441,985
2014/02/26,3391,988
2014/02/27,3374,981
2014/02/28,3417,980
2014/03/03,3449,981
2014/03/04,3501,995
2014/03/05,3499,980
2014/03/06,3539,980
2014/03/07,3541,970
2014/03/10,3500,975
2014/03/11,3511,970
2014/03/12,3435,970
2014/03/13,3441,976
2014/03/14,3440,970
2014/03/17,3460,950
2014/03/18,3451,950
2014/03/19,3480,950
2014/03/20,3480,952
2014/03/24,3442,958
2014/03/25,3560,956
2014/03/26,3665,955
2014/03/27,3606,953
2014/03/28,3590,965
2014/03/31,3610,980
2014/04/01,3610,970
2014/04/02,3640,976
2014/04/03,3655,985
2014/04/04,3740,991
2014/04/07,3809,1002
2014/04/08,3875,1000
2014/04/09,3812,1003
2014/04/10,3804,1003
2014/04/11,3716,1006
2014/04/14,3755,1012
2014/04/15,3744,980
2014/04/16,3749,980
2014/04/17,3800,980
2014/04/22,3844,975
2014/04/23,3834,984
2014/04/24,3870,975
2014/04/25,3907,982
2014/04/29,3886,1010
2014/04/30,3866,1010
2014/05/02,3936,1005
2014/05/05,3890,990
2014/05/06,3910,995
2014/05/08,3950,1000
2014/05/09,3905,994
2014/05/12,3915,997
2014/05/13,3950,990
2014/05/14,3946,1000
2014/05/15,3920,1015
2014/05/16,3900,1015
2014/05/19,3955,1005
2014/05/20,3960,1000
2014/05/21,3940,976
2014/05/22,3980,976
2014/05/23,4025,992
2014/05/26,4019,993
2014/05/27,3934,998
2014/05/28,3963,1015
2014/05/29,3985,1019
2014/05/30,3983,1005
2014/06/02,4001,990
2014/06/03,3966,1000
2014/06/04,3965,990
2014/06/05,3970,990
2014/06/06,4030,991
2014/06/09,4030,991
2014/06/10,4077,991
2014/06/11,4060,992
2014/06/12,4092,1000
2014/06/13,4043,1000
2014/06/17,4110,989
2014/06/18,3986,984
2014/06/19,4034,982
2014/06/20,4096,980
2014/06/23,4087,980
2014/06/24,4120,990
2014/06/25,4049,990
2014/06/26,4040,980
2014/06/27,4028,988
2014/06/30,4075,990
2014/07/01,4100,985
2014/07/02,4082,1000
2014/07/03,4044,980
2014/07/04,4077,990
2014/07/07,4055,980
2014/07/08,4093,981
2014/07/09,4129,982
2014/07/10,4075,980
2014/07/11,4113,990
2014/07/14,4142,990
2014/07/15,4153,985
2014/07/16,4268,983
2014/07/17,4250,998
2014/07/18,4258,1005
2014/07/21,4248,1006
2014/07/22,4315,995
2014/07/23,4350,995
2014/07/24,4318,1000
2014/07/25,4266,995
2014/07/28,4377,995
2014/07/29,4433,995
2014/07/30,4288,1001
2014/07/31,4325,1015
2014/08/01,4363,1000
2014/08/04,4458,1010
2014/08/05,4423,1015
2014/08/06,4358,1000
2014/08/07,4331,1000
2014/08/08,4342,1015
2014/08/11,4423,1020
2014/08/12,4439,1015
2014/08/13,4419,1001
2014/08/14,4415,1015
2014/08/15,4310,1012
2014/08/18,4295,1015
2014/08/19,4331,1016
2014/08/20,4274,1030
2014/08/21,4350,1030
2014/08/22,4346,1030
2014/08/25,4362,1000
2014/08/26,4375,1000
2014/08/27,4325,979
2014/08/28,4344,985
2014/08/29,4325,1000
2014/09/01,4350,1014
2014/09/02,4439,1029
2014/09/03,4457,1010
2014/09/04,4530,989
2014/09/05,4585,985
2014/09/08,4661,985
2014/09/09,4528,975
2014/09/10,4520,975
2014/09/11,4436,985
2014/09/12,4398,985
2014/09/15,4325,975
2014/09/16,4400,1018
2014/09/17,4414,990
2014/09/18,4472,990
2014/09/19,4513,985
2014/09/22,4360,970
2014/09/23,4339,970
2014/09/25,4230,988
2014/09/26,4314,970
2014/09/29,4301,970
2014/09/30,4302,987
2014/10/01,4280,995
2014/10/02,4215,1000
2014/10/03,4260,1000
2014/10/06,4245,1000
2014/10/07,4186,988
2014/10/08,4140,960
2014/10/09,4144,960
2014/10/10,4080,965
2014/10/13,4140,955
2014/10/14,4213,935
2014/10/15,4121,930
2014/10/16,4232,934
2014/10/17,4310,935
2014/10/20,4271,948
2014/10/21,4349,930
2014/10/22,4330,938
2014/10/23,4329,930
2014/10/24,4340,931
2014/10/27,4354,925
2014/10/28,4504,932
2014/10/29,4610,940
2014/10/30,4590,938
2014/10/31,4720,935
2014/11/03,4760,940
2014/11/04,4720,935
2014/11/05,4672,936
2014/11/06,4689,937
2014/11/07,4640,937
2014/11/10,4720,937
2014/11/11,4780,937
2014/11/12,4835,940
2014/11/13,4867,940
2014/11/14,4875,941
2014/11/17,4882,940
2014/11/18,4895,940
2014/11/19,4846,941
2014/11/20,4780,941
2014/11/21,4981,942
2014/11/24,4997,942
2014/11/25,4973,941
2014/11/26,4978,950
2014/11/27,4999,949
2014/11/28,4970,946
2014/12/01,4865,941
2014/12/02,4900,941
2014/12/03,4915,941
2014/12/04,4830,941
2014/12/05,4897,950
2014/12/08,4968,944
2014/12/09,4875,941
2014/12/10,4915,942
2014/12/11,4858,940
2014/12/12,4771,940
2014/12/15,4699,941
2014/12/17,4662,950
2014/12/18,4983,955
2014/12/19,4900,980
2014/12/22,4977,961
2014/12/23,5014,980
2014/12/24,4950,966
2014/12/29,5100,972
2014/12/30,5014,985
2014/12/31,5057,975
2015/01/02,5002,975
2015/01/05,4772,942
2015/01/06,4868,940
2015/01/07,4965,940
2015/01/08,5031,941
2015/01/09,4899,955
2015/01/12,4821,906
2015/01/13,4963,917
2015/01/14,4843,940
2015/01/15,4892,960
2015/01/16,4825,960
2015/01/19,4774,950
2015/01/20,4834,928
2015/01/21,4776,930
2015/01/22,4850,931
2015/01/23,4903,945
2015/01/26,4975,947
2015/01/27,5128,950
2015/01/28,5243,951
2015/01/29,5138,951
2015/01/30,5208,950
2015/02/02,5160,965
2015/02/03,5250,975
2015/02/04,5145,965
2015/02/05,5160,970
2015/02/06,5188,965
2015/02/09,5190,955
2015/02/10,5190,960
2015/02/11,5144,970
2015/02/12,5249,965
2015/02/13,5249,957
2015/02/16,5299,955
2015/02/17,5285,965
2015/02/18,5263,940
2015/02/19,5250,910
2015/02/20,5205,910
2015/02/23,5235,890
2015/02/24,5305,899
2015/02/25,5337,950
2015/02/26,5405,940
2015/02/27,5350,935
2015/03/02,5323,935
2015/03/03,5271,962
2015/03/04,5282,935
2015/03/05,5398,935
2015/03/06,5458,930
2015/03/09,5370,932
2015/03/10,5260,932
2015/03/11,5290,930
2015/03/12,5505,915
2015/03/13,5448,915
2015/03/16,5502,905
2015/03/17,5460,880
2015/03/18,5449,876
2015/03/19,5365,876
2015/03/20,5396,875
2015/03/23,5365,875
2015/03/24,5495,866
2015/03/25,5487,850
2015/03/26,5447,850
2015/03/27,5455,880
2015/03/30,5592,870
2015/03/31,5584,855
2015/04/01,5598,861
2015/04/02,5632,864
2015/04/07,5712,846
2015/04/08,5720,880
2015/04/09,5765,860
2015/04/10,5728,865
2015/04/13,5720,880
2015/04/14,5735,880
2015/04/15,5715,885
2015/04/16,5750,890
2015/04/17,5690,890
2015/04/20,5729,885
2015/04/21,5749,895
2015/04/22,5750,890
2015/04/23,5800,890
2015/04/24,5759,890
2015/04/28,5720,880
2015/04/29,5649,882
2015/04/30,5683,890
2015/05/04,5652,880
2015/05/05,5630,880
2015/05/06,5472,870
2015/05/07,5418,875
2015/05/08,5463,875
2015/05/11,5452,875
2015/05/12,5447,880
2015/05/13,5420,882
2015/05/14,5361,880
2015/05/15,5392,899
2015/05/18,5477,900
2015/05/19,5507,885
2015/05/20,5470,880
2015/05/21,5452,890
2015/05/22,5455,890
2015/05/25,5452,882
2015/05/26,5350,889
2015/05/27,5343,900
2015/05/28,5305,904
2015/05/29,5200,905
2015/06/01,5200,905
2015/06/02,5250,912
2015/06/03,5164,920
2015/06/04,5160,923
2015/06/05,5140,923
2015/06/08,5230,937
2015/06/09,5230,945
2015/06/10,5304,948
2015/06/11,5280,950
2015/06/12,5212,962
2015/06/15,5101,965
2015/06/17,5102,983
2015/06/18,5079,976
2015/06/19,5107,975
2015/06/22,5230,975
2015/06/23,5340,975
2015/06/24,5344,975
2015/06/25,5450,980
2015/06/26,5328,975
2015/06/29,5252,975
2015/06/30,5332,956
2015/07/01,5252,960
2015/07/02,5309,951
2015/07/03,5299,952
2015/07/06,5240,962
2015/07/07,5050,950
2015/07/08,5195,935
2015/07/09,5301,940
2015/07/10,5336,942
2015/07/13,5462,970
2015/07/14,5469,950
2015/07/15,5490,951
2015/07/16,5490,955
2015/07/17,5520,945
2015/07/20,5575,945
2015/07/21,5550,965
2015/07/22,5459,951
2015/07/23,5529,955
2015/07/24,5474,934
2015/07/27,5360,925
2015/07/28,5356,909
2015/07/29,5485,905
2015/07/30,5390,909
2015/07/31,5474,925
2015/08/03,5460,927
2015/08/04,5638,965
2015/08/05,5725,945
2015/08/06,5688,939
2015/08/07,5631,925
2015/08/11,5650,915
2015/08/12,5396,910
2015/08/13,5459,915
2015/08/14,5393,918
2015/08/17,5276,915
2015/08/18,5331,912
2015/08/19,5210,915
2015/08/20,5167,921
2015/08/21,5116,926
2015/08/24,4993,880
2015/08/25,5333,880
2015/08/26,5266,880
2015/08/27,5219,865
2015/08/28,5289,879
2015/08/31,5291,875
2015/09/01,5061,870
2015/09/02,5158,865
2015/09/03,5229,900
2015/09/04,5038,885
2015/09/07,5020,868
2015/09/08,5102,868
2015/09/09,5209,870
2015/09/10,5073,870
2015/09/11,5041,871
2015/09/14,5170,870
2015/09/15,5182,871
2015/09/16,5225,885
2015/09/17,5295,884
2015/09/18,5259,880
2015/09/21,5210,875
2015/09/22,5168,870
2015/09/23,5129,880
2015/09/25,5060,880
2015/09/28,4876,898
2015/09/29,4874,900
2015/09/30,4915,900
2015/10/01,5006,950
2015/10/02,5015,900
2015/10/05,5092,910
2015/10/06,5070,910
2015/10/07,5110,920
2015/10/08,4965,895
2015/10/09,4992,885
2015/10/12,4981,880
2015/10/13,4933,880
2015/10/14,4874,880
2015/10/15,4919,875
2015/10/16,4865,865
2015/10/19,4999,860
2015/10/20,4967,860
2015/10/21,4967,864
2015/10/22,5054,864
2015/10/23,5108,870
2015/10/26,5137,875
2015/10/27,5115,865
2015/10/28,5175,862
2015/10/29,5066,857
2015/10/30,5079,860
2015/11/02,5219,860
2015/11/03,5156,855
2015/11/04,5177,869
2015/11/05,5164,865
2015/11/06,5072,852
2015/11/09,5079,860
2015/11/10,5031,865
2015/11/11,4930,855
2015/11/12,4824,855
2015/11/13,4752,855
2015/11/16,4722,860
2015/11/17,4787,850
2015/11/18,4800,850
2015/11/19,5004,840
2015/11/20,5023,845
2015/11/23,4932,841
