Date,Brait,Peregrine
2004/05/12,695,220
2004/05/13,695,220
2004/05/14,690,220
2004/05/17,700,220
2004/05/18,686,220
2004/05/19,685,220
2004/05/20,690,220
2004/05/21,690,220
2004/05/24,690,220
2004/05/25,685,220
2004/05/26,685,220
2004/05/27,685,215
2004/05/28,685,225
2004/05/31,690,236
2004/06/01,680,224
2004/06/02,680,218
2004/06/03,685,220
2004/06/04,685,225
2004/06/07,701,236
2004/06/08,715,238
2004/06/09,740,225
2004/06/10,754,225
2004/06/11,760,225
2004/06/14,745,225
2004/06/15,717,225
2004/06/17,716,225
2004/06/18,720,225
2004/06/21,720,225
2004/06/22,725,225
2004/06/23,711,223
2004/06/24,720,225
2004/06/25,710,225
2004/06/28,710,224
2004/06/29,720,224
2004/06/30,720,223
2004/07/01,720,223
2004/07/02,750,224
2004/07/05,740,220
2004/07/06,725,217
2004/07/07,725,225
2004/07/08,730,225
2004/07/09,730,229
2004/07/12,728,225
2004/07/13,730,225
2004/07/14,730,225
2004/07/15,725,216
2004/07/16,720,216
2004/07/19,720,220
2004/07/20,720,220
2004/07/21,718,220
2004/07/22,718,220
2004/07/23,715,215
2004/07/26,705,220
2004/07/27,701,218
2004/07/28,720,211
2004/07/29,720,215
2004/07/30,720,210
2004/08/02,716,210
2004/08/03,720,210
2004/08/04,718,214
2004/08/05,700,210
2004/08/06,700,215
2004/08/10,690,221
2004/08/11,689,210
2004/08/12,700,215
2004/08/13,700,220
2004/08/16,700,220
2004/08/17,700,220
2004/08/18,700,215
2004/08/19,700,220
2004/08/20,718,218
2004/08/23,704,225
2004/08/24,700,223
2004/08/25,706,225
2004/08/26,706,225
2004/08/27,720,223
2004/08/30,730,224
2004/08/31,720,220
2004/09/01,730,218
2004/09/02,728,220
2004/09/03,728,223
2004/09/06,730,224
2004/09/07,730,220
2004/09/08,730,220
2004/09/09,735,219
2004/09/10,740,220
2004/09/13,770,217
2004/09/14,780,217
2004/09/15,770,218
2004/09/16,770,225
2004/09/17,770,220
2004/09/20,755,225
2004/09/21,745,227
2004/09/22,750,230
2004/09/23,750,230
2004/09/27,750,235
2004/09/28,755,230
2004/09/29,755,230
2004/09/30,754,240
2004/10/01,760,240
2004/10/04,785,244
2004/10/05,765,240
2004/10/06,765,240
2004/10/07,769,245
2004/10/08,760,243
2004/10/11,750,250
2004/10/12,753,240
2004/10/13,780,245
2004/10/14,770,250
2004/10/15,770,250
2004/10/18,775,249
2004/10/19,780,250
2004/10/20,775,245
2004/10/21,800,250
2004/10/22,800,246
2004/10/25,795,245
2004/10/26,795,249
2004/10/27,800,250
2004/10/28,815,250
2004/10/29,830,250
2004/11/01,855,250
2004/11/02,855,240
2004/11/03,855,241
2004/11/04,870,240
2004/11/05,885,240
2004/11/08,900,245
2004/11/09,945,245
2004/11/10,940,245
2004/11/11,950,250
2004/11/12,970,250
2004/11/15,995,252
2004/11/16,995,252
2004/11/17,960,250
2004/11/18,960,255
2004/11/19,950,251
2004/11/22,950,255
2004/11/23,970,255
2004/11/24,970,255
2004/11/25,970,258
2004/11/26,965,264
2004/11/29,970,260
2004/11/30,960,268
2004/12/01,980,275
2004/12/02,970,277
2004/12/03,955,280
2004/12/06,930,280
2004/12/07,925,275
2004/12/08,930,275
2004/12/09,925,266
2004/12/10,925,270
2004/12/13,933,270
2004/12/14,933,275
2004/12/15,930,275
2004/12/17,930,275
2004/12/20,926,280
2004/12/21,926,280
2004/12/22,945,289
2004/12/23,950,300
2004/12/24,960,306
2004/12/28,960,319
2004/12/29,970,310
2004/12/30,960,315
2004/12/31,965,320
2005/01/03,975,315
2005/01/04,1000,312
2005/01/05,1000,310
2005/01/06,1019,310
2005/01/07,1019,310
2005/01/10,1014,312
2005/01/11,1015,316
2005/01/12,1040,325
2005/01/13,1051,330
2005/01/14,1075,330
2005/01/17,1130,325
2005/01/18,1100,305
2005/01/19,1115,320
2005/01/20,1130,320
2005/01/21,1100,310
2005/01/24,1100,320
2005/01/25,1130,320
2005/01/26,1115,320
2005/01/27,1120,320
2005/01/28,1115,319
2005/01/31,1133,315
2005/02/01,1140,315
2005/02/02,1160,330
2005/02/03,1160,345
2005/02/04,1200,340
2005/02/07,1190,350
2005/02/08,1189,350
2005/02/09,1180,350
2005/02/10,1165,360
2005/02/11,1175,355
2005/02/14,1176,345
2005/02/15,1200,350
2005/02/16,1195,349
2005/02/17,1150,345
2005/02/18,1162,345
2005/02/21,1170,345
2005/02/22,1200,340
2005/02/23,1201,340
2005/02/24,1229,340
2005/02/25,1229,350
2005/02/28,1222,340
2005/03/01,1225,345
2005/03/02,1228,340
2005/03/03,1230,345
2005/03/04,1235,348
2005/03/07,1230,341
2005/03/08,1200,341
2005/03/09,1200,340
2005/03/10,1200,347
2005/03/11,1200,340
2005/03/14,1230,339
2005/03/15,1220,339
2005/03/16,1225,335
2005/03/17,1240,340
2005/03/18,1238,340
2005/03/22,1192,345
2005/03/23,1215,340
2005/03/24,1210,331
2005/03/29,1200,332
2005/03/30,1180,332
2005/03/31,1170,335
2005/04/01,1248,340
2005/04/04,1235,340
2005/04/05,1300,355
2005/04/06,1300,350
2005/04/07,1320,370
2005/04/08,1310,375
2005/04/11,1310,395
2005/04/12,1280,380
2005/04/13,1280,375
2005/04/14,1300,375
2005/04/15,1290,375
2005/04/18,1250,370
2005/04/19,1275,380
2005/04/20,1270,378
2005/04/21,1212,378
2005/04/22,1240,380
2005/04/25,1240,380
2005/04/26,1235,385
2005/04/28,1190,385
2005/04/29,1220,390
2005/05/03,1240,400
2005/05/04,1235,405
2005/05/05,1250,417
2005/05/06,1240,425
2005/05/09,1250,425
2005/05/10,1265,405
2005/05/11,1310,400
2005/05/12,1300,395
2005/05/13,1270,407
2005/05/16,1290,405
2005/05/17,1299,403
2005/05/18,1300,405
2005/05/19,1310,420
2005/05/20,1300,449
2005/05/23,1310,448
2005/05/24,1312,445
2005/05/25,1312,445
2005/05/26,1315,444
2005/05/27,1420,434
2005/05/30,1400,420
2005/05/31,1372,410
2005/06/01,1359,412
2005/06/02,1375,440
2005/06/03,1400,440
2005/06/06,1390,450
2005/06/07,1350,465
2005/06/08,1360,450
2005/06/09,1320,450
2005/06/10,1307,450
2005/06/13,1325,432
2005/06/14,1330,445
2005/06/15,1330,445
2005/06/17,1350,445
2005/06/20,1340,444
2005/06/21,1345,440
2005/06/22,1345,440
2005/06/23,1345,420
2005/06/24,1320,410
2005/06/27,1320,412
2005/06/28,1325,417
2005/06/29,1330,420
2005/06/30,1350,426
2005/07/01,1320,426
2005/07/04,1310,430
2005/07/05,1300,430
2005/07/06,1320,430
2005/07/07,1330,430
2005/07/08,1345,435
2005/07/11,1355,440
2005/07/12,1375,450
2005/07/13,1405,450
2005/07/14,1420,455
2005/07/15,1440,450
2005/07/18,1448,450
2005/07/19,1465,450
2005/07/20,1490,450
2005/07/21,1510,445
2005/07/22,1515,450
2005/07/25,1521,450
2005/07/26,1550,460
2005/07/27,1570,460
2005/07/28,1560,460
2005/07/29,1583,470
2005/08/01,1610,460
2005/08/02,1700,490
2005/08/03,1649,480
2005/08/04,1700,500
2005/08/05,1699,519
2005/08/08,1730,530
2005/08/10,1750,525
2005/08/11,1759,525
2005/08/12,1801,519
2005/08/15,1830,515
2005/08/16,1828,517
2005/08/17,1790,510
2005/08/18,1800,510
2005/08/19,1800,533
2005/08/22,1840,550
2005/08/23,1850,585
2005/08/24,1840,580
2005/08/25,1830,575
2005/08/26,1812,575
2005/08/29,1790,550
2005/08/30,1750,556
2005/08/31,1780,550
2005/09/01,1799,550
2005/09/02,1825,560
2005/09/05,1790,555
2005/09/06,1824,547
2005/09/07,1825,550
2005/09/08,1810,568
2005/09/09,1820,561
2005/09/12,1820,570
2005/09/13,1870,565
2005/09/14,1860,560
2005/09/15,1875,584
2005/09/16,1880,598
2005/09/19,1870,590
2005/09/20,1840,600
2005/09/21,1840,600
2005/09/22,1806,600
2005/09/23,1760,600
2005/09/26,1765,600
2005/09/27,1750,595
2005/09/28,1775,595
2005/09/29,1780,586
2005/09/30,1840,610
2005/10/03,1875,615
2005/10/04,1941,620
2005/10/05,1935,620
2005/10/06,1880,620
2005/10/07,1900,600
2005/10/10,1870,610
2005/10/11,1865,600
2005/10/12,1830,610
2005/10/13,1779,600
2005/10/14,1750,580
2005/10/17,1745,575
2005/10/18,1737,580
2005/10/19,1700,575
2005/10/20,1680,580
2005/10/21,1710,570
2005/10/24,1660,580
2005/10/25,1750,580
2005/10/26,1770,595
2005/10/27,1800,580
2005/10/28,1800,639
2005/10/31,1840,625
2005/11/01,1830,650
2005/11/02,1830,665
2005/11/03,1900,665
2005/11/04,1885,663
2005/11/07,1893,662
2005/11/08,1851,650
2005/11/09,1786,660
2005/11/10,1870,660
2005/11/11,1890,660
2005/11/14,1825,625
2005/11/15,1840,630
2005/11/16,1850,620
2005/11/17,1840,620
2005/11/18,1840,609
2005/11/21,1830,615
2005/11/22,1800,617
2005/11/23,1820,610
2005/11/24,1800,620
2005/11/25,1860,601
2005/11/28,1855,610
2005/11/29,1815,605
2005/11/30,1805,600
2005/12/01,1820,590
2005/12/02,1850,590
2005/12/05,1870,619
2005/12/06,1870,605
2005/12/07,1870,601
2005/12/08,1873,605
2005/12/09,1881,595
2005/12/12,1885,595
2005/12/13,1880,595
2005/12/14,1880,600
2005/12/15,1880,619
2005/12/19,1890,600
2005/12/20,1860,601
2005/12/21,1870,619
2005/12/22,1873,620
2005/12/23,1880,640
2005/12/27,1880,640
2005/12/28,1902,640
2005/12/29,1940,649
2005/12/30,1949,640
2006/01/03,1990,660
2006/01/04,2030,655
2006/01/05,2040,660
2006/01/06,2050,650
2006/01/09,2120,675
2006/01/10,2146,700
2006/01/11,2210,700
2006/01/12,2280,720
2006/01/13,2280,725
2006/01/16,2270,715
2006/01/17,2320,700
2006/01/18,2307,685
2006/01/19,2395,700
2006/01/20,2390,725
2006/01/23,2375,710
2006/01/24,2385,710
2006/01/25,2379,700
2006/01/26,2375,711
2006/01/27,2350,730
2006/01/30,2310,726
2006/01/31,2252,732
2006/02/01,2280,750
2006/02/02,2310,750
2006/02/03,2300,725
2006/02/06,2270,725
2006/02/07,2300,725
2006/02/08,2300,715
2006/02/09,2275,730
2006/02/10,2270,729
2006/02/13,2230,720
2006/02/14,2250,721
2006/02/15,2260,725
2006/02/16,2280,735
2006/02/17,2340,800
2006/02/20,2345,775
2006/02/21,2300,737
2006/02/22,2300,770
2006/02/23,2360,775
2006/02/24,2380,770
2006/02/27,2400,780
2006/02/28,2301,781
2006/03/02,2350,795
2006/03/03,2355,795
2006/03/06,2350,800
2006/03/07,2390,800
2006/03/08,2300,790
2006/03/09,2200,783
2006/03/10,2250,785
2006/03/13,2325,805
2006/03/14,2350,810
2006/03/15,2380,830
2006/03/16,2400,821
2006/03/17,2505,825
2006/03/20,2575,825
2006/03/22,2610,825
2006/03/23,2625,815
2006/03/24,2550,827
2006/03/27,2550,835
2006/03/28,2450,835
2006/03/29,2500,830
2006/03/30,2513,835
2006/03/31,2500,825
2006/04/03,2500,834
2006/04/04,2450,834
2006/04/05,2440,825
2006/04/06,2400,835
2006/04/07,2399,857
2006/04/10,2360,900
2006/04/11,2350,900
2006/04/12,2363,900
2006/04/13,2390,950
2006/04/18,2401,945
2006/04/19,2450,930
2006/04/20,2500,925
2006/04/21,2475,945
2006/04/24,2475,930
2006/04/25,2500,932
2006/04/26,2500,936
2006/04/28,2499,960
2006/05/02,2498,975
2006/05/03,2500,990
2006/05/04,2520,985
2006/05/05,2580,980
2006/05/08,2550,980
2006/05/09,2650,951
2006/05/10,2650,965
2006/05/11,2685,980
2006/05/12,2575,975
2006/05/15,2470,915
2006/05/16,2525,910
2006/05/17,2500,900
2006/05/18,2490,889
2006/05/19,2460,880
2006/05/22,2371,860
2006/05/23,2480,865
2006/05/24,2500,900
2006/05/25,2480,875
2006/05/26,2500,914
2006/05/29,2550,922
2006/05/30,2552,900
2006/05/31,2520,900
2006/06/01,2525,898
2006/06/02,2480,880
2006/06/05,2470,880
2006/06/06,2401,840
2006/06/07,2320,825
2006/06/08,2300,770
2006/06/09,2200,760
2006/06/12,2200,780
2006/06/13,2100,785
2006/06/14,2090,770
2006/06/15,2100,795
2006/06/19,2150,795
2006/06/20,2100,790
2006/06/21,2160,790
2006/06/22,2150,790
2006/06/23,2149,760
2006/06/26,2089,735
2006/06/27,2099,760
2006/06/28,2050,760
2006/06/29,2123,775
2006/06/30,2150,800
2006/07/03,2150,820
2006/07/04,2149,810
2006/07/05,2050,810
2006/07/06,2040,800
2006/07/07,2100,795
2006/07/10,2110,790
2006/07/11,2100,790
2006/07/12,2070,795
2006/07/13,2050,791
2006/07/14,2050,791
2006/07/17,2040,790
2006/07/18,2032,775
2006/07/19,2050,785
2006/07/20,2051,785
2006/07/21,2060,810
2006/07/24,2060,800
2006/07/25,2166,800
2006/07/26,2219,810
2006/07/27,2180,800
2006/07/28,2190,800
2006/07/31,2200,849
2006/08/01,2195,850
2006/08/02,2185,839
2006/08/03,2185,825
2006/08/04,2050,812
2006/08/07,2039,810
2006/08/08,2000,815
2006/08/10,2020,820
2006/08/11,2070,820
2006/08/14,2135,815
2006/08/15,2130,810
2006/08/16,2086,819
2006/08/17,2097,825
2006/08/18,2100,830
2006/08/21,2135,810
2006/08/22,2125,815
2006/08/23,2100,818
2006/08/24,2105,825
2006/08/25,2100,825
2006/08/28,2106,825
2006/08/29,2125,815
2006/08/30,2110,820
2006/08/31,2175,820
2006/09/01,2210,865
2006/09/04,2300,890
2006/09/05,2290,874
2006/09/06,2270,870
2006/09/07,2200,870
2006/09/08,2175,870
2006/09/11,2100,868
2006/09/12,2080,850
2006/09/13,2080,845
2006/09/14,2060,870
2006/09/15,2100,881
2006/09/18,2130,881
2006/09/19,2121,885
2006/09/20,2106,885
2006/09/21,2121,900
2006/09/22,2125,900
2006/09/26,2130,901
2006/09/27,2100,912
2006/09/28,2100,935
2006/09/29,2125,935
2006/10/02,2115,930
2006/10/03,2075,920
2006/10/04,2100,926
2006/10/05,2110,927
2006/10/06,2100,930
2006/10/09,2100,932
2006/10/10,2194,940
2006/10/11,2165,940
2006/10/12,2176,940
2006/10/13,2165,930
2006/10/16,2165,940
2006/10/17,2180,950
2006/10/18,2185,970
2006/10/19,2285,960
2006/10/20,2287,985
2006/10/23,2270,985
2006/10/24,2320,1000
2006/10/25,2320,995
2006/10/26,2319,1000
2006/10/27,2300,995
2006/10/30,2280,1000
2006/10/31,2300,1050
2006/11/01,2310,1015
2006/11/02,2395,1011
2006/11/03,2310,1035
2006/11/06,2286,1030
2006/11/07,2297,1050
2006/11/08,2300,1050
2006/11/09,2285,1050
2006/11/10,2330,1050
2006/11/13,2365,1050
2006/11/14,2345,1040
2006/11/15,2380,1034
2006/11/16,2380,1030
2006/11/17,2380,1050
2006/11/20,2300,1050
2006/11/21,2300,1055
2006/11/22,2310,1060
2006/11/23,2310,1060
2006/11/24,2350,1070
2006/11/27,2390,1086
2006/11/28,2375,1100
2006/11/29,2399,1115
2006/11/30,2405,1125
2006/12/01,2400,1125
2006/12/04,2375,1135
2006/12/05,2400,1135
2006/12/06,2435,1135
2006/12/07,2425,1125
2006/12/08,2410,1130
2006/12/11,2390,1130
2006/12/12,2380,1130
2006/12/13,2390,1152
2006/12/14,2370,1170
2006/12/15,2400,1180
2006/12/18,2400,1180
2006/12/19,2405,1185
2006/12/20,2460,1200
2006/12/21,2450,1200
2006/12/22,2475,1210
2006/12/27,2499,1220
2006/12/28,2525,1225
2006/12/29,2550,1235
2007/01/02,2545,1248
2007/01/03,2515,1250
2007/01/04,2500,1262
2007/01/05,2515,1260
2007/01/09,2606,1247
2007/01/10,2650,1250
2007/01/11,2705,1250
2007/01/12,2800,1246
2007/01/15,2855,1245
2007/01/16,2935,1248
2007/01/17,2900,1250
2007/01/18,2930,1250
2007/01/19,2905,1250
2007/01/22,2900,1235
2007/01/23,2929,1235
2007/01/24,2910,1230
2007/01/25,2930,1237
2007/01/26,2930,1252
2007/01/29,2920,1272
2007/01/30,2930,1348
2007/01/31,2970,1331
2007/02/01,3100,1341
2007/02/02,3170,1342
2007/02/05,3070,1371
2007/02/06,3150,1371
2007/02/07,3120,1355
2007/02/08,3060,1350
2007/02/09,3030,1350
2007/02/12,2970,1330
2007/02/13,2900,1320
2007/02/14,2950,1345
2007/02/15,2900,1350
2007/02/16,2890,1355
2007/02/19,2885,1410
2007/02/20,2875,1369
2007/02/21,2884,1400
2007/02/22,2900,1455
2007/02/23,2885,1470
2007/02/26,2860,1500
2007/02/27,2730,1470
2007/02/28,2671,1423
2007/03/01,2700,1400
2007/03/02,2650,1400
2007/03/05,2615,1365
2007/03/06,2700,1405
2007/03/07,2650,1407
2007/03/08,2675,1442
2007/03/09,2650,1500
2007/03/12,2710,1485
2007/03/13,2720,1450
2007/03/14,2670,1440
2007/03/15,2690,1430
2007/03/16,2690,1470
2007/03/19,2690,1480
2007/03/20,2680,1469
2007/03/22,2715,1462
2007/03/23,2798,1464
2007/03/26,2800,1450
2007/03/27,2820,1440
2007/03/28,2800,1465
2007/03/29,2888,1480
2007/03/30,2920,1480
2007/04/02,2950,1510
2007/04/03,2965,1560
2007/04/04,2975,1616
2007/04/05,3006,1669
2007/04/10,3000,1685
2007/04/11,3030,1670
2007/04/12,3001,1660
2007/04/13,3000,1700
2007/04/16,3005,1660
2007/04/17,3016,1700
2007/04/18,3030,1700
2007/04/19,3090,1699
2007/04/20,3021,1700
2007/04/23,3030,1710
2007/04/24,3030,1700
2007/04/25,3060,1720
2007/04/26,3075,1715
2007/04/30,3100,1715
2007/05/02,3150,1748
2007/05/03,3250,1745
2007/05/04,3249,1743
2007/05/07,3200,1740
2007/05/08,3170,1700
2007/05/09,3100,1700
2007/05/10,3100,1695
2007/05/11,3075,1700
2007/05/14,3100,1744
2007/05/15,3076,1725
2007/05/16,3050,1725
2007/05/17,3000,1702
2007/05/18,3050,1705
2007/05/21,3065,1710
2007/05/22,3065,1715
2007/05/23,3060,1730
2007/05/24,3080,1740
2007/05/25,3050,1729
2007/05/28,3115,1715
2007/05/29,3140,1730
2007/05/30,3200,1750
2007/05/31,3220,1800
2007/06/01,3220,1788
2007/06/04,3099,1840
2007/06/05,3060,1875
2007/06/06,3150,1869
2007/06/07,3149,1830
2007/06/08,3050,1780
2007/06/11,3099,1780
2007/06/12,3100,1750
2007/06/13,3055,1713
2007/06/14,3055,1725
2007/06/15,3050,1750
2007/06/18,3070,1815
2007/06/19,3100,1830
2007/06/20,3078,1831
2007/06/21,3070,1840
2007/06/22,3050,1813
2007/06/25,3050,1800
2007/06/26,3020,1780
2007/06/27,3030,1766
2007/06/28,3000,1790
2007/06/29,3030,1820
2007/07/02,3000,1835
2007/07/03,3020,1815
2007/07/04,3020,1875
2007/07/05,3000,1825
2007/07/06,2980,1850
2007/07/09,2980,1850
2007/07/10,2995,1875
2007/07/11,2950,1900
2007/07/12,2950,1890
2007/07/13,2925,1900
2007/07/16,2920,1925
2007/07/17,2874,1925
2007/07/18,2799,1925
2007/07/19,2800,1924
2007/07/20,2820,2000
2007/07/23,2820,2050
2007/07/24,2800,2050
2007/07/25,2750,2045
2007/07/26,2675,2020
2007/07/27,2700,2010
2007/07/30,2650,1970
2007/07/31,2700,1969
2007/08/01,2675,1900
2007/08/02,2750,1945
2007/08/03,2700,1927
2007/08/06,2610,1890
2007/08/07,2630,1885
2007/08/08,2651,1895
2007/08/10,2580,1850
2007/08/13,2590,1821
2007/08/14,2570,1803
2007/08/15,2490,1805
2007/08/16,2400,1801
2007/08/17,2400,1790
2007/08/20,2390,1790
2007/08/21,2380,1780
2007/08/22,2380,1825
2007/08/23,2440,1860
2007/08/24,2411,1880
2007/08/27,2455,1875
2007/08/28,2475,1849
2007/08/29,2570,1810
2007/08/30,2625,1820
2007/08/31,2650,1835
2007/09/03,2560,1860
2007/09/04,2538,1940
2007/09/05,2490,1960
2007/09/06,2491,1976
2007/09/07,2530,2020
2007/09/10,2600,2000
2007/09/11,2589,2040
2007/09/12,2530,2050
2007/09/13,2475,2044
2007/09/14,2515,2000
2007/09/17,2520,1980
2007/09/18,2550,1970
2007/09/19,2550,2000
2007/09/20,2580,2000
2007/09/21,2525,2000
2007/09/25,2510,1950
2007/09/26,2525,1979
2007/09/27,2550,1990
2007/09/28,2575,1990
2007/10/01,2575,2010
2007/10/02,2650,2009
2007/10/03,2750,2119
2007/10/04,2700,2120
2007/10/05,2720,2163
2007/10/08,2800,2178
2007/10/09,2775,2159
2007/10/10,2850,2150
2007/10/11,2830,2130
2007/10/12,2800,2130
2007/10/15,2830,2129
2007/10/16,2830,2090
2007/10/17,2848,2115
2007/10/18,2860,2090
2007/10/19,2860,2056
2007/10/22,2749,2052
2007/10/23,2820,2074
2007/10/24,2840,2099
2007/10/25,2840,2120
2007/10/26,2950,2140
2007/10/29,2875,2180
2007/10/30,2875,2180
2007/10/31,2860,2150
2007/11/01,2850,2130
2007/11/02,2831,2100
2007/11/05,2900,2100
2007/11/06,2900,2099
2007/11/07,2900,2080
2007/11/08,2895,2079
2007/11/09,2900,2100
2007/11/12,2900,2080
2007/11/13,2900,2090
2007/11/14,2900,2130
2007/11/15,2900,2125
2007/11/16,2890,2098
2007/11/19,2900,2050
2007/11/20,2880,2070
2007/11/21,2860,2040
2007/11/22,2820,2040
2007/11/23,2800,2030
2007/11/26,2790,2034
2007/11/27,2770,2040
2007/11/28,2770,2030
2007/11/29,2771,2045
2007/11/30,2771,2030
2007/12/03,2685,2070
2007/12/04,2625,2085
2007/12/05,2700,2084
2007/12/06,2700,2050
2007/12/07,2700,2045
2007/12/10,2710,2010
2007/12/11,2700,2020
2007/12/12,2700,2010
2007/12/13,2625,2000
2007/12/14,2575,1985
2007/12/18,2595,1951
2007/12/19,2565,1910
2007/12/20,2565,1945
2007/12/21,2515,1933
2007/12/24,2515,1945
2007/12/27,2600,1975
2007/12/28,2600,1999
2007/12/31,2600,1999
2008/01/02,2620,2000
2008/01/03,2620,1980
2008/01/04,2600,2000
2008/01/07,2600,1990
2008/01/08,2600,1970
2008/01/09,2585,1939
2008/01/10,2538,1898
2008/01/11,2400,1855
2008/01/14,2400,1876
2008/01/15,2450,1805
2008/01/16,2450,1721
2008/01/17,2400,1701
2008/01/18,2325,1820
2008/01/21,2192,1694
2008/01/22,2299,1620
2008/01/23,2200,1589
2008/01/24,2200,1600
2008/01/25,2230,1596
2008/01/28,2100,1584
2008/01/29,2090,1591
2008/01/30,2025,1620
2008/01/31,1940,1595
2008/02/01,2075,1580
2008/02/04,2100,1590
2008/02/05,2139,1555
2008/02/06,2121,1515
2008/02/07,2120,1510
2008/02/08,2129,1510
2008/02/11,2100,1500
2008/02/12,2070,1490
2008/02/13,2030,1500
2008/02/14,2070,1599
2008/02/15,2080,1600
2008/02/18,2054,1590
2008/02/19,2000,1579
2008/02/20,1950,1555
2008/02/21,1951,1555
2008/02/22,1950,1550
2008/02/25,1950,1539
2008/02/26,2050,1565
2008/02/27,2170,1610
2008/02/28,2150,1600
2008/02/29,2150,1585
2008/03/03,2170,1600
2008/03/04,2160,1590
2008/03/05,2135,1590
2008/03/06,2141,1547
2008/03/07,2099,1480
2008/03/10,2078,1485
2008/03/11,2090,1430
2008/03/12,2090,1514
2008/03/13,2180,1501
2008/03/14,2180,1495
2008/03/17,2100,1484
2008/03/18,2200,1493
2008/03/19,2225,1505
2008/03/20,2150,1450
2008/03/25,2150,1470
2008/03/26,2150,1450
2008/03/27,2100,1448
2008/03/28,2150,1450
2008/03/31,2125,1500
2008/04/01,2090,1500
2008/04/02,2125,1500
2008/04/03,2125,1501
2008/04/04,2080,1490
2008/04/07,2080,1500
2008/04/08,2125,1472
2008/04/09,2130,1475
2008/04/10,2110,1458
2008/04/11,2120,1415
2008/04/14,2100,1390
2008/04/15,2145,1390
2008/04/16,2150,1380
2008/04/17,2101,1360
2008/04/18,2150,1400
2008/04/21,2150,1385
2008/04/22,2100,1366
2008/04/23,2100,1385
2008/04/24,2080,1375
2008/04/25,2090,1370
2008/04/29,2025,1393
2008/04/30,2000,1395
2008/05/05,2100,1365
2008/05/06,2080,1390
2008/05/07,2078,1360
2008/05/08,2050,1336
2008/05/09,2090,1325
2008/05/12,2090,1310
2008/05/13,2100,1290
2008/05/14,2100,1245
2008/05/15,2153,1260
2008/05/16,2150,1250
2008/05/19,2150,1250
2008/05/20,2150,1260
2008/05/21,2100,1260
2008/05/22,2150,1275
2008/05/23,2150,1275
2008/05/26,2100,1300
2008/05/27,2115,1340
2008/05/28,2101,1307
2008/05/29,2130,1283
2008/05/30,2150,1260
2008/06/02,2150,1225
2008/06/03,2140,1185
2008/06/04,2090,1200
2008/06/05,2075,1200
2008/06/06,2075,1165
2008/06/09,2049,1125
2008/06/10,2075,1109
2008/06/11,2150,1155
2008/06/12,2120,1225
2008/06/13,2100,1259
2008/06/17,2140,1250
2008/06/18,2140,1200
2008/06/19,2100,1201
2008/06/20,2105,1204
2008/06/23,2100,1136
2008/06/24,2117,1100
2008/06/25,2100,1090
2008/06/26,2080,1090
2008/06/27,2010,1085
2008/06/30,2010,1120
2008/07/01,1960,1095
2008/07/02,1950,1100
2008/07/03,1890,1060
2008/07/04,1850,1055
2008/07/07,1800,1045
2008/07/08,1720,1010
2008/07/09,1690,970
2008/07/10,1641,980
2008/07/11,1605,950
2008/07/14,1625,950
2008/07/15,1625,916
2008/07/16,1625,940
2008/07/17,1700,1000
2008/07/18,1702,1049
2008/07/21,1750,1030
2008/07/22,1799,1000
2008/07/23,1800,1035
2008/07/24,1850,1035
2008/07/25,1850,1030
2008/07/28,1830,1020
2008/07/29,1800,1051
2008/07/30,1810,1060
2008/07/31,1850,1070
2008/08/01,2000,1080
2008/08/04,1920,1064
2008/08/05,1900,1036
2008/08/06,1900,1050
2008/08/07,1895,1074
2008/08/08,1892,1079
2008/08/11,1910,1135
2008/08/12,1925,1127
2008/08/13,1925,1150
2008/08/14,1902,1200
2008/08/15,1900,1200
2008/08/18,1900,1199
2008/08/19,1881,1159
2008/08/20,1850,1130
2008/08/21,1800,1130
2008/08/22,1800,1151
2008/08/25,1840,1190
2008/08/26,1766,1180
2008/08/27,1750,1200
2008/08/28,1750,1263
2008/08/29,1710,1264
2008/09/01,1760,1265
2008/09/02,1730,1286
2008/09/03,1715,1290
2008/09/04,1700,1311
2008/09/05,1710,1250
2008/09/08,1730,1235
2008/09/09,1730,1251
2008/09/10,1710,1251
2008/09/11,1710,1230
2008/09/12,1728,1255
2008/09/15,1700,1230
2008/09/16,1675,1220
2008/09/17,1700,1180
2008/09/18,1650,1082
2008/09/19,1662,1152
2008/09/22,1670,1125
2008/09/23,1670,1100
2008/09/25,1700,1100
2008/09/26,1785,1100
2008/09/29,1800,1015
2008/09/30,1790,970
2008/10/01,1670,950
2008/10/02,1677,950
2008/10/03,1675,930
2008/10/06,1660,805
2008/10/07,1660,795
2008/10/08,1626,765
2008/10/09,1680,800
2008/10/10,1600,770
2008/10/13,1570,815
2008/10/14,1550,880
2008/10/15,1520,850
2008/10/16,1467,761
2008/10/17,1454,800
2008/10/20,1455,795
2008/10/21,1456,811
2008/10/22,1510,811
2008/10/23,1460,830
2008/10/24,1450,790
2008/10/27,1500,765
2008/10/28,1500,780
2008/10/29,1535,820
2008/10/30,1545,845
2008/10/31,1540,820
2008/11/03,1530,800
2008/11/04,1530,830
2008/11/05,1550,810
2008/11/06,1530,813
2008/11/07,1530,805
2008/11/10,1539,810
2008/11/11,1500,830
2008/11/12,1485,850
2008/11/13,1450,829
2008/11/14,1450,830
2008/11/17,1400,795
2008/11/18,1390,800
2008/11/19,1350,760
2008/11/20,1320,760
2008/11/21,1306,800
2008/11/24,1300,805
2008/11/25,1321,825
2008/11/26,1330,815
2008/11/27,1320,803
2008/11/28,1320,831
2008/12/01,1300,830
2008/12/02,1299,800
2008/12/03,1285,800
2008/12/04,1250,803
2008/12/05,1230,825
2008/12/08,1181,825
2008/12/09,1190,834
2008/12/10,1200,840
2008/12/11,1200,839
2008/12/12,1200,855
2008/12/15,1190,860
2008/12/17,1150,830
2008/12/18,1186,861
2008/12/19,1190,850
2008/12/22,1190,1040
2008/12/23,1150,900
2008/12/24,1150,900
2008/12/29,1200,880
2008/12/30,1205,830
2008/12/31,1205,830
2009/01/02,1250,830
2009/01/05,1200,860
2009/01/06,1280,860
2009/01/07,1285,849
2009/01/08,1236,805
2009/01/09,1224,750
2009/01/12,1210,750
2009/01/13,1200,750
2009/01/14,1200,820
2009/01/15,1210,790
2009/01/16,1250,770
2009/01/19,1285,785
2009/01/20,1285,765
2009/01/21,1285,785
2009/01/22,1285,785
2009/01/23,1285,740
2009/01/26,1285,723
2009/01/27,1260,750
2009/01/28,1260,735
2009/01/29,1235,727
2009/01/30,1235,721
2009/02/02,1235,715
2009/02/03,1272,715
2009/02/04,1201,715
2009/02/05,1250,710
2009/02/06,1200,680
2009/02/09,1150,680
2009/02/10,1135,690
2009/02/11,1114,665
2009/02/12,1120,625
2009/02/13,1105,600
2009/02/16,1075,540
2009/02/17,1050,510
2009/02/18,1060,525
2009/02/19,1080,520
2009/02/20,1058,500
2009/02/23,1100,490
2009/02/24,1100,480
2009/02/25,1130,481
2009/02/26,1160,486
2009/02/27,1143,476
2009/03/02,1143,465
2009/03/03,1150,465
2009/03/04,1150,480
2009/03/05,1130,490
2009/03/06,1110,491
2009/03/09,1100,510
2009/03/10,1083,510
2009/03/11,1050,535
2009/03/12,1000,510
2009/03/13,1034,520
2009/03/16,1010,520
2009/03/17,1000,520
2009/03/18,975,520
2009/03/19,975,520
2009/03/20,970,550
2009/03/23,950,566
2009/03/24,950,565
2009/03/25,935,570
2009/03/26,950,575
2009/03/27,1000,570
2009/03/30,1070,575
2009/03/31,1050,576
2009/04/01,1100,570
2009/04/02,1099,590
2009/04/03,1060,600
2009/04/06,1090,575
2009/04/07,1090,590
2009/04/08,1106,580
2009/04/09,1130,570
2009/04/14,1200,560
2009/04/15,1200,560
2009/04/16,1179,560
2009/04/17,1200,551
2009/04/20,1201,550
2009/04/21,1190,551
2009/04/23,1190,555
2009/04/24,1250,553
2009/04/28,1250,570
2009/04/29,1220,590
2009/04/30,1200,650
2009/05/04,1220,637
2009/05/05,1220,637
2009/05/06,1269,637
2009/05/07,1282,660
2009/05/08,1282,665
2009/05/11,1250,675
2009/05/12,1310,690
2009/05/13,1300,700
2009/05/14,1250,720
2009/05/15,1250,750
2009/05/18,1250,760
2009/05/19,1250,745
2009/05/20,1250,745
2009/05/21,1200,710
2009/05/22,1240,650
2009/05/25,1300,669
2009/05/26,1290,695
2009/05/27,1299,720
2009/05/28,1310,669
2009/05/29,1400,675
2009/06/01,1552,680
2009/06/02,1525,655
2009/06/03,1600,700
2009/06/04,1600,635
2009/06/05,1600,641
2009/06/08,1600,715
2009/06/09,1600,740
2009/06/10,1600,729
2009/06/11,1595,650
2009/06/12,1600,652
2009/06/15,1575,670
2009/06/17,1570,656
2009/06/18,1550,660
2009/06/19,1550,698
2009/06/22,1537,679
2009/06/23,1530,615
2009/06/24,1530,615
2009/06/25,1545,636
2009/06/26,1550,651
2009/06/29,1570,701
2009/06/30,1570,701
2009/07/01,1575,695
2009/07/02,1595,695
2009/07/03,1602,680
2009/07/06,1625,680
2009/07/07,1600,685
2009/07/08,1650,685
2009/07/09,1750,700
2009/07/10,1749,700
2009/07/13,1700,710
2009/07/14,1680,720
2009/07/15,1700,700
2009/07/16,1695,715
2009/07/17,1695,721
2009/07/20,1700,750
2009/07/21,1700,750
2009/07/22,1700,775
2009/07/23,1700,775
2009/07/24,1690,800
2009/07/27,1700,850
2009/07/28,1710,900
2009/07/29,1710,900
2009/07/30,1749,920
2009/07/31,1850,883
2009/08/03,1710,883
2009/08/04,1700,880
2009/08/05,1680,875
2009/08/06,1680,890
2009/08/07,1700,900
2009/08/11,1690,890
2009/08/12,1675,890
2009/08/13,1700,885
2009/08/14,1700,895
2009/08/17,1700,895
2009/08/18,1700,900
2009/08/19,1690,885
2009/08/20,1700,889
2009/08/21,1775,890
2009/08/24,1942,870
2009/08/25,1850,880
2009/08/26,1850,895
2009/08/27,1800,900
2009/08/28,1801,916
2009/08/31,1850,950
2009/09/01,1900,950
2009/09/02,1887,950
2009/09/03,1853,970
2009/09/04,1900,998
2009/09/07,1880,980
2009/09/08,1850,960
2009/09/09,1860,955
2009/09/10,1871,949
2009/09/11,1850,940
2009/09/14,1833,960
2009/09/15,1825,950
2009/09/16,1875,949
2009/09/17,1875,945
2009/09/18,1811,945
2009/09/21,1820,940
2009/09/22,1820,910
2009/09/23,1815,916
2009/09/25,1800,916
2009/09/28,1800,940
2009/09/29,1900,925
2009/09/30,1900,930
2009/10/01,1970,935
2009/10/02,1950,900
2009/10/05,1900,900
2009/10/06,1975,900
2009/10/07,1975,910
2009/10/08,1956,922
2009/10/09,1940,920
2009/10/12,1911,920
2009/10/13,1898,915
2009/10/14,1885,900
2009/10/15,1861,900
2009/10/16,1860,900
2009/10/19,1850,885
2009/10/20,1850,870
2009/10/21,1849,882
2009/10/22,1825,920
2009/10/23,1826,925
2009/10/26,1849,930
2009/10/27,1850,930
2009/10/28,1862,928
2009/10/29,1862,928
2009/10/30,1845,930
2009/11/02,1826,930
2009/11/03,1799,930
2009/11/04,1762,930
2009/11/05,1736,930
2009/11/06,1730,930
2009/11/09,1750,950
2009/11/10,1765,930
2009/11/11,1770,950
2009/11/12,1780,950
2009/11/13,1840,955
2009/11/16,1831,955
2009/11/17,1845,950
2009/11/18,1820,950
2009/11/19,1815,950
2009/11/20,1810,950
2009/11/23,1777,950
2009/11/24,1820,958
2009/11/25,1825,950
2009/11/26,1825,960
2009/11/27,1802,954
2009/11/30,1793,955
2009/12/01,1817,960
2009/12/02,1864,975
2009/12/03,1882,975
2009/12/04,1870,995
2009/12/07,1810,1002
2009/12/08,1835,992
2009/12/09,1860,1010
2009/12/10,1900,1018
2009/12/11,1920,1060
2009/12/14,1950,1050
2009/12/15,1962,1049
2009/12/17,1965,1070
2009/12/18,1970,1080
2009/12/21,2000,1080
2009/12/22,2025,1095
2009/12/23,2031,1120
2009/12/24,2050,1120
2009/12/28,2025,1110
2009/12/29,2050,1110
2009/12/30,2055,1110
2009/12/31,2100,1110
2010/01/04,2055,1055
2010/01/05,2065,1055
2010/01/06,2170,1070
2010/01/07,2170,1090
2010/01/08,2145,1080
2010/01/11,2101,1080
2010/01/12,2150,1080
2010/01/13,2110,1080
2010/01/14,2100,1000
2010/01/15,2150,1080
2010/01/18,2138,1100
2010/01/19,2002,1100
2010/01/20,2021,1100
2010/01/21,2110,1100
2010/01/22,2135,1080
2010/01/25,2103,1085
2010/01/26,2110,1085
2010/01/27,2135,1085
2010/01/28,2130,1050
2010/01/29,2100,1050
2010/02/01,2130,1050
2010/02/02,2100,1060
2010/02/03,2100,1055
2010/02/04,2020,1050
2010/02/05,2010,1030
2010/02/08,2040,1025
2010/02/09,2090,1030
2010/02/10,2075,1030
2010/02/11,1980,1029
2010/02/12,2050,1020
2010/02/15,2030,1020
2010/02/16,2075,1020
2010/02/17,2075,1020
2010/02/18,2070,1020
2010/02/19,2040,1020
2010/02/22,2040,1010
2010/02/23,2040,1020
2010/02/24,1990,1015
2010/02/25,1975,1050
2010/02/26,2000,1080
2010/03/01,2000,1130
2010/03/02,2020,1115
2010/03/03,2040,1139
2010/03/04,2009,1135
2010/03/05,2025,1135
2010/03/08,2019,1126
2010/03/09,2000,1120
2010/03/10,2000,1120
2010/03/11,2020,1120
2010/03/12,1995,1131
2010/03/15,2000,1135
2010/03/16,2000,1135
2010/03/17,1975,1100
2010/03/18,2010,1094
2010/03/19,2000,1079
2010/03/23,2000,1080
2010/03/24,2000,1080
2010/03/25,2020,1090
2010/03/26,1990,1100
2010/03/29,2020,1100
2010/03/30,2050,1200
2010/03/31,2015,1190
2010/04/01,2000,1161
2010/04/06,1990,1180
2010/04/07,1960,1181
2010/04/08,1985,1280
2010/04/09,1990,1299
2010/04/12,2000,1290
2010/04/13,2000,1290
2010/04/14,2020,1270
2010/04/15,2000,1295
2010/04/16,2066,1295
2010/04/19,2050,1290
2010/04/20,2095,1250
2010/04/21,2130,1250
2010/04/22,2150,1260
2010/04/23,2150,1250
2010/04/26,2110,1259
2010/04/28,2103,1250
2010/04/29,2105,1260
2010/04/30,2080,1285
2010/05/03,2080,1284
2010/05/04,2110,1280
2010/05/05,2120,1250
2010/05/06,2200,1240
2010/05/07,2100,1200
2010/05/10,2200,1211
2010/05/11,2250,1250
2010/05/12,2300,1280
2010/05/13,2300,1250
2010/05/14,2300,1220
2010/05/17,2300,1210
2010/05/18,2299,1205
2010/05/19,2275,1259
2010/05/20,2100,1250
2010/05/21,2150,1195
2010/05/24,2160,1180
2010/05/25,2148,1171
2010/05/26,2150,1199
2010/05/27,2195,1180
2010/05/28,2250,1180
2010/05/31,2250,1190
2010/06/01,2274,1200
2010/06/02,2239,1180
2010/06/03,2220,1190
2010/06/04,2150,1180
2010/06/07,2200,1150
2010/06/08,2121,1187
2010/06/09,2150,1190
2010/06/10,2200,1180
2010/06/11,2220,1180
2010/06/14,2250,1181
2010/06/15,2339,1180
2010/06/17,2305,1145
2010/06/18,2305,1115
2010/06/21,2325,1140
2010/06/22,2325,1120
2010/06/23,2325,1115
2010/06/24,2330,1105
2010/06/25,2350,1080
2010/06/28,2355,1085
2010/06/29,2300,1050
2010/06/30,2305,1065
2010/07/01,2330,1075
2010/07/02,2340,1075
2010/07/05,2330,1075
2010/07/06,2300,1050
2010/07/07,2210,1050
2010/07/08,2300,1075
2010/07/09,2286,1045
2010/07/12,2300,1060
2010/07/13,2280,1060
2010/07/14,2280,1125
2010/07/15,2275,1125
2010/07/16,2300,1198
2010/07/19,2300,1115
2010/07/20,2290,1133
2010/07/21,2270,1148
2010/07/22,2270,1140
2010/07/23,2261,1140
2010/07/26,2275,1140
2010/07/27,2290,1130
2010/07/28,2279,1100
2010/07/29,2300,1120
2010/07/30,2300,1120
2010/08/02,2203,1175
2010/08/03,2190,1160
2010/08/04,2185,1150
2010/08/05,2131,1150
2010/08/06,2150,1150
2010/08/10,2135,1150
2010/08/11,2135,1150
2010/08/12,2179,1125
2010/08/13,2128,1110
2010/08/16,2130,1105
2010/08/17,2140,1115
2010/08/18,2103,1060
2010/08/19,2100,1060
2010/08/20,2100,1055
2010/08/23,2099,1060
2010/08/24,2080,1060
2010/08/25,2090,1060
2010/08/26,2100,1061
2010/08/27,2140,1100
2010/08/30,2150,1100
2010/08/31,2150,1100
2010/09/01,2150,1100
2010/09/02,2022,1100
2010/09/03,2039,1100
2010/09/06,2044,1100
2010/09/07,2006,1100
2010/09/08,2060,1075
2010/09/09,2045,1075
2010/09/10,2038,1070
2010/09/13,2090,1110
2010/09/14,2069,1119
2010/09/15,2055,1130
2010/09/16,2058,1130
2010/09/17,2070,1061
2010/09/20,2085,1120
2010/09/21,2123,1130
2010/09/22,2140,1140
2010/09/23,2139,1148
2010/09/27,2139,1190
2010/09/28,2100,1185
2010/09/29,2100,1185
2010/09/30,2100,1185
2010/10/01,2137,1195
2010/10/04,2150,1195
2010/10/05,2175,1190
2010/10/06,2220,1190
2010/10/07,2211,1180
2010/10/08,2281,1200
2010/10/11,2325,1180
2010/10/12,2375,1195
2010/10/13,2425,1200
2010/10/14,2425,1195
2010/10/15,2440,1200
2010/10/18,2440,1200
2010/10/19,2450,1185
2010/10/20,2424,1195
2010/10/21,2425,1240
2010/10/22,2424,1240
2010/10/25,2430,1250
2010/10/26,2450,1255
2010/10/27,2450,1255
2010/10/28,2480,1278
2010/10/29,2420,1298
2010/11/01,2380,1300
2010/11/02,2400,1340
2010/11/03,2460,1359
2010/11/04,2475,1319
2010/11/05,2485,1289
2010/11/08,2475,1305
2010/11/09,2485,1300
2010/11/10,2485,1300
2010/11/11,2483,1271
2010/11/12,2480,1250
2010/11/15,2502,1249
2010/11/16,2535,1270
2010/11/17,2520,1225
2010/11/18,2530,1225
2010/11/19,2510,1235
2010/11/22,2530,1225
2010/11/23,2523,1200
2010/11/24,2535,1195
2010/11/25,2528,1175
2010/11/26,2530,1170
2010/11/29,2449,1165
2010/11/30,2430,1125
2010/12/01,2377,1165
2010/12/02,2359,1165
2010/12/03,2350,1158
2010/12/06,2355,1160
2010/12/07,2349,1164
2010/12/08,2345,1170
2010/12/09,2345,1175
2010/12/10,2360,1200
2010/12/13,2380,1175
2010/12/14,2400,1175
2010/12/15,2385,1150
2010/12/17,2392,1150
2010/12/20,2399,1200
2010/12/21,2410,1190
2010/12/22,2420,1190
2010/12/23,2431,1190
2010/12/24,2440,1190
2010/12/28,2430,1155
2010/12/29,2421,1185
2010/12/30,2425,1185
2010/12/31,2420,1155
2011/01/03,2444,1155
2011/01/04,2450,1185
2011/01/05,2450,1185
2011/01/06,2449,1200
2011/01/07,2446,1180
2011/01/10,2450,1155
2011/01/11,2531,1180
2011/01/12,2675,1200
2011/01/13,2650,1180
2011/01/14,2607,1180
2011/01/17,2559,1160
2011/01/18,2515,1150
2011/01/19,2390,1135
2011/01/20,2297,1135
2011/01/21,2300,1130
2011/01/24,2220,1120
2011/01/25,2200,1105
2011/01/26,2300,1120
2011/01/27,2300,1100
2011/01/28,2275,1120
2011/01/31,2290,1110
2011/02/01,2342,1100
2011/02/02,2324,1100
2011/02/03,2320,1090
2011/02/04,2319,1100
2011/02/07,2298,1100
2011/02/08,2287,1072
2011/02/09,2300,1070
2011/02/10,2310,1080
2011/02/11,2315,1080
2011/02/14,2298,1100
2011/02/15,2282,1070
2011/02/16,2270,1080
2011/02/17,2243,1100
2011/02/18,2215,1080
2011/02/21,2200,1100
2011/02/22,2190,1076
2011/02/23,2150,1080
2011/02/24,2140,1086
2011/02/25,2150,1086
2011/02/28,2250,1085
2011/03/01,2200,1080
2011/03/02,2076,1060
2011/03/03,1870,1050
2011/03/04,1850,1050
2011/03/07,1799,1050
2011/03/08,1755,1030
2011/03/09,1875,1030
2011/03/10,1860,1051
2011/03/11,1900,1070
2011/03/14,1880,1090
2011/03/15,1820,1090
2011/03/16,1875,1090
2011/03/17,1880,1075
2011/03/18,1901,1075
2011/03/22,1910,1051
2011/03/23,1910,1085
2011/03/24,1900,1100
2011/03/25,1851,1100
2011/03/28,1870,1100
2011/03/29,1868,1100
2011/03/30,1875,1079
2011/03/31,1875,1080
2011/04/01,1890,1080
2011/04/04,1890,1090
2011/04/05,1861,1100
2011/04/06,1880,1112
2011/04/07,1880,1110
2011/04/08,1885,1120
2011/04/11,1885,1120
2011/04/12,1873,1101
2011/04/13,1882,1100
2011/04/14,1882,1100
2011/04/15,1880,1100
2011/04/18,1858,1099
2011/04/19,1849,1099
2011/04/20,1840,1094
2011/04/21,1870,1150
2011/04/26,1870,1120
2011/04/28,1870,1120
2011/04/29,1870,1120
2011/05/03,1869,1120
2011/05/04,1880,1100
2011/05/05,1865,1100
2011/05/06,1865,1100
2011/05/09,1856,1150
2011/05/10,1840,1100
2011/05/11,1840,1105
2011/05/12,1790,1100
2011/05/13,1689,1130
2011/05/16,1670,1130
2011/05/17,1660,1130
2011/05/19,1669,1124
2011/05/20,1649,1130
2011/05/23,1637,1120
2011/05/24,1646,1116
2011/05/25,1650,1115
2011/05/26,1655,1117
2011/05/27,1650,1130
2011/05/30,1654,1135
2011/05/31,1699,1125
2011/06/01,1653,1125
2011/06/02,1660,1125
2011/06/03,1660,1120
2011/06/06,1665,1120
2011/06/07,1667,1130
2011/06/08,1660,1140
2011/06/09,1684,1130
2011/06/10,1683,1150
2011/06/13,1680,1148
2011/06/14,1677,1150
2011/06/15,1673,1155
2011/06/17,1750,1155
2011/06/20,1680,1150
2011/06/21,1680,1150
2011/06/22,1670,1140
2011/06/23,1650,1125
2011/06/24,1670,1120
2011/06/27,1650,1120
2011/06/28,1659,1120
2011/06/29,1655,1126
2011/06/30,1654,1150
2011/07/01,1660,1130
2011/07/04,1660,1125
2011/07/05,1670,1126
2011/07/06,1695,1125
2011/07/07,1763,1135
2011/07/08,1785,1130
2011/07/11,1770,1140
2011/07/12,1760,1139
2011/07/13,1760,1150
2011/07/14,1760,1150
2011/07/15,1760,1150
2011/07/18,1750,1130
2011/07/19,1770,1126
2011/07/20,1768,1130
2011/07/21,1780,1130
2011/07/22,1786,1125
2011/07/25,1785,1123
2011/07/26,1786,1120
2011/07/27,1760,1120
2011/07/28,1769,1120
2011/07/29,1750,1120
2011/08/01,1750,1115
2011/08/02,1730,1115
2011/08/03,1745,1115
2011/08/04,1725,1103
2011/08/05,1700,1075
2011/08/08,1660,1085
2011/08/10,1679,1075
2011/08/11,1648,1045
2011/08/12,1690,1028
2011/08/15,1689,1030
2011/08/16,1712,1030
2011/08/17,1698,1030
2011/08/18,1685,1000
2011/08/19,1677,1000
2011/08/22,1684,1000
2011/08/23,1687,1000
2011/08/24,1665,1000
2011/08/25,1659,995
2011/08/26,1661,995
2011/08/29,1715,995
2011/08/30,1725,1000
2011/08/31,1776,1000
2011/09/01,1759,995
2011/09/02,1730,1000
2011/09/05,1714,995
2011/09/06,1719,995
2011/09/07,1719,995
2011/09/08,1747,1015
2011/09/09,1750,1050
2011/09/12,1749,1030
2011/09/13,1747,1030
2011/09/14,1749,1030
2011/09/15,1757,1016
2011/09/16,1785,1030
2011/09/19,1747,1030
2011/09/20,1778,1010
2011/09/21,1775,1032
2011/09/22,1720,998
2011/09/23,1732,980
2011/09/26,1704,980
2011/09/27,1740,1000
2011/09/28,1740,1000
2011/09/29,1745,1000
2011/09/30,1760,1000
2011/10/03,1757,1000
2011/10/04,1745,1000
2011/10/05,1799,1000
2011/10/06,1785,1000
2011/10/07,1815,1010
2011/10/10,1814,1000
2011/10/11,1815,1010
2011/10/12,1820,1010
2011/10/13,1829,1030
2011/10/14,1825,1020
2011/10/17,1830,1025
2011/10/18,1824,1025
2011/10/19,1833,1025
2011/10/20,1840,1020
2011/10/21,1839,1020
2011/10/24,1869,1039
2011/10/25,1879,1030
2011/10/26,1870,1040
2011/10/27,1876,1051
2011/10/28,1895,1050
2011/10/31,1900,1071
2011/11/01,1910,1080
2011/11/02,1924,1100
2011/11/03,1914,1085
2011/11/04,1907,1070
2011/11/07,1925,1099
2011/11/08,1955,1050
2011/11/09,1960,1098
2011/11/10,1959,1050
2011/11/11,1960,1095
2011/11/14,1943,1095
2011/11/15,1918,1030
2011/11/16,1899,1020
2011/11/17,1890,1000
2011/11/18,1875,1000
2011/11/21,1860,1000
2011/11/22,1850,1001
2011/11/23,1862,1001
2011/12/02,1862,1001
2011/12/05,1862,1001
2011/12/06,1862,1001
2011/12/07,1862,1001
2011/12/08,1862,1001
2011/12/09,1862,1001
2011/12/12,1862,1001
2011/12/13,1951,1030
2011/12/14,1952,990
2011/12/15,2010,990
2011/12/19,1945,982
2011/12/20,1950,982
2011/12/21,1940,975
2011/12/22,1938,975
2011/12/23,1968,975
2011/12/28,1987,975
2011/12/29,1988,975
2011/12/30,1995,975
2012/01/03,2010,975
2012/01/04,1997,985
2012/01/05,1982,990
2012/01/06,1980,1005
2012/01/09,1988,1002
2012/01/10,1985,1002
2012/01/11,1986,1020
2012/01/12,1999,1005
2012/01/13,1990,1000
2012/01/16,1985,1010
2012/01/17,1976,1000
2012/01/18,1992,1001
2012/01/19,2010,1002
2012/01/20,2009,1002
2012/01/23,2003,1000
2012/01/24,2007,995
2012/01/25,2005,995
2012/01/26,1990,1004
2012/01/27,1996,1004
2012/01/30,1996,975
2012/01/31,2000,1000
2012/02/01,2005,975
2012/02/02,2004,999
2012/02/03,2004,980
2012/02/06,1998,990
2012/02/07,1998,990
2012/02/08,2001,1005
2012/02/09,2015,1005
2012/02/10,2030,1050
2012/02/13,2030,1000
2012/02/14,2030,1001
2012/02/15,2056,1000
2012/02/16,2075,1001
2012/02/17,2145,1000
2012/02/20,2165,1000
2012/02/21,2136,1020
2012/02/22,2129,1002
2012/02/23,2121,1010
2012/02/24,2140,1010
2012/02/27,2130,1010
2012/02/28,2118,1001
2012/02/29,2112,1010
2012/03/01,2107,1014
2012/03/02,2125,1016
2012/03/05,2118,1025
2012/03/06,2085,1080
2012/03/07,2090,1060
2012/03/08,2100,1060
2012/03/09,2106,1060
2012/03/12,2090,1065
2012/03/13,2091,1065
2012/03/14,2095,1100
2012/03/15,2080,1099
2012/03/16,2071,1070
2012/03/19,2082,1080
2012/03/20,2050,1102
2012/03/22,2050,1100
2012/03/23,2030,1100
2012/03/26,2062,1070
2012/03/27,2080,1125
2012/03/28,2078,1125
2012/03/29,2094,1115
2012/03/30,2081,1100
2012/04/02,2110,1115
2012/04/03,2146,1115
2012/04/04,2120,1085
2012/04/05,2110,1115
2012/04/10,2091,1115
2012/04/11,2110,1115
2012/04/12,2130,1125
2012/04/13,2140,1117
2012/04/16,2165,1120
2012/04/17,2216,1101
2012/04/18,2266,1101
2012/04/19,2295,1080
2012/04/20,2340,1115
2012/04/23,2333,1076
2012/04/24,2399,1086
2012/04/25,2425,1090
2012/04/26,2457,1110
2012/04/30,2435,1110
2012/05/02,2400,1115
2012/05/03,2383,1125
2012/05/04,2365,1145
2012/05/07,2399,1100
2012/05/08,2373,1100
2012/05/09,2351,1103
2012/05/10,2371,1105
2012/05/11,2360,1117
2012/05/14,2352,1104
2012/05/15,2360,1137
2012/05/16,2355,1140
2012/05/17,2390,1169
2012/05/18,2368,1165
2012/05/21,2366,1180
2012/05/22,2380,1199
2012/05/23,2350,1199
2012/05/24,2359,1185
2012/05/25,2423,1185
2012/05/28,2472,1185
2012/05/29,2480,1175
2012/05/30,2440,1165
2012/05/31,2469,1160
2012/06/01,2450,1140
2012/06/04,2435,1140
2012/06/05,2450,1135
2012/06/06,2450,1101
2012/06/07,2464,1200
2012/06/08,2462,1245
2012/06/11,2500,1245
2012/06/12,2540,1219
2012/06/13,2570,1180
2012/06/14,2640,1180
2012/06/15,2616,1200
2012/06/18,2650,1205
2012/06/19,2630,1215
2012/06/20,2650,1215
2012/06/21,2650,1205
2012/06/22,2623,1230
2012/06/25,2650,1240
2012/06/26,2585,1230
2012/06/27,2560,1230
2012/06/28,2500,1220
2012/06/29,2598,1220
2012/07/02,2585,1225
2012/07/03,2650,1236
2012/07/04,2660,1250
2012/07/05,2800,1257
2012/07/06,2752,1275
2012/07/09,2750,1300
2012/07/10,2835,1339
2012/07/11,2790,1315
2012/07/12,2775,1310
2012/07/13,2770,1310
2012/07/16,2800,1290
2012/07/17,2831,1290
2012/07/18,2862,1287
2012/07/19,2800,1287
2012/07/20,2792,1300
2012/07/23,2700,1200
2012/07/24,2800,1150
2012/07/25,2845,1140
2012/07/26,2842,1134
2012/07/27,2840,1137
2012/07/30,2850,1130
2012/07/31,2827,1115
2012/08/01,2780,1110
2012/08/02,2811,1100
2012/08/03,2860,1100
2012/08/06,2875,1110
2012/08/07,2890,1120
2012/08/08,2920,1120
2012/08/10,2899,1115
2012/08/13,2884,1115
2012/08/14,2830,1115
2012/08/15,2780,1115
2012/08/16,2817,1130
2012/08/17,2818,1120
2012/08/20,2821,1130
2012/08/21,2845,1120
2012/08/22,2840,1130
2012/08/23,2850,1120
2012/08/24,2840,1120
2012/08/27,2858,1120
2012/08/28,2850,1120
2012/08/29,2855,1120
2012/08/30,2874,1120
2012/08/31,2850,1129
2012/09/03,2867,1120
2012/09/04,2880,1129
2012/09/05,2863,1129
2012/09/06,2880,1130
2012/09/07,2873,1140
2012/09/10,2810,1152
2012/09/11,2860,1155
2012/09/12,2841,1165
2012/09/13,2895,1160
2012/09/14,2880,1160
2012/09/17,2863,1160
2012/09/18,2866,1175
2012/09/19,2860,1175
2012/09/20,2867,1160
2012/09/21,2892,1160
2012/09/25,2884,1150
2012/09/26,2890,1150
2012/09/27,2855,1148
2012/09/28,2940,1120
2012/10/01,2916,1158
2012/10/02,2971,1158
2012/10/03,3041,1159
2012/10/04,3030,1149
2012/10/05,3025,1150
2012/10/08,2948,1140
2012/10/09,2940,1149
2012/10/10,2982,1115
2012/10/11,3000,1110
2012/10/12,2986,1120
2012/10/15,3027,1120
2012/10/16,3133,1120
2012/10/17,3253,1120
2012/10/18,3319,1120
2012/10/19,3281,1110
2012/10/22,3380,1110
2012/10/23,3380,1100
2012/10/24,3400,1100
2012/10/25,3400,1100
2012/10/26,3365,1100
2012/10/29,3375,1090
2012/10/30,3485,1090
2012/10/31,3410,1091
2012/11/01,3622,1080
2012/11/02,3513,1075
2012/11/05,3510,1065
2012/11/06,3465,1085
2012/11/07,3470,1080
2012/11/08,3470,1090
2012/11/09,3476,1080
2012/11/12,3555,1080
2012/11/13,3587,1050
2012/11/14,3600,1040
2012/11/15,3572,1040
2012/11/16,3558,1040
2012/11/19,3544,1030
2012/11/21,3523,991
2012/11/22,3530,990
2012/11/23,3518,990
2012/11/24,3518,990
2012/11/25,3518,990
2012/11/26,3570,1000
2012/11/27,3560,1000
2012/11/28,3550,989
2012/11/29,3590,1000
2012/11/30,3530,999
2012/12/03,3530,1010
2012/12/04,3585,1020
2012/12/05,3585,1030
2012/12/06,3664,1030
2012/12/07,3600,1040
2012/12/10,3611,1050
2012/12/11,3600,1070
2012/12/12,3620,1075
2012/12/13,3640,1100
2012/12/14,3700,1100
2012/12/18,3707,1101
2012/12/19,3813,1132
2012/12/20,3760,1125
2012/12/21,3684,1150
2012/12/24,3700,1125
2012/12/27,3722,1125
2012/12/28,3693,1130
2012/12/31,3674,1130
2013/01/02,3702,1110
2013/01/03,3700,1110
2013/01/04,3735,1070
2013/01/07,3790,1076
2013/01/08,3775,1076
2013/01/09,3844,1085
2013/01/10,3769,1120
2013/01/11,3800,1120
2013/01/14,3785,1100
2013/01/15,3620,1100
2013/01/16,3550,1076
2013/01/17,3548,1095
2013/01/18,3495,1094
2013/01/21,3469,1085
2013/01/22,3459,1085
2013/01/23,3408,1099
2013/01/24,3460,1042
2013/01/25,3393,1099
2013/01/28,3350,1087
2013/01/29,3183,1120
2013/01/30,3200,1120
2013/01/31,3200,1135
2013/02/01,3269,1140
2013/02/04,3215,1142
2013/02/05,3287,1145
2013/02/06,3320,1130
2013/02/07,3382,1128
2013/02/08,3424,1110
2013/02/11,3400,1113
2013/02/12,3350,1114
2013/02/13,3286,1119
2013/02/14,3280,1120
2013/02/15,3275,1095
2013/02/18,3270,1100
2013/02/19,3245,1125
2013/02/20,3250,1150
2013/02/21,3311,1105
2013/02/22,3328,1120
2013/02/25,3360,1140
2013/02/26,3295,1130
2013/02/27,3269,1110
2013/02/28,3236,1130
2013/03/01,3280,1130
2013/03/04,3271,1120
2013/03/05,3300,1130
2013/03/06,3335,1140
2013/03/07,3340,1120
2013/03/08,3377,1120
2013/03/11,3450,1120
2013/03/12,3350,1116
2013/03/13,3390,1116
2013/03/14,3383,1111
2013/03/15,3477,1110
2013/03/18,3430,1100
2013/03/19,3387,1145
2013/03/20,3415,1140
2013/03/22,3396,1140
2013/03/25,3492,1120
2013/03/26,3500,1115
2013/03/27,3500,1130
2013/03/28,3480,1130
2013/04/02,3575,1140
2013/04/03,3577,1135
2013/04/04,3583,1140
2013/04/05,3435,1125
2013/04/08,3540,1125
2013/04/09,3558,1130
2013/04/10,3620,1130
2013/04/11,3678,1125
2013/04/12,3617,1130
2013/04/15,3512,1120
2013/04/16,3564,1130
2013/04/17,3542,1125
2013/04/18,3500,1120
2013/04/19,3522,1130
2013/04/22,3525,1125
2013/04/23,3570,1120
2013/04/24,3666,1116
2013/04/25,3735,1116
2013/04/26,3700,1125
2013/04/29,3700,1119
2013/04/30,3666,1120
2013/05/02,3680,1125
2013/05/03,3691,1130
2013/05/06,3663,1124
2013/05/07,3699,1113
2013/05/08,3724,1120
2013/05/09,3775,1120
2013/05/10,3792,1120
2013/05/13,3800,1120
2013/05/14,3839,1098
2013/05/15,3879,1100
2013/05/16,3855,1100
2013/05/17,3800,1111
2013/05/20,3700,1139
2013/05/21,3791,1125
2013/05/22,3765,1120
2013/05/23,3657,1116
2013/05/24,3714,1105
2013/05/27,3760,1109
2013/05/28,3750,1110
2013/05/29,3700,1110
2013/05/30,3641,1110
2013/05/31,3499,1140
2013/06/03,3600,1110
2013/06/04,3680,1109
2013/06/05,3800,1107
2013/06/06,3848,1129
2013/06/07,3990,1147
2013/06/10,4060,1187
2013/06/11,3830,1215
2013/06/12,3850,1213
2013/06/13,3868,1234
2013/06/14,3930,1245
2013/06/18,4030,1285
2013/06/19,3995,1282
2013/06/20,3935,1251
2013/06/21,3920,1231
2013/06/24,3930,1230
2013/06/25,3900,1215
2013/06/26,3900,1205
2013/06/27,3950,1200
2013/06/28,4140,1175
2013/07/01,4130,1181
2013/07/02,4251,1163
2013/07/03,4232,1140
2013/07/04,4248,1159
2013/07/05,4200,1163
2013/07/08,4170,1173
2013/07/09,4161,1201
2013/07/10,4171,1205
2013/07/11,4200,1230
2013/07/12,4200,1214
2013/07/15,4165,1210
2013/07/16,4230,1205
2013/07/17,4310,1200
2013/07/18,4308,1210
2013/07/19,4220,1215
2013/07/22,4200,1130
2013/07/23,4290,1126
2013/07/24,4285,1110
2013/07/25,4245,1100
2013/07/26,4180,1119
2013/07/29,4160,1140
2013/07/30,4230,1140
2013/07/31,4190,1149
2013/08/01,4240,1150
2013/08/02,4301,1141
2013/08/05,4270,1140
2013/08/06,4244,1140
2013/08/07,4290,1139
2013/08/08,4275,1138
2013/08/12,4299,1135
2013/08/13,4241,1126
2013/08/14,4283,1115
2013/08/15,4250,1120
2013/08/16,4300,1125
2013/08/19,4252,1124
2013/08/20,4299,1125
2013/08/21,4250,1120
2013/08/22,4200,1120
2013/08/23,4195,1135
2013/08/26,4221,1140
2013/08/27,4140,1140
2013/08/28,4043,1135
2013/08/29,4100,1140
2013/08/30,4025,1154
2013/09/02,4150,1155
2013/09/03,4150,1165
2013/09/04,4030,1180
2013/09/05,4032,1185
2013/09/06,4066,1200
2013/09/09,4070,1199
2013/09/10,4099,1170
2013/09/11,4140,1180
2013/09/12,4210,1275
2013/09/13,4210,1275
2013/09/16,4240,1220
2013/09/17,4283,1220
2013/09/18,4150,1250
2013/09/19,4201,1270
2013/09/20,4196,1270
2013/09/23,4222,1269
2013/09/25,4280,1270
2013/09/26,4280,1270
2013/09/27,4293,1270
2013/09/30,4275,1280
2013/10/01,4232,1270
2013/10/02,4259,1270
2013/10/03,4230,1300
2013/10/04,4250,1300
2013/10/07,4240,1300
2013/10/08,4215,1280
2013/10/09,4189,1275
2013/10/10,4185,1280
2013/10/11,4223,1280
2013/10/14,4244,1286
2013/10/15,4265,1325
2013/10/16,4320,1360
2013/10/17,4302,1411
2013/10/18,4370,1440
2013/10/21,4418,1430
2013/10/22,4412,1420
2013/10/23,4400,1406
2013/10/24,4478,1391
2013/10/25,4592,1385
2013/10/28,4600,1387
2013/10/29,4620,1360
2013/10/30,4706,1395
2013/10/31,4890,1379
2013/11/01,4900,1370
2013/11/04,4901,1424
2013/11/05,4920,1420
2013/11/06,4935,1425
2013/11/07,4900,1430
2013/11/08,4900,1420
2013/11/11,4945,1420
2013/11/12,5030,1455
2013/11/13,4973,1480
2013/11/14,5020,1510
2013/11/15,5010,1550
2013/11/18,5030,1562
2013/11/19,5023,1557
2013/11/20,5100,1544
2013/11/21,5014,1540
2013/11/22,5050,1535
2013/11/25,5175,1535
2013/11/26,5131,1533
2013/11/27,5345,1560
2013/11/28,5451,1575
2013/11/29,5413,1570
2013/12/02,5413,1555
2013/12/03,5504,1565
2013/12/04,5700,1584
2013/12/05,5550,1630
2013/12/06,5430,1650
2013/12/09,5421,1675
2013/12/10,5460,1699
2013/12/11,5400,1691
2013/12/12,5185,1657
2013/12/13,5000,1655
2013/12/17,5031,1669
2013/12/18,5060,1656
2013/12/19,4965,1655
2013/12/20,5050,1656
2013/12/23,5104,1670
2013/12/24,5070,1655
2013/12/27,5183,1656
2013/12/30,5260,1658
2013/12/31,5244,1662
2014/01/02,5273,1667
2014/01/03,5242,1675
2014/01/06,5240,1685
2014/01/07,5191,1685
2014/01/08,5148,1685
2014/01/09,5139,1681
2014/01/10,5031,1680
2014/01/13,5100,1680
2014/01/14,5100,1680
2014/01/15,5165,1671
2014/01/16,5199,1675
2014/01/17,5077,1675
2014/01/20,5109,1665
2014/01/21,5175,1655
2014/01/22,5177,1657
2014/01/23,5210,1657
2014/01/24,5160,1650
2014/01/27,5045,1653
2014/01/28,5075,1650
2014/01/29,4900,1641
2014/01/30,4730,1635
2014/01/31,4801,1624
2014/02/03,4750,1610
2014/02/04,4783,1603
2014/02/05,4652,1654
2014/02/06,4650,1620
2014/02/07,4700,1625
2014/02/10,4890,1625
2014/02/11,4729,1625
2014/02/12,4823,1640
2014/02/13,4840,1635
2014/02/14,4713,1685
2014/02/17,4745,1720
2014/02/18,4690,1705
2014/02/19,4674,1750
2014/02/20,4600,1715
2014/02/21,4550,1751
2014/02/24,4600,1786
2014/02/25,4590,1785
2014/02/26,4530,1770
2014/02/27,4666,1789
2014/02/28,4665,1790
2014/03/03,4698,1760
2014/03/04,4850,1785
2014/03/05,4755,1790
2014/03/06,4930,1760
2014/03/07,4809,1750
2014/03/10,4862,1750
2014/03/11,4775,1776
2014/03/12,4700,1731
2014/03/13,4685,1740
2014/03/14,4730,1711
2014/03/17,4700,1711
2014/03/18,4650,1775
2014/03/19,4680,1765
2014/03/20,4610,1735
2014/03/24,4700,1740
2014/03/25,4707,1771
2014/03/26,4841,1820
2014/03/27,5050,1800
2014/03/28,5223,1850
2014/03/31,5321,1876
2014/04/01,5308,1870
2014/04/02,5299,1872
2014/04/03,5280,1880
2014/04/04,5305,1855
2014/04/07,5335,1843
2014/04/08,5330,1849
2014/04/09,5400,1894
2014/04/10,5415,1920
2014/04/11,5400,1942
2014/04/14,5549,1949
2014/04/15,5481,1940
2014/04/16,5470,1928
2014/04/17,5480,1929
2014/04/22,5504,1940
2014/04/23,5540,1940
2014/04/24,5601,1940
2014/04/25,5644,1930
2014/04/29,5693,1929
2014/04/30,5667,1930
2014/05/02,5746,1940
2014/05/05,5879,1939
2014/05/06,5956,1950
2014/05/08,5975,1960
2014/05/09,5800,1959
2014/05/12,5800,1950
2014/05/13,5725,1937
2014/05/14,5730,1940
2014/05/15,5568,1930
2014/05/16,5516,1930
2014/05/19,5591,1969
2014/05/20,5710,1990
2014/05/21,5650,1980
2014/05/22,5623,1974
2014/05/23,5748,1984
2014/05/26,5737,1984
2014/05/27,5625,1985
2014/05/28,5600,1985
2014/05/29,5600,1975
2014/05/30,5626,1972
2014/06/02,5795,1960
2014/06/03,5900,1940
2014/06/04,6025,1960
2014/06/05,6126,1975
2014/06/06,6305,2039
2014/06/09,6330,2070
2014/06/10,6400,2064
2014/06/11,6475,2020
2014/06/12,6410,2028
2014/06/13,6336,2100
2014/06/17,6560,2080
2014/06/18,6685,2105
2014/06/19,6685,2127
2014/06/20,6650,2147
2014/06/23,6490,2170
2014/06/24,6749,2123
2014/06/25,6683,2087
2014/06/26,6640,2100
2014/06/27,6420,2080
2014/06/30,6530,2100
2014/07/01,6649,2099
2014/07/02,6900,2134
2014/07/03,6900,2156
2014/07/04,7100,2140
2014/07/07,6997,2150
2014/07/08,7000,2145
2014/07/09,7036,2120
2014/07/10,6984,2135
2014/07/11,7005,2140
2014/07/14,7100,2164
2014/07/15,7143,2170
2014/07/16,7290,2180
2014/07/17,7424,2223
2014/07/18,7599,2225
2014/07/21,7580,2250
2014/07/22,7509,2298
2014/07/23,7425,2285
2014/07/24,7308,2265
2014/07/25,7350,2276
2014/07/28,7300,2280
2014/07/29,7396,2306
2014/07/30,7390,2307
2014/07/31,7480,2325
2014/08/01,7239,2316
2014/08/04,7372,2260
2014/08/05,7410,2229
2014/08/06,7239,2200
2014/08/07,7170,2215
2014/08/08,7355,2197
2014/08/11,7465,2200
2014/08/12,7497,2204
2014/08/13,7150,2222
2014/08/14,7450,2249
2014/08/15,7440,2235
2014/08/18,7450,2269
2014/08/19,7499,2283
2014/08/20,7449,2254
2014/08/21,7450,2235
2014/08/22,7500,2238
2014/08/25,7678,2262
2014/08/26,7920,2265
2014/08/27,7977,2285
2014/08/28,8150,2297
2014/08/29,7921,2286
2014/09/01,7910,2257
2014/09/02,7971,2277
2014/09/03,8020,2300
2014/09/04,8000,2300
2014/09/05,8000,2313
2014/09/08,7850,2344
2014/09/09,7786,2337
2014/09/10,7600,2338
2014/09/11,7560,2350
2014/09/12,7445,2349
2014/09/15,7257,2327
2014/09/16,7150,2340
2014/09/17,7397,2327
2014/09/18,7363,2390
2014/09/19,7429,2450
2014/09/22,7460,2388
2014/09/23,7539,2315
2014/09/25,7353,2308
2014/09/26,7142,2349
2014/09/29,7189,2283
2014/09/30,7283,2250
2014/10/01,7095,2250
2014/10/02,7156,2240
2014/10/03,7139,2250
2014/10/06,7287,2308
2014/10/07,7079,2250
2014/10/08,6950,2223
2014/10/09,6890,2250
2014/10/10,6793,2175
2014/10/13,6804,2286
2014/10/14,6700,2313
2014/10/15,6678,2279
2014/10/16,6450,2255
2014/10/17,6616,2247
2014/10/20,6819,2289
2014/10/21,7166,2300
2014/10/22,7150,2295
2014/10/23,7215,2284
2014/10/24,7520,2299
2014/10/27,7610,2287
2014/10/28,7730,2289
2014/10/29,7872,2285
2014/10/30,7881,2276
2014/10/31,8288,2299
2014/11/03,8091,2300
2014/11/04,8049,2315
2014/11/05,8010,2304
2014/11/06,7935,2318
2014/11/07,7915,2300
2014/11/10,8050,2319
2014/11/11,8350,2323
2014/11/12,8350,2295
2014/11/13,8504,2324
2014/11/14,8600,2325
2014/11/17,8600,2360
2014/11/18,8575,2420
2014/11/19,8935,2451
2014/11/20,8649,2436
2014/11/21,8790,2445
2014/11/24,8844,2460
2014/11/25,7179,2445
2014/11/26,7000,2420
2014/11/27,7050,2430
2014/11/28,7200,2430
2014/12/01,7080,2413
2014/12/02,7200,2400
2014/12/03,7410,2426
2014/12/04,7361,2387
2014/12/05,7400,2385
2014/12/08,7400,2379
2014/12/09,7276,2334
2014/12/10,7525,2334
2014/12/11,7699,2322
2014/12/12,7594,2281
2014/12/15,7500,2225
2014/12/17,7572,2251
2014/12/18,7580,2221
2014/12/19,7599,2275
2014/12/22,7669,2249
2014/12/23,7880,2250
2014/12/24,7875,2289
2014/12/29,7880,2319
2014/12/30,7870,2290
2014/12/31,7870,2320
2015/01/02,7800,2310
2015/01/05,7750,2239
2015/01/06,7750,2285
2015/01/07,7754,2285
2015/01/08,7769,2323
2015/01/09,7750,2300
2015/01/12,7730,2335
2015/01/13,7648,2360
2015/01/14,7700,2346
2015/01/15,7501,2329
2015/01/16,7496,2295
2015/01/19,7388,2280
2015/01/20,7414,2250
2015/01/21,7645,2250
2015/01/22,7659,2250
2015/01/23,7675,2270
2015/01/26,7695,2290
2015/01/27,7690,2310
2015/01/28,7650,2368
2015/01/29,7660,2400
2015/01/30,7708,2430
2015/02/02,7650,2420
2015/02/03,7760,2417
2015/02/04,7600,2403
2015/02/05,7600,2439
2015/02/06,7600,2450
2015/02/09,7600,2500
2015/02/10,7535,2569
2015/02/11,7570,2595
2015/02/12,7623,2649
2015/02/13,7765,2638
2015/02/16,7726,2600
2015/02/17,7840,2604
2015/02/18,7700,2581
2015/02/19,7750,2571
2015/02/20,7736,2529
2015/02/23,7689,2506
2015/02/24,7785,2508
2015/02/25,7980,2550
2015/02/26,7893,2550
2015/02/27,7822,2550
2015/03/02,7750,2570
2015/03/03,7868,2536
2015/03/04,7799,2522
2015/03/05,7926,2497
2015/03/06,7864,2498
2015/03/09,7779,2472
2015/03/10,7724,2410
2015/03/11,7773,2375
2015/03/12,7969,2400
2015/03/13,7871,2350
2015/03/16,7990,2336
2015/03/17,7997,2350
2015/03/18,7950,2505
2015/03/19,7999,2470
2015/03/20,7761,2527
2015/03/23,7928,2625
2015/03/24,8000,2603
2015/03/25,8000,2600
2015/03/26,8053,2568
2015/03/27,8258,2594
2015/03/30,8450,2599
2015/03/31,8350,2598
2015/04/01,8320,2625
2015/04/02,8534,2620
2015/04/07,8532,2679
2015/04/08,8347,2687
2015/04/09,8433,2695
2015/04/10,8510,2705
2015/04/13,8321,2750
2015/04/14,8563,2750
2015/04/15,8671,2754
2015/04/16,9045,2750
2015/04/17,9000,2767
2015/04/20,9089,2782
2015/04/21,9317,2764
2015/04/22,9436,2795
2015/04/23,9100,2760
2015/04/24,9000,2785
2015/04/28,9028,2779
2015/04/29,9000,2799
2015/04/30,9055,2792
2015/05/04,9000,2750
2015/05/05,9000,2790
2015/05/06,8642,2661
2015/05/07,8886,2677
2015/05/08,8946,2700
2015/05/11,8995,2700
2015/05/12,8831,2710
2015/05/13,8751,2759
2015/05/14,9090,2745
2015/05/15,9475,2790
2015/05/18,10172,2800
2015/05/19,10615,2800
2015/05/20,11090,2827
2015/05/21,11300,2750
2015/05/22,11150,2786
2015/05/25,10911,2787
2015/05/26,10700,2741
2015/05/27,10840,2780
2015/05/28,10785,2875
2015/05/29,10622,2879
2015/06/01,10500,2900
2015/06/02,10682,2920
2015/06/03,10645,2850
2015/06/04,10574,2870
2015/06/05,10305,2897
2015/06/08,10350,2850
2015/06/09,10250,2930
2015/06/10,10540,2975
2015/06/11,10756,2950
2015/06/12,10974,2959
2015/06/15,10846,2960
2015/06/17,11100,2960
2015/06/18,11300,2960
2015/06/19,10699,3033
2015/06/22,11032,3070
2015/06/23,11136,3035
2015/06/24,11219,3050
2015/06/25,11736,3150
2015/06/26,11750,3178
2015/06/29,11558,3115
2015/06/30,12330,3088
2015/07/01,11950,3149
2015/07/02,12259,3150
2015/07/03,12200,3150
2015/07/06,12010,3175
2015/07/07,11765,3160
2015/07/08,12175,3120
2015/07/09,12576,3100
2015/07/10,12600,3170
2015/07/13,12952,3234
2015/07/14,12699,3250
2015/07/15,13057,3250
2015/07/16,13100,3298
2015/07/17,13485,3418
2015/07/20,13850,3434
2015/07/21,13720,3390
2015/07/22,13901,3270
2015/07/23,14461,3305
2015/07/24,13918,3280
2015/07/27,13983,3275
2015/07/28,14385,3217
2015/07/29,14750,3340
2015/07/30,14900,3325
2015/07/31,15304,3297
2015/08/03,15600,3170
2015/08/04,15950,3269
2015/08/05,15170,3250
2015/08/06,14950,3248
2015/08/07,14683,3225
2015/08/11,14517,3250
2015/08/12,13846,3035
2015/08/13,13918,3064
2015/08/14,13841,3100
2015/08/17,14075,3049
2015/08/18,14390,3100
2015/08/19,14250,3016
2015/08/20,13693,2891
2015/08/21,12999,2880
2015/08/24,12477,2781
2015/08/25,13582,2915
2015/08/26,13680,2880
2015/08/27,14100,2857
2015/08/28,14408,2892
2015/08/31,14518,2900
2015/09/01,13608,2828
2015/09/02,13800,2863
2015/09/03,13821,2868
2015/09/04,13627,2905
2015/09/07,13344,2862
2015/09/08,13655,2970
2015/09/09,13530,3034
2015/09/10,14107,3025
2015/09/11,13000,3060
2015/09/14,13100,3120
2015/09/15,13200,3150
2015/09/16,13285,3199
2015/09/17,13574,3199
2015/09/18,13789,3089
2015/09/21,14009,3060
2015/09/22,13925,3055
2015/09/23,13916,3099
2015/09/25,13722,3020
2015/09/28,13690,2970
2015/09/29,13825,2898
2015/09/30,14050,2891
2015/10/01,14224,2896
2015/10/02,14075,2923
2015/10/05,14413,2983
2015/10/06,14673,2972
2015/10/07,14674,3024
2015/10/08,14660,2910
2015/10/09,14537,2925
2015/10/12,14700,2900
2015/10/13,14905,2926
2015/10/14,14868,2860
2015/10/15,14522,2840
2015/10/16,14715,2850
2015/10/19,15170,2910
2015/10/20,15091,2966
2015/10/21,15403,3040
2015/10/22,15550,3020
2015/10/23,15820,2995
2015/10/26,16072,3090
2015/10/27,15995,3087
2015/10/28,15950,3080
2015/10/29,15728,3067
2015/10/30,15882,3079
2015/11/02,16248,3070
2015/11/03,15988,3062
2015/11/04,16049,3050
2015/11/05,16100,3020
2015/11/06,15677,3011
2015/11/09,15734,3040
2015/11/10,15606,2971
2015/11/11,15350,2928
2015/11/12,15150,2900
2015/11/13,14699,2932
2015/11/16,15170,2930
2015/11/17,15764,2982
2015/11/18,15500,3000
2015/11/19,15500,3041
2015/11/20,15750,3082
2015/11/23,16113,3100
