Date,PSG,Brait
2004/05/12,275,695
2004/05/13,275,695
2004/05/14,270,690
2004/05/17,270,700
2004/05/18,265,686
2004/05/19,270,685
2004/05/20,265,690
2004/05/21,260,690
2004/05/24,256,690
2004/05/25,260,685
2004/05/26,258,685
2004/05/27,267,685
2004/05/28,265,685
2004/05/31,262,690
2004/06/01,262,680
2004/06/02,260,680
2004/06/03,261,685
2004/06/04,261,685
2004/06/07,265,701
2004/06/08,270,715
2004/06/09,275,740
2004/06/10,285,754
2004/06/11,290,760
2004/06/14,290,745
2004/06/15,285,717
2004/06/17,285,716
2004/06/18,290,720
2004/06/21,294,720
2004/06/22,290,725
2004/06/23,290,711
2004/06/24,298,720
2004/06/25,300,710
2004/06/28,295,710
2004/06/29,297,720
2004/06/30,310,720
2004/07/01,305,720
2004/07/02,305,750
2004/07/05,295,740
2004/07/06,305,725
2004/07/07,305,725
2004/07/08,300,730
2004/07/09,305,730
2004/07/12,301,728
2004/07/13,308,730
2004/07/14,301,730
2004/07/15,309,725
2004/07/16,309,720
2004/07/19,305,720
2004/07/20,315,720
2004/07/21,320,718
2004/07/22,315,718
2004/07/23,310,715
2004/07/26,305,705
2004/07/27,301,701
2004/07/28,304,720
2004/07/29,303,720
2004/07/30,310,720
2004/08/02,315,716
2004/08/03,315,720
2004/08/04,322,718
2004/08/05,340,700
2004/08/06,330,700
2004/08/10,326,690
2004/08/11,325,689
2004/08/12,340,700
2004/08/13,340,700
2004/08/16,335,700
2004/08/17,340,700
2004/08/18,345,700
2004/08/19,335,700
2004/08/20,310,718
2004/08/23,325,704
2004/08/24,332,700
2004/08/25,335,706
2004/08/26,335,706
2004/08/27,335,720
2004/08/30,335,730
2004/08/31,350,720
2004/09/01,316,730
2004/09/02,345,728
2004/09/03,350,728
2004/09/06,355,730
2004/09/07,350,730
2004/09/08,340,730
2004/09/09,345,735
2004/09/10,348,740
2004/09/13,345,770
2004/09/14,340,780
2004/09/15,342,770
2004/09/16,350,770
2004/09/17,350,770
2004/09/20,350,755
2004/09/21,360,745
2004/09/22,365,750
2004/09/23,375,750
2004/09/27,375,750
2004/09/28,375,755
2004/09/29,360,755
2004/09/30,365,754
2004/10/01,365,760
2004/10/04,360,785
2004/10/05,365,765
2004/10/06,395,765
2004/10/07,375,769
2004/10/08,400,760
2004/10/11,440,750
2004/10/12,450,753
2004/10/13,440,780
2004/10/14,450,770
2004/10/15,435,770
2004/10/18,445,775
2004/10/19,460,780
2004/10/20,455,775
2004/10/21,450,800
2004/10/22,440,800
2004/10/25,440,795
2004/10/26,445,795
2004/10/27,440,800
2004/10/28,440,815
2004/10/29,440,830
2004/11/01,435,855
2004/11/02,445,855
2004/11/03,453,855
2004/11/04,470,870
2004/11/05,456,885
2004/11/08,470,900
2004/11/09,476,945
2004/11/10,480,940
2004/11/11,482,950
2004/11/12,485,970
2004/11/15,500,995
2004/11/16,520,995
2004/11/17,525,960
2004/11/18,520,960
2004/11/19,520,950
2004/11/22,525,950
2004/11/23,525,970
2004/11/24,530,970
2004/11/25,528,970
2004/11/26,530,965
2004/11/29,530,970
2004/11/30,542,960
2004/12/01,545,980
2004/12/02,545,970
2004/12/03,545,955
2004/12/06,555,930
2004/12/07,560,925
2004/12/08,550,930
2004/12/09,560,925
2004/12/10,560,925
2004/12/13,570,933
2004/12/14,590,933
2004/12/15,595,930
2004/12/17,625,930
2004/12/20,627,926
2004/12/21,680,926
2004/12/22,655,945
2004/12/23,680,950
2004/12/24,680,960
2004/12/28,690,960
2004/12/29,700,970
2004/12/30,700,960
2004/12/31,700,965
2005/01/03,698,975
2005/01/04,690,1000
2005/01/05,695,1000
2005/01/06,680,1019
2005/01/07,675,1019
2005/01/10,675,1014
2005/01/11,670,1015
2005/01/12,665,1040
2005/01/13,665,1051
2005/01/14,675,1075
2005/01/17,675,1130
2005/01/18,668,1100
2005/01/19,660,1115
2005/01/20,680,1130
2005/01/21,670,1100
2005/01/24,650,1100
2005/01/25,650,1130
2005/01/26,650,1115
2005/01/27,668,1120
2005/01/28,665,1115
2005/01/31,670,1133
2005/02/01,670,1140
2005/02/02,675,1160
2005/02/03,692,1160
2005/02/04,699,1200
2005/02/07,700,1190
2005/02/08,696,1189
2005/02/09,675,1180
2005/02/10,685,1165
2005/02/11,680,1175
2005/02/14,675,1176
2005/02/15,675,1200
2005/02/16,680,1195
2005/02/17,680,1150
2005/02/18,680,1162
2005/02/21,685,1170
2005/02/22,695,1200
2005/02/23,700,1201
2005/02/24,700,1229
2005/02/25,700,1229
2005/02/28,700,1222
2005/03/01,685,1225
2005/03/02,670,1228
2005/03/03,670,1230
2005/03/04,686,1235
2005/03/07,700,1230
2005/03/08,700,1200
2005/03/09,700,1200
2005/03/10,690,1200
2005/03/11,690,1200
2005/03/14,695,1230
2005/03/15,690,1220
2005/03/16,695,1225
2005/03/17,685,1240
2005/03/18,690,1238
2005/03/22,660,1192
2005/03/23,640,1215
2005/03/24,630,1210
2005/03/29,640,1200
2005/03/30,620,1180
2005/03/31,655,1170
2005/04/01,650,1248
2005/04/04,675,1235
2005/04/05,680,1300
2005/04/06,690,1300
2005/04/07,685,1320
2005/04/08,680,1310
2005/04/11,685,1310
2005/04/12,685,1280
2005/04/13,660,1280
2005/04/14,660,1300
2005/04/15,665,1290
2005/04/18,660,1250
2005/04/19,665,1275
2005/04/20,660,1270
2005/04/21,660,1212
2005/04/22,660,1240
2005/04/25,650,1240
2005/04/26,650,1235
2005/04/28,670,1190
2005/04/29,673,1220
2005/05/03,670,1240
2005/05/04,681,1235
2005/05/05,690,1250
2005/05/06,700,1240
2005/05/09,695,1250
2005/05/10,715,1265
2005/05/11,745,1310
2005/05/12,750,1300
2005/05/13,750,1270
2005/05/16,750,1290
2005/05/17,725,1299
2005/05/18,735,1300
2005/05/19,750,1310
2005/05/20,773,1300
2005/05/23,760,1310
2005/05/24,780,1312
2005/05/25,809,1312
2005/05/26,829,1315
2005/05/27,845,1420
2005/05/30,820,1400
2005/05/31,800,1372
2005/06/01,780,1359
2005/06/02,804,1375
2005/06/03,800,1400
2005/06/06,790,1390
2005/06/07,790,1350
2005/06/08,790,1360
2005/06/09,795,1320
2005/06/10,805,1307
2005/06/13,812,1325
2005/06/14,810,1330
2005/06/15,810,1330
2005/06/17,820,1350
2005/06/20,822,1340
2005/06/21,830,1345
2005/06/22,835,1345
2005/06/23,835,1345
2005/06/24,835,1320
2005/06/27,830,1320
2005/06/28,830,1325
2005/06/29,847,1330
2005/06/30,845,1350
2005/07/01,820,1320
2005/07/04,800,1310
2005/07/05,800,1300
2005/07/06,800,1320
2005/07/07,805,1330
2005/07/08,800,1345
2005/07/11,802,1355
2005/07/12,811,1375
2005/07/13,850,1405
2005/07/14,845,1420
2005/07/15,840,1440
2005/07/18,855,1448
2005/07/19,875,1465
2005/07/20,880,1490
2005/07/21,860,1510
2005/07/22,865,1515
2005/07/25,860,1521
2005/07/26,822,1550
2005/07/27,860,1570
2005/07/28,847,1560
2005/07/29,870,1583
2005/08/01,875,1610
2005/08/02,895,1700
2005/08/03,885,1649
2005/08/04,900,1700
2005/08/05,900,1699
2005/08/08,920,1730
2005/08/10,980,1750
2005/08/11,980,1759
2005/08/12,945,1801
2005/08/15,945,1830
2005/08/16,944,1828
2005/08/17,940,1790
2005/08/18,910,1800
2005/08/19,920,1800
2005/08/22,940,1840
2005/08/23,951,1850
2005/08/24,910,1840
2005/08/25,905,1830
2005/08/26,916,1812
2005/08/29,910,1790
2005/08/30,910,1750
2005/08/31,925,1780
2005/09/01,954,1799
2005/09/02,1030,1825
2005/09/05,1035,1790
2005/09/06,1060,1824
2005/09/07,1065,1825
2005/09/08,1050,1810
2005/09/09,1070,1820
2005/09/12,1075,1820
2005/09/13,1070,1870
2005/09/14,1060,1860
2005/09/15,1065,1875
2005/09/16,1065,1880
2005/09/19,1080,1870
2005/09/20,1091,1840
2005/09/21,1150,1840
2005/09/22,1160,1806
2005/09/23,1200,1760
2005/09/26,1250,1765
2005/09/27,1230,1750
2005/09/28,1230,1775
2005/09/29,1235,1780
2005/09/30,1230,1840
2005/10/03,1240,1875
2005/10/04,1260,1941
2005/10/05,1265,1935
2005/10/06,1255,1880
2005/10/07,1216,1900
2005/10/10,1229,1870
2005/10/11,1195,1865
2005/10/12,1126,1830
2005/10/13,1076,1779
2005/10/14,1021,1750
2005/10/17,1059,1745
2005/10/18,1070,1737
2005/10/19,1050,1700
2005/10/20,1040,1680
2005/10/21,1030,1710
2005/10/24,1000,1660
2005/10/25,1100,1750
2005/10/26,1065,1770
2005/10/27,1095,1800
2005/10/28,1109,1800
2005/10/31,1125,1840
2005/11/01,1149,1830
2005/11/02,1130,1830
2005/11/03,1140,1900
2005/11/04,1130,1885
2005/11/07,1175,1893
2005/11/08,1181,1851
2005/11/09,1190,1786
2005/11/10,1190,1870
2005/11/11,1200,1890
2005/11/14,1190,1825
2005/11/15,1180,1840
2005/11/16,1175,1850
2005/11/17,1170,1840
2005/11/18,1140,1840
2005/11/21,1139,1830
2005/11/22,1100,1800
2005/11/23,1100,1820
2005/11/24,1105,1800
2005/11/25,1140,1860
2005/11/28,1155,1855
2005/11/29,1165,1815
2005/11/30,1170,1805
2005/12/01,1185,1820
2005/12/02,1195,1850
2005/12/05,1190,1870
2005/12/06,1200,1870
2005/12/07,1200,1870
2005/12/08,1235,1873
2005/12/09,1250,1881
2005/12/12,1330,1885
2005/12/13,1329,1880
2005/12/14,1290,1880
2005/12/15,1325,1880
2005/12/19,1320,1890
2005/12/20,1350,1860
2005/12/21,1375,1870
2005/12/22,1400,1873
2005/12/23,1500,1880
2005/12/27,1575,1880
2005/12/28,1575,1902
2005/12/29,1600,1940
2005/12/30,1650,1949
2006/01/03,1605,1990
2006/01/04,1535,2030
2006/01/05,1570,2040
2006/01/06,1565,2050
2006/01/09,1520,2120
2006/01/10,1532,2146
2006/01/11,1530,2210
2006/01/12,1561,2280
2006/01/13,1599,2280
2006/01/16,1580,2270
2006/01/17,1560,2320
2006/01/18,1566,2307
2006/01/19,1571,2395
2006/01/20,1650,2390
2006/01/23,1610,2375
2006/01/24,1660,2385
2006/01/25,1690,2379
2006/01/26,1700,2375
2006/01/27,1700,2350
2006/01/30,1705,2310
2006/01/31,1705,2252
2006/02/01,1701,2280
2006/02/02,1740,2310
2006/02/03,1735,2300
2006/02/06,1790,2270
2006/02/07,1790,2300
2006/02/08,1750,2300
2006/02/09,1758,2275
2006/02/10,1750,2270
2006/02/13,1750,2230
2006/02/14,1760,2250
2006/02/15,1782,2260
2006/02/16,1796,2280
2006/02/17,1800,2340
2006/02/20,1830,2345
2006/02/21,1875,2300
2006/02/22,1990,2300
2006/02/23,2051,2360
2006/02/24,2102,2380
2006/02/27,2200,2400
2006/02/28,2266,2301
2006/03/02,2375,2350
2006/03/03,2450,2355
2006/03/06,2380,2350
2006/03/07,2150,2390
2006/03/08,2050,2300
2006/03/09,2100,2200
2006/03/10,2150,2250
2006/03/13,2195,2325
2006/03/14,2170,2350
2006/03/15,2190,2380
2006/03/16,2197,2400
2006/03/17,2100,2505
2006/03/20,2195,2575
2006/03/22,2270,2610
2006/03/23,2230,2625
2006/03/24,2201,2550
2006/03/27,2200,2550
2006/03/28,2200,2450
2006/03/29,2240,2500
2006/03/30,2270,2513
2006/03/31,2350,2500
2006/04/03,2367,2500
2006/04/04,2360,2450
2006/04/05,2380,2440
2006/04/06,2380,2400
2006/04/07,2340,2399
2006/04/10,2350,2360
2006/04/11,2375,2350
2006/04/12,2400,2363
2006/04/13,2380,2390
2006/04/18,2420,2401
2006/04/19,2395,2450
2006/04/20,2265,2500
2006/04/21,2275,2475
2006/04/24,2215,2475
2006/04/25,2160,2500
2006/04/26,2135,2500
2006/04/28,2100,2499
2006/05/02,2022,2498
2006/05/03,1998,2500
2006/05/04,1965,2520
2006/05/05,1957,2580
2006/05/08,2011,2550
2006/05/09,2100,2650
2006/05/10,2245,2650
2006/05/11,2275,2685
2006/05/12,2220,2575
2006/05/15,2010,2470
2006/05/16,2100,2525
2006/05/17,2080,2500
2006/05/18,2089,2490
2006/05/19,2100,2460
2006/05/22,2040,2371
2006/05/23,2020,2480
2006/05/24,2000,2500
2006/05/25,1955,2480
2006/05/26,1980,2500
2006/05/29,1975,2550
2006/05/30,1950,2552
2006/05/31,1920,2520
2006/06/01,1861,2525
2006/06/02,1950,2480
2006/06/05,1950,2470
2006/06/06,1910,2401
2006/06/07,1850,2320
2006/06/08,1600,2300
2006/06/09,1728,2200
2006/06/12,1700,2200
2006/06/13,1590,2100
2006/06/14,1570,2090
2006/06/15,1640,2100
2006/06/19,1755,2150
2006/06/20,1850,2100
2006/06/21,1950,2160
2006/06/22,1900,2150
2006/06/23,1840,2149
2006/06/26,1800,2089
2006/06/27,1810,2099
2006/06/28,1880,2050
2006/06/29,1920,2123
2006/06/30,2000,2150
2006/07/03,2030,2150
2006/07/04,2036,2149
2006/07/05,2041,2050
2006/07/06,2050,2040
2006/07/07,2100,2100
2006/07/10,2100,2110
2006/07/11,2100,2100
2006/07/12,2110,2070
2006/07/13,2070,2050
2006/07/14,2040,2050
2006/07/17,2005,2040
2006/07/18,2000,2032
2006/07/19,2050,2050
2006/07/20,2000,2051
2006/07/21,2000,2060
2006/07/24,2030,2060
2006/07/25,2030,2166
2006/07/26,2100,2219
2006/07/27,2150,2180
2006/07/28,2130,2190
2006/07/31,2150,2200
2006/08/01,2140,2195
2006/08/02,2100,2185
2006/08/03,2075,2185
2006/08/04,2065,2050
2006/08/07,2000,2039
2006/08/08,2040,2000
2006/08/10,2030,2020
2006/08/11,2040,2070
2006/08/14,2100,2135
2006/08/15,2050,2130
2006/08/16,1998,2086
2006/08/17,2005,2097
2006/08/18,2050,2100
2006/08/21,2050,2135
2006/08/22,2049,2125
2006/08/23,2015,2100
2006/08/24,2040,2105
2006/08/25,2030,2100
2006/08/28,2030,2106
2006/08/29,2020,2125
2006/08/30,2100,2110
2006/08/31,2200,2175
2006/09/01,2275,2210
2006/09/04,2320,2300
2006/09/05,2340,2290
2006/09/06,2400,2270
2006/09/07,2355,2200
2006/09/08,2345,2175
2006/09/11,2274,2100
2006/09/12,2350,2080
2006/09/13,2370,2080
2006/09/14,2365,2060
2006/09/15,2480,2100
2006/09/18,2415,2130
2006/09/19,2415,2121
2006/09/20,2400,2106
2006/09/21,2400,2121
2006/09/22,2390,2125
2006/09/26,2344,2130
2006/09/27,2360,2100
2006/09/28,2370,2100
2006/09/29,2379,2125
2006/10/02,2210,2115
2006/10/03,2200,2075
2006/10/04,2100,2100
2006/10/05,2100,2110
2006/10/06,2115,2100
2006/10/09,2175,2100
2006/10/10,2181,2194
2006/10/11,2225,2165
2006/10/12,2290,2176
2006/10/13,2400,2165
2006/10/16,2400,2165
2006/10/17,2339,2180
2006/10/18,2275,2185
2006/10/19,2270,2285
2006/10/20,2252,2287
2006/10/23,2280,2270
2006/10/24,2261,2320
2006/10/25,2231,2320
2006/10/26,2210,2319
2006/10/27,2273,2300
2006/10/30,2260,2280
2006/10/31,2294,2300
2006/11/01,2299,2310
2006/11/02,2290,2395
2006/11/03,2300,2310
2006/11/06,2345,2286
2006/11/07,2339,2297
2006/11/08,2320,2300
2006/11/09,2299,2285
2006/11/10,2320,2330
2006/11/13,2314,2365
2006/11/14,2295,2345
2006/11/15,2345,2380
2006/11/16,2360,2380
2006/11/17,2385,2380
2006/11/20,2360,2300
2006/11/21,2435,2300
2006/11/22,2420,2310
2006/11/23,2445,2310
2006/11/24,2450,2350
2006/11/27,2425,2390
2006/11/28,2380,2375
2006/11/29,2390,2399
2006/11/30,2445,2405
2006/12/01,2520,2400
2006/12/04,2635,2375
2006/12/05,2620,2400
2006/12/06,2530,2435
2006/12/07,2590,2425
2006/12/08,2570,2410
2006/12/11,2540,2390
2006/12/12,2560,2380
2006/12/13,2650,2390
2006/12/14,2700,2370
2006/12/15,2690,2400
2006/12/18,2720,2400
2006/12/19,2760,2405
2006/12/20,2720,2460
2006/12/21,2700,2450
2006/12/22,2699,2475
2006/12/27,2693,2499
2006/12/28,2700,2525
2006/12/29,2700,2550
2007/01/02,2670,2545
2007/01/03,2699,2515
2007/01/04,2660,2500
2007/01/05,2700,2515
2007/01/09,2696,2606
2007/01/10,2750,2650
2007/01/11,2775,2705
2007/01/12,2822,2800
2007/01/15,2900,2855
2007/01/16,2865,2935
2007/01/17,2870,2900
2007/01/18,2865,2930
2007/01/19,2870,2905
2007/01/22,2899,2900
2007/01/23,2875,2929
2007/01/24,2875,2910
2007/01/25,2800,2930
2007/01/26,2766,2930
2007/01/29,2715,2920
2007/01/30,2810,2930
2007/01/31,2760,2970
2007/02/01,2800,3100
2007/02/02,2740,3170
2007/02/05,2700,3070
2007/02/06,2740,3150
2007/02/07,2725,3120
2007/02/08,2720,3060
2007/02/09,2700,3030
2007/02/12,2706,2970
2007/02/13,2720,2900
2007/02/14,2785,2950
2007/02/15,2830,2900
2007/02/16,2850,2890
2007/02/19,2850,2885
2007/02/20,2820,2875
2007/02/21,2800,2884
2007/02/22,2815,2900
2007/02/23,2800,2885
2007/02/26,2835,2860
2007/02/27,2800,2730
2007/02/28,2770,2671
2007/03/01,2675,2700
2007/03/02,2700,2650
2007/03/05,2540,2615
2007/03/06,2600,2700
2007/03/07,2580,2650
2007/03/08,2641,2675
2007/03/09,2720,2650
2007/03/12,2859,2710
2007/03/13,2885,2720
2007/03/14,2895,2670
2007/03/15,2800,2690
2007/03/16,2720,2690
2007/03/19,2760,2690
2007/03/20,2775,2680
2007/03/22,2790,2715
2007/03/23,2800,2798
2007/03/26,2800,2800
2007/03/27,2771,2820
2007/03/28,2775,2800
2007/03/29,2775,2888
2007/03/30,2840,2920
2007/04/02,2820,2950
2007/04/03,2800,2965
2007/04/04,2730,2975
2007/04/05,2790,3006
2007/04/10,2740,3000
2007/04/11,2735,3030
2007/04/12,2720,3001
2007/04/13,2720,3000
2007/04/16,2742,3005
2007/04/17,2753,3016
2007/04/18,2760,3030
2007/04/19,2731,3090
2007/04/20,2750,3021
2007/04/23,2804,3030
2007/04/24,2820,3030
2007/04/25,2810,3060
2007/04/26,2820,3075
2007/04/30,3050,3100
2007/05/02,2950,3150
2007/05/03,2876,3250
2007/05/04,2900,3249
2007/05/07,2846,3200
2007/05/08,2830,3170
2007/05/09,2840,3100
2007/05/10,2900,3100
2007/05/11,2860,3075
2007/05/14,2831,3100
2007/05/15,2815,3076
2007/05/16,2816,3050
2007/05/17,2775,3000
2007/05/18,2860,3050
2007/05/21,2895,3065
2007/05/22,2875,3065
2007/05/23,2901,3060
2007/05/24,2940,3080
2007/05/25,2865,3050
2007/05/28,2910,3115
2007/05/29,2880,3140
2007/05/30,2925,3200
2007/05/31,2990,3220
2007/06/01,3000,3220
2007/06/04,3000,3099
2007/06/05,2980,3060
2007/06/06,2962,3150
2007/06/07,2985,3149
2007/06/08,2950,3050
2007/06/11,2906,3099
2007/06/12,2900,3100
2007/06/13,2880,3055
2007/06/14,2855,3055
2007/06/15,2950,3050
2007/06/18,2900,3070
2007/06/19,2945,3100
2007/06/20,2900,3078
2007/06/21,2920,3070
2007/06/22,2900,3050
2007/06/25,2910,3050
2007/06/26,2880,3020
2007/06/27,2870,3030
2007/06/28,2870,3000
2007/06/29,2851,3030
2007/07/02,2870,3000
2007/07/03,2870,3020
2007/07/04,2825,3020
2007/07/05,2775,3000
2007/07/06,2825,2980
2007/07/09,2826,2980
2007/07/10,2845,2995
2007/07/11,2810,2950
2007/07/12,2810,2950
2007/07/13,2840,2925
2007/07/16,2840,2920
2007/07/17,2839,2874
2007/07/18,2820,2799
2007/07/19,2830,2800
2007/07/20,2830,2820
2007/07/23,2810,2820
2007/07/24,2800,2800
2007/07/25,2750,2750
2007/07/26,2750,2675
2007/07/27,2775,2700
2007/07/30,2775,2650
2007/07/31,2785,2700
2007/08/01,2700,2675
2007/08/02,2730,2750
2007/08/03,2690,2700
2007/08/06,2600,2610
2007/08/07,2600,2630
2007/08/08,2635,2651
2007/08/10,2610,2580
2007/08/13,2608,2590
2007/08/14,2640,2570
2007/08/15,2660,2490
2007/08/16,2550,2400
2007/08/17,2575,2400
2007/08/20,2600,2390
2007/08/21,2501,2380
2007/08/22,2500,2380
2007/08/23,2530,2440
2007/08/24,2595,2411
2007/08/27,2560,2455
2007/08/28,2575,2475
2007/08/29,2570,2570
2007/08/30,2600,2625
2007/08/31,2650,2650
2007/09/03,2625,2560
2007/09/04,2600,2538
2007/09/05,2640,2490
2007/09/06,2675,2491
2007/09/07,2620,2530
2007/09/10,2650,2600
2007/09/11,2650,2589
2007/09/12,2615,2530
2007/09/13,2600,2475
2007/09/14,2613,2515
2007/09/17,2615,2520
2007/09/18,2600,2550
2007/09/19,2600,2550
2007/09/20,2620,2580
2007/09/21,2535,2525
2007/09/25,2580,2510
2007/09/26,2539,2525
2007/09/27,2550,2550
2007/09/28,2615,2575
2007/10/01,2600,2575
2007/10/02,2605,2650
2007/10/03,2644,2750
2007/10/04,2600,2700
2007/10/05,2600,2720
2007/10/08,2600,2800
2007/10/09,2600,2775
2007/10/10,2600,2850
2007/10/11,2585,2830
2007/10/12,2575,2800
2007/10/15,2540,2830
2007/10/16,2540,2830
2007/10/17,2535,2848
2007/10/18,2536,2860
2007/10/19,2520,2860
2007/10/22,2500,2749
2007/10/23,2490,2820
2007/10/24,2425,2840
2007/10/25,2490,2840
2007/10/26,2470,2950
2007/10/29,2525,2875
2007/10/30,2540,2875
2007/10/31,2500,2860
2007/11/01,2510,2850
2007/11/02,2510,2831
2007/11/05,2500,2900
2007/11/06,2500,2900
2007/11/07,2525,2900
2007/11/08,2561,2895
2007/11/09,2635,2900
2007/11/12,2598,2900
2007/11/13,2635,2900
2007/11/14,2805,2900
2007/11/15,2770,2900
2007/11/16,2765,2890
2007/11/19,2750,2900
2007/11/20,2732,2880
2007/11/21,2750,2860
2007/11/22,2749,2820
2007/11/23,2720,2800
2007/11/26,2730,2790
2007/11/27,2748,2770
2007/11/28,2750,2770
2007/11/29,2750,2771
2007/11/30,2750,2771
2007/12/03,2750,2685
2007/12/04,2800,2625
2007/12/05,2790,2700
2007/12/06,2775,2700
2007/12/07,2755,2700
2007/12/10,2750,2710
2007/12/11,2790,2700
2007/12/12,2790,2700
2007/12/13,2735,2625
2007/12/14,2600,2575
2007/12/18,2660,2595
2007/12/19,2700,2565
2007/12/20,2660,2565
2007/12/21,2650,2515
2007/12/24,2640,2515
2007/12/27,2640,2600
2007/12/28,2630,2600
2007/12/31,2650,2600
2008/01/02,2605,2620
2008/01/03,2600,2620
2008/01/04,2610,2600
2008/01/07,2599,2600
2008/01/08,2600,2600
2008/01/09,2544,2585
2008/01/10,2524,2538
2008/01/11,2475,2400
2008/01/14,2399,2400
2008/01/15,2356,2450
2008/01/16,2225,2450
2008/01/17,2250,2400
2008/01/18,2224,2325
2008/01/21,2060,2192
2008/01/22,2030,2299
2008/01/23,2070,2200
2008/01/24,2100,2200
2008/01/25,2100,2230
2008/01/28,2050,2100
2008/01/29,2060,2090
2008/01/30,2020,2025
2008/01/31,1933,1940
2008/02/01,1915,2075
2008/02/04,1950,2100
2008/02/05,1920,2139
2008/02/06,1950,2121
2008/02/07,1950,2120
2008/02/08,1950,2129
2008/02/11,1974,2100
2008/02/12,2000,2070
2008/02/13,2020,2030
2008/02/14,2070,2070
2008/02/15,2100,2080
2008/02/18,2100,2054
2008/02/19,2064,2000
2008/02/20,2023,1950
2008/02/21,1955,1951
2008/02/22,1955,1950
2008/02/25,2000,1950
2008/02/26,2075,2050
2008/02/27,2100,2170
2008/02/28,2100,2150
2008/02/29,2085,2150
2008/03/03,2085,2170
2008/03/04,2020,2160
2008/03/05,2040,2135
2008/03/06,2020,2141
2008/03/07,2058,2099
2008/03/10,1999,2078
2008/03/11,1951,2090
2008/03/12,1930,2090
2008/03/13,1975,2180
2008/03/14,2010,2180
2008/03/17,1980,2100
2008/03/18,1969,2200
2008/03/19,1929,2225
2008/03/20,1895,2150
2008/03/25,1890,2150
2008/03/26,1801,2150
2008/03/27,1780,2100
2008/03/28,1780,2150
2008/03/31,1760,2125
2008/04/01,1790,2090
2008/04/02,1773,2125
2008/04/03,1790,2125
2008/04/04,1799,2080
2008/04/07,1790,2080
2008/04/08,1780,2125
2008/04/09,1900,2130
2008/04/10,1850,2110
2008/04/11,1838,2120
2008/04/14,1849,2100
2008/04/15,1858,2145
2008/04/16,1879,2150
2008/04/17,1885,2101
2008/04/18,1889,2150
2008/04/21,1990,2150
2008/04/22,1950,2100
2008/04/23,1968,2100
2008/04/24,1960,2080
2008/04/25,1955,2090
2008/04/29,1950,2025
2008/04/30,1950,2000
2008/05/05,1959,2100
2008/05/06,1980,2080
2008/05/07,1995,2078
2008/05/08,2000,2050
2008/05/09,2052,2090
2008/05/12,1950,2090
2008/05/13,1966,2100
2008/05/14,1975,2100
2008/05/15,1975,2153
2008/05/16,1985,2150
2008/05/19,2001,2150
2008/05/20,2005,2150
2008/05/21,2020,2100
2008/05/22,2030,2150
2008/05/23,2030,2150
2008/05/26,2032,2100
2008/05/27,2075,2115
2008/05/28,2040,2101
2008/05/29,2000,2130
2008/05/30,2020,2150
2008/06/02,1990,2150
2008/06/03,2000,2140
2008/06/04,2000,2090
2008/06/05,1995,2075
2008/06/06,2000,2075
2008/06/09,1950,2049
2008/06/10,1921,2075
2008/06/11,1900,2150
2008/06/12,1928,2120
2008/06/13,1975,2100
2008/06/17,1950,2140
2008/06/18,1949,2140
2008/06/19,1900,2100
2008/06/20,1949,2105
2008/06/23,1940,2100
2008/06/24,1850,2117
2008/06/25,1870,2100
2008/06/26,1865,2080
2008/06/27,1820,2010
2008/06/30,1782,2010
2008/07/01,1780,1960
2008/07/02,1779,1950
2008/07/03,1698,1890
2008/07/04,1710,1850
2008/07/07,1720,1800
2008/07/08,1760,1720
2008/07/09,1795,1690
2008/07/10,1785,1641
2008/07/11,1755,1605
2008/07/14,1749,1625
2008/07/15,1850,1625
2008/07/16,1911,1625
2008/07/17,2040,1700
2008/07/18,2050,1702
2008/07/21,2030,1750
2008/07/22,2030,1799
2008/07/23,2000,1800
2008/07/24,2000,1850
2008/07/25,2016,1850
2008/07/28,2010,1830
2008/07/29,2019,1800
2008/07/30,2050,1810
2008/07/31,2070,1850
2008/08/01,2069,2000
2008/08/04,1822,1920
2008/08/05,1825,1900
2008/08/06,1824,1900
2008/08/07,1810,1895
2008/08/08,1790,1892
2008/08/11,1790,1910
2008/08/12,1790,1925
2008/08/13,1799,1925
2008/08/14,1760,1902
2008/08/15,1800,1900
2008/08/18,1839,1900
2008/08/19,1820,1881
2008/08/20,1820,1850
2008/08/21,1820,1800
2008/08/22,1820,1800
2008/08/25,1860,1840
2008/08/26,1830,1766
2008/08/27,1840,1750
2008/08/28,1845,1750
2008/08/29,1838,1710
2008/09/01,1820,1760
2008/09/02,1820,1730
2008/09/03,1790,1715
2008/09/04,1766,1700
2008/09/05,1735,1710
2008/09/08,1742,1730
2008/09/09,1780,1730
2008/09/10,1751,1710
2008/09/11,1760,1710
2008/09/12,1755,1728
2008/09/15,1756,1700
2008/09/16,1755,1675
2008/09/17,1711,1700
2008/09/18,1700,1650
2008/09/19,1680,1662
2008/09/22,1701,1670
2008/09/23,1710,1670
2008/09/25,1690,1700
2008/09/26,1700,1785
2008/09/29,1675,1800
2008/09/30,1580,1790
2008/10/01,1600,1670
2008/10/02,1592,1677
2008/10/03,1570,1675
2008/10/06,1400,1660
2008/10/07,1469,1660
2008/10/08,1401,1626
2008/10/09,1350,1680
2008/10/10,1320,1600
2008/10/13,1425,1570
2008/10/14,1461,1550
2008/10/15,1450,1520
2008/10/16,1350,1467
2008/10/17,1300,1454
2008/10/20,1300,1455
2008/10/21,1325,1456
2008/10/22,1330,1510
2008/10/23,1320,1460
2008/10/24,1270,1450
2008/10/27,1250,1500
2008/10/28,1285,1500
2008/10/29,1320,1535
2008/10/30,1326,1545
2008/10/31,1300,1540
2008/11/03,1305,1530
2008/11/04,1370,1530
2008/11/05,1361,1550
2008/11/06,1350,1530
2008/11/07,1350,1530
2008/11/10,1360,1539
2008/11/11,1349,1500
2008/11/12,1365,1485
2008/11/13,1300,1450
2008/11/14,1300,1450
2008/11/17,1300,1400
2008/11/18,1300,1390
2008/11/19,1300,1350
2008/11/20,1280,1320
2008/11/21,1280,1306
2008/11/24,1300,1300
2008/11/25,1350,1321
2008/11/26,1350,1330
2008/11/27,1314,1320
2008/11/28,1330,1320
2008/12/01,1311,1300
2008/12/02,1310,1299
2008/12/03,1310,1285
2008/12/04,1337,1250
2008/12/05,1320,1230
2008/12/08,1330,1181
2008/12/09,1450,1190
2008/12/10,1429,1200
2008/12/11,1433,1200
2008/12/12,1390,1200
2008/12/15,1400,1190
2008/12/17,1395,1150
2008/12/18,1400,1186
2008/12/19,1300,1190
2008/12/22,1300,1190
2008/12/23,1302,1150
2008/12/24,1302,1150
2008/12/29,1500,1200
2008/12/30,1350,1205
2008/12/31,1350,1205
2009/01/02,1310,1250
2009/01/05,1400,1200
2009/01/06,1405,1280
2009/01/07,1400,1285
2009/01/08,1400,1236
2009/01/09,1430,1224
2009/01/12,1430,1210
2009/01/13,1435,1200
2009/01/14,1450,1200
2009/01/15,1450,1210
2009/01/16,1436,1250
2009/01/19,1420,1285
2009/01/20,1420,1285
2009/01/21,1420,1285
2009/01/22,1420,1285
2009/01/23,1415,1285
2009/01/26,1400,1285
2009/01/27,1415,1260
2009/01/28,1438,1260
2009/01/29,1435,1235
2009/01/30,1440,1235
2009/02/02,1475,1235
2009/02/03,1500,1272
2009/02/04,1485,1201
2009/02/05,1485,1250
2009/02/06,1500,1200
2009/02/09,1475,1150
2009/02/10,1475,1135
2009/02/11,1475,1114
2009/02/12,1475,1120
2009/02/13,1475,1105
2009/02/16,1475,1075
2009/02/17,1475,1050
2009/02/18,1450,1060
2009/02/19,1425,1080
2009/02/20,1430,1058
2009/02/23,1435,1100
2009/02/24,1435,1100
2009/02/25,1440,1130
2009/02/26,1452,1160
2009/02/27,1456,1143
2009/03/02,1440,1143
2009/03/03,1425,1150
2009/03/04,1400,1150
2009/03/05,1410,1130
2009/03/06,1420,1110
2009/03/09,1302,1100
2009/03/10,1392,1083
2009/03/11,1392,1050
2009/03/12,1393,1000
2009/03/13,1410,1034
2009/03/16,1430,1010
2009/03/17,1440,1000
2009/03/18,1440,975
2009/03/19,1400,975
2009/03/20,1440,970
2009/03/23,1440,950
2009/03/24,1440,950
2009/03/25,1400,935
2009/03/26,1400,950
2009/03/27,1450,1000
2009/03/30,1400,1070
2009/03/31,1400,1050
2009/04/01,1440,1100
2009/04/02,1500,1099
2009/04/03,1485,1060
2009/04/06,1540,1090
2009/04/07,1525,1090
2009/04/08,1525,1106
2009/04/09,1551,1130
2009/04/14,1580,1200
2009/04/15,1580,1200
2009/04/16,1536,1179
2009/04/17,1550,1200
2009/04/20,1552,1201
2009/04/21,1560,1190
2009/04/23,1579,1190
2009/04/24,1575,1250
2009/04/28,1550,1250
2009/04/29,1585,1220
2009/04/30,1585,1200
2009/05/04,1600,1220
2009/05/05,1585,1220
2009/05/06,1592,1269
2009/05/07,1645,1282
2009/05/08,1680,1282
2009/05/11,1650,1250
2009/05/12,1625,1310
2009/05/13,1590,1300
2009/05/14,1535,1250
2009/05/15,1512,1250
2009/05/18,1590,1250
2009/05/19,1600,1250
2009/05/20,1580,1250
2009/05/21,1580,1200
2009/05/22,1580,1240
2009/05/25,1590,1300
2009/05/26,1580,1290
2009/05/27,1585,1299
2009/05/28,1595,1310
2009/05/29,1565,1400
2009/06/01,1600,1552
2009/06/02,1625,1525
2009/06/03,1675,1600
2009/06/04,1650,1600
2009/06/05,1670,1600
2009/06/08,1670,1600
2009/06/09,1680,1600
2009/06/10,1750,1600
2009/06/11,1800,1595
2009/06/12,1753,1600
2009/06/15,1730,1575
2009/06/17,1770,1570
2009/06/18,1640,1550
2009/06/19,1640,1550
2009/06/22,1675,1537
2009/06/23,1700,1530
2009/06/24,1700,1530
2009/06/25,1690,1545
2009/06/26,1700,1550
2009/06/29,1700,1570
2009/06/30,1690,1570
2009/07/01,1700,1575
2009/07/02,1700,1595
2009/07/03,1700,1602
2009/07/06,1700,1625
2009/07/07,1710,1600
2009/07/08,1710,1650
2009/07/09,1750,1750
2009/07/10,1740,1749
2009/07/13,1720,1700
2009/07/14,1749,1680
2009/07/15,1770,1700
2009/07/16,1755,1695
2009/07/17,1740,1695
2009/07/20,1770,1700
2009/07/21,1770,1700
2009/07/22,1790,1700
2009/07/23,1830,1700
2009/07/24,1850,1690
2009/07/27,1850,1700
2009/07/28,1898,1710
2009/07/29,1801,1710
2009/07/30,1850,1749
2009/07/31,1875,1850
2009/08/03,1949,1710
2009/08/04,1905,1700
2009/08/05,1945,1680
2009/08/06,1950,1680
2009/08/07,1940,1700
2009/08/11,1900,1690
2009/08/12,1975,1675
2009/08/13,2080,1700
2009/08/14,2100,1700
2009/08/17,1950,1700
2009/08/18,2000,1700
2009/08/19,2001,1690
2009/08/20,2050,1700
2009/08/21,2100,1775
2009/08/24,2090,1942
2009/08/25,2075,1850
2009/08/26,2100,1850
2009/08/27,2050,1800
2009/08/28,2075,1801
2009/08/31,2075,1850
2009/09/01,2080,1900
2009/09/02,2070,1887
2009/09/03,2250,1853
2009/09/04,2200,1900
2009/09/07,2226,1880
2009/09/08,2230,1850
2009/09/09,2224,1860
2009/09/10,2230,1871
2009/09/11,2240,1850
2009/09/14,2250,1833
2009/09/15,2201,1825
2009/09/16,2200,1875
2009/09/17,2300,1875
2009/09/18,2300,1811
2009/09/21,2240,1820
2009/09/22,2240,1820
2009/09/23,2220,1815
2009/09/25,2210,1800
2009/09/28,2220,1800
2009/09/29,2311,1900
2009/09/30,2340,1900
2009/10/01,2339,1970
2009/10/02,2338,1950
2009/10/05,2338,1900
2009/10/06,2337,1975
2009/10/07,2275,1975
2009/10/08,2340,1956
2009/10/09,2300,1940
2009/10/12,2259,1911
2009/10/13,2160,1898
2009/10/14,2130,1885
2009/10/15,2135,1861
2009/10/16,2105,1860
2009/10/19,2170,1850
2009/10/20,2170,1850
2009/10/21,2170,1849
2009/10/22,2145,1825
2009/10/23,2150,1826
2009/10/26,2120,1849
2009/10/27,2100,1850
2009/10/28,2112,1862
2009/10/29,2200,1862
2009/10/30,2200,1845
2009/11/02,2154,1826
2009/11/03,2180,1799
2009/11/04,2249,1762
2009/11/05,2300,1736
2009/11/06,2300,1730
2009/11/09,2300,1750
2009/11/10,2365,1765
2009/11/11,2445,1770
2009/11/12,2430,1780
2009/11/13,2390,1840
2009/11/16,2400,1831
2009/11/17,2444,1845
2009/11/18,2449,1820
2009/11/19,2450,1815
2009/11/20,2500,1810
2009/11/23,2502,1777
2009/11/24,2584,1820
2009/11/25,2680,1825
2009/11/26,2600,1825
2009/11/27,2450,1802
2009/11/30,2484,1793
2009/12/01,2420,1817
2009/12/02,2431,1864
2009/12/03,2415,1882
2009/12/04,2355,1870
2009/12/07,2300,1810
2009/12/08,2354,1835
2009/12/09,2260,1860
2009/12/10,2275,1900
2009/12/11,2300,1920
2009/12/14,2350,1950
2009/12/15,2300,1962
2009/12/17,2300,1965
2009/12/18,2210,1970
2009/12/21,2200,2000
2009/12/22,2190,2025
2009/12/23,2191,2031
2009/12/24,2200,2050
2009/12/28,2198,2025
2009/12/29,2200,2050
2009/12/30,2198,2055
2009/12/31,2200,2100
2010/01/04,2185,2055
2010/01/05,2200,2065
2010/01/06,2195,2170
2010/01/07,2180,2170
2010/01/08,2200,2145
2010/01/11,2280,2101
2010/01/12,2250,2150
2010/01/13,2201,2110
2010/01/14,2230,2100
2010/01/15,2240,2150
2010/01/18,2280,2138
2010/01/19,2275,2002
2010/01/20,2265,2021
2010/01/21,2240,2110
2010/01/22,2250,2135
2010/01/25,2255,2103
2010/01/26,2230,2110
2010/01/27,2230,2135
2010/01/28,2250,2130
2010/01/29,2240,2100
2010/02/01,2230,2130
2010/02/02,2235,2100
2010/02/03,2280,2100
2010/02/04,2227,2020
2010/02/05,2210,2010
2010/02/08,2160,2040
2010/02/09,2200,2090
2010/02/10,2230,2075
2010/02/11,2240,1980
2010/02/12,2239,2050
2010/02/15,2235,2030
2010/02/16,2250,2075
2010/02/17,2250,2075
2010/02/18,2250,2070
2010/02/19,2280,2040
2010/02/22,2280,2040
2010/02/23,2230,2040
2010/02/24,2290,1990
2010/02/25,2256,1975
2010/02/26,2205,2000
2010/03/01,2250,2000
2010/03/02,2315,2020
2010/03/03,2355,2040
2010/03/04,2335,2009
2010/03/05,2370,2025
2010/03/08,2430,2019
2010/03/09,2475,2000
2010/03/10,2470,2000
2010/03/11,2460,2020
2010/03/12,2520,1995
2010/03/15,2530,2000
2010/03/16,2575,2000
2010/03/17,2600,1975
2010/03/18,2595,2010
2010/03/19,2580,2000
2010/03/23,2590,2000
2010/03/24,2550,2000
2010/03/25,2575,2020
2010/03/26,2550,1990
2010/03/29,2510,2020
2010/03/30,2520,2050
2010/03/31,2580,2015
2010/04/01,2719,2000
2010/04/06,2760,1990
2010/04/07,2800,1960
2010/04/08,2800,1985
2010/04/09,2780,1990
2010/04/12,2780,2000
2010/04/13,2781,2000
2010/04/14,2800,2020
2010/04/15,2825,2000
2010/04/16,2800,2066
2010/04/19,2780,2050
2010/04/20,2780,2095
2010/04/21,2785,2130
2010/04/22,2800,2150
2010/04/23,2785,2150
2010/04/26,2800,2110
2010/04/28,2780,2103
2010/04/29,2800,2105
2010/04/30,2820,2080
2010/05/03,2800,2080
2010/05/04,2790,2110
2010/05/05,2725,2120
2010/05/06,2780,2200
2010/05/07,2665,2100
2010/05/10,2700,2200
2010/05/11,2610,2250
2010/05/12,2670,2300
2010/05/13,2680,2300
2010/05/14,2700,2300
2010/05/17,2685,2300
2010/05/18,2690,2299
2010/05/19,2640,2275
2010/05/20,2625,2100
2010/05/21,2625,2150
2010/05/24,2630,2160
2010/05/25,2550,2148
2010/05/26,2585,2150
2010/05/27,2510,2195
2010/05/28,2550,2250
2010/05/31,2600,2250
2010/06/01,2550,2274
2010/06/02,2550,2239
2010/06/03,2550,2220
2010/06/04,2510,2150
2010/06/07,2491,2200
2010/06/08,2431,2121
2010/06/09,2385,2150
2010/06/10,2450,2200
2010/06/11,2450,2220
2010/06/14,2450,2250
2010/06/15,2450,2339
2010/06/17,2475,2305
2010/06/18,2490,2305
2010/06/21,2649,2325
2010/06/22,2790,2325
2010/06/23,2701,2325
2010/06/24,2760,2330
2010/06/25,2800,2350
2010/06/28,2765,2355
2010/06/29,2715,2300
2010/06/30,2710,2305
2010/07/01,2749,2330
2010/07/02,2725,2340
2010/07/05,2775,2330
2010/07/06,2775,2300
2010/07/07,2775,2210
2010/07/08,2775,2300
2010/07/09,2820,2286
2010/07/12,2810,2300
2010/07/13,2800,2280
2010/07/14,2800,2280
2010/07/15,2800,2275
2010/07/16,2800,2300
2010/07/19,2800,2300
2010/07/20,2846,2290
2010/07/21,2850,2270
2010/07/22,2850,2270
2010/07/23,2953,2261
2010/07/26,3050,2275
2010/07/27,3060,2290
2010/07/28,3045,2279
2010/07/29,3045,2300
2010/07/30,3000,2300
2010/08/02,3020,2203
2010/08/03,3000,2190
2010/08/04,3000,2185
2010/08/05,2990,2131
2010/08/06,3000,2150
2010/08/10,2966,2135
2010/08/11,2990,2135
2010/08/12,2990,2179
2010/08/13,2901,2128
2010/08/16,2950,2130
2010/08/17,2925,2140
2010/08/18,2945,2103
2010/08/19,3010,2100
2010/08/20,2999,2100
2010/08/23,3060,2099
2010/08/24,3000,2080
2010/08/25,2980,2090
2010/08/26,3020,2100
2010/08/27,3050,2140
2010/08/30,3050,2150
2010/08/31,3045,2150
2010/09/01,3075,2150
2010/09/02,3096,2022
2010/09/03,3300,2039
2010/09/06,3297,2044
2010/09/07,3110,2006
2010/09/08,3296,2060
2010/09/09,3315,2045
2010/09/10,3200,2038
2010/09/13,3305,2090
2010/09/14,3305,2069
2010/09/15,3270,2055
2010/09/16,3270,2058
2010/09/17,3271,2070
2010/09/20,3366,2085
2010/09/21,3400,2123
2010/09/22,3400,2140
2010/09/23,3404,2139
2010/09/27,3450,2139
2010/09/28,3455,2100
2010/09/29,3600,2100
2010/09/30,3705,2100
2010/10/01,3750,2137
2010/10/04,3760,2150
2010/10/05,3789,2175
2010/10/06,3750,2220
2010/10/07,3710,2211
2010/10/08,3700,2281
2010/10/11,3600,2325
2010/10/12,3575,2375
2010/10/13,3670,2425
2010/10/14,3700,2425
2010/10/15,3700,2440
2010/10/18,3700,2440
2010/10/19,3675,2450
2010/10/20,3675,2424
2010/10/21,3675,2425
2010/10/22,3700,2424
2010/10/25,3685,2430
2010/10/26,3655,2450
2010/10/27,3601,2450
2010/10/28,3600,2480
2010/10/29,3575,2420
2010/11/01,3550,2380
2010/11/02,3525,2400
2010/11/03,3525,2460
2010/11/04,3500,2475
2010/11/05,3476,2485
2010/11/08,3440,2475
2010/11/09,3551,2485
2010/11/10,3511,2485
2010/11/11,3520,2483
2010/11/12,3511,2480
2010/11/15,3500,2502
2010/11/16,3500,2535
2010/11/17,3500,2520
2010/11/18,3550,2530
2010/11/19,3575,2510
2010/11/22,3587,2530
2010/11/23,3560,2523
2010/11/24,3600,2535
2010/11/25,3650,2528
2010/11/26,3600,2530
2010/11/29,3600,2449
2010/11/30,3600,2430
2010/12/01,3570,2377
2010/12/02,3550,2359
2010/12/03,3550,2350
2010/12/06,3510,2355
2010/12/07,3500,2349
2010/12/08,3485,2345
2010/12/09,3500,2345
2010/12/10,3650,2360
2010/12/13,3650,2380
2010/12/14,3625,2400
2010/12/15,3598,2385
2010/12/17,3729,2392
2010/12/20,3865,2399
2010/12/21,3890,2410
2010/12/22,3900,2420
2010/12/23,3990,2431
2010/12/24,3961,2440
2010/12/28,4000,2430
2010/12/29,4087,2421
2010/12/30,3945,2425
2010/12/31,3940,2420
2011/01/03,3940,2444
2011/01/04,3965,2450
2011/01/05,3900,2450
2011/01/06,3900,2449
2011/01/07,3870,2446
2011/01/10,3854,2450
2011/01/11,3840,2531
2011/01/12,3785,2675
2011/01/13,3775,2650
2011/01/14,3800,2607
2011/01/17,3801,2559
2011/01/18,3850,2515
2011/01/19,3851,2390
2011/01/20,3850,2297
2011/01/21,3851,2300
2011/01/24,3811,2220
2011/01/25,3840,2200
2011/01/26,3850,2300
2011/01/27,3880,2300
2011/01/28,3850,2275
2011/01/31,3820,2290
2011/02/01,3861,2342
2011/02/02,3900,2324
2011/02/03,3906,2320
2011/02/04,3955,2319
2011/02/07,4100,2298
2011/02/08,4120,2287
2011/02/09,4110,2300
2011/02/10,4110,2310
2011/02/11,4020,2315
2011/02/14,4120,2298
2011/02/15,4100,2282
2011/02/16,4170,2270
2011/02/17,4160,2243
2011/02/18,4160,2215
2011/02/21,4300,2200
2011/02/22,4280,2190
2011/02/23,4270,2150
2011/02/24,4210,2140
2011/02/25,4264,2150
2011/02/28,4320,2250
2011/03/01,4374,2200
2011/03/02,4300,2076
2011/03/03,4235,1870
2011/03/04,4230,1850
2011/03/07,4230,1799
2011/03/08,4181,1755
2011/03/09,4112,1875
2011/03/10,4075,1860
2011/03/11,4071,1900
2011/03/14,4000,1880
2011/03/15,3866,1820
2011/03/16,3866,1875
2011/03/17,3850,1880
2011/03/18,3898,1901
2011/03/22,3860,1910
2011/03/23,3880,1910
2011/03/24,3880,1900
2011/03/25,3860,1851
2011/03/28,3860,1870
2011/03/29,3903,1868
2011/03/30,3912,1875
2011/03/31,3890,1875
2011/04/01,3879,1890
2011/04/04,3950,1890
2011/04/05,4200,1861
2011/04/06,4160,1880
2011/04/07,4125,1880
2011/04/08,4200,1885
2011/04/11,4200,1885
2011/04/12,4200,1873
2011/04/13,4210,1882
2011/04/14,4220,1882
2011/04/15,4230,1880
2011/04/18,4275,1858
2011/04/19,4349,1849
2011/04/20,4256,1840
2011/04/21,4255,1870
2011/04/26,4287,1870
2011/04/28,4300,1870
2011/04/29,4364,1870
2011/05/03,4402,1869
2011/05/04,4400,1880
2011/05/05,4300,1865
2011/05/06,4500,1865
2011/05/09,4360,1856
2011/05/10,4440,1840
2011/05/11,4400,1840
2011/05/12,4350,1790
2011/05/13,4420,1689
2011/05/16,4400,1670
2011/05/17,4500,1660
2011/05/19,4653,1669
2011/05/20,4650,1649
2011/05/23,4580,1637
2011/05/24,4600,1646
2011/05/25,4700,1650
2011/05/26,4770,1655
2011/05/27,4779,1650
2011/05/30,4890,1654
2011/05/31,4955,1699
2011/06/01,4995,1653
2011/06/02,4950,1660
2011/06/03,4925,1660
2011/06/06,4909,1665
2011/06/07,4900,1667
2011/06/08,4900,1660
2011/06/09,4950,1684
2011/06/10,4950,1683
2011/06/13,4890,1680
2011/06/14,4792,1677
2011/06/15,4755,1673
2011/06/17,4680,1750
2011/06/20,4743,1680
2011/06/21,4725,1680
2011/06/22,4761,1670
2011/06/23,4800,1650
2011/06/24,4820,1670
2011/06/27,4811,1650
2011/06/28,4780,1659
2011/06/29,4800,1655
2011/06/30,4795,1654
2011/07/01,4750,1660
2011/07/04,4805,1660
2011/07/05,4850,1670
2011/07/06,4985,1695
2011/07/07,5150,1763
2011/07/08,5074,1785
2011/07/11,5100,1770
2011/07/12,5025,1760
2011/07/13,5070,1760
2011/07/14,5080,1760
2011/07/15,5043,1760
2011/07/18,4988,1750
2011/07/19,4888,1770
2011/07/20,4863,1768
2011/07/21,4879,1780
2011/07/22,4885,1786
2011/07/25,4800,1785
2011/07/26,4800,1786
2011/07/27,4775,1760
2011/07/28,4690,1769
2011/07/29,4650,1750
2011/08/01,4800,1750
2011/08/02,4780,1730
2011/08/03,4650,1745
2011/08/04,4620,1725
2011/08/05,4395,1700
2011/08/08,4327,1660
2011/08/10,4399,1679
2011/08/11,4507,1648
2011/08/12,4513,1690
2011/08/15,4591,1689
2011/08/16,4671,1712
2011/08/17,4690,1698
2011/08/18,4669,1685
2011/08/19,4680,1677
2011/08/22,4699,1684
2011/08/23,4696,1687
2011/08/24,4676,1665
2011/08/25,4300,1659
2011/08/26,4499,1661
2011/08/29,4599,1715
2011/08/30,4605,1725
2011/08/31,4560,1776
2011/09/01,4498,1759
2011/09/02,4510,1730
2011/09/05,4500,1714
2011/09/06,4500,1719
2011/09/07,4500,1719
2011/09/08,4500,1747
2011/09/09,4530,1750
2011/09/12,4498,1749
2011/09/13,4480,1747
2011/09/14,4488,1749
2011/09/15,4680,1757
2011/09/16,4650,1785
2011/09/19,4600,1747
2011/09/20,4630,1778
2011/09/21,4660,1775
2011/09/22,4593,1720
2011/09/23,4540,1732
2011/09/26,4510,1704
2011/09/27,4510,1740
2011/09/28,4600,1740
2011/09/29,4600,1745
2011/09/30,4650,1760
2011/10/03,4650,1757
2011/10/04,4609,1745
2011/10/05,4600,1799
2011/10/06,4620,1785
2011/10/07,4666,1815
2011/10/10,4660,1814
2011/10/11,4700,1815
2011/10/12,4720,1820
2011/10/13,4700,1829
2011/10/14,4744,1825
2011/10/17,4800,1830
2011/10/18,4810,1824
2011/10/19,4800,1833
2011/10/20,4799,1840
2011/10/21,4761,1839
2011/10/24,4750,1869
2011/10/25,4750,1879
2011/10/26,4780,1870
2011/10/27,4810,1876
2011/10/28,4950,1895
2011/10/31,4955,1900
2011/11/01,4800,1910
2011/11/02,4831,1924
2011/11/03,4790,1914
2011/11/04,4790,1907
2011/11/07,4710,1925
2011/11/08,4763,1955
2011/11/09,4785,1960
2011/11/10,4850,1959
2011/11/11,4861,1960
2011/11/14,4876,1943
2011/11/15,4850,1918
2011/11/16,4875,1899
2011/11/17,4891,1890
2011/11/18,4803,1875
2011/11/21,4800,1860
2011/11/22,4800,1850
2011/11/23,4800,1862
2011/12/02,4800,1862
2011/12/05,4800,1862
2011/12/06,4800,1862
2011/12/07,4800,1862
2011/12/08,4800,1862
2011/12/09,4800,1862
2011/12/12,4800,1862
2011/12/13,4700,1951
2011/12/14,4635,1952
2011/12/15,4670,2010
2011/12/19,4650,1945
2011/12/20,4652,1950
2011/12/21,4665,1940
2011/12/22,4617,1938
2011/12/23,4621,1968
2011/12/28,4631,1987
2011/12/29,4631,1988
2011/12/30,4700,1995
2012/01/03,4706,2010
2012/01/04,4711,1997
2012/01/05,4711,1982
2012/01/06,4730,1980
2012/01/09,4780,1988
2012/01/10,4751,1985
2012/01/11,4700,1986
2012/01/12,4750,1999
2012/01/13,4725,1990
2012/01/16,4740,1985
2012/01/17,4774,1976
2012/01/18,4700,1992
2012/01/19,4700,2010
2012/01/20,4650,2009
2012/01/23,4650,2003
2012/01/24,4634,2007
2012/01/25,4638,2005
2012/01/26,4700,1990
2012/01/27,4700,1996
2012/01/30,4700,1996
2012/01/31,4700,2000
2012/02/01,4702,2005
2012/02/02,4870,2004
2012/02/03,4805,2004
2012/02/06,4930,1998
2012/02/07,4889,1998
2012/02/08,4820,2001
2012/02/09,4924,2015
2012/02/10,4880,2030
2012/02/13,4820,2030
2012/02/14,4820,2030
2012/02/15,4835,2056
2012/02/16,4820,2075
2012/02/17,4850,2145
2012/02/20,4829,2165
2012/02/21,4740,2136
2012/02/22,4700,2129
2012/02/23,4697,2121
2012/02/24,4651,2140
2012/02/27,4700,2130
2012/02/28,4715,2118
2012/02/29,4700,2112
2012/03/01,4681,2107
2012/03/02,4738,2125
2012/03/05,4722,2118
2012/03/06,4640,2085
2012/03/07,4683,2090
2012/03/08,4683,2100
2012/03/09,4748,2106
2012/03/12,4760,2090
2012/03/13,4835,2091
2012/03/14,4870,2095
2012/03/15,4899,2080
2012/03/16,4840,2071
2012/03/19,4835,2082
2012/03/20,4895,2050
2012/03/22,4810,2050
2012/03/23,4750,2030
2012/03/26,4751,2062
2012/03/27,4805,2080
2012/03/28,4847,2078
2012/03/29,4800,2094
2012/03/30,4850,2081
2012/04/02,4874,2110
2012/04/03,4976,2146
2012/04/04,5100,2120
2012/04/05,5097,2110
2012/04/10,5088,2091
2012/04/11,5150,2110
2012/04/12,5192,2130
2012/04/13,5302,2140
2012/04/16,5203,2165
2012/04/17,5340,2216
2012/04/18,5477,2266
2012/04/19,5600,2295
2012/04/20,5675,2340
2012/04/23,5720,2333
2012/04/24,5850,2399
2012/04/25,5813,2425
2012/04/26,5776,2457
2012/04/30,5910,2435
2012/05/02,5900,2400
2012/05/03,5838,2383
2012/05/04,5800,2365
2012/05/07,5949,2399
2012/05/08,5940,2373
2012/05/09,5850,2351
2012/05/10,5849,2371
2012/05/11,5830,2360
2012/05/14,5790,2352
2012/05/15,5776,2360
2012/05/16,5750,2355
2012/05/17,5750,2390
2012/05/18,5738,2368
2012/05/21,5611,2366
2012/05/22,5656,2380
2012/05/23,5650,2350
2012/05/24,5650,2359
2012/05/25,5700,2423
2012/05/28,5725,2472
2012/05/29,5675,2480
2012/05/30,5750,2440
2012/05/31,5756,2469
2012/06/01,5849,2450
2012/06/04,5850,2435
2012/06/05,6050,2450
2012/06/06,6051,2450
2012/06/07,5989,2464
2012/06/08,6118,2462
2012/06/11,6199,2500
2012/06/12,6142,2540
2012/06/13,6173,2570
2012/06/14,6135,2640
2012/06/15,6076,2616
2012/06/18,6060,2650
2012/06/19,6075,2630
2012/06/20,6200,2650
2012/06/21,5949,2650
2012/06/22,5900,2623
2012/06/25,5850,2650
2012/06/26,5900,2585
2012/06/27,5900,2560
2012/06/28,5971,2500
2012/06/29,5911,2598
2012/07/02,5953,2585
2012/07/03,6150,2650
2012/07/04,6219,2660
2012/07/05,6251,2800
2012/07/06,6300,2752
2012/07/09,6300,2750
2012/07/10,6436,2835
2012/07/11,6399,2790
2012/07/12,6150,2775
2012/07/13,6120,2770
2012/07/16,6250,2800
2012/07/17,6400,2831
2012/07/18,6334,2862
2012/07/19,6425,2800
2012/07/20,6549,2792
2012/07/23,6400,2700
2012/07/24,6400,2800
2012/07/25,6500,2845
2012/07/26,6650,2842
2012/07/27,6700,2840
2012/07/30,6800,2850
2012/07/31,6800,2827
2012/08/01,6850,2780
2012/08/02,6800,2811
2012/08/03,6994,2860
2012/08/06,7015,2875
2012/08/07,6999,2890
2012/08/08,6996,2920
2012/08/10,6953,2899
2012/08/13,6825,2884
2012/08/14,6900,2830
2012/08/15,6655,2780
2012/08/16,6730,2817
2012/08/17,6689,2818
2012/08/20,6700,2821
2012/08/21,6650,2845
2012/08/22,6612,2840
2012/08/23,6685,2850
2012/08/24,6600,2840
2012/08/27,6590,2858
2012/08/28,6600,2850
2012/08/29,6600,2855
2012/08/30,6600,2874
2012/08/31,6501,2850
2012/09/03,6530,2867
2012/09/04,6625,2880
2012/09/05,6600,2863
2012/09/06,6728,2880
2012/09/07,6700,2873
2012/09/10,6650,2810
2012/09/11,6700,2860
2012/09/12,6899,2841
2012/09/13,6765,2895
2012/09/14,6800,2880
2012/09/17,6745,2863
2012/09/18,6745,2866
2012/09/19,6602,2860
2012/09/20,6701,2867
2012/09/21,6750,2892
2012/09/25,6735,2884
2012/09/26,6625,2890
2012/09/27,6651,2855
2012/09/28,6750,2940
2012/10/01,6800,2916
2012/10/02,6850,2971
2012/10/03,6820,3041
2012/10/04,6810,3030
2012/10/05,6875,3025
2012/10/08,6700,2948
2012/10/09,6600,2940
2012/10/10,6450,2982
2012/10/11,6352,3000
2012/10/12,6300,2986
2012/10/15,6385,3027
2012/10/16,6470,3133
2012/10/17,6575,3253
2012/10/18,6624,3319
2012/10/19,6511,3281
2012/10/22,6478,3380
2012/10/23,6490,3380
2012/10/24,6535,3400
2012/10/25,6520,3400
2012/10/26,6460,3365
2012/10/29,6299,3375
2012/10/30,6375,3485
2012/10/31,6320,3410
2012/11/01,6300,3622
2012/11/02,6396,3513
2012/11/05,6385,3510
2012/11/06,6438,3465
2012/11/07,6575,3470
2012/11/08,6525,3470
2012/11/09,6561,3476
2012/11/12,6562,3555
2012/11/13,6441,3587
2012/11/14,6310,3600
2012/11/15,6132,3572
2012/11/16,6242,3558
2012/11/19,6299,3544
2012/11/21,6448,3523
2012/11/22,6350,3530
2012/11/23,6380,3518
2012/11/24,6380,3518
2012/11/25,6380,3518
2012/11/26,6387,3570
2012/11/27,6371,3560
2012/11/28,6349,3550
2012/11/29,6360,3590
2012/11/30,6350,3530
2012/12/03,6331,3530
2012/12/04,6290,3585
2012/12/05,6275,3585
2012/12/06,6200,3664
2012/12/07,6250,3600
2012/12/10,6150,3611
2012/12/11,6167,3600
2012/12/12,6141,3620
2012/12/13,6112,3640
2012/12/14,6171,3700
2012/12/18,6179,3707
2012/12/19,6180,3813
2012/12/20,6175,3760
2012/12/21,6070,3684
2012/12/24,6110,3700
2012/12/27,6115,3722
2012/12/28,6100,3693
2012/12/31,6070,3674
2013/01/02,6070,3702
2013/01/03,6060,3700
2013/01/04,6012,3735
2013/01/07,6000,3790
2013/01/08,6021,3775
2013/01/09,6100,3844
2013/01/10,6280,3769
2013/01/11,6280,3800
2013/01/14,6275,3785
2013/01/15,6216,3620
2013/01/16,6190,3550
2013/01/17,6240,3548
2013/01/18,6215,3495
2013/01/21,6220,3469
2013/01/22,6212,3459
2013/01/23,6220,3408
2013/01/24,6180,3460
2013/01/25,6119,3393
2013/01/28,6140,3350
2013/01/29,6120,3183
2013/01/30,6107,3200
2013/01/31,6090,3200
2013/02/01,6100,3269
2013/02/04,6100,3215
2013/02/05,6027,3287
2013/02/06,6016,3320
2013/02/07,6048,3382
2013/02/08,6011,3424
2013/02/11,6090,3400
2013/02/12,6238,3350
2013/02/13,6235,3286
2013/02/14,6228,3280
2013/02/15,6200,3275
2013/02/18,6175,3270
2013/02/19,6170,3245
2013/02/20,6168,3250
2013/02/21,6075,3311
2013/02/22,6054,3328
2013/02/25,6074,3360
2013/02/26,6164,3295
2013/02/27,6075,3269
2013/02/28,6126,3236
2013/03/01,6090,3280
2013/03/04,6092,3271
2013/03/05,6221,3300
2013/03/06,6250,3335
2013/03/07,6250,3340
2013/03/08,6180,3377
2013/03/11,6238,3450
2013/03/12,6220,3350
2013/03/13,6134,3390
2013/03/14,6129,3383
2013/03/15,6051,3477
2013/03/18,6028,3430
2013/03/19,6096,3387
2013/03/20,6060,3415
2013/03/22,6100,3396
2013/03/25,6210,3492
2013/03/26,6339,3500
2013/03/27,6282,3500
2013/03/28,6280,3480
2013/04/02,6350,3575
2013/04/03,6260,3577
2013/04/04,6180,3583
2013/04/05,6125,3435
2013/04/08,6200,3540
2013/04/09,6166,3558
2013/04/10,6160,3620
2013/04/11,6150,3678
2013/04/12,6190,3617
2013/04/15,6240,3512
2013/04/16,6583,3564
2013/04/17,6505,3542
2013/04/18,6610,3500
2013/04/19,6585,3522
2013/04/22,6588,3525
2013/04/23,6639,3570
2013/04/24,6690,3666
2013/04/25,6773,3735
2013/04/26,6723,3700
2013/04/29,6572,3700
2013/04/30,6600,3666
2013/05/02,6630,3680
2013/05/03,6580,3691
2013/05/06,6399,3663
2013/05/07,6400,3699
2013/05/08,6490,3724
2013/05/09,6447,3775
2013/05/10,6425,3792
2013/05/13,6600,3800
2013/05/14,6598,3839
2013/05/15,6700,3879
2013/05/16,6700,3855
2013/05/17,6720,3800
2013/05/20,6500,3700
2013/05/21,6450,3791
2013/05/22,6499,3765
2013/05/23,6400,3657
2013/05/24,6471,3714
2013/05/27,6327,3760
2013/05/28,6280,3750
2013/05/29,6301,3700
2013/05/30,6230,3641
2013/05/31,6280,3499
2013/06/03,6000,3600
2013/06/04,6200,3680
2013/06/05,6290,3800
2013/06/06,6150,3848
2013/06/07,6030,3990
2013/06/10,6055,4060
2013/06/11,6002,3830
2013/06/12,6076,3850
2013/06/13,6232,3868
2013/06/14,6500,3930
2013/06/18,6494,4030
2013/06/19,6470,3995
2013/06/20,6573,3935
2013/06/21,6825,3920
2013/06/24,6761,3930
2013/06/25,6897,3900
2013/06/26,7224,3900
2013/06/27,7100,3950
2013/06/28,6923,4140
2013/07/01,6910,4130
2013/07/02,7100,4251
2013/07/03,7100,4232
2013/07/04,7000,4248
2013/07/05,7049,4200
2013/07/08,7089,4170
2013/07/09,7036,4161
2013/07/10,6900,4171
2013/07/11,6865,4200
2013/07/12,6920,4200
2013/07/15,6942,4165
2013/07/16,6854,4230
2013/07/17,6825,4310
2013/07/18,6808,4308
2013/07/19,6601,4220
2013/07/22,6660,4200
2013/07/23,6670,4290
2013/07/24,6651,4285
2013/07/25,6673,4245
2013/07/26,6605,4180
2013/07/29,6521,4160
2013/07/30,6536,4230
2013/07/31,6390,4190
2013/08/01,6441,4240
2013/08/02,6465,4301
2013/08/05,6307,4270
2013/08/06,6452,4244
2013/08/07,6441,4290
2013/08/08,6450,4275
2013/08/12,6700,4299
2013/08/13,6698,4241
2013/08/14,6897,4283
2013/08/15,6675,4250
2013/08/16,6670,4300
2013/08/19,6716,4252
2013/08/20,6998,4299
2013/08/21,7000,4250
2013/08/22,7011,4200
2013/08/23,7100,4195
2013/08/26,7150,4221
2013/08/27,7010,4140
2013/08/28,7051,4043
2013/08/29,7100,4100
2013/08/30,6930,4025
2013/09/02,6975,4150
2013/09/03,7006,4150
2013/09/04,7117,4030
2013/09/05,7125,4032
2013/09/06,7225,4066
2013/09/09,7133,4070
2013/09/10,7100,4099
2013/09/11,7100,4140
2013/09/12,7099,4210
2013/09/13,7091,4210
2013/09/16,7144,4240
2013/09/17,7639,4283
2013/09/18,7340,4150
2013/09/19,7400,4201
2013/09/20,7442,4196
2013/09/23,7550,4222
2013/09/25,7812,4280
2013/09/26,7725,4280
2013/09/27,7715,4293
2013/09/30,8167,4275
2013/10/01,8102,4232
2013/10/02,8016,4259
2013/10/03,8045,4230
2013/10/04,8100,4250
2013/10/07,8053,4240
2013/10/08,7961,4215
2013/10/09,7900,4189
2013/10/10,7900,4185
2013/10/11,7837,4223
2013/10/14,7960,4244
2013/10/15,8000,4265
2013/10/16,8063,4320
2013/10/17,8150,4302
2013/10/18,8263,4370
2013/10/21,8250,4418
2013/10/22,8239,4412
2013/10/23,8200,4400
2013/10/24,8200,4478
2013/10/25,8296,4592
2013/10/28,8280,4600
2013/10/29,8250,4620
2013/10/30,8300,4706
2013/10/31,8250,4890
2013/11/01,8250,4900
2013/11/04,8157,4901
2013/11/05,8225,4920
2013/11/06,8166,4935
2013/11/07,8188,4900
2013/11/08,8112,4900
2013/11/11,8001,4945
2013/11/12,8000,5030
2013/11/13,8015,4973
2013/11/14,7995,5020
2013/11/15,8069,5010
2013/11/18,8000,5030
2013/11/19,7909,5023
2013/11/20,7895,5100
2013/11/21,7901,5014
2013/11/22,7916,5050
2013/11/25,7837,5175
2013/11/26,7845,5131
2013/11/27,7860,5345
2013/11/28,7750,5451
2013/11/29,7764,5413
2013/12/02,7747,5413
2013/12/03,7763,5504
2013/12/04,7702,5700
2013/12/05,7750,5550
2013/12/06,7811,5430
2013/12/09,7856,5421
2013/12/10,7954,5460
2013/12/11,7995,5400
2013/12/12,7950,5185
2013/12/13,7960,5000
2013/12/17,8100,5031
2013/12/18,8100,5060
2013/12/19,8125,4965
2013/12/20,8217,5050
2013/12/23,8403,5104
2013/12/24,8405,5070
2013/12/27,8509,5183
2013/12/30,8533,5260
2013/12/31,8570,5244
2014/01/02,8600,5273
2014/01/03,8611,5242
2014/01/06,8560,5240
2014/01/07,8276,5191
2014/01/08,8560,5148
2014/01/09,8560,5139
2014/01/10,8400,5031
2014/01/13,8449,5100
2014/01/14,8359,5100
2014/01/15,8300,5165
2014/01/16,8240,5199
2014/01/17,8215,5077
2014/01/20,8245,5109
2014/01/21,8300,5175
2014/01/22,8340,5177
2014/01/23,8300,5210
2014/01/24,8275,5160
2014/01/27,8230,5045
2014/01/28,8259,5075
2014/01/29,8159,4900
2014/01/30,7840,4730
2014/01/31,7950,4801
2014/02/03,7939,4750
2014/02/04,7800,4783
2014/02/05,7999,4652
2014/02/06,8150,4650
2014/02/07,8151,4700
2014/02/10,8050,4890
2014/02/11,8055,4729
2014/02/12,8200,4823
2014/02/13,8205,4840
2014/02/14,8250,4713
2014/02/17,8380,4745
2014/02/18,8699,4690
2014/02/19,8850,4674
2014/02/20,8960,4600
2014/02/21,9148,4550
2014/02/24,9000,4600
2014/02/25,8814,4590
2014/02/26,9050,4530
2014/02/27,9050,4666
2014/02/28,8902,4665
2014/03/03,8879,4698
2014/03/04,9000,4850
2014/03/05,9054,4755
2014/03/06,9550,4930
2014/03/07,9580,4809
2014/03/10,9690,4862
2014/03/11,9598,4775
2014/03/12,9500,4700
2014/03/13,9465,4685
2014/03/14,9400,4730
2014/03/17,9350,4700
2014/03/18,9295,4650
2014/03/19,9500,4680
2014/03/20,9500,4610
2014/03/24,9500,4700
2014/03/25,9500,4707
2014/03/26,9395,4841
2014/03/27,9377,5050
2014/03/28,9779,5223
2014/03/31,9280,5321
2014/04/01,9439,5308
2014/04/02,9500,5299
2014/04/03,9598,5280
2014/04/04,9308,5305
2014/04/07,9200,5335
2014/04/08,9450,5330
2014/04/09,9500,5400
2014/04/10,9858,5415
2014/04/11,9791,5400
2014/04/14,9940,5549
2014/04/15,9711,5481
2014/04/16,9850,5470
2014/04/17,9840,5480
2014/04/22,9850,5504
2014/04/23,9998,5540
2014/04/24,10100,5601
2014/04/25,10100,5644
2014/04/29,10290,5693
2014/04/30,10418,5667
2014/05/02,10865,5746
2014/05/05,10800,5879
2014/05/06,10798,5956
2014/05/08,10782,5975
2014/05/09,10901,5800
2014/05/12,10923,5800
2014/05/13,10829,5725
2014/05/14,10740,5730
2014/05/15,10657,5568
2014/05/16,10425,5516
2014/05/19,10370,5591
2014/05/20,10300,5710
2014/05/21,10190,5650
2014/05/22,10151,5623
2014/05/23,10200,5748
2014/05/26,10329,5737
2014/05/27,10245,5625
2014/05/28,10077,5600
2014/05/29,10120,5600
2014/05/30,10300,5626
2014/06/02,10350,5795
2014/06/03,10056,5900
2014/06/04,10045,6025
2014/06/05,9940,6126
2014/06/06,9890,6305
2014/06/09,9750,6330
2014/06/10,9879,6400
2014/06/11,9929,6475
2014/06/12,9945,6410
2014/06/13,9778,6336
2014/06/17,9630,6560
2014/06/18,9768,6685
2014/06/19,9800,6685
2014/06/20,9915,6650
2014/06/23,9730,6490
2014/06/24,9780,6749
2014/06/25,9700,6683
2014/06/26,9600,6640
2014/06/27,9490,6420
2014/06/30,9250,6530
2014/07/01,9686,6649
2014/07/02,9731,6900
2014/07/03,9873,6900
2014/07/04,9888,7100
2014/07/07,9865,6997
2014/07/08,9900,7000
2014/07/09,9810,7036
2014/07/10,9755,6984
2014/07/11,9880,7005
2014/07/14,9963,7100
2014/07/15,9951,7143
2014/07/16,10084,7290
2014/07/17,10005,7424
2014/07/18,10004,7599
2014/07/21,9995,7580
2014/07/22,10000,7509
2014/07/23,10005,7425
2014/07/24,10005,7308
2014/07/25,9929,7350
2014/07/28,9920,7300
2014/07/29,10000,7396
2014/07/30,9950,7390
2014/07/31,9875,7480
2014/08/01,9840,7239
2014/08/04,9895,7372
2014/08/05,9900,7410
2014/08/06,9756,7239
2014/08/07,9544,7170
2014/08/08,9550,7355
2014/08/11,9669,7465
2014/08/12,9510,7497
2014/08/13,9532,7150
2014/08/14,9579,7450
2014/08/15,9560,7440
2014/08/18,9485,7450
2014/08/19,9590,7499
2014/08/20,9521,7449
2014/08/21,9547,7450
2014/08/22,9525,7500
2014/08/25,9450,7678
2014/08/26,9500,7920
2014/08/27,9500,7977
2014/08/28,9435,8150
2014/08/29,9328,7921
2014/09/01,9500,7910
2014/09/02,9514,7971
2014/09/03,9572,8020
2014/09/04,9772,8000
2014/09/05,9811,8000
2014/09/08,9690,7850
2014/09/09,9550,7786
2014/09/10,9525,7600
2014/09/11,9550,7560
2014/09/12,9600,7445
2014/09/15,9600,7257
2014/09/16,9620,7150
2014/09/17,9770,7397
2014/09/18,9700,7363
2014/09/19,9832,7429
2014/09/22,9703,7460
2014/09/23,9586,7539
2014/09/25,9541,7353
2014/09/26,9579,7142
2014/09/29,9700,7189
2014/09/30,9619,7283
2014/10/01,9617,7095
2014/10/02,9688,7156
2014/10/03,9700,7139
2014/10/06,9754,7287
2014/10/07,9774,7079
2014/10/08,9868,6950
2014/10/09,9800,6890
2014/10/10,9750,6793
2014/10/13,10062,6804
2014/10/14,10200,6700
2014/10/15,10170,6678
2014/10/16,9944,6450
2014/10/17,10086,6616
2014/10/20,10024,6819
2014/10/21,10400,7166
2014/10/22,10590,7150
2014/10/23,10600,7215
2014/10/24,10569,7520
2014/10/27,10650,7610
2014/10/28,10900,7730
2014/10/29,11036,7872
2014/10/30,11100,7881
2014/10/31,11500,8288
2014/11/03,11300,8091
2014/11/04,11280,8049
2014/11/05,11501,8010
2014/11/06,11454,7935
2014/11/07,11170,7915
2014/11/10,11300,8050
2014/11/11,11299,8350
2014/11/12,11298,8350
2014/11/13,11288,8504
2014/11/14,11254,8600
2014/11/17,11225,8600
2014/11/18,11378,8575
2014/11/19,11370,8935
2014/11/20,11299,8649
2014/11/21,11276,8790
2014/11/24,11500,8844
2014/11/25,11760,7179
2014/11/26,11936,7000
2014/11/27,12055,7050
2014/11/28,12000,7200
2014/12/01,11804,7080
2014/12/02,11702,7200
2014/12/03,11761,7410
2014/12/04,11700,7361
2014/12/05,11825,7400
2014/12/08,11889,7400
2014/12/09,11898,7276
2014/12/10,11853,7525
2014/12/11,11700,7699
2014/12/12,11700,7594
2014/12/15,11797,7500
2014/12/17,11700,7572
2014/12/18,12024,7580
2014/12/19,12239,7599
2014/12/22,12357,7669
2014/12/23,12610,7880
2014/12/24,12688,7875
2014/12/29,12869,7880
2014/12/30,12757,7870
2014/12/31,12775,7870
2015/01/02,12942,7800
2015/01/05,12449,7750
2015/01/06,12517,7750
2015/01/07,12684,7754
2015/01/08,12875,7769
2015/01/09,12698,7750
2015/01/12,12650,7730
2015/01/13,12500,7648
2015/01/14,12627,7700
2015/01/15,12469,7501
2015/01/16,12605,7496
2015/01/19,12789,7388
2015/01/20,12807,7414
2015/01/21,12860,7645
2015/01/22,12875,7659
2015/01/23,12900,7675
2015/01/26,13296,7695
2015/01/27,13100,7690
2015/01/28,13225,7650
2015/01/29,13220,7660
2015/01/30,13256,7708
2015/02/02,13449,7650
2015/02/03,13895,7760
2015/02/04,14000,7600
2015/02/05,14101,7600
2015/02/06,14109,7600
2015/02/09,14245,7600
2015/02/10,14300,7535
2015/02/11,14550,7570
2015/02/12,14381,7623
2015/02/13,14400,7765
2015/02/16,14179,7726
2015/02/17,13975,7840
2015/02/18,13900,7700
2015/02/19,13745,7750
2015/02/20,13698,7736
2015/02/23,13750,7689
2015/02/24,13800,7785
2015/02/25,13850,7980
2015/02/26,13632,7893
2015/02/27,13681,7822
2015/03/02,13676,7750
2015/03/03,13967,7868
2015/03/04,14145,7799
2015/03/05,14425,7926
2015/03/06,14400,7864
2015/03/09,14195,7779
2015/03/10,13600,7724
2015/03/11,13750,7773
2015/03/12,14039,7969
2015/03/13,13980,7871
2015/03/16,14200,7990
2015/03/17,14500,7997
2015/03/18,14450,7950
2015/03/19,14475,7999
2015/03/20,15049,7761
2015/03/23,15250,7928
2015/03/24,15665,8000
2015/03/25,15635,8000
2015/03/26,15629,8053
2015/03/27,15967,8258
2015/03/30,16280,8450
2015/03/31,16540,8350
2015/04/01,16739,8320
2015/04/02,16750,8534
2015/04/07,17180,8532
2015/04/08,17415,8347
2015/04/09,17584,8433
2015/04/10,17989,8510
2015/04/13,18200,8321
2015/04/14,18204,8563
2015/04/15,18395,8671
2015/04/16,18380,9045
2015/04/17,18551,9000
2015/04/20,18700,9089
2015/04/21,19246,9317
2015/04/22,19948,9436
2015/04/23,19865,9100
2015/04/24,20036,9000
2015/04/28,20016,9028
2015/04/29,20000,9000
2015/04/30,19515,9055
2015/05/04,19970,9000
2015/05/05,19900,9000
2015/05/06,19508,8642
2015/05/07,19000,8886
2015/05/08,19000,8946
2015/05/11,19780,8995
2015/05/12,19928,8831
2015/05/13,20200,8751
2015/05/14,20068,9090
2015/05/15,20150,9475
2015/05/18,20779,10172
2015/05/19,20600,10615
2015/05/20,21187,11090
2015/05/21,21163,11300
2015/05/22,21190,11150
2015/05/25,21193,10911
2015/05/26,21244,10700
2015/05/27,21345,10840
2015/05/28,20700,10785
2015/05/29,20833,10622
2015/06/01,20400,10500
2015/06/02,19451,10682
2015/06/03,18689,10645
2015/06/04,18817,10574
2015/06/05,18809,10305
2015/06/08,18675,10350
2015/06/09,18591,10250
2015/06/10,18693,10540
2015/06/11,19400,10756
2015/06/12,19142,10974
2015/06/15,19142,10846
2015/06/17,19153,11100
2015/06/18,19050,11300
2015/06/19,18645,10699
2015/06/22,19124,11032
2015/06/23,19246,11136
2015/06/24,19450,11219
2015/06/25,20086,11736
2015/06/26,20000,11750
2015/06/29,19947,11558
2015/06/30,20495,12330
2015/07/01,20251,11950
2015/07/02,20202,12259
2015/07/03,20056,12200
2015/07/06,19751,12010
2015/07/07,18249,11765
2015/07/08,18925,12175
2015/07/09,18890,12576
2015/07/10,19200,12600
2015/07/13,19000,12952
2015/07/14,18519,12699
2015/07/15,19349,13057
2015/07/16,19291,13100
2015/07/17,19000,13485
2015/07/20,19050,13850
2015/07/21,19380,13720
2015/07/22,19280,13901
2015/07/23,19504,14461
2015/07/24,19030,13918
2015/07/27,18914,13983
2015/07/28,18670,14385
2015/07/29,19400,14750
2015/07/30,19233,14900
2015/07/31,19943,15304
2015/08/03,20395,15600
2015/08/04,20867,15950
2015/08/05,20941,15170
2015/08/06,20849,14950
2015/08/07,20975,14683
2015/08/11,20840,14517
2015/08/12,19445,13846
2015/08/13,19415,13918
2015/08/14,19570,13841
2015/08/17,19190,14075
2015/08/18,19340,14390
2015/08/19,19250,14250
2015/08/20,18546,13693
2015/08/21,18260,12999
2015/08/24,17959,12477
2015/08/25,19100,13582
2015/08/26,18735,13680
2015/08/27,19619,14100
2015/08/28,19178,14408
2015/08/31,19800,14518
2015/09/01,19360,13608
2015/09/02,19934,13800
2015/09/03,20490,13821
2015/09/04,20276,13627
2015/09/07,20057,13344
2015/09/08,20448,13655
2015/09/09,20483,13530
2015/09/10,20650,14107
2015/09/11,20700,13000
2015/09/14,20901,13100
2015/09/15,20900,13200
2015/09/16,20704,13285
2015/09/17,20800,13574
2015/09/18,21054,13789
2015/09/21,20900,14009
2015/09/22,20600,13925
2015/09/23,21431,13916
2015/09/25,21700,13722
2015/09/28,21235,13690
2015/09/29,21715,13825
2015/09/30,22250,14050
2015/10/01,23339,14224
2015/10/02,23068,14075
2015/10/05,24750,14413
2015/10/06,24298,14673
2015/10/07,24150,14674
2015/10/08,24459,14660
2015/10/09,25272,14537
2015/10/12,24298,14700
2015/10/13,24300,14905
2015/10/14,24260,14868
2015/10/15,24000,14522
2015/10/16,24227,14715
2015/10/19,24441,15170
2015/10/20,24493,15091
2015/10/21,24618,15403
2015/10/22,25200,15550
2015/10/23,25699,15820
2015/10/26,26050,16072
2015/10/27,25550,15995
2015/10/28,26670,15950
2015/10/29,26092,15728
2015/10/30,26692,15882
2015/11/02,26100,16248
2015/11/03,25804,15988
2015/11/04,26716,16049
2015/11/05,27497,16100
2015/11/06,26900,15677
2015/11/09,27443,15734
2015/11/10,27348,15606
2015/11/11,28200,15350
2015/11/12,27811,15150
2015/11/13,26550,14699
2015/11/16,26400,15170
2015/11/17,26959,15764
2015/11/18,27000,15500
2015/11/19,27350,15500
2015/11/20,27128,15750
2015/11/23,27500,16113
