Date,Absa,Nedbank
2004/05/12,4450,1124
2004/05/13,4500,1125
2004/05/14,4320,1120
2004/05/17,4450,1125
2004/05/18,4349,1120
2004/05/19,4475,1121
2004/05/20,4580,1120
2004/05/21,4575,1125
2004/05/24,4470,1125
2004/05/25,4435,1125
2004/05/26,4502,1130
2004/05/27,4625,1125
2004/05/28,4700,1115
2004/05/31,4790,1115
2004/06/01,4780,1100
2004/06/02,4865,1099
2004/06/03,4859,1099
2004/06/04,4850,1095
2004/06/07,4960,1120
2004/06/08,5050,1115
2004/06/09,5040,1115
2004/06/10,5003,1115
2004/06/11,4870,1110
2004/06/14,4875,1110
2004/06/15,4860,1110
2004/06/17,4935,1100
2004/06/18,5045,1105
2004/06/21,4985,1100
2004/06/22,5000,1105
2004/06/23,4930,1098
2004/06/24,4955,1098
2004/06/25,5035,1100
2004/06/28,5030,1100
2004/06/29,5045,1095
2004/06/30,5100,1095
2004/07/01,5025,1096
2004/07/02,5010,1110
2004/07/05,5040,1100
2004/07/06,5067,1110
2004/07/07,5000,1120
2004/07/08,4950,1118
2004/07/09,4960,1110
2004/07/12,4973,1105
2004/07/13,5020,1110
2004/07/14,5130,1110
2004/07/15,5200,1116
2004/07/16,5130,1110
2004/07/19,5101,1110
2004/07/20,5090,1110
2004/07/21,5161,1110
2004/07/22,5165,1120
2004/07/23,5180,1118
2004/07/26,5180,1123
2004/07/27,5215,1130
2004/07/28,5212,1135
2004/07/29,5110,1138
2004/07/30,5107,1136
2004/08/02,5108,1140
2004/08/03,5060,1145
2004/08/04,5141,1160
2004/08/05,5080,1163
2004/08/06,5000,1170
2004/08/10,5045,1170
2004/08/11,5055,1175
2004/08/12,5220,1169
2004/08/13,5075,1169
2004/08/16,5150,1170
2004/08/17,5140,1170
2004/08/18,5165,1173
2004/08/19,5150,1171
2004/08/20,5150,1170
2004/08/23,5250,1140
2004/08/24,5258,1140
2004/08/25,5270,1140
2004/08/26,5350,1100
2004/08/27,5480,1135
2004/08/30,5480,1135
2004/08/31,5510,1133
2004/09/01,5601,1145
2004/09/02,5700,1140
2004/09/03,5830,1131
2004/09/06,5755,1150
2004/09/07,5676,1150
2004/09/08,5650,1165
2004/09/09,5820,1175
2004/09/10,5830,1175
2004/09/13,5850,1175
2004/09/14,5835,1175
2004/09/15,5725,1140
2004/09/16,5860,1135
2004/09/17,6044,1140
2004/09/20,6100,1131
2004/09/21,6125,1125
2004/09/22,6050,1135
2004/09/23,6275,1140
2004/09/27,6290,1146
2004/09/28,6298,1140
2004/09/29,6410,1137
2004/09/30,6510,1135
2004/10/01,6450,1135
2004/10/04,6380,1137
2004/10/05,6325,1130
2004/10/06,6355,1121
2004/10/07,6390,1130
2004/10/08,6340,1160
2004/10/11,6400,1160
2004/10/12,6400,1160
2004/10/13,6498,1150
2004/10/14,6450,1150
2004/10/15,6500,1150
2004/10/18,6500,1148
2004/10/19,6515,1150
2004/10/20,6580,1150
2004/10/21,6550,1145
2004/10/22,6505,1140
2004/10/25,6455,1139
2004/10/26,6511,1148
2004/10/27,6540,1130
2004/10/28,6600,1130
2004/10/29,6700,1135
2004/11/01,6860,1140
2004/11/02,6730,1145
2004/11/03,6700,1140
2004/11/04,6670,1145
2004/11/05,6790,1140
2004/11/08,6835,1145
2004/11/09,6870,1140
2004/11/10,6750,1170
2004/11/11,6680,1165
2004/11/12,6635,1175
2004/11/15,6700,1175
2004/11/16,6732,1185
2004/11/17,6930,1185
2004/11/18,6940,1170
2004/11/19,6960,1173
2004/11/22,6870,1190
2004/11/23,6870,1190
2004/11/24,6900,1185
2004/11/25,7102,1180
2004/11/26,7240,1185
2004/11/29,7200,1185
2004/11/30,7035,1184
2004/12/01,7040,1180
2004/12/02,7200,1180
2004/12/03,7225,1180
2004/12/06,7200,1180
2004/12/07,7220,1180
2004/12/08,7052,1180
2004/12/09,7120,1200
2004/12/10,7225,1200
2004/12/13,7275,1210
2004/12/14,7276,1245
2004/12/15,7340,1271
2004/12/17,7432,1300
2004/12/20,7440,1317
2004/12/21,7405,1342
2004/12/22,7420,1370
2004/12/23,7470,1307
2004/12/24,7480,1300
2004/12/28,7480,1310
2004/12/29,7562,1300
2004/12/30,7655,1310
2004/12/31,7599,1200
2005/01/03,7685,1220
2005/01/04,7529,1225
2005/01/05,7350,1266
2005/01/06,7169,1290
2005/01/07,7180,1295
2005/01/10,7267,1300
2005/01/11,7260,1305
2005/01/12,7190,1308
2005/01/13,7138,1305
2005/01/14,7199,1304
2005/01/17,7280,1295
2005/01/18,7125,1260
2005/01/19,7200,1230
2005/01/20,7201,1235
2005/01/21,7250,1240
2005/01/24,7210,1235
2005/01/25,7280,1225
2005/01/26,7520,1230
2005/01/27,7600,1250
2005/01/28,7616,1265
2005/01/31,7639,1250
2005/02/01,7572,1246
2005/02/02,7460,1241
2005/02/03,7449,1240
2005/02/04,7390,1210
2005/02/07,7270,1240
2005/02/08,7200,1230
2005/02/09,7430,1240
2005/02/10,7560,1250
2005/02/11,7515,1250
2005/02/14,7540,1250
2005/02/15,7521,1250
2005/02/16,7430,1250
2005/02/17,7500,1250
2005/02/18,7645,1250
2005/02/21,7835,1220
2005/02/22,7800,1220
2005/02/23,7840,1230
2005/02/24,7900,1235
2005/02/25,7900,1250
2005/02/28,7949,1225
2005/03/01,8070,1250
2005/03/02,7940,1240
2005/03/03,7921,1240
2005/03/04,7920,1250
2005/03/07,8040,1250
2005/03/08,8100,1240
2005/03/09,8150,1250
2005/03/10,8000,1250
2005/03/11,7950,1250
2005/03/14,7891,1195
2005/03/15,7750,1196
2005/03/16,7699,1200
2005/03/17,7750,1180
2005/03/18,7780,1180
2005/03/22,7625,1150
2005/03/23,7600,1175
2005/03/24,7510,1160
2005/03/29,7450,1180
2005/03/30,7400,1180
2005/03/31,7540,1190
2005/04/01,7650,1200
2005/04/04,7705,1198
2005/04/05,7640,1195
2005/04/06,7555,1200
2005/04/07,7550,1200
2005/04/08,7550,1200
2005/04/11,7550,1200
2005/04/12,7600,1220
2005/04/13,7475,1220
2005/04/14,7550,1215
2005/04/15,7820,1215
2005/04/18,7700,1230
2005/04/19,7755,1230
2005/04/20,7651,1230
2005/04/21,7778,1220
2005/04/22,7601,1215
2005/04/25,7660,1230
2005/04/26,7820,1230
2005/04/28,7830,1210
2005/04/29,7780,1210
2005/05/03,7770,1210
2005/05/04,7815,1210
2005/05/05,7950,1230
2005/05/06,8000,1230
2005/05/09,8250,1201
2005/05/10,8250,1205
2005/05/11,8260,1210
2005/05/12,8290,1210
2005/05/13,8275,1210
2005/05/16,8300,1210
2005/05/17,8300,1210
2005/05/18,8251,1205
2005/05/19,8250,1185
2005/05/20,8256,1175
2005/05/23,8285,1200
2005/05/24,8240,1210
2005/05/25,8230,1210
2005/05/26,8200,1210
2005/05/27,8175,1210
2005/05/30,8220,1210
2005/05/31,8244,1210
2005/06/01,8240,1206
2005/06/02,8250,1215
2005/06/03,8261,1195
2005/06/06,8290,1203
2005/06/07,8345,1210
2005/06/08,8300,1210
2005/06/09,8300,1215
2005/06/10,8275,1210
2005/06/13,8290,1210
2005/06/14,8310,1209
2005/06/15,8338,1209
2005/06/17,8340,1209
2005/06/20,8155,1209
2005/06/21,8175,1208
2005/06/22,8170,1206
2005/06/23,8229,1209
2005/06/24,8190,1195
2005/06/27,8187,1190
2005/06/28,8203,1196
2005/06/29,8260,1209
2005/06/30,8248,1209
2005/07/01,8251,1198
2005/07/04,8250,1190
2005/07/05,8250,1200
2005/07/06,8245,1200
2005/07/07,8255,1208
2005/07/08,8254,1200
2005/07/11,8251,1205
2005/07/12,8300,1210
2005/07/13,8420,1215
2005/07/14,8761,1220
2005/07/15,8595,1227
2005/07/18,8700,1230
2005/07/19,8970,1221
2005/07/20,9100,1226
2005/07/21,9050,1245
2005/07/22,9050,1245
2005/07/25,9225,1240
2005/07/26,9299,1244
2005/07/27,9375,1240
2005/07/28,9400,1241
2005/07/29,9155,1240
2005/08/01,9316,1235
2005/08/02,9360,1235
2005/08/03,9370,1230
2005/08/04,9475,1217
2005/08/05,9571,1205
2005/08/08,10000,1205
2005/08/10,9915,1211
2005/08/11,9850,1217
2005/08/12,9701,1255
2005/08/15,9530,1255
2005/08/16,9275,1230
2005/08/17,9199,1194
2005/08/18,9180,1200
2005/08/19,9369,1200
2005/08/22,9496,1156
2005/08/23,9500,1160
2005/08/24,9485,1150
2005/08/25,9460,1165
2005/08/26,9512,1160
2005/08/29,9474,1160
2005/08/30,9300,1160
2005/08/31,9210,1160
2005/09/01,9245,1166
2005/09/02,9480,1160
2005/09/05,9700,1160
2005/09/06,9725,1165
2005/09/07,9825,1180
2005/09/08,9800,1195
2005/09/09,9660,1185
2005/09/12,9640,1179
2005/09/13,9480,1180
2005/09/14,9450,1193
2005/09/15,9325,1189
2005/09/16,9205,1175
2005/09/19,9140,1180
2005/09/20,9200,1180
2005/09/21,9200,1181
2005/09/22,9041,1189
2005/09/23,9000,1189
2005/09/26,9240,1170
2005/09/27,9220,1170
2005/09/28,9270,1195
2005/09/29,9425,1200
2005/09/30,9380,1195
2005/10/03,9100,1180
2005/10/04,8985,1165
2005/10/05,9120,1170
2005/10/06,8950,1195
2005/10/07,8900,1175
2005/10/10,8745,1194
2005/10/11,8840,1199
2005/10/12,8835,1200
2005/10/13,8650,1200
2005/10/14,8465,1199
2005/10/17,8770,1199
2005/10/18,8720,1199
2005/10/19,8525,1199
2005/10/20,8570,1199
2005/10/21,8500,1199
2005/10/24,8614,1199
2005/10/25,8640,1202
2005/10/26,8799,1200
2005/10/27,8600,1210
2005/10/28,8800,1210
2005/10/31,8900,1210
2005/11/01,8888,1215
2005/11/02,8915,1211
2005/11/03,9020,1215
2005/11/04,9026,1220
2005/11/07,9230,1230
2005/11/08,9000,1230
2005/11/09,8925,1225
2005/11/10,9000,1225
2005/11/11,9000,1230
2005/11/14,9120,1230
2005/11/15,9085,1235
2005/11/16,8920,1240
2005/11/17,8950,1239
2005/11/18,8930,1235
2005/11/21,8880,1236
2005/11/22,8900,1245
2005/11/23,9227,1250
2005/11/24,9318,1255
2005/11/25,9330,1250
2005/11/28,9300,1251
2005/11/29,9200,1255
2005/11/30,9180,1249
2005/12/01,9050,1245
2005/12/02,8900,1245
2005/12/05,9036,1225
2005/12/06,9285,1245
2005/12/07,9718,1241
2005/12/08,9625,1240
2005/12/09,9810,1260
2005/12/12,10000,1250
2005/12/13,9930,1260
2005/12/14,9950,1275
2005/12/15,9970,1275
2005/12/19,9900,1288
2005/12/20,9780,1276
2005/12/21,9900,1280
2005/12/22,10195,1289
2005/12/23,10170,1285
2005/12/27,10320,1297
2005/12/28,10130,1270
2005/12/29,10010,1296
2005/12/30,10100,1275
2006/01/03,10340,1290
2006/01/04,10346,1290
2006/01/05,10240,1273
2006/01/06,10501,1290
2006/01/09,10576,1275
2006/01/10,10655,1276
2006/01/11,11146,1275
2006/01/12,11140,1288
2006/01/13,11370,1280
2006/01/16,11205,1279
2006/01/17,10900,1275
2006/01/18,10770,1270
2006/01/19,11375,1270
2006/01/20,11270,1270
2006/01/23,11180,1271
2006/01/24,11200,1290
2006/01/25,11300,1285
2006/01/26,11252,1285
2006/01/27,11159,1285
2006/01/30,11059,1285
2006/01/31,11190,1279
2006/02/01,11410,1290
2006/02/02,11370,1285
2006/02/03,10900,1298
2006/02/06,10900,1286
2006/02/07,10875,1280
2006/02/08,10799,1285
2006/02/09,11000,1285
2006/02/10,11200,1286
2006/02/13,10820,1299
2006/02/14,10799,1320
2006/02/15,10985,1322
2006/02/16,11372,1300
2006/02/17,11851,1285
2006/02/20,11800,1310
2006/02/21,11800,1323
2006/02/22,11860,1323
2006/02/23,12099,1335
2006/02/24,11876,1335
2006/02/27,11940,1325
2006/02/28,11487,1335
2006/03/02,11460,1330
2006/03/03,11375,1330
2006/03/06,11350,1315
2006/03/07,11125,1315
2006/03/08,11270,1320
2006/03/09,11450,1315
2006/03/10,11450,1310
2006/03/13,11350,1250
2006/03/14,11365,1240
2006/03/15,11611,1230
2006/03/16,11625,1230
2006/03/17,11847,1229
2006/03/20,11860,1227
2006/03/22,11800,1230
2006/03/23,11900,1227
2006/03/24,11920,1230
2006/03/27,11900,1230
2006/03/28,11575,1245
2006/03/29,11475,1275
2006/03/30,11750,1260
2006/03/31,11600,1260
2006/04/03,11750,1261
2006/04/04,11500,1240
2006/04/05,11600,1260
2006/04/06,11725,1250
2006/04/07,11760,1260
2006/04/10,11901,1230
2006/04/11,12139,1210
2006/04/12,12125,1200
2006/04/13,12070,1200
2006/04/18,12250,1210
2006/04/19,12300,1200
2006/04/20,12400,1210
2006/04/21,12100,1210
2006/04/24,11949,1215
2006/04/25,11950,1211
2006/04/26,11911,1250
2006/04/28,11870,1257
2006/05/02,11821,1236
2006/05/03,11685,1250
2006/05/04,11876,1260
2006/05/05,11900,1275
2006/05/08,11825,1265
2006/05/09,11880,1260
2006/05/10,11890,1260
2006/05/11,11800,1270
2006/05/12,11680,1260
2006/05/15,11100,1240
2006/05/16,11225,1240
2006/05/17,11300,1225
2006/05/18,11075,1230
2006/05/19,11150,1230
2006/05/22,10733,1230
2006/05/23,11499,1225
2006/05/24,11194,1225
2006/05/25,11000,1220
2006/05/26,11200,1220
2006/05/29,11231,1230
2006/05/30,10902,1215
2006/05/31,11100,1215
2006/06/01,11100,1215
2006/06/02,11500,1215
2006/06/05,11225,1215
2006/06/06,10760,1200
2006/06/07,10330,1220
2006/06/08,9601,1210
2006/06/09,10600,1205
2006/06/12,10525,1210
2006/06/13,10508,1170
2006/06/14,10500,1140
2006/06/15,11000,1139
2006/06/19,11000,1150
2006/06/20,10800,1160
2006/06/21,10400,1180
2006/06/22,10000,1200
2006/06/23,9699,1219
2006/06/26,9100,1210
2006/06/27,9500,1215
2006/06/28,9375,1220
2006/06/29,9676,1215
2006/06/30,10030,1220
2006/07/03,10584,1230
2006/07/04,10590,1229
2006/07/05,10244,1220
2006/07/06,10100,1230
2006/07/07,10264,1230
2006/07/10,10400,1230
2006/07/11,10375,1230
2006/07/12,10558,1221
2006/07/13,10260,1210
2006/07/14,10020,1220
2006/07/17,9650,1208
2006/07/18,9650,1203
2006/07/19,9800,1210
2006/07/20,9800,1210
2006/07/21,9701,1210
2006/07/24,9759,1225
2006/07/25,9830,1215
2006/07/26,10000,1215
2006/07/27,10290,1215
2006/07/28,10301,1215
2006/07/31,10252,1215
2006/08/01,10070,1215
2006/08/02,10021,1220
2006/08/03,9720,1215
2006/08/04,9751,1230
2006/08/07,9600,1230
2006/08/08,9705,1229
2006/08/10,9691,1215
2006/08/11,9725,1225
2006/08/14,9720,1229
2006/08/15,9749,1230
2006/08/16,9800,1240
2006/08/17,9801,1245
2006/08/18,9800,1240
2006/08/21,9795,1215
2006/08/22,9895,1230
2006/08/23,9975,1220
2006/08/24,9820,1215
2006/08/25,9850,1216
2006/08/28,9720,1200
2006/08/29,9975,1170
2006/08/30,10355,1165
2006/08/31,10321,1170
2006/09/01,10405,1165
2006/09/04,10600,1160
2006/09/05,10535,1160
2006/09/06,10350,1160
2006/09/07,9950,1200
2006/09/08,9830,1168
2006/09/11,9505,1155
2006/09/12,9650,1129
2006/09/13,9850,1118
2006/09/14,9860,1120
2006/09/15,9780,1115
2006/09/18,9945,1110
2006/09/19,10050,1111
2006/09/20,10180,1110
2006/09/21,10300,1110
2006/09/22,9975,1119
2006/09/26,9965,1110
2006/09/27,9850,1120
2006/09/28,9950,1130
2006/09/29,9950,1125
2006/10/02,9680,1160
2006/10/03,9718,1168
2006/10/04,9690,1168
2006/10/05,9839,1150
2006/10/06,9870,1140
2006/10/09,9840,1160
2006/10/10,9830,1155
2006/10/11,9680,1150
2006/10/12,10059,1119
2006/10/13,10285,1120
2006/10/16,10601,1110
2006/10/17,10405,1131
2006/10/18,10481,1150
2006/10/19,10670,1145
2006/10/20,10650,1150
2006/10/23,10655,1160
2006/10/24,10780,1150
2006/10/25,10760,1145
2006/10/26,10650,1142
2006/10/27,10780,1140
2006/10/30,10830,1130
2006/10/31,11399,1125
2006/11/01,11520,1125
2006/11/02,11450,1136
2006/11/03,11325,1135
2006/11/06,11255,1140
2006/11/07,11378,1130
2006/11/08,11370,1135
2006/11/09,11195,1145
2006/11/10,11026,1130
2006/11/13,11250,1125
2006/11/14,11295,1130
2006/11/15,11185,1130
2006/11/16,11250,1131
2006/11/17,11230,1111
2006/11/20,11355,1111
2006/11/21,11681,1115
2006/11/22,11800,1111
2006/11/23,11980,1100
2006/11/24,12000,1095
2006/11/27,12000,1095
2006/11/28,11705,1091
2006/11/29,11599,1090
2006/11/30,11270,1095
2006/12/01,11490,1090
2006/12/04,11480,1090
2006/12/05,11405,1095
2006/12/06,11370,1100
2006/12/07,11304,1105
2006/12/08,11370,1110
2006/12/11,11450,1125
2006/12/12,11475,1130
2006/12/13,11750,1150
2006/12/14,11750,1120
2006/12/15,11830,1115
2006/12/18,11875,1126
2006/12/19,11900,1140
2006/12/20,12150,1135
2006/12/21,12400,1130
2006/12/22,12401,1120
2006/12/27,12615,1130
2006/12/28,12505,1130
2006/12/29,12510,1140
2007/01/02,12700,1140
2007/01/03,12600,1130
2007/01/04,12286,1130
2007/01/05,12370,1120
2007/01/09,12550,1110
2007/01/10,12439,1120
2007/01/11,12400,1120
2007/01/12,12550,1120
2007/01/15,13000,1110
2007/01/16,13310,1110
2007/01/17,13200,1110
2007/01/18,13505,1100
2007/01/19,13440,1105
2007/01/22,13756,1090
2007/01/23,13570,1085
2007/01/24,13450,1095
2007/01/25,13355,1105
2007/01/26,13275,1095
2007/01/29,13175,1110
2007/01/30,13500,1100
2007/01/31,13245,1110
2007/02/01,13590,1115
2007/02/02,13600,1115
2007/02/05,13300,1115
2007/02/06,13565,1115
2007/02/07,13360,1102
2007/02/08,13250,1109
2007/02/09,13140,1110
2007/02/12,13050,1100
2007/02/13,12990,1100
2007/02/14,12900,1100
2007/02/15,13250,1105
2007/02/16,13450,1120
2007/02/19,13597,1120
2007/02/20,13820,1100
2007/02/21,13802,1085
2007/02/22,13960,1051
2007/02/23,14060,1070
2007/02/26,14300,1075
2007/02/27,13820,1070
2007/02/28,13706,1065
2007/03/01,13450,1075
2007/03/02,13361,1080
2007/03/05,12902,1100
2007/03/06,13060,1090
2007/03/07,13150,1100
2007/03/08,13480,1080
2007/03/09,13870,1080
2007/03/12,13555,1070
2007/03/13,13350,1070
2007/03/14,13050,1090
2007/03/15,12980,1090
2007/03/16,12900,1025
2007/03/19,13040,1015
2007/03/20,13300,1015
2007/03/22,13645,1020
2007/03/23,13900,1010
2007/03/26,13950,1020
2007/03/27,14000,1015
2007/03/28,13775,1014
2007/03/29,13975,1013
2007/03/30,13951,1016
2007/04/02,14099,1015
2007/04/03,14120,1010
2007/04/04,14069,1002
2007/04/05,13995,1000
2007/04/10,14000,1000
2007/04/11,13640,999
2007/04/12,13951,995
2007/04/13,14165,995
2007/04/16,14250,1005
2007/04/17,14470,1025
2007/04/18,14400,1025
2007/04/19,14700,1020
2007/04/20,14750,1020
2007/04/23,14830,1020
2007/04/24,14795,1022
2007/04/25,14799,1030
2007/04/26,14800,1049
2007/04/30,14580,1049
2007/05/02,14594,1070
2007/05/03,14350,1095
2007/05/04,14250,1101
2007/05/07,14250,1090
2007/05/08,13855,1080
2007/05/09,13974,1090
2007/05/10,14081,1086
2007/05/11,14000,1090
2007/05/14,14040,1091
2007/05/15,13901,1112
2007/05/16,13700,1107
2007/05/17,13500,1107
2007/05/18,13590,1099
2007/05/21,13770,1100
2007/05/22,13949,1100
2007/05/23,14300,1100
2007/05/24,14100,1114
2007/05/25,13950,1110
2007/05/28,13840,1111
2007/05/29,14000,1130
2007/05/30,13610,1125
2007/05/31,13510,1120
2007/06/01,13700,1130
2007/06/04,13600,1105
2007/06/05,13550,1125
2007/06/06,13400,1110
2007/06/07,13625,1120
2007/06/08,13400,1120
2007/06/11,13615,1100
2007/06/12,13467,1110
2007/06/13,13525,1105
2007/06/14,13800,1105
2007/06/15,13890,1090
2007/06/18,13910,1070
2007/06/19,13900,1076
2007/06/20,13800,1075
2007/06/21,13400,1085
2007/06/22,13278,1060
2007/06/25,13090,1075
2007/06/26,13025,1080
2007/06/27,12901,1070
2007/06/28,13100,1072
2007/06/29,13150,1076
2007/07/02,13160,1070
2007/07/03,13225,1065
2007/07/04,13000,1065
2007/07/05,13000,1070
2007/07/06,13250,1070
2007/07/09,13750,1070
2007/07/10,14050,1070
2007/07/11,13903,1065
2007/07/12,13802,1060
2007/07/13,13600,1080
2007/07/16,13500,1075
2007/07/17,13300,1080
2007/07/18,13130,1078
2007/07/19,13164,1075
2007/07/20,13303,1066
2007/07/23,13685,1070
2007/07/24,13800,1070
2007/07/25,13500,1060
2007/07/26,13520,1060
2007/07/27,13290,1070
2007/07/30,13400,1065
2007/07/31,13700,1065
2007/08/01,13300,1065
2007/08/02,13100,1065
2007/08/03,13148,1080
2007/08/06,13200,1071
2007/08/07,13500,1065
2007/08/08,14150,1061
2007/08/10,13306,1059
2007/08/13,13911,1059
2007/08/14,13250,1075
2007/08/15,13020,1075
2007/08/16,12398,1045
2007/08/17,12250,1042
2007/08/20,12775,1050
2007/08/21,12525,1075
2007/08/22,13091,1070
2007/08/23,13190,1075
2007/08/24,13031,1075
2007/08/27,13290,1045
2007/08/28,12864,1015
2007/08/29,12701,1015
2007/08/30,12648,1005
2007/08/31,13020,1000
2007/09/03,13270,1000
2007/09/04,13235,1026
2007/09/05,12850,1000
2007/09/06,12745,1020
2007/09/07,12500,1020
2007/09/10,12600,1020
2007/09/11,12700,1000
2007/09/12,12599,1019
2007/09/13,12500,1018
2007/09/14,12460,1010
2007/09/17,12610,1005
2007/09/18,12587,1000
2007/09/19,12701,1000
2007/09/20,12550,995
2007/09/21,12225,990
2007/09/25,12069,970
2007/09/26,12180,995
2007/09/27,12550,995
2007/09/28,12500,1010
2007/10/01,12250,1000
2007/10/02,12900,1009
2007/10/03,13280,1005
2007/10/04,13449,1000
2007/10/05,13580,1000
2007/10/08,13299,1007
2007/10/09,13300,1005
2007/10/10,13350,1005
2007/10/11,13200,1004
2007/10/12,12875,1000
2007/10/15,13029,1003
2007/10/16,12950,1005
2007/10/17,13200,1005
2007/10/18,12701,1000
2007/10/19,12645,1005
2007/10/22,12525,1000
2007/10/23,12574,1000
2007/10/24,12570,1000
2007/10/25,13110,1000
2007/10/26,13490,998
2007/10/29,13445,1001
2007/10/30,13400,1010
2007/10/31,13000,1005
2007/11/01,13200,1005
2007/11/02,13299,1005
2007/11/05,13690,1005
2007/11/06,13910,1011
2007/11/07,13600,1020
2007/11/08,13750,1019
2007/11/09,13600,1020
2007/11/12,13600,1006
2007/11/13,13550,1016
2007/11/14,13580,1020
2007/11/15,13250,1019
2007/11/16,13100,1000
2007/11/19,13049,1000
2007/11/20,12920,1015
2007/11/21,12800,1024
2007/11/22,12800,1020
2007/11/23,12750,1020
2007/11/26,12500,997
2007/11/27,12210,995
2007/11/28,12175,1000
2007/11/29,12420,1005
2007/11/30,12750,1020
2007/12/03,12320,1000
2007/12/04,11955,1005
2007/12/05,12025,1001
2007/12/06,12000,1005
2007/12/07,12000,1006
2007/12/10,11910,1015
2007/12/11,11770,1008
2007/12/12,11650,1021
2007/12/13,11400,1020
2007/12/14,11100,1022
2007/12/18,11101,1015
2007/12/19,10832,1015
2007/12/20,11000,1015
2007/12/21,11150,1020
2007/12/24,10955,1020
2007/12/27,11210,1021
2007/12/28,11210,1030
2007/12/31,11100,1030
2008/01/02,11100,1020
2008/01/03,10900,1030
2008/01/04,10780,1020
2008/01/07,10601,1010
2008/01/08,10810,1010
2008/01/09,10709,1003
2008/01/10,10578,1019
2008/01/11,10400,1020
2008/01/14,10698,1000
2008/01/15,10550,1000
2008/01/16,10560,1000
2008/01/17,10622,1010
2008/01/18,10301,1000
2008/01/21,9950,993
2008/01/22,9975,980
2008/01/23,10070,990
2008/01/24,10560,994
2008/01/25,10200,1030
2008/01/28,10099,1000
2008/01/29,10280,1010
2008/01/30,10280,1000
2008/01/31,10080,1010
2008/02/01,10500,1012
2008/02/04,10649,1005
2008/02/05,10134,1000
2008/02/06,10050,1005
2008/02/07,9780,1002
2008/02/08,9800,1000
2008/02/11,9706,1015
2008/02/12,10300,1020
2008/02/13,10350,1020
2008/02/14,10701,1020
2008/02/15,10250,1020
2008/02/18,10450,1020
2008/02/19,10990,1020
2008/02/20,11050,1020
2008/02/21,11080,1040
2008/02/22,10870,1025
2008/02/25,11125,1050
2008/02/26,11999,1025
2008/02/27,11690,1035
2008/02/28,11350,1037
2008/02/29,11200,1055
2008/03/03,10799,1050
2008/03/04,10690,1060
2008/03/05,10750,1055
2008/03/06,10701,1060
2008/03/07,10410,1055
2008/03/10,10100,1050
2008/03/11,10479,1050
2008/03/12,10301,1038
2008/03/13,10050,1020
2008/03/14,10035,1025
2008/03/17,9549,1015
2008/03/18,9989,1025
2008/03/19,9955,1050
2008/03/20,9902,998
2008/03/25,10412,995
2008/03/26,10555,990
2008/03/27,10620,990
2008/03/28,10314,980
2008/03/31,10151,980
2008/04/01,10250,980
2008/04/02,10530,985
2008/04/03,10520,970
2008/04/04,10600,970
2008/04/07,10975,975
2008/04/08,10860,962
2008/04/09,10850,978
2008/04/10,10400,970
2008/04/11,10200,980
2008/04/14,9851,995
2008/04/15,10010,1015
2008/04/16,9930,1001
2008/04/17,10030,1009
2008/04/18,10190,1010
2008/04/21,10200,1000
2008/04/22,10145,997
2008/04/23,10050,1000
2008/04/24,9640,997
2008/04/25,9551,1000
2008/04/29,9555,993
2008/04/30,9500,995
2008/05/05,9499,995
2008/05/06,9305,990
2008/05/07,9300,995
2008/05/08,9328,985
2008/05/09,9201,1002
2008/05/12,9090,990
2008/05/13,9300,980
2008/05/14,9250,980
2008/05/15,9220,970
2008/05/16,9004,975
2008/05/19,9151,971
2008/05/20,9184,981
2008/05/21,9091,985
2008/05/22,9050,990
2008/05/23,8940,990
2008/05/26,8850,995
2008/05/27,8820,990
2008/05/28,8599,970
2008/05/29,8398,969
2008/05/30,8550,960
2008/06/02,8499,955
2008/06/03,8390,970
2008/06/04,8670,976
2008/06/05,8975,990
2008/06/06,8855,974
2008/06/09,8730,972
2008/06/10,8360,970
2008/06/11,8410,960
2008/06/12,8670,950
2008/06/13,8235,951
2008/06/17,8250,975
2008/06/18,8300,985
2008/06/19,8480,990
2008/06/20,8438,985
2008/06/23,8150,980
2008/06/24,7900,970
2008/06/25,8021,995
2008/06/26,8100,994
2008/06/27,8399,994
2008/06/30,8201,998
2008/07/01,8125,995
2008/07/02,8150,971
2008/07/03,8110,965
2008/07/04,8150,975
2008/07/07,8600,950
2008/07/08,8655,950
2008/07/09,8800,970
2008/07/10,8600,980
2008/07/11,8350,965
2008/07/14,8300,965
2008/07/15,8220,975
2008/07/16,9025,970
2008/07/17,9400,990
2008/07/18,9200,1005
2008/07/21,9000,996
2008/07/22,9185,995
2008/07/23,9600,1000
2008/07/24,9975,1000
2008/07/25,9820,1020
2008/07/28,9910,1015
2008/07/29,10025,1020
2008/07/30,10325,1025
2008/07/31,10225,1020
2008/08/01,10000,1028
2008/08/04,10190,1040
2008/08/05,10200,1060
2008/08/06,10175,1061
2008/08/07,10063,1060
2008/08/08,10000,1070
2008/08/11,10401,1100
2008/08/12,10700,1095
2008/08/13,10974,1095
2008/08/14,11049,1100
2008/08/15,10990,1100
2008/08/18,10970,1080
2008/08/19,10730,1070
2008/08/20,10200,1072
2008/08/21,10300,1110
2008/08/22,10660,1075
2008/08/25,10275,1025
2008/08/26,10268,1000
2008/08/27,10590,1000
2008/08/28,10920,1010
2008/08/29,10889,1010
2008/09/01,10900,1000
2008/09/02,10870,1005
2008/09/03,11000,1005
2008/09/04,11033,1005
2008/09/05,10794,990
2008/09/08,11300,991
2008/09/09,11450,994
2008/09/10,11301,994
2008/09/11,10780,1000
2008/09/12,11100,1000
2008/09/15,10675,980
2008/09/16,10499,995
2008/09/17,10300,995
2008/09/18,10249,983
2008/09/19,10920,980
2008/09/22,11400,983
2008/09/23,10850,985
2008/09/25,10960,980
2008/09/26,10900,975
2008/09/29,10400,977
2008/09/30,10800,976
2008/10/01,10810,967
2008/10/02,10700,970
2008/10/03,10700,960
2008/10/06,9995,950
2008/10/07,10050,945
2008/10/08,9675,930
2008/10/09,9750,935
2008/10/10,9201,930
2008/10/13,9930,940
2008/10/14,10380,940
2008/10/15,10362,938
2008/10/16,9560,925
2008/10/17,9120,925
2008/10/20,9400,930
2008/10/21,9025,930
2008/10/22,8299,930
2008/10/23,8180,930
2008/10/24,8600,925
2008/10/27,8600,900
2008/10/28,8950,912
2008/10/29,9300,905
2008/10/30,9900,909
2008/10/31,10100,915
2008/11/03,9950,910
2008/11/04,10010,910
2008/11/05,9505,910
2008/11/06,9599,910
2008/11/07,9550,915
2008/11/10,9710,950
2008/11/11,9249,1000
2008/11/12,9245,985
2008/11/13,9200,965
2008/11/14,9110,960
2008/11/17,9000,963
2008/11/18,9500,965
2008/11/19,10100,975
2008/11/20,9500,981
2008/11/21,9400,985
2008/11/24,9802,1000
2008/11/25,10415,1000
2008/11/26,10420,1000
2008/11/27,10500,1000
2008/11/28,10350,970
2008/12/01,10490,975
2008/12/02,9850,970
2008/12/03,9880,970
2008/12/04,10320,970
2008/12/05,10600,975
2008/12/08,10950,995
2008/12/09,11150,1000
2008/12/10,11250,990
2008/12/11,10999,990
2008/12/12,10575,992
2008/12/15,10500,992
2008/12/17,11075,1000
2008/12/18,11400,995
2008/12/19,10860,1000
2008/12/22,10800,1000
2008/12/23,10500,1000
2008/12/24,10583,1000
2008/12/29,10690,990
2008/12/30,10700,990
2008/12/31,10815,990
2009/01/02,10825,990
2009/01/05,10925,990
2009/01/06,10805,995
2009/01/07,10450,1005
2009/01/08,10500,1010
2009/01/09,10800,1010
2009/01/12,11050,1015
2009/01/13,11060,1015
2009/01/14,11015,1029
2009/01/15,10710,1025
2009/01/16,10570,1005
2009/01/19,10125,1010
2009/01/20,10000,1009
2009/01/21,9900,1000
2009/01/22,9698,979
2009/01/23,9150,975
2009/01/26,9301,980
2009/01/27,9650,970
2009/01/28,10150,970
2009/01/29,9950,979
2009/01/30,9300,973
2009/02/02,9125,962
2009/02/03,9450,981
2009/02/04,9540,1000
2009/02/05,9400,985
2009/02/06,9900,1005
2009/02/09,10075,1005
2009/02/10,10187,1010
2009/02/11,9950,1010
2009/02/12,9500,1010
2009/02/13,9560,1014
2009/02/16,9495,1006
2009/02/17,9000,1009
2009/02/18,9300,1010
2009/02/19,9160,1008
2009/02/20,8600,1010
2009/02/23,8865,1010
2009/02/24,8900,1010
2009/02/25,8800,1005
2009/02/26,9403,1007
2009/02/27,8900,1005
2009/03/02,8300,1007
2009/03/03,8301,1007
2009/03/04,8450,1010
2009/03/05,8190,1010
2009/03/06,8130,1005
2009/03/09,7690,1010
2009/03/10,8000,1010
2009/03/11,8950,1002
2009/03/12,9000,1001
2009/03/13,9310,1009
2009/03/16,9000,1008
2009/03/17,8700,1006
2009/03/18,8816,1001
2009/03/19,9100,1005
2009/03/20,8920,1007
2009/03/23,9400,955
2009/03/24,9650,955
2009/03/25,9949,970
2009/03/26,9603,968
2009/03/27,9300,967
2009/03/30,9165,956
2009/03/31,9620,950
2009/04/01,9640,955
2009/04/02,9850,950
2009/04/03,10099,959
2009/04/06,10200,950
2009/04/07,9920,1000
2009/04/08,9699,996
2009/04/09,10000,975
2009/04/14,10500,990
2009/04/15,10501,990
2009/04/16,10375,990
2009/04/17,10150,995
2009/04/20,9570,990
2009/04/21,9150,965
2009/04/23,9540,970
2009/04/24,9455,980
2009/04/28,9731,985
2009/04/29,9890,992
2009/04/30,9845,998
2009/05/04,10450,997
2009/05/05,9955,996
2009/05/06,9750,1000
2009/05/07,9750,1005
2009/05/08,9836,1012
2009/05/11,9825,1018
2009/05/12,9695,1018
2009/05/13,9380,1018
2009/05/14,9500,1020
2009/05/15,9960,1025
2009/05/18,10155,1025
2009/05/19,10570,1035
2009/05/20,10665,1040
2009/05/21,10325,1040
2009/05/22,10600,1050
2009/05/25,10401,1050
2009/05/26,10313,1065
2009/05/27,10419,1060
2009/05/28,9950,1050
2009/05/29,10155,1050
2009/06/01,10220,1060
2009/06/02,10200,1060
2009/06/03,10050,1055
2009/06/04,10319,1060
2009/06/05,10250,1065
2009/06/08,10165,1059
2009/06/09,10250,1063
2009/06/10,10300,1065
2009/06/11,10200,1060
2009/06/12,10300,1055
2009/06/15,10381,1065
2009/06/17,10275,1066
2009/06/18,10370,1060
2009/06/19,10400,1055
2009/06/22,10090,1052
2009/06/23,10220,1055
2009/06/24,10507,1053
2009/06/25,10399,1050
2009/06/26,10725,1050
2009/06/29,10950,1005
2009/06/30,11000,995
2009/07/01,11130,990
2009/07/02,10855,1002
2009/07/03,10960,1010
2009/07/06,10950,1040
2009/07/07,11139,1030
2009/07/08,11045,1020
2009/07/09,11050,1030
2009/07/10,11280,1039
2009/07/13,11388,1020
2009/07/14,11520,1021
2009/07/15,11791,1030
2009/07/16,11800,1040
2009/07/17,11830,1045
2009/07/20,11949,1041
2009/07/21,11955,1045
2009/07/22,11902,1045
2009/07/23,12050,1040
2009/07/24,12176,1040
2009/07/27,12000,1040
2009/07/28,11697,1040
2009/07/29,11375,1040
2009/07/30,11800,1050
2009/07/31,11750,1050
2009/08/03,11970,1012
2009/08/04,12051,1015
2009/08/05,11851,1030
2009/08/06,12104,1035
2009/08/07,12160,1028
2009/08/11,12050,1033
2009/08/12,12179,1020
2009/08/13,12600,1020
2009/08/14,12300,1020
2009/08/17,11959,1040
2009/08/18,12200,1040
2009/08/19,11990,1038
2009/08/20,12115,1035
2009/08/21,12500,1040
2009/08/24,12526,990
2009/08/25,12730,980
2009/08/26,12750,980
2009/08/27,12900,985
2009/08/28,12776,990
2009/08/31,12675,980
2009/09/01,12630,985
2009/09/02,12186,982
2009/09/03,11970,990
2009/09/04,12175,982
2009/09/07,12300,985
2009/09/08,12445,984
2009/09/09,12400,975
2009/09/10,12500,986
2009/09/11,12505,975
2009/09/14,12299,975
2009/09/15,12130,976
2009/09/16,12192,978
2009/09/17,12700,976
2009/09/18,12530,976
2009/09/21,12350,982
2009/09/22,12580,980
2009/09/23,12370,972
2009/09/25,12240,965
2009/09/28,12300,960
2009/09/29,12080,960
2009/09/30,12000,958
2009/10/01,11898,955
2009/10/02,11650,956
2009/10/05,11575,956
2009/10/06,12005,956
2009/10/07,12225,974
2009/10/08,12101,986
2009/10/09,12206,989
2009/10/12,12400,995
2009/10/13,12530,998
2009/10/14,13010,998
2009/10/15,12950,999
2009/10/16,12899,1000
2009/10/19,12990,1000
2009/10/20,13075,1000
2009/10/21,13010,1005
2009/10/22,13000,1008
2009/10/23,12870,1030
2009/10/26,12500,1010
2009/10/27,12462,1010
2009/10/28,12440,1010
2009/10/29,12700,1005
2009/10/30,12451,1005
2009/11/02,12250,1010
2009/11/03,12050,1010
2009/11/04,12025,1005
2009/11/05,12000,1007
2009/11/06,12001,1009
2009/11/09,12250,1007
2009/11/10,12504,1014
2009/11/11,12800,1014
2009/11/12,12750,1014
2009/11/13,12800,1011
2009/11/16,13030,1007
2009/11/17,12845,1005
2009/11/18,12784,1010
2009/11/19,12600,1003
2009/11/20,12405,1000
2009/11/23,12600,1000
2009/11/24,12750,1000
2009/11/25,12760,995
2009/11/26,12420,999
2009/11/27,12483,990
2009/11/30,12750,996
2009/12/01,12691,997
2009/12/02,12850,993
2009/12/03,12900,990
2009/12/04,12775,998
2009/12/07,12500,998
2009/12/08,12330,999
2009/12/09,12010,995
2009/12/10,12437,1000
2009/12/11,12600,1000
2009/12/14,12640,999
2009/12/15,12700,998
2009/12/17,12900,1009
2009/12/18,12808,1010
2009/12/21,12920,1010
2009/12/22,12900,1018
2009/12/23,12900,1015
2009/12/24,12900,1005
2009/12/28,12989,1003
2009/12/29,12850,1005
2009/12/30,12769,1005
2009/12/31,12850,1005
2010/01/04,12852,1000
2010/01/05,12950,1000
2010/01/06,12900,1010
2010/01/07,12851,1010
2010/01/08,12770,1005
2010/01/11,12845,1007
2010/01/12,12800,1009
2010/01/13,12950,1010
2010/01/14,13100,1004
2010/01/15,12930,1010
2010/01/18,13050,1020
2010/01/19,13150,1020
2010/01/20,13350,1030
2010/01/21,13350,1030
2010/01/22,13150,1050
2010/01/25,13256,1060
2010/01/26,13100,1031
2010/01/27,13195,1050
2010/01/28,13425,1056
2010/01/29,13425,1050
2010/02/01,13337,1050
2010/02/02,13400,1060
2010/02/03,13430,1070
2010/02/04,13400,1085
2010/02/05,12975,1060
2010/02/08,13108,1064
2010/02/09,13390,1075
2010/02/10,13323,1065
2010/02/11,13300,1080
2010/02/12,13045,1080
2010/02/15,13300,1080
2010/02/16,13300,1090
2010/02/17,13440,1081
2010/02/18,13361,1091
2010/02/19,13399,1100
2010/02/22,13380,1100
2010/02/23,13300,1095
2010/02/24,13200,1100
2010/02/25,13175,1100
2010/02/26,13280,1090
2010/03/01,13380,1090
2010/03/02,13650,1095
2010/03/03,13800,1093
2010/03/04,13785,1100
2010/03/05,13900,1100
2010/03/08,13790,1075
2010/03/09,13550,1100
2010/03/10,13800,1085
2010/03/11,13740,1099
2010/03/12,13760,1100
2010/03/15,13800,1086
2010/03/16,13910,1095
2010/03/17,14180,1100
2010/03/18,14215,1103
2010/03/19,14191,1059
2010/03/23,14050,1059
2010/03/24,14050,1050
2010/03/25,14199,1058
2010/03/26,14070,1050
2010/03/29,14150,1046
2010/03/30,14199,1055
2010/03/31,14230,1053
2010/04/01,14249,1041
2010/04/06,14295,1059
2010/04/07,14158,1060
2010/04/08,13750,1057
2010/04/09,14000,1060
2010/04/12,13970,1055
2010/04/13,13890,1062
2010/04/14,14123,1100
2010/04/15,14140,1070
2010/04/16,13851,1050
2010/04/19,13800,1060
2010/04/20,14000,1053
2010/04/21,13900,1052
2010/04/22,13868,1041
2010/04/23,13733,1050
2010/04/26,14200,1050
2010/04/28,13807,1050
2010/04/29,14025,1044
2010/04/30,14000,1040
2010/05/03,14200,1028
2010/05/04,13677,1030
2010/05/05,13325,1030
2010/05/06,13363,1030
2010/05/07,12749,1034
2010/05/10,13430,1021
2010/05/11,13710,1030
2010/05/12,14000,1030
2010/05/13,13840,1030
2010/05/14,13487,1021
2010/05/17,13150,1021
2010/05/18,13525,1030
2010/05/19,13304,1020
2010/05/20,12870,1030
2010/05/21,12775,1023
2010/05/24,13093,1020
2010/05/25,12575,1015
2010/05/26,12900,1030
2010/05/27,13010,1028
2010/05/28,13000,1030
2010/05/31,12801,1020
2010/06/01,12840,1020
2010/06/02,12975,1025
2010/06/03,12700,1030
2010/06/04,12570,1030
2010/06/07,12270,1027
2010/06/08,12240,1030
2010/06/09,12568,1030
2010/06/10,12370,1021
2010/06/11,12305,1030
2010/06/14,12550,1030
2010/06/15,12600,1030
2010/06/17,12749,1024
2010/06/18,12499,1030
2010/06/21,12665,1030
2010/06/22,12851,1025
2010/06/23,12790,1030
2010/06/24,12570,1025
2010/06/25,12601,1021
2010/06/28,12500,1021
2010/06/29,12284,1030
2010/06/30,12149,1022
2010/07/01,12146,1030
2010/07/02,12259,1030
2010/07/05,12201,1040
2010/07/06,12670,1060
2010/07/07,12765,1030
2010/07/08,13005,1040
2010/07/09,13084,1040
2010/07/12,13000,1050
2010/07/13,13375,1055
2010/07/14,13490,1055
2010/07/15,13555,1060
2010/07/16,13635,1056
2010/07/19,13500,1070
2010/07/20,13250,1080
2010/07/21,13650,1100
2010/07/22,13870,1100
2010/07/23,13925,1100
2010/07/26,14000,1100
2010/07/27,13860,1100
2010/07/28,13778,1100
2010/07/29,13885,1090
2010/07/30,13600,1100
2010/08/02,13778,1099
2010/08/03,13450,1098
2010/08/04,13372,1095
2010/08/05,13410,1098
2010/08/06,13060,1099
2010/08/10,12820,1100
2010/08/11,12540,1092
2010/08/12,12502,1100
2010/08/13,12600,1100
2010/08/16,12500,1100
2010/08/17,12700,1105
2010/08/18,12451,1110
2010/08/19,12675,1117
2010/08/20,12450,1110
2010/08/23,12490,1066
2010/08/24,12390,1061
2010/08/25,12000,1060
2010/08/26,12350,1061
2010/08/27,12300,1060
2010/08/30,12440,1056
2010/08/31,12325,1065
2010/09/01,12699,1050
2010/09/02,12560,1060
2010/09/03,12600,1052
2010/09/06,12615,1060
2010/09/07,12400,1055
2010/09/08,12606,1040
2010/09/09,12635,1045
2010/09/10,12745,1035
2010/09/13,13010,1030
2010/09/14,12807,1030
2010/09/15,13000,1030
2010/09/16,12820,1040
2010/09/17,12752,1045
2010/09/20,12890,1060
2010/09/21,13127,1031
2010/09/22,13100,1058
2010/09/23,13040,1055
2010/09/27,13502,1050
2010/09/28,13346,1061
2010/09/29,13400,1068
2010/09/30,13400,1068
2010/10/01,13250,1050
2010/10/04,13234,1055
2010/10/05,13399,1060
2010/10/06,13525,1063
2010/10/07,13201,1067
2010/10/08,13100,1075
2010/10/11,13200,1070
2010/10/12,13375,1065
2010/10/13,13700,1065
2010/10/14,13700,1065
2010/10/15,13690,1078
2010/10/18,13700,1070
2010/10/19,13500,1068
2010/10/20,13500,1065
2010/10/21,13735,1080
2010/10/22,13405,1070
2010/10/25,13314,1075
2010/10/26,13572,1078
2010/10/27,13350,1070
2010/10/28,13390,1072
2010/10/29,13599,1072
2010/11/01,13744,1072
2010/11/02,13600,1075
2010/11/03,13645,1080
2010/11/04,13775,1085
2010/11/05,13800,1070
2010/11/08,13740,1070
2010/11/09,13840,1082
2010/11/10,13754,1080
2010/11/11,13620,1080
2010/11/12,13670,1090
2010/11/15,13600,1074
2010/11/16,13350,1080
2010/11/17,13651,1080
2010/11/18,13599,1078
2010/11/19,13398,1073
2010/11/22,13400,1075
2010/11/23,13235,1076
2010/11/24,13300,1080
2010/11/25,13426,1076
2010/11/26,13400,1080
2010/11/29,13350,1080
2010/11/30,12900,1074
2010/12/01,13200,1080
2010/12/02,13250,1070
2010/12/03,13300,1057
2010/12/06,13350,1060
2010/12/07,13425,1075
2010/12/08,13500,1067
2010/12/09,13680,1060
2010/12/10,13250,1058
2010/12/13,13200,1065
2010/12/14,13295,1065
2010/12/15,13499,1070
2010/12/17,13500,1070
2010/12/20,13590,1090
2010/12/21,13581,1072
2010/12/22,13680,1075
2010/12/23,13620,1075
2010/12/24,13710,1075
2010/12/28,13789,1075
2010/12/29,13889,1070
2010/12/30,13850,1072
2010/12/31,14000,1070
2011/01/03,14200,1068
2011/01/04,14120,1069
2011/01/05,14148,1070
2011/01/06,14070,1079
2011/01/07,14050,1075
2011/01/10,13975,1060
2011/01/11,14005,1055
2011/01/12,14000,1070
2011/01/13,14200,1060
2011/01/14,14220,1065
2011/01/17,13811,1070
2011/01/18,14000,1070
2011/01/19,13900,1065
2011/01/20,13750,1064
2011/01/21,13744,1060
2011/01/24,13600,1050
2011/01/25,13500,1060
2011/01/26,13801,1050
2011/01/27,13680,1070
2011/01/28,13500,1070
2011/01/31,13300,1075
2011/02/01,13500,1050
2011/02/02,13355,1046
2011/02/03,13365,1060
2011/02/04,13350,1060
2011/02/07,13040,1055
2011/02/08,12990,1060
2011/02/09,13100,1066
2011/02/10,12905,1061
2011/02/11,13375,1069
2011/02/14,13125,1070
2011/02/15,13100,1070
2011/02/16,13060,1050
2011/02/17,13200,1085
2011/02/18,13048,1060
2011/02/21,13150,1041
2011/02/22,13100,1041
2011/02/23,12800,1045
2011/02/24,12525,1040
2011/02/25,12965,1040
2011/02/28,12975,1041
2011/03/01,12930,1032
2011/03/02,12880,1031
2011/03/03,12850,1032
2011/03/04,12900,1032
2011/03/07,12605,1030
2011/03/08,12709,1015
2011/03/09,12700,1012
2011/03/10,12675,1006
2011/03/11,12638,1010
2011/03/14,12900,1030
2011/03/15,12390,1025
2011/03/16,12512,1000
2011/03/17,12550,1000
2011/03/18,12639,970
2011/03/22,12960,986
2011/03/23,13090,1000
2011/03/24,13250,1020
2011/03/25,13070,1036
2011/03/28,13179,1035
2011/03/29,13450,1045
2011/03/30,13725,1035
2011/03/31,13645,1035
2011/04/01,13748,1025
2011/04/04,13800,1017
2011/04/05,13860,1010
2011/04/06,13825,1025
2011/04/07,13800,1040
2011/04/08,13775,1014
2011/04/11,13716,1025
2011/04/12,13550,1015
2011/04/13,13600,1035
2011/04/14,13525,1035
2011/04/15,13400,1015
2011/04/18,13250,1000
2011/04/19,13240,1000
2011/04/20,13750,1000
2011/04/21,13750,1000
2011/04/26,13850,980
2011/04/28,13515,985
2011/04/29,13595,990
2011/05/03,13600,975
2011/05/04,13400,1000
2011/05/05,13201,1019
2011/05/06,13400,1019
2011/05/09,13348,1020
2011/05/10,13631,1025
2011/05/11,13555,1033
2011/05/12,13300,1025
2011/05/13,13311,1027
2011/05/16,13603,1025
2011/05/17,13535,1023
2011/05/19,13675,1009
2011/05/20,13355,1009
2011/05/23,13120,995
2011/05/24,13650,1000
2011/05/25,13330,990
2011/05/26,13650,980
2011/05/27,13670,1000
2011/05/30,13737,990
2011/05/31,13726,1000
2011/06/01,13720,996
2011/06/02,13672,995
2011/06/03,13420,1000
2011/06/06,13400,1000
2011/06/07,13450,1000
2011/06/08,13545,1005
2011/06/09,13593,1000
2011/06/10,13450,995
2011/06/13,13500,1005
2011/06/14,13600,1030
2011/06/15,13480,1029
2011/06/17,13300,1010
2011/06/20,13290,1010
2011/06/21,13410,1010
2011/06/22,13205,1011
2011/06/23,13050,1033
2011/06/24,13150,1036
2011/06/27,13175,1030
2011/06/28,13480,1035
2011/06/29,13455,1040
2011/06/30,13481,1042
2011/07/01,13665,1040
2011/07/04,13700,1036
2011/07/05,13850,1043
2011/07/06,13700,1041
2011/07/07,13500,1044
2011/07/08,13599,1037
2011/07/11,13494,1045
2011/07/12,13470,1045
2011/07/13,13600,1040
2011/07/14,13500,1025
2011/07/15,13625,1024
2011/07/18,13336,1025
2011/07/19,13240,1015
2011/07/20,13185,1015
2011/07/21,13569,1015
2011/07/22,13300,1004
2011/07/25,13250,996
2011/07/26,13245,995
2011/07/27,13150,995
2011/07/28,13179,1005
2011/07/29,13150,1006
2011/08/01,13295,1015
2011/08/02,13401,1020
2011/08/03,13290,1030
2011/08/04,12725,1030
2011/08/05,12755,1020
2011/08/08,12355,1013
2011/08/10,12541,1018
2011/08/11,13200,1025
2011/08/12,13420,1040
2011/08/15,13500,1040
2011/08/16,13325,1030
2011/08/17,13500,1030
2011/08/18,13101,1010
2011/08/19,13500,1025
2011/08/22,13100,1000
2011/08/23,13150,1005
2011/08/24,13325,1005
2011/08/25,13055,1005
2011/08/26,13250,1000
2011/08/29,13810,1000
2011/08/30,13568,1000
2011/08/31,13949,1000
2011/09/01,14150,996
2011/09/02,13665,1005
2011/09/05,13580,995
2011/09/06,13400,999
2011/09/07,13975,1000
2011/09/08,14494,1000
2011/09/09,13951,1000
2011/09/12,13831,1000
2011/09/13,13800,1000
2011/09/14,13900,1003
2011/09/15,14251,1005
2011/09/16,14150,1010
2011/09/19,13775,1012
2011/09/20,13993,1017
2011/09/21,13953,1005
2011/09/22,13510,1019
2011/09/23,13395,1015
2011/09/26,13301,1013
2011/09/27,13766,1020
2011/09/28,13770,1021
2011/09/29,13375,1025
2011/09/30,13434,1025
2011/10/03,13412,1026
2011/10/04,13315,1026
2011/10/05,13474,1045
2011/10/06,13510,1050
2011/10/07,13895,1075
2011/10/10,14050,1050
2011/10/11,13720,1070
2011/10/12,13850,1035
2011/10/13,13750,1040
2011/10/14,13800,1040
2011/10/17,13500,1040
2011/10/18,13705,1040
2011/10/19,13655,1050
2011/10/20,13766,1050
2011/10/21,13781,1050
2011/10/24,13892,1060
2011/10/25,14000,1060
2011/10/26,13980,1060
2011/10/27,14150,1069
2011/10/28,14300,1070
2011/10/31,14280,1051
2011/11/01,14109,1054
2011/11/02,14150,1060
2011/11/03,14050,1073
2011/11/04,13687,1072
2011/11/07,14155,1075
2011/11/08,14179,1080
2011/11/09,13951,1075
2011/11/10,13938,1065
2011/11/11,14000,1072
2011/11/14,13850,1075
2011/11/15,13950,1075
2011/11/16,14024,1066
2011/11/17,14060,1075
2011/11/18,13760,1070
2011/11/21,13570,1065
2011/11/22,13565,1085
2011/11/23,13470,1080
2011/12/02,13470,1080
2011/12/05,13470,1080
2011/12/06,13470,1080
2011/12/07,13470,1080
2011/12/08,13470,1080
2011/12/09,13470,1080
2011/12/12,13470,1080
2011/12/13,14105,1061
2011/12/14,14010,1078
2011/12/15,13950,1095
2011/12/19,13950,1100
2011/12/20,13830,1105
2011/12/21,13950,1100
2011/12/22,13850,1095
2011/12/23,14020,1100
2011/12/28,14200,1080
2011/12/29,14169,1078
2011/12/30,14100,1095
2012/01/03,14300,1085
2012/01/04,14360,1090
2012/01/05,14376,1093
2012/01/06,14500,1110
2012/01/09,14500,1085
2012/01/10,14561,1095
2012/01/11,14485,1100
2012/01/12,14750,1100
2012/01/13,14800,1105
2012/01/16,14800,1107
2012/01/17,14900,1100
2012/01/18,14965,1130
2012/01/19,15050,1117
2012/01/20,15140,1120
2012/01/23,15070,1115
2012/01/24,14780,1115
2012/01/25,14650,1110
2012/01/26,14850,1115
2012/01/27,14950,1110
2012/01/30,14725,1105
2012/01/31,14825,1105
2012/02/01,14865,1100
2012/02/02,14790,1060
2012/02/03,14950,1080
2012/02/06,14790,1082
2012/02/07,14849,1083
2012/02/08,14785,1085
2012/02/09,15050,1091
2012/02/10,14900,1100
2012/02/13,15135,1092
2012/02/14,15240,1095
2012/02/15,15145,1082
2012/02/16,15095,1080
2012/02/17,15200,1062
2012/02/20,15199,1065
2012/02/21,15148,1090
2012/02/22,15010,1070
2012/02/23,15311,1064
2012/02/24,15917,1065
2012/02/27,15460,1085
2012/02/28,15810,1070
2012/02/29,15950,1070
2012/03/01,16050,1060
2012/03/02,15845,1060
2012/03/05,15898,1075
2012/03/06,15503,1085
2012/03/07,15600,1100
2012/03/08,15750,1102
2012/03/09,15900,1102
2012/03/12,15770,1105
2012/03/13,15845,1100
2012/03/14,16126,1095
2012/03/15,16100,1092
2012/03/16,16075,1045
2012/03/19,15775,1044
2012/03/20,15700,1070
2012/03/22,15550,1076
2012/03/23,15725,1085
2012/03/26,15495,1091
2012/03/27,15810,1100
2012/03/28,15700,1100
2012/03/29,15497,1101
2012/03/30,15600,1100
2012/04/02,15575,1099
2012/04/03,15701,1100
2012/04/04,15498,1095
2012/04/05,15499,1100
2012/04/10,15666,1100
2012/04/11,15740,1100
2012/04/12,15770,1100
2012/04/13,15771,1105
2012/04/16,15799,1095
2012/04/17,15608,1099
2012/04/18,15945,1098
2012/04/19,15894,1100
2012/04/20,16050,1100
2012/04/23,15725,1115
2012/04/24,15580,1120
2012/04/25,15485,1120
2012/04/26,15590,1135
2012/04/30,16000,1120
2012/05/02,15925,1120
2012/05/03,16110,1130
2012/05/04,16050,1121
2012/05/07,15977,1126
2012/05/08,15761,1125
2012/05/09,15500,1120
2012/05/10,15763,1105
2012/05/11,15795,1092
2012/05/14,15425,1101
2012/05/15,15210,1120
2012/05/16,15490,1120
2012/05/17,15234,1110
2012/05/18,15000,1116
2012/05/21,15149,1116
2012/05/22,15245,1120
2012/05/23,15100,1123
2012/05/24,15000,1125
2012/05/25,15000,1125
2012/05/28,14760,1125
2012/05/29,15030,1135
2012/05/30,14890,1135
2012/05/31,15000,1140
2012/06/01,14950,1143
2012/06/04,15114,1130
2012/06/05,15090,1135
2012/06/06,15190,1131
2012/06/07,15420,1135
2012/06/08,15355,1140
2012/06/11,15090,1140
2012/06/12,14925,1141
2012/06/13,15120,1130
2012/06/14,15200,1135
2012/06/15,15300,1129
2012/06/18,15501,1130
2012/06/19,15500,1125
2012/06/20,15599,1121
2012/06/21,15680,1100
2012/06/22,15700,1100
2012/06/25,15649,1096
2012/06/26,14350,1093
2012/06/27,14150,1116
2012/06/28,13900,1125
2012/06/29,14120,1095
2012/07/02,13705,1100
2012/07/03,13800,1099
2012/07/04,13590,1085
2012/07/05,13511,1100
2012/07/06,13500,1100
2012/07/09,13800,1080
2012/07/10,13790,1080
2012/07/11,13708,1078
2012/07/12,13675,1080
2012/07/13,13800,1065
2012/07/16,13792,1068
2012/07/17,13800,1075
2012/07/18,13895,1074
2012/07/19,13962,1105
2012/07/20,13750,1093
2012/07/23,13650,1063
2012/07/24,13650,1061
2012/07/25,13622,1065
2012/07/26,13570,1065
2012/07/27,13970,1080
2012/07/30,13840,1073
2012/07/31,13490,1065
2012/08/01,13640,1050
2012/08/02,13705,1050
2012/08/03,14060,1054
2012/08/06,13927,1065
2012/08/07,13699,1050
2012/08/08,13630,1060
2012/08/10,13749,1060
2012/08/13,13800,1055
2012/08/14,13930,1075
2012/08/15,13999,1075
2012/08/16,14306,1084
2012/08/17,14100,1099
2012/08/20,14226,1065
2012/08/21,14101,1060
2012/08/22,13900,1052
2012/08/23,14203,1060
2012/08/24,14300,1062
2012/08/27,14350,1050
2012/08/28,14324,1050
2012/08/29,14299,1060
2012/08/30,14077,1058
2012/08/31,14225,1046
2012/09/03,13939,1043
2012/09/04,13929,1040
2012/09/05,13900,1035
2012/09/06,13950,1035
2012/09/07,13824,1050
2012/09/10,13670,1035
2012/09/11,13655,1025
2012/09/12,13565,1045
2012/09/13,13625,1036
2012/09/14,13532,1039
2012/09/17,13330,1036
2012/09/18,13600,1036
2012/09/19,13700,1049
2012/09/20,13491,1038
2012/09/21,13755,1050
2012/09/25,13890,1055
2012/09/26,13591,1065
2012/09/27,13832,1071
2012/09/28,13850,1085
2012/10/01,13950,1085
2012/10/02,13993,1090
2012/10/03,13950,1080
2012/10/04,14151,1089
2012/10/05,13800,1090
2012/10/08,13716,1089
2012/10/09,13850,1091
2012/10/10,13460,1094
2012/10/11,13599,1092
2012/10/12,13740,1090
2012/10/15,13740,1100
2012/10/16,13860,1106
2012/10/17,13850,1100
2012/10/18,13930,1120
2012/10/19,13900,1110
2012/10/22,14035,1116
2012/10/23,14024,1105
2012/10/24,14000,1115
2012/10/25,14020,1115
2012/10/26,14000,1114
2012/10/29,14000,1117
2012/10/30,14132,1115
2012/10/31,13920,1115
2012/11/01,14050,1116
2012/11/02,14225,1118
2012/11/05,14300,1115
2012/11/06,14504,1100
2012/11/07,14555,1080
2012/11/08,14774,1085
2012/11/09,14585,1075
2012/11/12,14379,1080
2012/11/13,14100,1077
2012/11/14,13924,1072
2012/11/15,13940,1080
2012/11/16,14006,1095
2012/11/19,14400,1080
2012/11/21,14307,1100
2012/11/22,14195,1110
2012/11/23,13910,1125
2012/11/24,13910,1125
2012/11/25,13910,1125
2012/11/26,13800,1100
2012/11/27,13900,1100
2012/11/28,13800,1100
2012/11/29,13883,1100
2012/11/30,14178,1110
2012/12/03,14080,1105
2012/12/04,14087,1104
2012/12/05,14170,1100
2012/12/06,14950,1130
2012/12/07,15375,1105
2012/12/10,15570,1100
2012/12/11,16000,1110
2012/12/12,15884,1107
2012/12/13,16000,1082
2012/12/14,15826,1085
2012/12/18,16285,1060
2012/12/19,16288,1060
2012/12/20,16400,1060
2012/12/21,16450,1100
2012/12/24,16420,1095
2012/12/27,16450,1090
2012/12/28,16420,1089
2012/12/31,16400,1089
2013/01/02,16549,1089
2013/01/03,16600,1080
2013/01/04,16530,1074
2013/01/07,16335,1064
2013/01/08,16600,1070
2013/01/09,16744,1065
2013/01/10,16600,1070
2013/01/11,16699,1064
2013/01/14,16800,1065
2013/01/15,16500,1065
2013/01/16,16440,1065
2013/01/17,16600,1065
2013/01/18,16175,1066
2013/01/21,16420,1060
2013/01/22,16525,1081
2013/01/23,16620,1065
2013/01/24,16752,1080
2013/01/25,16800,1060
2013/01/28,16815,1060
2013/01/29,17175,1066
2013/01/30,17130,1060
2013/01/31,17150,1069
2013/02/01,17100,1062
2013/02/04,16918,1060
2013/02/05,17150,1066
2013/02/06,17100,1060
2013/02/07,16922,1055
2013/02/08,16500,1060
2013/02/11,16490,1063
2013/02/12,16510,1070
2013/02/13,16602,1050
2013/02/14,16600,1050
2013/02/15,16520,1050
2013/02/18,16550,1045
2013/02/19,16356,1039
2013/02/20,16400,1055
2013/02/21,16205,1050
2013/02/22,16215,1051
2013/02/25,16450,1080
2013/02/26,16361,1060
2013/02/27,16150,1070
2013/02/28,16250,1060
2013/03/01,16270,1060
2013/03/04,16202,1080
2013/03/05,16395,1060
2013/03/06,16515,1070
2013/03/07,16400,1065
2013/03/08,16550,1063
2013/03/11,16530,1080
2013/03/12,16480,1080
2013/03/13,16375,1079
2013/03/14,16251,1066
2013/03/15,15999,1025
2013/03/18,15849,1025
2013/03/19,15800,1045
2013/03/20,15605,1040
2013/03/22,15250,1035
2013/03/25,15600,1045
2013/03/26,16000,1045
2013/03/27,15830,1058
2013/03/28,15500,1060
2013/04/02,15680,1065
2013/04/03,15450,1062
2013/04/04,15010,1038
2013/04/05,14821,1050
2013/04/08,15250,1038
2013/04/09,15215,1037
2013/04/10,15651,1049
2013/04/11,15700,1040
2013/04/12,15300,1040
2013/04/15,15000,1042
2013/04/16,15180,1045
2013/04/17,15045,1045
2013/04/18,14695,1035
2013/04/19,14850,1040
2013/04/22,14795,1040
2013/04/23,14675,1036
2013/04/24,14617,1040
2013/04/25,14550,1030
2013/04/26,14475,1030
2013/04/29,14449,1030
2013/04/30,14769,1020
2013/05/02,14851,1020
2013/05/03,14800,1015
2013/05/06,14900,1030
2013/05/07,14975,1010
2013/05/08,15060,1020
2013/05/09,15140,1030
2013/05/10,15000,1029
2013/05/13,15113,1029
2013/05/14,14890,1025
2013/05/15,15015,1030
2013/05/16,15424,1025
2013/05/17,15288,1025
2013/05/20,14520,1029
2013/05/21,14950,1028
2013/05/22,15000,1027
2013/05/23,14675,1028
2013/05/24,14650,1025
2013/05/27,14712,1030
2013/05/28,14770,1029
2013/05/29,14530,1030
2013/05/30,14880,1048
2013/05/31,14943,1030
2013/06/03,14390,1030
2013/06/04,14355,1035
2013/06/05,14150,1034
2013/06/06,14200,1033
2013/06/07,14350,1032
2013/06/10,14175,1045
2013/06/11,14000,1031
2013/06/12,13870,1030
2013/06/13,14000,1031
2013/06/14,14099,1031
2013/06/18,14497,1040
2013/06/19,14170,1045
2013/06/20,14045,1045
2013/06/21,13702,1032
2013/06/24,13780,1038
2013/06/25,14100,1049
2013/06/26,14700,1034
2013/06/27,14543,1040
2013/06/28,14850,1034
2013/07/01,14555,1034
2013/07/02,14795,1035
2013/07/03,14010,1048
2013/07/04,14150,1043
2013/07/05,13800,1035
2013/07/08,14050,1035
2013/07/09,14149,1034
2013/07/10,13700,1040
2013/07/11,14290,1040
2013/07/12,14399,1038
2013/07/15,14300,1025
2013/07/16,13985,1025
2013/07/17,14300,1033
2013/07/18,14290,1035
2013/07/19,14060,1042
2013/07/22,14050,1050
2013/07/23,14899,1048
2013/07/24,14949,1029
2013/07/25,14795,1030
2013/07/26,14750,1025
2013/07/29,15167,1017
2013/07/30,14100,1017
2013/07/31,14295,1017
2013/08/01,14110,1018
2013/08/02,14245,1027
2013/08/05,14067,1023
2013/08/06,14040,1027
2013/08/07,13925,1023
2013/08/08,13975,1020
2013/08/12,14010,1013
2013/08/13,14050,1015
2013/08/14,14050,1019
2013/08/15,13966,1012
2013/08/16,13997,1013
2013/08/19,13860,1015
2013/08/20,13840,1017
2013/08/21,13775,1013
2013/08/22,13740,1016
2013/08/23,13700,1017
2013/08/26,13751,970
2013/08/27,13700,965
2013/08/28,13530,964
2013/08/29,13545,969
2013/08/30,13700,960
2013/09/02,13672,962
2013/09/03,13945,955
2013/09/04,13860,953
2013/09/05,14140,950
2013/09/06,14275,950
2013/09/09,13875,946
2013/09/10,13993,943
2013/09/11,14100,942
2013/09/12,14400,950
2013/09/13,14190,944
2013/09/16,14200,950
2013/09/17,14311,962
2013/09/18,14200,985
2013/09/19,14679,965
2013/09/20,14645,970
2013/09/23,14695,965
2013/09/25,14975,969
2013/09/26,14950,969
2013/09/27,14760,965
2013/09/30,14740,965
2013/10/01,14750,970
2013/10/02,14575,965
2013/10/03,14800,970
2013/10/04,14659,975
2013/10/07,14801,970
2013/10/08,14650,970
2013/10/09,14500,975
2013/10/10,14985,971
2013/10/11,15300,975
2013/10/14,15300,972
2013/10/15,15425,970
2013/10/16,15749,971
2013/10/17,15610,970
2013/10/18,15560,972
2013/10/21,15540,977
2013/10/22,15483,978
2013/10/23,15192,975
2013/10/24,15160,975
2013/10/25,15060,976
2013/10/28,15420,972
2013/10/29,15550,974
2013/10/30,15340,970
2013/10/31,15499,973
2013/11/01,15192,970
2013/11/04,15199,973
2013/11/05,15100,970
2013/11/06,15099,972
2013/11/07,14900,970
2013/11/08,14755,974
2013/11/11,14730,973
2013/11/12,14715,975
2013/11/13,14500,971
2013/11/14,14598,973
2013/11/15,14633,973
2013/11/18,13905,971
2013/11/19,13791,972
2013/11/20,13794,988
2013/11/21,13550,986
2013/11/22,13370,986
2013/11/25,13315,995
2013/11/26,13207,995
2013/11/27,13600,995
2013/11/28,13531,995
2013/11/29,13600,995
2013/12/02,13660,998
2013/12/03,13290,998
2013/12/04,13194,1005
2013/12/05,13223,1010
2013/12/06,13329,1011
2013/12/09,13199,1011
2013/12/10,13060,1013
2013/12/11,13015,1013
2013/12/12,12815,1015
2013/12/13,12849,1015
2013/12/17,12700,1017
2013/12/18,12650,1020
2013/12/19,12755,1025
2013/12/20,13290,1049
2013/12/23,13062,1050
2013/12/24,13185,1049
2013/12/27,13222,1050
2013/12/30,13442,1050
2013/12/31,13225,1037
2014/01/02,13385,1026
2014/01/03,13350,1030
2014/01/06,13031,1045
2014/01/07,13230,1056
2014/01/08,13157,1056
2014/01/09,13160,1050
2014/01/10,13200,1050
2014/01/13,13160,1050
2014/01/14,13000,1056
2014/01/15,13290,1055
2014/01/16,13285,1025
2014/01/17,12950,1020
2014/01/20,12900,1019
2014/01/21,13025,1000
2014/01/22,13304,1000
2014/01/23,13330,1000
2014/01/24,13323,1070
2014/01/27,13100,1030
2014/01/28,13086,1020
2014/01/29,12850,1008
2014/01/30,12500,980
2014/01/31,13000,1000
2014/02/03,12605,1035
2014/02/04,12500,1004
2014/02/05,12600,1005
2014/02/06,12400,1010
2014/02/07,12650,1000
2014/02/10,12406,1000
2014/02/11,12750,1000
2014/02/12,13162,1006
2014/02/13,12987,1010
2014/02/14,13030,1010
2014/02/17,13280,1020
2014/02/18,13411,1000
2014/02/19,13418,990
2014/02/20,13300,990
2014/02/21,13232,991
2014/02/24,13460,980
2014/02/25,13390,985
2014/02/26,13280,988
2014/02/27,13100,981
2014/02/28,13259,980
2014/03/03,13105,981
2014/03/04,13290,995
2014/03/05,13417,980
2014/03/06,13575,980
2014/03/07,13700,970
2014/03/10,13650,975
2014/03/11,13647,970
2014/03/12,13544,970
2014/03/13,13810,976
2014/03/14,13955,970
2014/03/17,14101,950
2014/03/18,14168,950
2014/03/19,14331,950
2014/03/20,14351,952
2014/03/24,14408,958
2014/03/25,14701,956
2014/03/26,15026,955
2014/03/27,14900,953
2014/03/28,15125,965
2014/03/31,14900,980
2014/04/01,14900,970
2014/04/02,15023,976
2014/04/03,15000,985
2014/04/04,15210,991
2014/04/07,15300,1002
2014/04/08,15528,1000
2014/04/09,15500,1003
2014/04/10,15500,1003
2014/04/11,15300,1006
2014/04/14,15130,1012
2014/04/15,14962,980
2014/04/16,15070,980
2014/04/17,15454,980
2014/04/22,15310,975
2014/04/23,15200,984
2014/04/24,15213,975
2014/04/25,15400,982
2014/04/29,15350,1010
2014/04/30,15400,1010
2014/05/02,15425,1005
2014/05/05,15200,990
2014/05/06,15199,995
2014/05/08,15300,1000
2014/05/09,15400,994
2014/05/12,15655,997
2014/05/13,15650,990
2014/05/14,15598,1000
2014/05/15,15500,1015
2014/05/16,15500,1015
2014/05/19,15500,1005
2014/05/20,15500,1000
2014/05/21,15595,976
2014/05/22,15646,976
2014/05/23,15850,992
2014/05/26,15754,993
2014/05/27,15540,998
2014/05/28,15600,1015
2014/05/29,15490,1019
2014/05/30,15410,1005
2014/06/02,15300,990
2014/06/03,15300,1000
2014/06/04,15450,990
2014/06/05,15800,990
2014/06/06,16021,991
2014/06/09,15875,991
2014/06/10,16269,991
2014/06/11,16440,992
2014/06/12,16155,1000
2014/06/13,16115,1000
2014/06/17,16052,989
2014/06/18,15740,984
2014/06/19,16000,982
2014/06/20,16051,980
2014/06/23,16200,980
2014/06/24,16150,990
2014/06/25,16035,990
2014/06/26,15920,980
2014/06/27,15890,988
2014/06/30,16150,990
2014/07/01,16300,985
2014/07/02,16150,1000
2014/07/03,16076,980
2014/07/04,15991,990
2014/07/07,16211,980
2014/07/08,16212,981
2014/07/09,16375,982
2014/07/10,16075,980
2014/07/11,16499,990
2014/07/14,16470,990
2014/07/15,16650,985
2014/07/16,16705,983
2014/07/17,16650,998
2014/07/18,16700,1005
2014/07/21,16615,1006
2014/07/22,16660,995
2014/07/23,16794,995
2014/07/24,16887,1000
2014/07/25,16900,995
2014/07/28,17120,995
2014/07/29,17230,995
2014/07/30,16910,1001
2014/07/31,16750,1015
2014/08/01,16757,1000
2014/08/04,16900,1010
2014/08/05,17000,1015
2014/08/06,16761,1000
2014/08/07,16788,1000
2014/08/08,16687,1015
2014/08/11,16980,1020
2014/08/12,17000,1015
2014/08/13,16810,1001
2014/08/14,16750,1015
2014/08/15,16658,1012
2014/08/18,16873,1015
2014/08/19,16860,1016
2014/08/20,16500,1030
2014/08/21,16747,1030
2014/08/22,16763,1030
2014/08/25,16821,1000
2014/08/26,17000,1000
2014/08/27,16900,979
2014/08/28,16850,985
2014/08/29,16658,1000
2014/09/01,16750,1014
2014/09/02,16830,1029
2014/09/03,17225,1010
2014/09/04,17700,989
2014/09/05,17550,985
2014/09/08,17200,985
2014/09/09,16650,975
2014/09/10,16550,975
2014/09/11,16453,985
2014/09/12,16345,985
2014/09/15,16253,975
2014/09/16,16352,1018
2014/09/17,16250,990
2014/09/18,16328,990
2014/09/19,16150,985
2014/09/22,15852,970
2014/09/23,15797,970
2014/09/25,15455,988
2014/09/26,15567,970
2014/09/29,15545,970
2014/09/30,15413,987
2014/10/01,15480,995
2014/10/02,15400,1000
2014/10/03,15479,1000
2014/10/06,15700,1000
2014/10/07,15722,988
2014/10/08,15600,960
2014/10/09,15700,960
2014/10/10,15450,965
2014/10/13,15691,955
2014/10/14,15855,935
2014/10/15,15500,930
2014/10/16,15381,934
2014/10/17,15469,935
2014/10/20,15652,948
2014/10/21,15950,930
2014/10/22,15875,938
2014/10/23,15901,930
2014/10/24,15950,931
2014/10/27,16211,925
2014/10/28,16410,932
2014/10/29,17100,940
2014/10/30,17100,938
2014/10/31,17416,935
2014/11/03,17537,940
2014/11/04,17272,935
2014/11/05,16884,936
2014/11/06,16890,937
2014/11/07,16900,937
2014/11/10,17310,937
2014/11/11,17500,937
2014/11/12,17501,940
2014/11/13,17728,940
2014/11/14,17630,941
2014/11/17,17599,940
2014/11/18,17799,940
2014/11/19,17900,941
2014/11/20,17609,941
2014/11/21,18150,942
2014/11/24,18282,942
2014/11/25,18100,941
2014/11/26,18068,950
2014/11/27,18039,949
2014/11/28,17840,946
2014/12/01,17505,941
2014/12/02,18000,941
2014/12/03,18175,941
2014/12/04,17751,941
2014/12/05,17950,950
2014/12/08,18150,944
2014/12/09,17850,941
2014/12/10,17723,942
2014/12/11,17200,940
2014/12/12,17313,940
2014/12/15,16954,941
2014/12/17,17011,950
2014/12/18,17800,955
2014/12/19,17739,980
2014/12/22,17769,961
2014/12/23,18126,980
2014/12/24,18000,966
2014/12/29,18273,972
2014/12/30,18093,985
2014/12/31,18200,975
2015/01/02,17989,975
2015/01/05,17375,942
2015/01/06,17828,940
2015/01/07,18200,940
2015/01/08,18670,941
2015/01/09,18169,955
2015/01/12,17800,906
2015/01/13,18475,917
2015/01/14,18117,940
2015/01/15,18171,960
2015/01/16,18075,960
2015/01/19,18118,950
2015/01/20,18074,928
2015/01/21,18210,930
2015/01/22,18590,931
2015/01/23,18863,945
2015/01/26,19122,947
2015/01/27,19701,950
2015/01/28,19950,951
2015/01/29,19750,951
2015/01/30,19891,950
2015/02/02,18995,965
2015/02/03,19289,975
2015/02/04,18733,965
2015/02/05,18560,970
2015/02/06,19198,965
2015/02/09,18923,955
2015/02/10,18794,960
2015/02/11,18722,970
2015/02/12,18700,965
2015/02/13,18600,957
2015/02/16,18500,955
2015/02/17,18551,965
2015/02/18,18938,940
2015/02/19,19190,910
2015/02/20,19000,910
2015/02/23,19002,890
2015/02/24,18970,899
2015/02/25,19464,950
2015/02/26,19470,940
2015/02/27,19273,935
2015/03/02,19050,935
2015/03/03,18425,962
2015/03/04,18700,935
2015/03/05,18612,935
2015/03/06,18227,930
2015/03/09,17791,932
2015/03/10,17490,932
2015/03/11,17380,930
2015/03/12,17600,915
2015/03/13,17400,915
2015/03/16,17895,905
2015/03/17,18032,880
2015/03/18,18110,876
2015/03/19,18423,876
2015/03/20,18000,875
2015/03/23,17907,875
2015/03/24,18655,866
2015/03/25,18355,850
2015/03/26,18340,850
2015/03/27,18300,880
2015/03/30,18540,870
2015/03/31,18500,855
2015/04/01,18993,861
2015/04/02,18967,864
2015/04/07,19100,846
2015/04/08,19450,880
2015/04/09,19170,860
2015/04/10,19120,865
2015/04/13,18450,880
2015/04/14,18501,880
2015/04/15,18311,885
2015/04/16,18450,890
2015/04/17,18470,890
2015/04/20,18501,885
2015/04/21,19050,895
2015/04/22,18956,890
2015/04/23,19075,890
2015/04/24,19000,890
2015/04/28,19200,880
2015/04/29,19099,882
2015/04/30,19058,890
2015/05/04,18761,880
2015/05/05,18930,880
2015/05/06,18800,870
2015/05/07,18408,875
2015/05/08,18622,875
2015/05/11,18300,875
2015/05/12,18290,880
2015/05/13,18100,882
2015/05/14,17851,880
2015/05/15,18580,899
2015/05/18,18675,900
2015/05/19,18509,885
2015/05/20,18410,880
2015/05/21,18250,890
2015/05/22,18210,890
2015/05/25,18276,882
2015/05/26,17854,889
2015/05/27,18249,900
2015/05/28,17825,904
2015/05/29,17573,905
2015/06/01,17775,905
2015/06/02,17870,912
2015/06/03,17670,920
2015/06/04,17605,923
2015/06/05,17721,923
2015/06/08,18000,937
2015/06/09,18000,945
2015/06/10,18158,948
2015/06/11,18348,950
2015/06/12,17962,962
2015/06/15,17727,965
2015/06/17,17496,983
2015/06/18,17707,976
2015/06/19,17384,975
2015/06/22,17794,975
2015/06/23,18026,975
2015/06/24,18000,975
2015/06/25,18200,980
2015/06/26,18079,975
2015/06/29,17734,975
2015/06/30,18298,956
2015/07/01,18119,960
2015/07/02,18208,951
2015/07/03,18280,952
2015/07/06,18277,962
2015/07/07,17886,950
2015/07/08,18200,935
2015/07/09,18550,940
2015/07/10,18859,942
2015/07/13,18843,970
2015/07/14,18825,950
2015/07/15,18690,951
2015/07/16,18762,955
2015/07/17,18737,945
2015/07/20,18920,945
2015/07/21,19153,965
2015/07/22,18823,951
2015/07/23,18969,955
2015/07/24,18734,934
2015/07/27,18813,925
2015/07/28,18690,909
2015/07/29,18328,905
2015/07/30,18430,909
2015/07/31,18619,925
2015/08/03,18436,927
2015/08/04,18955,965
2015/08/05,18843,945
2015/08/06,18433,939
2015/08/07,18500,925
2015/08/11,18500,915
2015/08/12,17938,910
2015/08/13,18100,915
2015/08/14,17893,918
2015/08/17,18034,915
2015/08/18,17848,912
2015/08/19,17630,915
2015/08/20,17410,921
2015/08/21,17372,926
2015/08/24,16922,880
2015/08/25,17457,880
2015/08/26,16930,880
2015/08/27,17271,865
2015/08/28,17441,879
2015/08/31,17376,875
2015/09/01,17023,870
2015/09/02,17275,865
2015/09/03,17600,900
2015/09/04,17498,885
2015/09/07,16600,868
2015/09/08,16901,868
2015/09/09,17100,870
2015/09/10,17001,870
2015/09/11,17041,871
2015/09/14,17150,870
2015/09/15,16950,871
2015/09/16,17310,885
2015/09/17,17675,884
2015/09/18,17700,880
2015/09/21,17300,875
2015/09/22,17232,870
2015/09/23,17160,880
2015/09/25,17128,880
2015/09/28,16705,898
2015/09/29,16900,900
2015/09/30,17020,900
2015/10/01,17262,950
2015/10/02,17350,900
2015/10/05,17842,910
2015/10/06,17785,910
2015/10/07,17900,920
2015/10/08,17500,895
2015/10/09,17700,885
2015/10/12,17500,880
2015/10/13,17377,880
2015/10/14,17331,880
2015/10/15,17267,875
2015/10/16,17418,865
2015/10/19,17833,860
2015/10/20,17666,860
2015/10/21,17460,864
2015/10/22,17410,864
2015/10/23,17758,870
2015/10/26,17890,875
2015/10/27,17640,865
2015/10/28,17945,862
2015/10/29,17712,857
2015/10/30,17760,860
2015/11/02,17776,860
2015/11/03,17691,855
2015/11/04,17953,869
2015/11/05,17925,865
2015/11/06,17583,852
2015/11/09,17499,860
2015/11/10,17200,865
2015/11/11,17000,855
2015/11/12,16577,855
2015/11/13,16310,855
2015/11/16,16400,860
2015/11/17,16803,850
2015/11/18,16392,850
2015/11/19,17091,840
2015/11/20,17289,845
2015/11/23,17014,841
