Date,Absa,RMB
2004/05/12,4450,1412
2004/05/13,4500,1460
2004/05/14,4320,1415
2004/05/17,4450,1450
2004/05/18,4349,1405
2004/05/19,4475,1482
2004/05/20,4580,1501
2004/05/21,4575,1513
2004/05/24,4470,1490
2004/05/25,4435,1508
2004/05/26,4502,1531
2004/05/27,4625,1587
2004/05/28,4700,1570
2004/05/31,4790,1590
2004/06/01,4780,1585
2004/06/02,4865,1605
2004/06/03,4859,1590
2004/06/04,4850,1592
2004/06/07,4960,1601
2004/06/08,5050,1600
2004/06/09,5040,1605
2004/06/10,5003,1586
2004/06/11,4870,1571
2004/06/14,4875,1614
2004/06/15,4860,1588
2004/06/17,4935,1600
2004/06/18,5045,1600
2004/06/21,4985,1600
2004/06/22,5000,1590
2004/06/23,4930,1589
2004/06/24,4955,1631
2004/06/25,5035,1590
2004/06/28,5030,1587
2004/06/29,5045,1600
2004/06/30,5100,1615
2004/07/01,5025,1611
2004/07/02,5010,1600
2004/07/05,5040,1610
2004/07/06,5067,1605
2004/07/07,5000,1610
2004/07/08,4950,1601
2004/07/09,4960,1600
2004/07/12,4973,1595
2004/07/13,5020,1625
2004/07/14,5130,1641
2004/07/15,5200,1656
2004/07/16,5130,1590
2004/07/19,5101,1570
2004/07/20,5090,1570
2004/07/21,5161,1610
2004/07/22,5165,1573
2004/07/23,5180,1590
2004/07/26,5180,1605
2004/07/27,5215,1610
2004/07/28,5212,1600
2004/07/29,5110,1580
2004/07/30,5107,1609
2004/08/02,5108,1599
2004/08/03,5060,1598
2004/08/04,5141,1590
2004/08/05,5080,1565
2004/08/06,5000,1549
2004/08/10,5045,1540
2004/08/11,5055,1525
2004/08/12,5220,1530
2004/08/13,5075,1530
2004/08/16,5150,1530
2004/08/17,5140,1515
2004/08/18,5165,1512
2004/08/19,5150,1509
2004/08/20,5150,1539
2004/08/23,5250,1580
2004/08/24,5258,1598
2004/08/25,5270,1600
2004/08/26,5350,1600
2004/08/27,5480,1620
2004/08/30,5480,1618
2004/08/31,5510,1615
2004/09/01,5601,1635
2004/09/02,5700,1665
2004/09/03,5830,1660
2004/09/06,5755,1650
2004/09/07,5676,1670
2004/09/08,5650,1679
2004/09/09,5820,1708
2004/09/10,5830,1699
2004/09/13,5850,1705
2004/09/14,5835,1708
2004/09/15,5725,1715
2004/09/16,5860,1735
2004/09/17,6044,1770
2004/09/20,6100,1810
2004/09/21,6125,1841
2004/09/22,6050,1810
2004/09/23,6275,1800
2004/09/27,6290,1815
2004/09/28,6298,1816
2004/09/29,6410,1897
2004/09/30,6510,1879
2004/10/01,6450,1880
2004/10/04,6380,1875
2004/10/05,6325,1845
2004/10/06,6355,1865
2004/10/07,6390,1840
2004/10/08,6340,1795
2004/10/11,6400,1820
2004/10/12,6400,1802
2004/10/13,6498,1815
2004/10/14,6450,1820
2004/10/15,6500,1850
2004/10/18,6500,1813
2004/10/19,6515,1845
2004/10/20,6580,1800
2004/10/21,6550,1850
2004/10/22,6505,1865
2004/10/25,6455,1789
2004/10/26,6511,1865
2004/10/27,6540,1867
2004/10/28,6600,1851
2004/10/29,6700,1880
2004/11/01,6860,1948
2004/11/02,6730,1930
2004/11/03,6700,1920
2004/11/04,6670,1945
2004/11/05,6790,1983
2004/11/08,6835,2020
2004/11/09,6870,1980
2004/11/10,6750,1950
2004/11/11,6680,1980
2004/11/12,6635,1980
2004/11/15,6700,1975
2004/11/16,6732,1975
2004/11/17,6930,1975
2004/11/18,6940,1981
2004/11/19,6960,1975
2004/11/22,6870,1965
2004/11/23,6870,1951
2004/11/24,6900,2000
2004/11/25,7102,2125
2004/11/26,7240,2100
2004/11/29,7200,2120
2004/11/30,7035,2100
2004/12/01,7040,2105
2004/12/02,7200,2165
2004/12/03,7225,2169
2004/12/06,7200,2150
2004/12/07,7220,2135
2004/12/08,7052,2105
2004/12/09,7120,2100
2004/12/10,7225,2100
2004/12/13,7275,2151
2004/12/14,7276,2160
2004/12/15,7340,2150
2004/12/17,7432,2190
2004/12/20,7440,2190
2004/12/21,7405,2185
2004/12/22,7420,2190
2004/12/23,7470,2190
2004/12/24,7480,2185
2004/12/28,7480,2185
2004/12/29,7562,2185
2004/12/30,7655,2190
2004/12/31,7599,2176
2005/01/03,7685,2210
2005/01/04,7529,2200
2005/01/05,7350,2200
2005/01/06,7169,2130
2005/01/07,7180,2120
2005/01/10,7267,2140
2005/01/11,7260,2120
2005/01/12,7190,2125
2005/01/13,7138,2125
2005/01/14,7199,2105
2005/01/17,7280,2091
2005/01/18,7125,2049
2005/01/19,7200,2050
2005/01/20,7201,2021
2005/01/21,7250,2060
2005/01/24,7210,2050
2005/01/25,7280,2040
2005/01/26,7520,2055
2005/01/27,7600,2095
2005/01/28,7616,2110
2005/01/31,7639,2150
2005/02/01,7572,2149
2005/02/02,7460,2120
2005/02/03,7449,2129
2005/02/04,7390,2125
2005/02/07,7270,2090
2005/02/08,7200,2050
2005/02/09,7430,2120
2005/02/10,7560,2150
2005/02/11,7515,2135
2005/02/14,7540,2115
2005/02/15,7521,2150
2005/02/16,7430,2160
2005/02/17,7500,2205
2005/02/18,7645,2181
2005/02/21,7835,2200
2005/02/22,7800,2200
2005/02/23,7840,2200
2005/02/24,7900,2180
2005/02/25,7900,2229
2005/02/28,7949,2175
2005/03/01,8070,2160
2005/03/02,7940,2165
2005/03/03,7921,2160
2005/03/04,7920,2210
2005/03/07,8040,2215
2005/03/08,8100,2215
2005/03/09,8150,2240
2005/03/10,8000,2215
2005/03/11,7950,2220
2005/03/14,7891,2239
2005/03/15,7750,2219
2005/03/16,7699,2160
2005/03/17,7750,2133
2005/03/18,7780,2116
2005/03/22,7625,2145
2005/03/23,7600,2076
2005/03/24,7510,2080
2005/03/29,7450,2075
2005/03/30,7400,2087
2005/03/31,7540,2143
2005/04/01,7650,2200
2005/04/04,7705,2173
2005/04/05,7640,2094
2005/04/06,7555,2106
2005/04/07,7550,2075
2005/04/08,7550,2118
2005/04/11,7550,2101
2005/04/12,7600,2070
2005/04/13,7475,2058
2005/04/14,7550,2107
2005/04/15,7820,2117
2005/04/18,7700,2135
2005/04/19,7755,2106
2005/04/20,7651,2100
2005/04/21,7778,2100
2005/04/22,7601,2079
2005/04/25,7660,2055
2005/04/26,7820,2130
2005/04/28,7830,2095
2005/04/29,7780,2065
2005/05/03,7770,2087
2005/05/04,7815,2135
2005/05/05,7950,2179
2005/05/06,8000,2205
2005/05/09,8250,2270
2005/05/10,8250,2250
2005/05/11,8260,2269
2005/05/12,8290,2200
2005/05/13,8275,2201
2005/05/16,8300,2230
2005/05/17,8300,2200
2005/05/18,8251,2220
2005/05/19,8250,2220
2005/05/20,8256,2205
2005/05/23,8285,2211
2005/05/24,8240,2209
2005/05/25,8230,2260
2005/05/26,8200,2245
2005/05/27,8175,2240
2005/05/30,8220,2218
2005/05/31,8244,2155
2005/06/01,8240,2168
2005/06/02,8250,2165
2005/06/03,8261,2225
2005/06/06,8290,2279
2005/06/07,8345,2325
2005/06/08,8300,2311
2005/06/09,8300,2318
2005/06/10,8275,2313
2005/06/13,8290,2299
2005/06/14,8310,2227
2005/06/15,8338,2299
2005/06/17,8340,2281
2005/06/20,8155,2299
2005/06/21,8175,2297
2005/06/22,8170,2300
2005/06/23,8229,2289
2005/06/24,8190,2235
2005/06/27,8187,2215
2005/06/28,8203,2235
2005/06/29,8260,2248
2005/06/30,8248,2225
2005/07/01,8251,2202
2005/07/04,8250,2202
2005/07/05,8250,2225
2005/07/06,8245,2213
2005/07/07,8255,2195
2005/07/08,8254,2245
2005/07/11,8251,2255
2005/07/12,8300,2345
2005/07/13,8420,2400
2005/07/14,8761,2470
2005/07/15,8595,2390
2005/07/18,8700,2459
2005/07/19,8970,2520
2005/07/20,9100,2480
2005/07/21,9050,2490
2005/07/22,9050,2520
2005/07/25,9225,2510
2005/07/26,9299,2500
2005/07/27,9375,2530
2005/07/28,9400,2550
2005/07/29,9155,2505
2005/08/01,9316,2525
2005/08/02,9360,2579
2005/08/03,9370,2570
2005/08/04,9475,2535
2005/08/05,9571,2557
2005/08/08,10000,2600
2005/08/10,9915,2699
2005/08/11,9850,2650
2005/08/12,9701,2630
2005/08/15,9530,2563
2005/08/16,9275,2600
2005/08/17,9199,2514
2005/08/18,9180,2486
2005/08/19,9369,2514
2005/08/22,9496,2549
2005/08/23,9500,2551
2005/08/24,9485,2503
2005/08/25,9460,2485
2005/08/26,9512,2420
2005/08/29,9474,2444
2005/08/30,9300,2406
2005/08/31,9210,2405
2005/09/01,9245,2480
2005/09/02,9480,2574
2005/09/05,9700,2558
2005/09/06,9725,2575
2005/09/07,9825,2649
2005/09/08,9800,2615
2005/09/09,9660,2590
2005/09/12,9640,2620
2005/09/13,9480,2650
2005/09/14,9450,2630
2005/09/15,9325,2665
2005/09/16,9205,2636
2005/09/19,9140,2590
2005/09/20,9200,2630
2005/09/21,9200,2620
2005/09/22,9041,2580
2005/09/23,9000,2540
2005/09/26,9240,2619
2005/09/27,9220,2615
2005/09/28,9270,2600
2005/09/29,9425,2619
2005/09/30,9380,2620
2005/10/03,9100,2570
2005/10/04,8985,2540
2005/10/05,9120,2539
2005/10/06,8950,2465
2005/10/07,8900,2456
2005/10/10,8745,2475
2005/10/11,8840,2532
2005/10/12,8835,2528
2005/10/13,8650,2436
2005/10/14,8465,2430
2005/10/17,8770,2434
2005/10/18,8720,2386
2005/10/19,8525,2333
2005/10/20,8570,2449
2005/10/21,8500,2405
2005/10/24,8614,2510
2005/10/25,8640,2492
2005/10/26,8799,2535
2005/10/27,8600,2474
2005/10/28,8800,2500
2005/10/31,8900,2420
2005/11/01,8888,2440
2005/11/02,8915,2480
2005/11/03,9020,2536
2005/11/04,9026,2450
2005/11/07,9230,2460
2005/11/08,9000,2390
2005/11/09,8925,2420
2005/11/10,9000,2507
2005/11/11,9000,2506
2005/11/14,9120,2624
2005/11/15,9085,2545
2005/11/16,8920,2539
2005/11/17,8950,2524
2005/11/18,8930,2475
2005/11/21,8880,2475
2005/11/22,8900,2410
2005/11/23,9227,2436
2005/11/24,9318,2500
2005/11/25,9330,2453
2005/11/28,9300,2425
2005/11/29,9200,2410
2005/11/30,9180,2400
2005/12/01,9050,2401
2005/12/02,8900,2475
2005/12/05,9036,2475
2005/12/06,9285,2550
2005/12/07,9718,2655
2005/12/08,9625,2640
2005/12/09,9810,2620
2005/12/12,10000,2630
2005/12/13,9930,2650
2005/12/14,9950,2588
2005/12/15,9970,2720
2005/12/19,9900,2686
2005/12/20,9780,2770
2005/12/21,9900,2850
2005/12/22,10195,2851
2005/12/23,10170,2885
2005/12/27,10320,2925
2005/12/28,10130,2832
2005/12/29,10010,2875
2005/12/30,10100,2790
2006/01/03,10340,2825
2006/01/04,10346,2780
2006/01/05,10240,2736
2006/01/06,10501,2910
2006/01/09,10576,2889
2006/01/10,10655,2882
2006/01/11,11146,2950
2006/01/12,11140,2890
2006/01/13,11370,2900
2006/01/16,11205,2814
2006/01/17,10900,2746
2006/01/18,10770,2740
2006/01/19,11375,2900
2006/01/20,11270,2925
2006/01/23,11180,2906
2006/01/24,11200,2957
2006/01/25,11300,2935
2006/01/26,11252,2863
2006/01/27,11159,2844
2006/01/30,11059,2820
2006/01/31,11190,2850
2006/02/01,11410,2935
2006/02/02,11370,2963
2006/02/03,10900,2855
2006/02/06,10900,2936
2006/02/07,10875,2896
2006/02/08,10799,2825
2006/02/09,11000,2855
2006/02/10,11200,2850
2006/02/13,10820,2805
2006/02/14,10799,2710
2006/02/15,10985,2746
2006/02/16,11372,2870
2006/02/17,11851,3025
2006/02/20,11800,3000
2006/02/21,11800,3046
2006/02/22,11860,3089
2006/02/23,12099,3120
2006/02/24,11876,2960
2006/02/27,11940,3000
2006/02/28,11487,2800
2006/03/02,11460,2945
2006/03/03,11375,2850
2006/03/06,11350,2883
2006/03/07,11125,2701
2006/03/08,11270,2779
2006/03/09,11450,2900
2006/03/10,11450,2859
2006/03/13,11350,2899
2006/03/14,11365,2900
2006/03/15,11611,3000
2006/03/16,11625,3020
2006/03/17,11847,3000
2006/03/20,11860,3015
2006/03/22,11800,3049
2006/03/23,11900,3080
2006/03/24,11920,3050
2006/03/27,11900,3076
2006/03/28,11575,3009
2006/03/29,11475,3001
2006/03/30,11750,3020
2006/03/31,11600,2915
2006/04/03,11750,2941
2006/04/04,11500,2948
2006/04/05,11600,2967
2006/04/06,11725,2860
2006/04/07,11760,2950
2006/04/10,11901,2920
2006/04/11,12139,2975
2006/04/12,12125,2895
2006/04/13,12070,2900
2006/04/18,12250,2915
2006/04/19,12300,2960
2006/04/20,12400,2959
2006/04/21,12100,2944
2006/04/24,11949,2905
2006/04/25,11950,2890
2006/04/26,11911,2831
2006/04/28,11870,2900
2006/05/02,11821,2860
2006/05/03,11685,2838
2006/05/04,11876,2841
2006/05/05,11900,2871
2006/05/08,11825,2839
2006/05/09,11880,2870
2006/05/10,11890,2871
2006/05/11,11800,2840
2006/05/12,11680,2760
2006/05/15,11100,2650
2006/05/16,11225,2685
2006/05/17,11300,2680
2006/05/18,11075,2636
2006/05/19,11150,2600
2006/05/22,10733,2535
2006/05/23,11499,2650
2006/05/24,11194,2600
2006/05/25,11000,2645
2006/05/26,11200,2695
2006/05/29,11231,2735
2006/05/30,10902,2615
2006/05/31,11100,2660
2006/06/01,11100,2650
2006/06/02,11500,2769
2006/06/05,11225,2750
2006/06/06,10760,2600
2006/06/07,10330,2570
2006/06/08,9601,2360
2006/06/09,10600,2584
2006/06/12,10525,2502
2006/06/13,10508,2539
2006/06/14,10500,2602
2006/06/15,11000,2710
2006/06/19,11000,2650
2006/06/20,10800,2689
2006/06/21,10400,2613
2006/06/22,10000,2615
2006/06/23,9699,2471
2006/06/26,9100,2282
2006/06/27,9500,2360
2006/06/28,9375,2400
2006/06/29,9676,2430
2006/06/30,10030,2470
2006/07/03,10584,2600
2006/07/04,10590,2600
2006/07/05,10244,2533
2006/07/06,10100,2524
2006/07/07,10264,2532
2006/07/10,10400,2580
2006/07/11,10375,2520
2006/07/12,10558,2545
2006/07/13,10260,2470
2006/07/14,10020,2425
2006/07/17,9650,2399
2006/07/18,9650,2365
2006/07/19,9800,2500
2006/07/20,9800,2445
2006/07/21,9701,2430
2006/07/24,9759,2448
2006/07/25,9830,2450
2006/07/26,10000,2453
2006/07/27,10290,2565
2006/07/28,10301,2490
2006/07/31,10252,2545
2006/08/01,10070,2433
2006/08/02,10021,2430
2006/08/03,9720,2406
2006/08/04,9751,2455
2006/08/07,9600,2396
2006/08/08,9705,2445
2006/08/10,9691,2399
2006/08/11,9725,2406
2006/08/14,9720,2434
2006/08/15,9749,2443
2006/08/16,9800,2450
2006/08/17,9801,2556
2006/08/18,9800,2530
2006/08/21,9795,2545
2006/08/22,9895,2610
2006/08/23,9975,2630
2006/08/24,9820,2633
2006/08/25,9850,2601
2006/08/28,9720,2636
2006/08/29,9975,2670
2006/08/30,10355,2719
2006/08/31,10321,2716
2006/09/01,10405,2715
2006/09/04,10600,2780
2006/09/05,10535,2770
2006/09/06,10350,2737
2006/09/07,9950,2700
2006/09/08,9830,2687
2006/09/11,9505,2620
2006/09/12,9650,2635
2006/09/13,9850,2691
2006/09/14,9860,2649
2006/09/15,9780,2700
2006/09/18,9945,2812
2006/09/19,10050,2780
2006/09/20,10180,2760
2006/09/21,10300,2800
2006/09/22,9975,2759
2006/09/26,9965,2790
2006/09/27,9850,2712
2006/09/28,9950,2710
2006/09/29,9950,2700
2006/10/02,9680,2677
2006/10/03,9718,2660
2006/10/04,9690,2691
2006/10/05,9839,2773
2006/10/06,9870,2756
2006/10/09,9840,2755
2006/10/10,9830,2745
2006/10/11,9680,2750
2006/10/12,10059,2798
2006/10/13,10285,2850
2006/10/16,10601,2860
2006/10/17,10405,2810
2006/10/18,10481,2850
2006/10/19,10670,2850
2006/10/20,10650,2838
2006/10/23,10655,2790
2006/10/24,10780,2830
2006/10/25,10760,2780
2006/10/26,10650,2750
2006/10/27,10780,2775
2006/10/30,10830,2758
2006/10/31,11399,2899
2006/11/01,11520,2905
2006/11/02,11450,2890
2006/11/03,11325,2920
2006/11/06,11255,2950
2006/11/07,11378,2985
2006/11/08,11370,3020
2006/11/09,11195,3000
2006/11/10,11026,2985
2006/11/13,11250,3002
2006/11/14,11295,2960
2006/11/15,11185,2950
2006/11/16,11250,2935
2006/11/17,11230,2920
2006/11/20,11355,2930
2006/11/21,11681,2983
2006/11/22,11800,3050
2006/11/23,11980,3080
2006/11/24,12000,3042
2006/11/27,12000,3001
2006/11/28,11705,3000
2006/11/29,11599,3060
2006/11/30,11270,3030
2006/12/01,11490,3018
2006/12/04,11480,3020
2006/12/05,11405,3019
2006/12/06,11370,2985
2006/12/07,11304,2990
2006/12/08,11370,2966
2006/12/11,11450,2959
2006/12/12,11475,2940
2006/12/13,11750,3000
2006/12/14,11750,3050
2006/12/15,11830,3095
2006/12/18,11875,3136
2006/12/19,11900,3130
2006/12/20,12150,3243
2006/12/21,12400,3385
2006/12/22,12401,3382
2006/12/27,12615,3420
2006/12/28,12505,3380
2006/12/29,12510,3340
2007/01/02,12700,3379
2007/01/03,12600,3260
2007/01/04,12286,3176
2007/01/05,12370,3289
2007/01/09,12550,3380
2007/01/10,12439,3355
2007/01/11,12400,3362
2007/01/12,12550,3380
2007/01/15,13000,3500
2007/01/16,13310,3520
2007/01/17,13200,3523
2007/01/18,13505,3600
2007/01/19,13440,3520
2007/01/22,13756,3590
2007/01/23,13570,3520
2007/01/24,13450,3520
2007/01/25,13355,3400
2007/01/26,13275,3420
2007/01/29,13175,3342
2007/01/30,13500,3400
2007/01/31,13245,3350
2007/02/01,13590,3440
2007/02/02,13600,3450
2007/02/05,13300,3390
2007/02/06,13565,3427
2007/02/07,13360,3350
2007/02/08,13250,3300
2007/02/09,13140,3344
2007/02/12,13050,3330
2007/02/13,12990,3330
2007/02/14,12900,3291
2007/02/15,13250,3400
2007/02/16,13450,3500
2007/02/19,13597,3464
2007/02/20,13820,3450
2007/02/21,13802,3400
2007/02/22,13960,3541
2007/02/23,14060,3550
2007/02/26,14300,3562
2007/02/27,13820,3355
2007/02/28,13706,3427
2007/03/01,13450,3300
2007/03/02,13361,3330
2007/03/05,12902,3175
2007/03/06,13060,3220
2007/03/07,13150,3235
2007/03/08,13480,3396
2007/03/09,13870,3475
2007/03/12,13555,3490
2007/03/13,13350,3370
2007/03/14,13050,3250
2007/03/15,12980,3280
2007/03/16,12900,3200
2007/03/19,13040,3216
2007/03/20,13300,3300
2007/03/22,13645,3440
2007/03/23,13900,3484
2007/03/26,13950,3345
2007/03/27,14000,3360
2007/03/28,13775,3315
2007/03/29,13975,3470
2007/03/30,13951,3599
2007/04/02,14099,3533
2007/04/03,14120,3720
2007/04/04,14069,3580
2007/04/05,13995,3585
2007/04/10,14000,3620
2007/04/11,13640,3550
2007/04/12,13951,3581
2007/04/13,14165,3700
2007/04/16,14250,3698
2007/04/17,14470,3730
2007/04/18,14400,3768
2007/04/19,14700,3721
2007/04/20,14750,3810
2007/04/23,14830,3725
2007/04/24,14795,3757
2007/04/25,14799,3770
2007/04/26,14800,3700
2007/04/30,14580,3758
2007/05/02,14594,3705
2007/05/03,14350,3670
2007/05/04,14250,3610
2007/05/07,14250,3623
2007/05/08,13855,3575
2007/05/09,13974,3585
2007/05/10,14081,3650
2007/05/11,14000,3597
2007/05/14,14040,3550
2007/05/15,13901,3520
2007/05/16,13700,3485
2007/05/17,13500,3451
2007/05/18,13590,3484
2007/05/21,13770,3484
2007/05/22,13949,3500
2007/05/23,14300,3645
2007/05/24,14100,3621
2007/05/25,13950,3590
2007/05/28,13840,3520
2007/05/29,14000,3499
2007/05/30,13610,3441
2007/05/31,13510,3465
2007/06/01,13700,3420
2007/06/04,13600,3360
2007/06/05,13550,3400
2007/06/06,13400,3356
2007/06/07,13625,3379
2007/06/08,13400,3328
2007/06/11,13615,3410
2007/06/12,13467,3350
2007/06/13,13525,3385
2007/06/14,13800,3470
2007/06/15,13890,3550
2007/06/18,13910,3459
2007/06/19,13900,3460
2007/06/20,13800,3450
2007/06/21,13400,3428
2007/06/22,13278,3400
2007/06/25,13090,3406
2007/06/26,13025,3305
2007/06/27,12901,3266
2007/06/28,13100,3300
2007/06/29,13150,3286
2007/07/02,13160,3320
2007/07/03,13225,3320
2007/07/04,13000,3250
2007/07/05,13000,3230
2007/07/06,13250,3300
2007/07/09,13750,3440
2007/07/10,14050,3550
2007/07/11,13903,3550
2007/07/12,13802,3466
2007/07/13,13600,3460
2007/07/16,13500,3495
2007/07/17,13300,3499
2007/07/18,13130,3484
2007/07/19,13164,3450
2007/07/20,13303,3445
2007/07/23,13685,3511
2007/07/24,13800,3581
2007/07/25,13500,3512
2007/07/26,13520,3460
2007/07/27,13290,3384
2007/07/30,13400,3399
2007/07/31,13700,3400
2007/08/01,13300,3350
2007/08/02,13100,3399
2007/08/03,13148,3271
2007/08/06,13200,3290
2007/08/07,13500,3311
2007/08/08,14150,3440
2007/08/10,13306,3356
2007/08/13,13911,3382
2007/08/14,13250,3255
2007/08/15,13020,3310
2007/08/16,12398,3262
2007/08/17,12250,3115
2007/08/20,12775,3200
2007/08/21,12525,3180
2007/08/22,13091,3230
2007/08/23,13190,3275
2007/08/24,13031,3288
2007/08/27,13290,3345
2007/08/28,12864,3295
2007/08/29,12701,3350
2007/08/30,12648,3392
2007/08/31,13020,3455
2007/09/03,13270,3510
2007/09/04,13235,3470
2007/09/05,12850,3413
2007/09/06,12745,3400
2007/09/07,12500,3292
2007/09/10,12600,3379
2007/09/11,12700,3465
2007/09/12,12599,3344
2007/09/13,12500,3381
2007/09/14,12460,3357
2007/09/17,12610,3335
2007/09/18,12587,3270
2007/09/19,12701,3331
2007/09/20,12550,3345
2007/09/21,12225,3270
2007/09/25,12069,3200
2007/09/26,12180,3280
2007/09/27,12550,3351
2007/09/28,12500,3337
2007/10/01,12250,3303
2007/10/02,12900,3411
2007/10/03,13280,3580
2007/10/04,13449,3615
2007/10/05,13580,3615
2007/10/08,13299,3600
2007/10/09,13300,3601
2007/10/10,13350,3610
2007/10/11,13200,3700
2007/10/12,12875,3622
2007/10/15,13029,3486
2007/10/16,12950,3495
2007/10/17,13200,3579
2007/10/18,12701,3531
2007/10/19,12645,3503
2007/10/22,12525,3480
2007/10/23,12574,3471
2007/10/24,12570,3541
2007/10/25,13110,3670
2007/10/26,13490,3800
2007/10/29,13445,3840
2007/10/30,13400,3840
2007/10/31,13000,3800
2007/11/01,13200,3750
2007/11/02,13299,3700
2007/11/05,13690,3700
2007/11/06,13910,3810
2007/11/07,13600,3705
2007/11/08,13750,3750
2007/11/09,13600,3765
2007/11/12,13600,3745
2007/11/13,13550,3760
2007/11/14,13580,3800
2007/11/15,13250,3726
2007/11/16,13100,3700
2007/11/19,13049,3618
2007/11/20,12920,3600
2007/11/21,12800,3520
2007/11/22,12800,3619
2007/11/23,12750,3550
2007/11/26,12500,3400
2007/11/27,12210,3290
2007/11/28,12175,3315
2007/11/29,12420,3320
2007/11/30,12750,3400
2007/12/03,12320,3318
2007/12/04,11955,3245
2007/12/05,12025,3315
2007/12/06,12000,3320
2007/12/07,12000,3300
2007/12/10,11910,3265
2007/12/11,11770,3290
2007/12/12,11650,3290
2007/12/13,11400,3200
2007/12/14,11100,3043
2007/12/18,11101,3002
2007/12/19,10832,2970
2007/12/20,11000,3080
2007/12/21,11150,3007
2007/12/24,10955,3049
2007/12/27,11210,3100
2007/12/28,11210,3110
2007/12/31,11100,2960
2008/01/02,11100,3031
2008/01/03,10900,3006
2008/01/04,10780,2976
2008/01/07,10601,2933
2008/01/08,10810,2970
2008/01/09,10709,2901
2008/01/10,10578,2821
2008/01/11,10400,2810
2008/01/14,10698,2820
2008/01/15,10550,2790
2008/01/16,10560,2775
2008/01/17,10622,2795
2008/01/18,10301,2750
2008/01/21,9950,2685
2008/01/22,9975,2700
2008/01/23,10070,2699
2008/01/24,10560,2849
2008/01/25,10200,2725
2008/01/28,10099,2641
2008/01/29,10280,2660
2008/01/30,10280,2733
2008/01/31,10080,2600
2008/02/01,10500,2840
2008/02/04,10649,2780
2008/02/05,10134,2600
2008/02/06,10050,2628
2008/02/07,9780,2574
2008/02/08,9800,2580
2008/02/11,9706,2540
2008/02/12,10300,2600
2008/02/13,10350,2660
2008/02/14,10701,2670
2008/02/15,10250,2575
2008/02/18,10450,2665
2008/02/19,10990,2780
2008/02/20,11050,2750
2008/02/21,11080,2770
2008/02/22,10870,2800
2008/02/25,11125,2800
2008/02/26,11999,3000
2008/02/27,11690,2900
2008/02/28,11350,2830
2008/02/29,11200,2800
2008/03/03,10799,2786
2008/03/04,10690,2702
2008/03/05,10750,2575
2008/03/06,10701,2663
2008/03/07,10410,2560
2008/03/10,10100,2530
2008/03/11,10479,2656
2008/03/12,10301,2612
2008/03/13,10050,2597
2008/03/14,10035,2580
2008/03/17,9549,2441
2008/03/18,9989,2537
2008/03/19,9955,2580
2008/03/20,9902,2455
2008/03/25,10412,2580
2008/03/26,10555,2570
2008/03/27,10620,2590
2008/03/28,10314,2550
2008/03/31,10151,2450
2008/04/01,10250,2500
2008/04/02,10530,2650
2008/04/03,10520,2680
2008/04/04,10600,2667
2008/04/07,10975,2710
2008/04/08,10860,2725
2008/04/09,10850,2702
2008/04/10,10400,2650
2008/04/11,10200,2600
2008/04/14,9851,2555
2008/04/15,10010,2610
2008/04/16,9930,2581
2008/04/17,10030,2542
2008/04/18,10190,2575
2008/04/21,10200,2599
2008/04/22,10145,2550
2008/04/23,10050,2562
2008/04/24,9640,2500
2008/04/25,9551,2435
2008/04/29,9555,2461
2008/04/30,9500,2488
2008/05/05,9499,2455
2008/05/06,9305,2450
2008/05/07,9300,2446
2008/05/08,9328,2470
2008/05/09,9201,2495
2008/05/12,9090,2485
2008/05/13,9300,2481
2008/05/14,9250,2480
2008/05/15,9220,2530
2008/05/16,9004,2510
2008/05/19,9151,2451
2008/05/20,9184,2445
2008/05/21,9091,2420
2008/05/22,9050,2400
2008/05/23,8940,2385
2008/05/26,8850,2410
2008/05/27,8820,2400
2008/05/28,8599,2376
2008/05/29,8398,2320
2008/05/30,8550,2372
2008/06/02,8499,2340
2008/06/03,8390,2308
2008/06/04,8670,2380
2008/06/05,8975,2382
2008/06/06,8855,2345
2008/06/09,8730,2280
2008/06/10,8360,2251
2008/06/11,8410,2200
2008/06/12,8670,2215
2008/06/13,8235,2170
2008/06/17,8250,2140
2008/06/18,8300,2125
2008/06/19,8480,2134
2008/06/20,8438,2140
2008/06/23,8150,2092
2008/06/24,7900,2076
2008/06/25,8021,2105
2008/06/26,8100,2100
2008/06/27,8399,2158
2008/06/30,8201,2100
2008/07/01,8125,2119
2008/07/02,8150,2092
2008/07/03,8110,2042
2008/07/04,8150,2071
2008/07/07,8600,2110
2008/07/08,8655,2146
2008/07/09,8800,2220
2008/07/10,8600,2211
2008/07/11,8350,2205
2008/07/14,8300,2193
2008/07/15,8220,2179
2008/07/16,9025,2348
2008/07/17,9400,2485
2008/07/18,9200,2401
2008/07/21,9000,2315
2008/07/22,9185,2245
2008/07/23,9600,2375
2008/07/24,9975,2489
2008/07/25,9820,2380
2008/07/28,9910,2424
2008/07/29,10025,2520
2008/07/30,10325,2618
2008/07/31,10225,2600
2008/08/01,10000,2475
2008/08/04,10190,2476
2008/08/05,10200,2460
2008/08/06,10175,2410
2008/08/07,10063,2432
2008/08/08,10000,2420
2008/08/11,10401,2428
2008/08/12,10700,2400
2008/08/13,10974,2400
2008/08/14,11049,2410
2008/08/15,10990,2496
2008/08/18,10970,2463
2008/08/19,10730,2399
2008/08/20,10200,2418
2008/08/21,10300,2365
2008/08/22,10660,2415
2008/08/25,10275,2450
2008/08/26,10268,2445
2008/08/27,10590,2515
2008/08/28,10920,2670
2008/08/29,10889,2617
2008/09/01,10900,2562
2008/09/02,10870,2560
2008/09/03,11000,2558
2008/09/04,11033,2550
2008/09/05,10794,2540
2008/09/08,11300,2700
2008/09/09,11450,2695
2008/09/10,11301,2700
2008/09/11,10780,2600
2008/09/12,11100,2600
2008/09/15,10675,2530
2008/09/16,10499,2520
2008/09/17,10300,2360
2008/09/18,10249,2350
2008/09/19,10920,2600
2008/09/22,11400,2705
2008/09/23,10850,2585
2008/09/25,10960,2640
2008/09/26,10900,2620
2008/09/29,10400,2471
2008/09/30,10800,2600
2008/10/01,10810,2480
2008/10/02,10700,2480
2008/10/03,10700,2579
2008/10/06,9995,2287
2008/10/07,10050,2400
2008/10/08,9675,2261
2008/10/09,9750,2265
2008/10/10,9201,2299
2008/10/13,9930,2300
2008/10/14,10380,2445
2008/10/15,10362,2300
2008/10/16,9560,2225
2008/10/17,9120,2131
2008/10/20,9400,2100
2008/10/21,9025,2060
2008/10/22,8299,1900
2008/10/23,8180,1850
2008/10/24,8600,1990
2008/10/27,8600,1900
2008/10/28,8950,1985
2008/10/29,9300,2010
2008/10/30,9900,2150
2008/10/31,10100,2269
2008/11/03,9950,2290
2008/11/04,10010,2233
2008/11/05,9505,2268
2008/11/06,9599,2175
2008/11/07,9550,2228
2008/11/10,9710,2280
2008/11/11,9249,2210
2008/11/12,9245,2265
2008/11/13,9200,2246
2008/11/14,9110,2300
2008/11/17,9000,2210
2008/11/18,9500,2180
2008/11/19,10100,2220
2008/11/20,9500,2294
2008/11/21,9400,2210
2008/11/24,9802,2250
2008/11/25,10415,2400
2008/11/26,10420,2490
2008/11/27,10500,2550
2008/11/28,10350,2669
2008/12/01,10490,2510
2008/12/02,9850,2345
2008/12/03,9880,2230
2008/12/04,10320,2420
2008/12/05,10600,2498
2008/12/08,10950,2630
2008/12/09,11150,2630
2008/12/10,11250,2600
2008/12/11,10999,2450
2008/12/12,10575,2370
2008/12/15,10500,2340
2008/12/17,11075,2520
2008/12/18,11400,2674
2008/12/19,10860,2411
2008/12/22,10800,2300
2008/12/23,10500,2425
2008/12/24,10583,2389
2008/12/29,10690,2451
2008/12/30,10700,2504
2008/12/31,10815,2570
2009/01/02,10825,2467
2009/01/05,10925,2525
2009/01/06,10805,2588
2009/01/07,10450,2500
2009/01/08,10500,2435
2009/01/09,10800,2510
2009/01/12,11050,2530
2009/01/13,11060,2500
2009/01/14,11015,2385
2009/01/15,10710,2331
2009/01/16,10570,2393
2009/01/19,10125,2215
2009/01/20,10000,2240
2009/01/21,9900,2220
2009/01/22,9698,2187
2009/01/23,9150,2129
2009/01/26,9301,2085
2009/01/27,9650,2200
2009/01/28,10150,2360
2009/01/29,9950,2320
2009/01/30,9300,2295
2009/02/02,9125,2117
2009/02/03,9450,2225
2009/02/04,9540,2325
2009/02/05,9400,2250
2009/02/06,9900,2460
2009/02/09,10075,2360
2009/02/10,10187,2404
2009/02/11,9950,2310
2009/02/12,9500,2350
2009/02/13,9560,2230
2009/02/16,9495,2170
2009/02/17,9000,2100
2009/02/18,9300,2060
2009/02/19,9160,2004
2009/02/20,8600,1930
2009/02/23,8865,1942
2009/02/24,8900,2018
2009/02/25,8800,2017
2009/02/26,9403,2075
2009/02/27,8900,1925
2009/03/02,8300,1800
2009/03/03,8301,1865
2009/03/04,8450,1840
2009/03/05,8190,1815
2009/03/06,8130,1805
2009/03/09,7690,1804
2009/03/10,8000,1817
2009/03/11,8950,1840
2009/03/12,9000,1950
2009/03/13,9310,1921
2009/03/16,9000,1900
2009/03/17,8700,1845
2009/03/18,8816,1925
2009/03/19,9100,2002
2009/03/20,8920,2000
2009/03/23,9400,2085
2009/03/24,9650,2112
2009/03/25,9949,2225
2009/03/26,9603,2115
2009/03/27,9300,2074
2009/03/30,9165,1985
2009/03/31,9620,2060
2009/04/01,9640,2031
2009/04/02,9850,2180
2009/04/03,10099,2201
2009/04/06,10200,2208
2009/04/07,9920,2150
2009/04/08,9699,2085
2009/04/09,10000,2250
2009/04/14,10500,2300
2009/04/15,10501,2297
2009/04/16,10375,2205
2009/04/17,10150,2200
2009/04/20,9570,2100
2009/04/21,9150,2015
2009/04/23,9540,2047
2009/04/24,9455,2050
2009/04/28,9731,2117
2009/04/29,9890,2177
2009/04/30,9845,2240
2009/05/04,10450,2310
2009/05/05,9955,2293
2009/05/06,9750,2247
2009/05/07,9750,2180
2009/05/08,9836,2199
2009/05/11,9825,2203
2009/05/12,9695,2225
2009/05/13,9380,2141
2009/05/14,9500,2135
2009/05/15,9960,2190
2009/05/18,10155,2250
2009/05/19,10570,2316
2009/05/20,10665,2325
2009/05/21,10325,2275
2009/05/22,10600,2307
2009/05/25,10401,2230
2009/05/26,10313,2248
2009/05/27,10419,2235
2009/05/28,9950,2250
2009/05/29,10155,2205
2009/06/01,10220,2251
2009/06/02,10200,2235
2009/06/03,10050,2205
2009/06/04,10319,2215
2009/06/05,10250,2187
2009/06/08,10165,2150
2009/06/09,10250,2156
2009/06/10,10300,2205
2009/06/11,10200,2200
2009/06/12,10300,2230
2009/06/15,10381,2256
2009/06/17,10275,2189
2009/06/18,10370,2245
2009/06/19,10400,2235
2009/06/22,10090,2230
2009/06/23,10220,2192
2009/06/24,10507,2235
2009/06/25,10399,2230
2009/06/26,10725,2290
2009/06/29,10950,2348
2009/06/30,11000,2345
2009/07/01,11130,2400
2009/07/02,10855,2342
2009/07/03,10960,2380
2009/07/06,10950,2349
2009/07/07,11139,2412
2009/07/08,11045,2428
2009/07/09,11050,2435
2009/07/10,11280,2489
2009/07/13,11388,2454
2009/07/14,11520,2558
2009/07/15,11791,2570
2009/07/16,11800,2544
2009/07/17,11830,2495
2009/07/20,11949,2549
2009/07/21,11955,2551
2009/07/22,11902,2580
2009/07/23,12050,2560
2009/07/24,12176,2600
2009/07/27,12000,2525
2009/07/28,11697,2521
2009/07/29,11375,2442
2009/07/30,11800,2528
2009/07/31,11750,2525
2009/08/03,11970,2520
2009/08/04,12051,2520
2009/08/05,11851,2550
2009/08/06,12104,2575
2009/08/07,12160,2599
2009/08/11,12050,2500
2009/08/12,12179,2460
2009/08/13,12600,2462
2009/08/14,12300,2499
2009/08/17,11959,2437
2009/08/18,12200,2440
2009/08/19,11990,2411
2009/08/20,12115,2431
2009/08/21,12500,2530
2009/08/24,12526,2595
2009/08/25,12730,2619
2009/08/26,12750,2620
2009/08/27,12900,2669
2009/08/28,12776,2684
2009/08/31,12675,2645
2009/09/01,12630,2683
2009/09/02,12186,2660
2009/09/03,11970,2545
2009/09/04,12175,2595
2009/09/07,12300,2555
2009/09/08,12445,2669
2009/09/09,12400,2600
2009/09/10,12500,2615
2009/09/11,12505,2616
2009/09/14,12299,2570
2009/09/15,12130,2560
2009/09/16,12192,2601
2009/09/17,12700,2720
2009/09/18,12530,2750
2009/09/21,12350,2740
2009/09/22,12580,2809
2009/09/23,12370,2720
2009/09/25,12240,2790
2009/09/28,12300,2790
2009/09/29,12080,2744
2009/09/30,12000,2732
2009/10/01,11898,2705
2009/10/02,11650,2619
2009/10/05,11575,2699
2009/10/06,12005,2667
2009/10/07,12225,2700
2009/10/08,12101,2699
2009/10/09,12206,2690
2009/10/12,12400,2705
2009/10/13,12530,2734
2009/10/14,13010,2800
2009/10/15,12950,2820
2009/10/16,12899,2720
2009/10/19,12990,2800
2009/10/20,13075,2827
2009/10/21,13010,2900
2009/10/22,13000,2865
2009/10/23,12870,2890
2009/10/26,12500,2814
2009/10/27,12462,2829
2009/10/28,12440,2828
2009/10/29,12700,2920
2009/10/30,12451,2865
2009/11/02,12250,2783
2009/11/03,12050,2745
2009/11/04,12025,2745
2009/11/05,12000,2705
2009/11/06,12001,2647
2009/11/09,12250,2766
2009/11/10,12504,2775
2009/11/11,12800,2825
2009/11/12,12750,2866
2009/11/13,12800,2773
2009/11/16,13030,2831
2009/11/17,12845,2830
2009/11/18,12784,2826
2009/11/19,12600,2822
2009/11/20,12405,2760
2009/11/23,12600,2800
2009/11/24,12750,2837
2009/11/25,12760,2828
2009/11/26,12420,2750
2009/11/27,12483,2775
2009/11/30,12750,2800
2009/12/01,12691,2830
2009/12/02,12850,2833
2009/12/03,12900,2800
2009/12/04,12775,2770
2009/12/07,12500,2761
2009/12/08,12330,2824
2009/12/09,12010,2790
2009/12/10,12437,2780
2009/12/11,12600,2870
2009/12/14,12640,2895
2009/12/15,12700,2876
2009/12/17,12900,2930
2009/12/18,12808,2931
2009/12/21,12920,2900
2009/12/22,12900,2920
2009/12/23,12900,2882
2009/12/24,12900,2910
2009/12/28,12989,2957
2009/12/29,12850,2910
2009/12/30,12769,2887
2009/12/31,12850,2960
2010/01/04,12852,2950
2010/01/05,12950,3020
2010/01/06,12900,3000
2010/01/07,12851,3000
2010/01/08,12770,3010
2010/01/11,12845,2980
2010/01/12,12800,2916
2010/01/13,12950,2965
2010/01/14,13100,2950
2010/01/15,12930,2915
2010/01/18,13050,3000
2010/01/19,13150,3005
2010/01/20,13350,3080
2010/01/21,13350,3060
2010/01/22,13150,3010
2010/01/25,13256,3022
2010/01/26,13100,3025
2010/01/27,13195,3000
2010/01/28,13425,3060
2010/01/29,13425,3089
2010/02/01,13337,3003
2010/02/02,13400,3015
2010/02/03,13430,3040
2010/02/04,13400,2952
2010/02/05,12975,2886
2010/02/08,13108,2886
2010/02/09,13390,2960
2010/02/10,13323,2952
2010/02/11,13300,2954
2010/02/12,13045,2843
2010/02/15,13300,3000
2010/02/16,13300,2955
2010/02/17,13440,2951
2010/02/18,13361,3010
2010/02/19,13399,2955
2010/02/22,13380,2922
2010/02/23,13300,2962
2010/02/24,13200,2900
2010/02/25,13175,2913
2010/02/26,13280,2939
2010/03/01,13380,2950
2010/03/02,13650,3022
2010/03/03,13800,3080
2010/03/04,13785,3090
2010/03/05,13900,3107
2010/03/08,13790,3160
2010/03/09,13550,3078
2010/03/10,13800,3179
2010/03/11,13740,3115
2010/03/12,13760,3150
2010/03/15,13800,3135
2010/03/16,13910,3208
2010/03/17,14180,3210
2010/03/18,14215,3323
2010/03/19,14191,3255
2010/03/23,14050,3260
2010/03/24,14050,3250
2010/03/25,14199,3250
2010/03/26,14070,3200
2010/03/29,14150,3180
2010/03/30,14199,3147
2010/03/31,14230,3237
2010/04/01,14249,3220
2010/04/06,14295,3250
2010/04/07,14158,3280
2010/04/08,13750,3174
2010/04/09,14000,3277
2010/04/12,13970,3233
2010/04/13,13890,3228
2010/04/14,14123,3287
2010/04/15,14140,3288
2010/04/16,13851,3275
2010/04/19,13800,3250
2010/04/20,14000,3300
2010/04/21,13900,3338
2010/04/22,13868,3321
2010/04/23,13733,3300
2010/04/26,14200,3425
2010/04/28,13807,3317
2010/04/29,14025,3367
2010/04/30,14000,3367
2010/05/03,14200,3390
2010/05/04,13677,3325
2010/05/05,13325,3250
2010/05/06,13363,3290
2010/05/07,12749,3081
2010/05/10,13430,3299
2010/05/11,13710,3315
2010/05/12,14000,3484
2010/05/13,13840,3475
2010/05/14,13487,3365
2010/05/17,13150,3350
2010/05/18,13525,3415
2010/05/19,13304,3440
2010/05/20,12870,3273
2010/05/21,12775,3272
2010/05/24,13093,3420
2010/05/25,12575,3300
2010/05/26,12900,3441
2010/05/27,13010,3470
2010/05/28,13000,3413
2010/05/31,12801,3374
2010/06/01,12840,3320
2010/06/02,12975,3370
2010/06/03,12700,3305
2010/06/04,12570,3220
2010/06/07,12270,3120
2010/06/08,12240,3003
2010/06/09,12568,3050
2010/06/10,12370,3138
2010/06/11,12305,3075
2010/06/14,12550,3235
2010/06/15,12600,3270
2010/06/17,12749,3295
2010/06/18,12499,3285
2010/06/21,12665,3278
2010/06/22,12851,3300
2010/06/23,12790,3289
2010/06/24,12570,3240
2010/06/25,12601,3280
2010/06/28,12500,3270
2010/06/29,12284,3240
2010/06/30,12149,3120
2010/07/01,12146,3177
2010/07/02,12259,3184
2010/07/05,12201,3174
2010/07/06,12670,3290
2010/07/07,12765,3312
2010/07/08,13005,3358
2010/07/09,13084,3358
2010/07/12,13000,3360
2010/07/13,13375,3410
2010/07/14,13490,3414
2010/07/15,13555,3354
2010/07/16,13635,3379
2010/07/19,13500,3400
2010/07/20,13250,3371
2010/07/21,13650,3475
2010/07/22,13870,3530
2010/07/23,13925,3558
2010/07/26,14000,3551
2010/07/27,13860,3509
2010/07/28,13778,3470
2010/07/29,13885,3479
2010/07/30,13600,3450
2010/08/02,13778,3500
2010/08/03,13450,3365
2010/08/04,13372,3293
2010/08/05,13410,3310
2010/08/06,13060,3280
2010/08/10,12820,3250
2010/08/11,12540,3180
2010/08/12,12502,3162
2010/08/13,12600,3157
2010/08/16,12500,3167
2010/08/17,12700,3243
2010/08/18,12451,3135
2010/08/19,12675,3160
2010/08/20,12450,3126
2010/08/23,12490,3232
2010/08/24,12390,3205
2010/08/25,12000,3180
2010/08/26,12350,3219
2010/08/27,12300,3219
2010/08/30,12440,3288
2010/08/31,12325,3333
2010/09/01,12699,3429
2010/09/02,12560,3422
2010/09/03,12600,3397
2010/09/06,12615,3430
2010/09/07,12400,3335
2010/09/08,12606,3387
2010/09/09,12635,3440
2010/09/10,12745,3459
2010/09/13,13010,3511
2010/09/14,12807,3491
2010/09/15,13000,3500
2010/09/16,12820,3490
2010/09/17,12752,3461
2010/09/20,12890,3562
2010/09/21,13127,3577
2010/09/22,13100,3540
2010/09/23,13040,3590
2010/09/27,13502,3680
2010/09/28,13346,3680
2010/09/29,13400,3734
2010/09/30,13400,3795
2010/10/01,13250,3770
2010/10/04,13234,3740
2010/10/05,13399,3780
2010/10/06,13525,3790
2010/10/07,13201,3697
2010/10/08,13100,3754
2010/10/11,13200,3705
2010/10/12,13375,3736
2010/10/13,13700,3782
2010/10/14,13700,3717
2010/10/15,13690,3648
2010/10/18,13700,3686
2010/10/19,13500,3695
2010/10/20,13500,3629
2010/10/21,13735,3715
2010/10/22,13405,3635
2010/10/25,13314,3596
2010/10/26,13572,3645
2010/10/27,13350,3605
2010/10/28,13390,3650
2010/10/29,13599,3614
2010/11/01,13744,3685
2010/11/02,13600,3635
2010/11/03,13645,3700
2010/11/04,13775,3679
2010/11/05,13800,3675
2010/11/08,13740,3695
2010/11/09,13840,3712
2010/11/10,13754,3750
2010/11/11,13620,3680
2010/11/12,13670,3713
2010/11/15,13600,3655
2010/11/16,13350,3638
2010/11/17,13651,3647
2010/11/18,13599,3626
2010/11/19,13398,3595
2010/11/22,13400,3564
2010/11/23,13235,3515
2010/11/24,13300,3603
2010/11/25,13426,3631
2010/11/26,13400,3650
2010/11/29,13350,3584
2010/11/30,12900,3531
2010/12/01,13200,3550
2010/12/02,13250,3549
2010/12/03,13300,3639
2010/12/06,13350,3601
2010/12/07,13425,3555
2010/12/08,13500,3619
2010/12/09,13680,3635
2010/12/10,13250,3587
2010/12/13,13200,3565
2010/12/14,13295,3560
2010/12/15,13499,3694
2010/12/17,13500,3800
2010/12/20,13590,3760
2010/12/21,13581,3825
2010/12/22,13680,3858
2010/12/23,13620,3880
2010/12/24,13710,3831
2010/12/28,13789,3870
2010/12/29,13889,3861
2010/12/30,13850,3850
2010/12/31,14000,3850
2011/01/03,14200,3865
2011/01/04,14120,3886
2011/01/05,14148,3925
2011/01/06,14070,3955
2011/01/07,14050,3900
2011/01/10,13975,3910
2011/01/11,14005,3969
2011/01/12,14000,3970
2011/01/13,14200,3985
2011/01/14,14220,3960
2011/01/17,13811,3920
2011/01/18,14000,3931
2011/01/19,13900,3911
2011/01/20,13750,3853
2011/01/21,13744,3872
2011/01/24,13600,3859
2011/01/25,13500,3870
2011/01/26,13801,3820
2011/01/27,13680,3927
2011/01/28,13500,3899
2011/01/31,13300,3837
2011/02/01,13500,3850
2011/02/02,13355,3875
2011/02/03,13365,3870
2011/02/04,13350,3829
2011/02/07,13040,3755
2011/02/08,12990,3716
2011/02/09,13100,3700
2011/02/10,12905,3661
2011/02/11,13375,3715
2011/02/14,13125,3735
2011/02/15,13100,3748
2011/02/16,13060,3757
2011/02/17,13200,3774
2011/02/18,13048,3775
2011/02/21,13150,3837
2011/02/22,13100,3783
2011/02/23,12800,3700
2011/02/24,12525,3727
2011/02/25,12965,3835
2011/02/28,12975,3844
2011/03/01,12930,3790
2011/03/02,12880,3784
2011/03/03,12850,3750
2011/03/04,12900,3800
2011/03/07,12605,3800
2011/03/08,12709,3742.424242
2011/03/09,12700,3756.818182
2011/03/10,12675,3653.181818
2011/03/11,12638,3661.818182
2011/03/14,12900,3648.863636
2011/03/15,12390,3509.242424
2011/03/16,12512,3615.757576
2011/03/17,12550,3653.181818
2011/03/18,12639,3588.409091
2011/03/22,12960,3645.984848
2011/03/23,13090,3670.454545
2011/03/24,13250,3706.439394
2011/03/25,13070,3762.575758
2011/03/28,13179,3706.439394
2011/03/29,13450,3755.378788
2011/03/30,13725,3883.484848
2011/03/31,13645,4030.30303
2011/04/01,13748,4000.075758
2011/04/04,13800,3964.090909
2011/04/05,13860,4000.075758
2011/04/06,13825,4214.545455
2011/04/07,13800,4038.939394
2011/04/08,13775,4060.530303
2011/04/11,13716,4097.954545
2011/04/12,13550,4086.439394
2011/04/13,13600,4007.272727
2011/04/14,13525,3873.409091
2011/04/15,13400,3835.984848
2011/04/18,13250,3670.454545
2011/04/19,13240,3768.333333
2011/04/20,13750,3897.878788
2011/04/21,13750,3887.80303
2011/04/26,13850,4027.424242
2011/04/28,13515,4049.015152
2011/04/29,13595,4077.80303
2011/05/03,13600,3991.439394
2011/05/04,13400,3866.212121
2011/05/05,13201,3828.787879
2011/05/06,13400,3900.757576
2011/05/09,13348,3900.757576
2011/05/10,13631,3979.924242
2011/05/11,13555,3958.333333
2011/05/12,13300,3886.363636
2011/05/13,13311,3922.348485
2011/05/16,13603,3955.454545
2011/05/17,13535,3920.909091
2011/05/19,13675,3943.939394
2011/05/20,13355,3887.80303
2011/05/23,13120,3797.121212
2011/05/24,13650,3919.469697
2011/05/25,13330,3871.969697
2011/05/26,13650,3951.136364
2011/05/27,13670,3977.045455
2011/05/30,13737,3943.939394
2011/05/31,13726,4059.090909
2011/06/01,13720,4028.863636
2011/06/02,13672,3929.545455
2011/06/03,13420,3860.454545
2011/06/06,13400,3837.424242
2011/06/07,13450,3850.378788
2011/06/08,13545,3843.181818
2011/06/09,13593,3814.393939
2011/06/10,13450,3742.424242
2011/06/13,13500,3728.030303
2011/06/14,13600,3726.590909
2011/06/15,13480,3728.030303
2011/06/17,13300,3807.19697
2011/06/20,13290,3713.636364
2011/06/21,13410,3697.80303
2011/06/22,13205,3660.378788
2011/06/23,13050,3602.80303
2011/06/24,13150,3627.272727
2011/06/27,13175,3677.651515
2011/06/28,13480,3735.227273
2011/06/29,13455,3778.409091
2011/06/30,13481,3835.984848
2011/07/01,13665,3857.575758
2011/07/04,13700,3857.575758
2011/07/05,13850,3907.954545
2011/07/06,13700,3907.954545
2011/07/07,13500,3857.575758
2011/07/08,13599,3818.712121
2011/07/11,13494,3785.606061
2011/07/12,13470,3800
2011/07/13,13600,3785.606061
2011/07/14,13500,3800
2011/07/15,13625,3828.787879
2011/07/18,13336,3758.257576
2011/07/19,13240,3752.5
2011/07/20,13185,3771.212121
2011/07/21,13569,3800
2011/07/22,13300,3728.030303
2011/07/25,13250,3772.651515
2011/07/26,13245,3752.5
2011/07/27,13150,3755.378788
2011/07/28,13179,3679.090909
2011/07/29,13150,3634.469697
2011/08/01,13295,3667.575758
2011/08/02,13401,3641.666667
2011/08/03,13290,3592.727273
2011/08/04,12725,3479.015152
2011/08/05,12755,3507.80303
2011/08/08,12355,3365.30303
2011/08/10,12541,3316.363636
2011/08/11,13200,3432.954545
2011/08/12,13420,3545.227273
2011/08/15,13500,3548.106061
2011/08/16,13325,3470.378788
2011/08/17,13500,3525.075758
2011/08/18,13101,3470.378788
2011/08/19,13500,3480.454545
2011/08/22,13100,3546.666667
2011/08/23,13150,3502.045455
2011/08/24,13325,3484.772727
2011/08/25,13055,3499.166667
2011/08/26,13250,3532.272727
2011/08/29,13810,3633.030303
2011/08/30,13568,3640.227273
2011/08/31,13949,3663.257576
2011/09/01,14150,3697.80303
2011/09/02,13665,3584.090909
2011/09/05,13580,3558.181818
2011/09/06,13400,3464.621212
2011/09/07,13975,3612.878788
2011/09/08,14494,3751.060606
2011/09/09,13951,3697.80303
2011/09/12,13831,3648.863636
2011/09/13,13800,3720.833333
2011/09/14,13900,3854.69697
2011/09/15,14251,3866.212121
2011/09/16,14150,3821.590909
2011/09/19,13775,3729.469697
2011/09/20,13993,3776.969697
2011/09/21,13953,3764.015152
2011/09/22,13510,3605.681818
2011/09/23,13395,3535.151515
2011/09/26,13301,3597.045455
2011/09/27,13766,3692.045455
2011/09/28,13770,3756.818182
2011/09/29,13375,3647.424242
2011/09/30,13434,3654.621212
2011/10/03,13412,3654.621212
2011/10/04,13315,3555.30303
2011/10/05,13474,3699.242424
2011/10/06,13510,3729.469697
2011/10/07,13895,3771.212121
2011/10/10,14050,3676.212121
2011/10/11,13720,3621.515152
2011/10/12,13850,3637.348485
2011/10/13,13750,3599.924242
2011/10/14,13800,3591.287879
2011/10/17,13500,3588.409091
2011/10/18,13705,3543.787879
2011/10/19,13655,3566.818182
2011/10/20,13766,3490.530303
2011/10/21,13781,3566.818182
2011/10/24,13892,3552.424242
2011/10/25,14000,3633.030303
2011/10/26,13980,3605.681818
2011/10/27,14150,3633.030303
2011/10/28,14300,3598.484848
2011/10/31,14280,3605.681818
2011/11/01,14109,3484.772727
2011/11/02,14150,3620.075758
2011/11/03,14050,3620.075758
2011/11/04,13687,3610
2011/11/07,14155,3723.712121
2011/11/08,14179,3735.227273
2011/11/09,13951,3669.015152
2011/11/10,13938,3661.818182
2011/11/11,14000,3650.30303
2011/11/14,13850,3640.227273
2011/11/15,13950,3723.712121
2011/11/16,14024,3730.909091
2011/11/17,14060,3702.121212
2011/11/18,13760,3599.924242
2011/11/21,13570,3527.954545
2011/11/22,13565,3542.348485
2011/11/23,13470,3517.878788
2011/12/02,13470,3517.878788
2011/12/05,13470,3517.878788
2011/12/06,13470,3517.878788
2011/12/07,13470,3517.878788
2011/12/08,13470,3517.878788
2011/12/09,13470,3517.878788
2011/12/12,13470,3517.878788
2011/12/13,14105,3866.212121
2011/12/14,14010,3785.606061
2011/12/15,13950,3789.924242
2011/12/19,13950,3828.787879
2011/12/20,13830,3792.80303
2011/12/21,13950,3785.606061
2011/12/22,13850,3846.060606
2011/12/23,14020,3884.924242
2011/12/28,14200,3942.5
2011/12/29,14169,3949.69697
2011/12/30,14100,3929.545455
2012/01/03,14300,3984.242424
2012/01/04,14360,4008.712121
2012/01/05,14376,4047.575758
2012/01/06,14500,4099.393939
2012/01/09,14500,4080.681818
2012/01/10,14561,4060.530303
2012/01/11,14485,4080.681818
2012/01/12,14750,4131.060606
2012/01/13,14800,4097.954545
2012/01/16,14800,4102.272727
2012/01/17,14900,4172.80303
2012/01/18,14965,4208.787879
2012/01/19,15050,4275
2012/01/20,15140,4302.348485
2012/01/23,15070,4312.424242
2012/01/24,14780,4247.651515
2012/01/25,14650,4210.227273
2012/01/26,14850,4246.212121
2012/01/27,14950,4246.212121
2012/01/30,14725,4200.151515
2012/01/31,14825,4190.075758
2012/02/01,14865,4312.424242
2012/02/02,14790,4354.166667
2012/02/03,14950,4395.909091
2012/02/06,14790,4349.848485
2012/02/07,14849,4378.636364
2012/02/08,14785,4387.272727
2012/02/09,15050,4447.727273
2012/02/10,14900,4309.545455
2012/02/13,15135,4339.772727
2012/02/14,15240,4296.590909
2012/02/15,15145,4336.893939
2012/02/16,15095,4310.984848
2012/02/17,15200,4358.484848
2012/02/20,15199,4357.045455
2012/02/21,15148,4375.757576
2012/02/22,15010,4312.424242
2012/02/23,15311,4420.378788
2012/02/24,15917,4585.909091
2012/02/27,15460,4508.181818
2012/02/28,15810,4560
2012/02/29,15950,4498.106061
2012/03/01,16050,4598.863636
2012/03/02,15845,4598.863636
2012/03/05,15898,4601.742424
2012/03/06,15503,4483.712121
2012/03/07,15600,4534.090909
2012/03/08,15750,4577.272727
2012/03/09,15900,4606.060606
2012/03/12,15770,4606.060606
2012/03/13,15845,4646.363636
2012/03/14,16126,4706.818182
2012/03/15,16100,4703.939394
2012/03/16,16075,4534.090909
2012/03/19,15775,4548.484848
2012/03/20,15700,4493.787879
2012/03/22,15550,4391.590909
2012/03/23,15725,4416.060606
2012/03/26,15495,4466.439394
2012/03/27,15810,4557.121212
2012/03/28,15700,4567.19697
2012/03/29,15497,4534.090909
2012/03/30,15600,4500.984848
2012/04/02,15575,4548.484848
2012/04/03,15701,4558.560606
2012/04/04,15498,4450.606061
2012/04/05,15499,4511.060606
2012/04/10,15666,4548.484848
2012/04/11,15740,4519.69697
2012/04/12,15770,4545.606061
2012/04/13,15771,4542.727273
2012/04/16,15799,4502.424242
2012/04/17,15608,4562.878788
2012/04/18,15945,4663.636364
2012/04/19,15894,4594.545455
2012/04/20,16050,4735.606061
2012/04/23,15725,4643.484848
2012/04/24,15580,4678.030303
2012/04/25,15485,4750
2012/04/26,15590,4833.484848
2012/04/30,16000,4836.363636
2012/05/02,15925,4908.333333
2012/05/03,16110,4991.818182
2012/05/04,16050,5022.045455
2012/05/07,15977,4984.621212
2012/05/08,15761,4914.090909
2012/05/09,15500,4893.939394
2012/05/10,15763,4951.515152
2012/05/11,15795,4937.121212
2012/05/14,15425,4880.984848
2012/05/15,15210,4843.560606
2012/05/16,15490,4873.787879
2012/05/17,15234,4878.106061
2012/05/18,15000,4724.090909
2012/05/21,15149,4692.424242
2012/05/22,15245,4787.424242
2012/05/23,15100,4678.030303
2012/05/24,15000,4732.727273
2012/05/25,15000,4726.969697
2012/05/28,14760,4742.80303
2012/05/29,15030,4803.257576
2012/05/30,14890,4712.575758
2012/05/31,15000,4807.575758
2012/06/01,14950,4793.181818
2012/06/04,15114,4807.575758
2012/06/05,15090,4807.575758
2012/06/06,15190,4821.969697
2012/06/07,15420,4978.863636
2012/06/08,15355,4948.636364
2012/06/11,15090,4929.924242
2012/06/12,14925,5023.484848
2012/06/13,15120,5007.651515
2012/06/14,15200,4980.30303
2012/06/15,15300,4944.318182
2012/06/18,15501,5124.242424
2012/06/19,15500,5186.136364
2012/06/20,15599,5219.242424
2012/06/21,15680,5255.227273
2012/06/22,15700,5246.590909
2012/06/25,15649,5197.651515
2012/06/26,14350,5095.454545
2012/06/27,14150,5135.757576
2012/06/28,13900,4937.121212
2012/06/29,14120,5020.606061
2012/07/02,13705,5081.060606
2012/07/03,13800,5128.560606
2012/07/04,13590,5108.409091
2012/07/05,13511,5045.075758
2012/07/06,13500,5082.5
2012/07/09,13800,5030.681818
2012/07/10,13790,5037.878788
2012/07/11,13708,5023.484848
2012/07/12,13675,4980.30303
2012/07/13,13800,4970.227273
2012/07/16,13792,5121.363636
2012/07/17,13800,5194.772727
2012/07/18,13895,5232.19697
2012/07/19,13962,5183.257576
2012/07/20,13750,5170.30303
2012/07/23,13650,5154.469697
2012/07/24,13650,5127.121212
2012/07/25,13622,5145.833333
2012/07/26,13570,5173.181818
2012/07/27,13970,5361.742424
2012/07/30,13840,5446.666667
2012/07/31,13490,5278.257576
2012/08/01,13640,5343.030303
2012/08/02,13705,5338.712121
2012/08/03,14060,5505.681818
2012/08/06,13927,5474.015152
2012/08/07,13699,5436.590909
2012/08/08,13630,5416.439394
2012/08/10,13749,5410.681818
2012/08/13,13800,5419.318182
2012/08/14,13930,5522.954545
2012/08/15,13999,5439.469697
2012/08/16,14306,5400.606061
2012/08/17,14100,5315.681818
2012/08/20,14226,5268.181818
2012/08/21,14101,5298.409091
2012/08/22,13900,5286.893939
2012/08/23,14203,5296.969697
2012/08/24,14300,5330.075758
2012/08/27,14350,5383.333333
2012/08/28,14324,5377.575758
2012/08/29,14299,5343.030303
2012/08/30,14077,5242.272727
2012/08/31,14225,5233.636364
2012/09/03,13939,5271.060606
2012/09/04,13929,5282.575758
2012/09/05,13900,5282.575758
2012/09/06,13950,5307.045455
2012/09/07,13824,5282.575758
2012/09/10,13670,5180.378788
2012/09/11,13655,5253.787879
2012/09/12,13565,5181.818182
2012/09/13,13625,5148.712121
2012/09/14,13532,5059.469697
2012/09/17,13330,5037.878788
2012/09/18,13600,5124.242424
2012/09/19,13700,5213.484848
2012/09/20,13491,5189.015152
2012/09/21,13755,5226.439394
2012/09/25,13890,5302.727273
2012/09/26,13591,5294.090909
2012/09/27,13832,5259.545455
2012/09/28,13850,5325.757576
2012/10/01,13950,5363.181818
2012/10/02,13993,5396.287879
2012/10/03,13950,5402.045455
2012/10/04,14151,5426.515152
2012/10/05,13800,5305.606061
2012/10/08,13716,5043.636364
2012/10/09,13850,5063.787879
2012/10/10,13460,5124.242424
2012/10/11,13599,5178.939394
2012/10/12,13740,5229.318182
2012/10/15,13740,5245.151515
2012/10/16,13860,5328.636364
2012/10/17,13850,5360.30303
2012/10/18,13930,5350.227273
2012/10/19,13900,5248.030303
2012/10/22,14035,5386.212121
2012/10/23,14024,5384.772727
2012/10/24,14000,5443.787879
2012/10/25,14020,5459.621212
2012/10/26,14000,5435.151515
2012/10/29,14000,5497.045455
2012/10/30,14132,5586.287879
2012/10/31,13920,5475.454545
2012/11/01,14050,5603.560606
2012/11/02,14225,5571.893939
2012/11/05,14300,5720.151515
2012/11/06,14504,5809.393939
2012/11/07,14555,5799.318182
2012/11/08,14774,5823.787879
2012/11/09,14585,5770.530303
2012/11/12,14379,5756.136364
2012/11/13,14100,5754.69697
2012/11/14,13924,5779.166667
2012/11/15,13940,5668.333333
2012/11/16,14006,5738.863636
2012/11/19,14400,5868.409091
2012/11/21,14307,5681.287879
2012/11/22,14195,5711.515152
2012/11/23,13910,5556.060606
2012/11/24,13910,5556.060606
2012/11/25,13910,5556.060606
2012/11/26,13800,5520.075758
2012/11/27,13900,5564.69697
2012/11/28,13800,5580.530303
2012/11/29,13883,5642.424242
2012/11/30,14178,5639.545455
2012/12/03,14080,5687.045455
2012/12/04,14087,5705.757576
2012/12/05,14170,5812.272727
2012/12/06,14950,5865.530303
2012/12/07,15375,5891.439394
2012/12/10,15570,5901.515152
2012/12/11,16000,5887.121212
2012/12/12,15884,5843.939394
2012/12/13,16000,5786.363636
2012/12/14,15826,5734.545455
2012/12/18,16285,5771.969697
2012/12/19,16288,5848.257576
2012/12/20,16400,5985
2012/12/21,16450,5851.136364
2012/12/24,16420,5862.651515
2012/12/27,16450,5969.166667
2012/12/28,16420,5946.136364
2012/12/31,16400,5858.333333
2013/01/02,16549,6045.454545
2013/01/03,16600,6088.636364
2013/01/04,16530,6176.439394
2013/01/07,16335,6213.863636
2013/01/08,16600,6189.393939
2013/01/09,16744,6252.727273
2013/01/10,16600,6160.606061
2013/01/11,16699,6210.984848
2013/01/14,16800,6203.787879
2013/01/15,16500,6055.530303
2013/01/16,16440,6199.469697
2013/01/17,16600,6311.742424
2013/01/18,16175,6333.333333
2013/01/21,16420,6441.287879
2013/01/22,16525,6396.666667
2013/01/23,16620,6323.257576
2013/01/24,16752,6282.954545
2013/01/25,16800,6353.484848
2013/01/28,16815,6389.469697
2013/01/29,17175,6428.333333
2013/01/30,17130,6297.348485
2013/01/31,17150,6177.878788
2013/02/01,17100,6095.833333
2013/02/04,16918,6087.19697
2013/02/05,17150,6208.106061
2013/02/06,17100,6111.666667
2013/02/07,16922,6131.818182
2013/02/08,16500,6159.166667
2013/02/11,16490,6223.939394
2013/02/12,16510,6192.272727
2013/02/13,16602,6153.409091
2013/02/14,16600,6085.757576
2013/02/15,16520,6055.530303
2013/02/18,16550,6084.318182
2013/02/19,16356,6133.257576
2013/02/20,16400,6045.454545
2013/02/21,16205,5964.848485
2013/02/22,16215,5907.272727
2013/02/25,16450,5930.30303
2013/02/26,16361,5861.212121
2013/02/27,16150,5746.060606
2013/02/28,16250,5892.878788
2013/03/01,16270,5956.212121
2013/03/04,16202,5911.590909
2013/03/05,16395,6103.030303
2013/03/06,16515,5905.833333
2013/03/07,16400,5900.075758
2013/03/08,16550,5944.69697
2013/03/11,16530,5879.924242
2013/03/12,16480,5830.984848
2013/03/13,16375,5760.454545
2013/03/14,16251,5881.363636
2013/03/15,15999,5761.893939
2013/03/18,15849,5843.939394
2013/03/19,15800,5901.515152
2013/03/20,15605,5901.515152
2013/03/22,15250,6023.863636
2013/03/25,15600,6045.454545
2013/03/26,16000,6067.045455
2013/03/27,15830,6005.151515
2013/03/28,15500,5987.878788
2013/04/02,15680,6159.166667
2013/04/03,15450,5995.075758
2013/04/04,15010,5976.363636
2013/04/05,14821,5887.121212
2013/04/08,15250,5996.515152
2013/04/09,15215,5941.818182
2013/04/10,15651,5985
2013/04/11,15700,5930.30303
2013/04/12,15300,5901.515152
2013/04/15,15000,5737.424242
2013/04/16,15180,5848.257576
2013/04/17,15045,5704.318182
2013/04/18,14695,5702.878788
2013/04/19,14850,5823.787879
2013/04/22,14795,5721.590909
2013/04/23,14675,5851.136364
2013/04/24,14617,5763.333333
2013/04/25,14550,5746.060606
2013/04/26,14475,5720.151515
2013/04/29,14449,5707.19697
2013/04/30,14769,5733.106061
2013/05/02,14851,5842.5
2013/05/03,14800,5782.045455
2013/05/06,14900,5733.106061
2013/05/07,14975,5806.515152
2013/05/08,15060,5959.090909
2013/05/09,15140,5908.712121
2013/05/10,15000,5891.439394
2013/05/13,15113,5888.560606
2013/05/14,14890,5911.590909
2013/05/15,15015,5908.712121
2013/05/16,15424,5972.045455
2013/05/17,15288,5858.333333
2013/05/20,14520,5720.151515
2013/05/21,14950,5920.227273
2013/05/22,15000,5842.5
2013/05/23,14675,5656.818182
2013/05/24,14650,5656.818182
2013/05/27,14712,5659.69697
2013/05/28,14770,5744.621212
2013/05/29,14530,5640.984848
2013/05/30,14880,5665.454545
2013/05/31,14943,5727.348485
2013/06/03,14390,5417.878788
2013/06/04,14355,5469.69697
2013/06/05,14150,5364.621212
2013/06/06,14200,5282.575758
2013/06/07,14350,5309.924242
2013/06/10,14175,5256.666667
2013/06/11,14000,5181.818182
2013/06/12,13870,5189.015152
2013/06/13,14000,5246.590909
2013/06/14,14099,5397.727273
2013/06/18,14497,5511.439394
2013/06/19,14170,5498.484848
2013/06/20,14045,5260.984848
2013/06/21,13702,5312.80303
2013/06/24,13780,5253.787879
2013/06/25,14100,5364.621212
2013/06/26,14700,5528.712121
2013/06/27,14543,5599.242424
2013/06/28,14850,5671.212121
2013/07/01,14555,5813.712121
2013/07/02,14795,5799.318182
2013/07/03,14010,5609.318182
2013/07/04,14150,5700
2013/07/05,13800,5507.121212
2013/07/08,14050,5599.242424
2013/07/09,14149,5622.272727
2013/07/10,13700,5426.515152
2013/07/11,14290,5603.560606
2013/07/12,14399,5728.787879
2013/07/15,14300,5743.181818
2013/07/16,13985,5632.348485
2013/07/17,14300,5557.5
2013/07/18,14290,5610.757576
2013/07/19,14060,5584.848485
2013/07/22,14050,5594.924242
2013/07/23,14899,5790.681818
2013/07/24,14949,5695.681818
2013/07/25,14795,5710.075758
2013/07/26,14750,5640.984848
2013/07/29,15167,5746.060606
2013/07/30,14100,5702.878788
2013/07/31,14295,5843.939394
2013/08/01,14110,5858.333333
2013/08/02,14245,5895.757576
2013/08/05,14067,5823.787879
2013/08/06,14040,5809.393939
2013/08/07,13925,5898.636364
2013/08/08,13975,5901.515152
2013/08/12,14010,5993.636364
2013/08/13,14050,6013.787879
2013/08/14,14050,6136.136364
2013/08/15,13966,6002.272727
2013/08/16,13997,6031.060606
2013/08/19,13860,5910.151515
2013/08/20,13840,5966.287879
2013/08/21,13775,5927.424242
2013/08/22,13740,5891.439394
2013/08/23,13700,5930.30303
2013/08/26,13751,5960.530303
2013/08/27,13700,5959.090909
2013/08/28,13530,5774.848485
2013/08/29,13545,5874.166667
2013/08/30,13700,5819.469697
2013/09/02,13672,5974.924242
2013/09/03,13945,6045.454545
2013/09/04,13860,5937.5
2013/09/05,14140,6080
2013/09/06,14275,6153.409091
2013/09/09,13875,6087.19697
2013/09/10,13993,6254.166667
2013/09/11,14100,6333.333333
2013/09/12,14400,6516.136364
2013/09/13,14190,6517.575758
2013/09/16,14200,6470.075758
2013/09/17,14311,6621.212121
2013/09/18,14200,6484.469697
2013/09/19,14679,6837.121212
2013/09/20,14645,6756.515152
2013/09/23,14695,6729.166667
2013/09/25,14975,6851.515152
2013/09/26,14950,6785.30303
2013/09/27,14760,6690.30303
2013/09/30,14740,6642.80303
2013/10/01,14750,6782.424242
2013/10/02,14575,6765.151515
2013/10/03,14800,6801.136364
2013/10/04,14659,6772.348485
2013/10/07,14801,6684.545455
2013/10/08,14650,6599.621212
2013/10/09,14500,6543.484848
2013/10/10,14985,6749.318182
2013/10/11,15300,6730.606061
2013/10/14,15300,6837.121212
2013/10/15,15425,6956.590909
2013/10/16,15749,7078.939394
2013/10/17,15610,7030
2013/10/18,15560,7038.636364
2013/10/21,15540,7060.227273
2013/10/22,15483,7064.545455
2013/10/23,15192,6979.621212
2013/10/24,15160,7024.242424
2013/10/25,15060,6981.060606
2013/10/28,15420,7139.393939
2013/10/29,15550,7130.757576
2013/10/30,15340,7188.333333
2013/10/31,15499,7244.469697
2013/11/01,15192,7168.181818
2013/11/04,15199,7132.19697
2013/11/05,15100,6973.863636
2013/11/06,15099,6958.030303
2013/11/07,14900,6873.106061
2013/11/08,14755,6677.348485
2013/11/11,14730,6711.893939
2013/11/12,14715,6665.833333
2013/11/13,14500,6588.106061
2013/11/14,14598,6609.69697
2013/11/15,14633,6671.590909
2013/11/18,13905,6828.484848
2013/11/19,13791,6693.181818
2013/11/20,13794,6733.484848
2013/11/21,13550,6609.69697
2013/11/22,13370,6621.212121
2013/11/25,13315,6664.393939
2013/11/26,13207,6539.166667
2013/11/27,13600,6677.348485
2013/11/28,13531,6822.727273
2013/11/29,13600,6789.621212
2013/12/02,13660,6763.712121
2013/12/03,13290,6501.742424
2013/12/04,13194,6513.257576
2013/12/05,13223,6570.833333
2013/12/06,13329,6707.575758
2013/12/09,13199,6798.257576
2013/12/10,13060,6773.787879
2013/12/11,13015,6662.954545
2013/12/12,12815,6405.30303
2013/12/13,12849,6560.757576
2013/12/17,12700,6687.424242
2013/12/18,12650,6644.242424
2013/12/19,12755,6697.5
2013/12/20,13290,6567.954545
2013/12/23,13062,6606.818182
2013/12/24,13185,6606.818182
2013/12/27,13222,6721.969697
2013/12/30,13442,6953.712121
2013/12/31,13225,6959.469697
2014/01/02,13385,7037.19697
2014/01/03,13350,6986.818182
2014/01/06,13031,6750.757576
2014/01/07,13230,6840
2014/01/08,13157,6773.787879
2014/01/09,13160,6665.833333
2014/01/10,13200,6723.409091
2014/01/13,13160,6901.893939
2014/01/14,13000,6687.424242
2014/01/15,13290,6660.075758
2014/01/16,13285,6637.045455
2014/01/17,12950,6553.560606
2014/01/20,12900,6611.136364
2014/01/21,13025,6746.439394
2014/01/22,13304,6848.636364
2014/01/23,13330,6780.984848
2014/01/24,13323,6619.772727
2014/01/27,13100,6536.287879
2014/01/28,13086,6510.378788
2014/01/29,12850,6297.348485
2014/01/30,12500,6111.666667
2014/01/31,13000,6154.848485
2014/02/03,12605,6045.454545
2014/02/04,12500,6117.424242
2014/02/05,12600,6044.015152
2014/02/06,12400,6133.257576
2014/02/07,12650,6261.363636
2014/02/10,12406,6160.606061
2014/02/11,12750,6127.5
2014/02/12,13162,6280.075758
2014/02/13,12987,6235.454545
2014/02/14,13030,6317.5
2014/02/17,13280,6426.893939
2014/02/18,13411,6365
2014/02/19,13418,6413.939394
2014/02/20,13300,6448.484848
2014/02/21,13232,6616.893939
2014/02/24,13460,6832.80303
2014/02/25,13390,6956.590909
2014/02/26,13280,6822.727273
2014/02/27,13100,6760.833333
2014/02/28,13259,6891.818182
2014/03/03,13105,6887.5
2014/03/04,13290,6886.060606
2014/03/05,13417,6801.136364
2014/03/06,13575,6922.045455
2014/03/07,13700,6845.757576
2014/03/10,13650,6726.287879
2014/03/11,13647,6835.681818
2014/03/12,13544,6657.19697
2014/03/13,13810,6749.318182
2014/03/14,13955,6785.30303
2014/03/17,14101,6793.939394
2014/03/18,14168,6642.80303
2014/03/19,14331,6631.287879
2014/03/20,14351,6606.818182
2014/03/24,14408,6448.484848
2014/03/25,14701,6721.969697
2014/03/26,15026,6916.287879
2014/03/27,14900,6887.5
2014/03/28,15125,6868.787879
2014/03/31,14900,6903.333333
2014/04/01,14900,6910.530303
2014/04/02,15023,6983.939394
2014/04/03,15000,7025.681818
2014/04/04,15210,7110.606061
2014/04/07,15300,7182.575758
2014/04/08,15528,7237.272727
2014/04/09,15500,7205.606061
2014/04/10,15500,7254.545455
2014/04/11,15300,7073.181818
2014/04/14,15130,7122.121212
2014/04/15,14962,7011.287879
2014/04/16,15070,7113.484848
2014/04/17,15454,7283.333333
2014/04/22,15310,7320.757576
2014/04/23,15200,7232.954545
2014/04/24,15213,7255.984848
2014/04/25,15400,7401.363636
2014/04/29,15350,7304.924242
2014/04/30,15400,7255.984848
2014/05/02,15425,7513.636364
2014/05/05,15200,7327.954545
2014/05/06,15199,7385.530303
2014/05/08,15300,7384.090909
2014/05/09,15400,7325.075758
2014/05/12,15655,7280.454545
2014/05/13,15650,7448.863636
2014/05/14,15598,7388.409091
2014/05/15,15500,7330.833333
2014/05/16,15500,7290.530303
2014/05/19,15500,7458.939394
2014/05/20,15500,7437.348485
2014/05/21,15595,7376.893939
2014/05/22,15646,7427.272727
2014/05/23,15850,7565.454545
2014/05/26,15754,7558.257576
2014/05/27,15540,7355.30303
2014/05/28,15600,7394.166667
2014/05/29,15490,7494.924242
2014/05/30,15410,7481.969697
2014/06/02,15300,7492.045455
2014/06/03,15300,7466.136364
2014/06/04,15450,7450.30303
2014/06/05,15800,7471.893939
2014/06/06,16021,7592.80303
2014/06/09,15875,7555.378788
2014/06/10,16269,7651.818182
2014/06/11,16440,7647.5
2014/06/12,16155,7644.621212
2014/06/13,16115,7520.833333
2014/06/17,16052,7618.712121
2014/06/18,15740,7513.636364
2014/06/19,16000,7611.515152
2014/06/20,16051,7702.19697
2014/06/23,16200,7644.621212
2014/06/24,16150,7650.378788
2014/06/25,16035,7556.818182
2014/06/26,15920,7556.818182
2014/06/27,15890,7556.818182
2014/06/30,16150,7569.772727
2014/07/01,16300,7591.363636
2014/07/02,16150,7611.515152
2014/07/03,16076,7533.787879
2014/07/04,15991,7572.651515
2014/07/07,16211,7592.80303
2014/07/08,16212,7621.590909
2014/07/09,16375,7718.030303
2014/07/10,16075,7600
2014/07/11,16499,7653.257576
2014/07/14,16470,7700.757576
2014/07/15,16650,7732.424242
2014/07/16,16705,7895.075758
2014/07/17,16650,7890.757576
2014/07/18,16700,7916.666667
2014/07/21,16615,7854.772727
2014/07/22,16660,8008.787879
2014/07/23,16794,8096.590909
2014/07/24,16887,8034.69697
2014/07/25,16900,8010.227273
2014/07/28,17120,8170
2014/07/29,17230,8229.015152
2014/07/30,16910,7982.878788
2014/07/31,16750,8037.575758
2014/08/01,16757,8007.348485
2014/08/04,16900,8272.19697
2014/08/05,17000,8247.727273
2014/08/06,16761,8010.227273
2014/08/07,16788,8003.030303
2014/08/08,16687,8031.818182
2014/08/11,16980,8250.606061
2014/08/12,17000,8164.242424
2014/08/13,16810,8240.530303
2014/08/14,16750,8227.575758
2014/08/15,16658,8082.19697
2014/08/18,16873,8103.787879
2014/08/19,16860,8172.878788
2014/08/20,16500,8057.727273
2014/08/21,16747,8191.590909
2014/08/22,16763,8121.060606
2014/08/25,16821,8148.409091
2014/08/26,17000,8239.090909
2014/08/27,16900,8145.530303
2014/08/28,16850,8181.515152
2014/08/29,16658,8057.727273
2014/09/01,16750,8135.454545
2014/09/02,16830,8319.69697
2014/09/03,17225,8385.909091
2014/09/04,17700,8541.363636
2014/09/05,17550,8508.257576
2014/09/08,17200,8594.621212
2014/09/09,16650,8393.106061
2014/09/10,16550,8341.287879
2014/09/11,16453,8322.575758
2014/09/12,16345,8257.80303
2014/09/15,16253,8146.969697
2014/09/16,16352,8270.757576
2014/09/17,16250,8347.045455
2014/09/18,16328,8439.166667
2014/09/19,16150,8424.772727
2014/09/22,15852,8157.045455
2014/09/23,15797,8072.121212
2014/09/25,15455,7923.863636
2014/09/26,15567,8170
2014/09/29,15545,8090.833333
2014/09/30,15413,8161.363636
2014/10/01,15480,8054.848485
2014/10/02,15400,7886.439394
2014/10/03,15479,8075
2014/10/06,15700,8053.409091
2014/10/07,15722,7952.651515
2014/10/08,15600,7882.121212
2014/10/09,15700,7925.30303
2014/10/10,15450,7745.378788
2014/10/13,15691,7844.69697
2014/10/14,15855,7978.560606
2014/10/15,15500,7778.484848
2014/10/16,15381,7838.939394
2014/10/17,15469,8010.227273
2014/10/20,15652,7933.939394
2014/10/21,15950,8151.287879
2014/10/22,15875,8086.515152
2014/10/23,15901,8027.5
2014/10/24,15950,8044.772727
2014/10/27,16211,8060.606061
2014/10/28,16410,8329.772727
2014/10/29,17100,8560.075758
2014/10/30,17100,8506.818182
2014/10/31,17416,8810.530303
2014/11/03,17537,8806.212121
2014/11/04,17272,8721.287879
2014/11/05,16884,8609.015152
2014/11/06,16890,8680.984848
2014/11/07,16900,8578.787879
2014/11/10,17310,8773.106061
2014/11/11,17500,8803.333333
2014/11/12,17501,8906.969697
2014/11/13,17728,8917.045455
2014/11/14,17630,8895.454545
2014/11/17,17599,8863.787879
2014/11/18,17799,8892.575758
2014/11/19,17900,8846.515152
2014/11/20,17609,8649.318182
2014/11/21,18150,9075.378788
2014/11/24,18282,9045.151515
2014/11/25,18100,8996.212121
2014/11/26,18068,8953.030303
2014/11/27,18039,9118.560606
2014/11/28,17840,9014.924242
2014/12/01,17505,8783.181818
2014/12/02,18000,8935.757576
2014/12/03,18175,8999.090909
2014/12/04,17751,8775.984848
2014/12/05,17950,8902.651515
2014/12/08,18150,8961.666667
2014/12/09,17850,8676.666667
2014/12/10,17723,8931.439394
2014/12/11,17200,8869.545455
2014/12/12,17313,8754.393939
2014/12/15,16954,8626.287879
2014/12/17,17011,8562.954545
2014/12/18,17800,9065.30303
2014/12/19,17739,9079.69697
2014/12/22,17769,9062.424242
2014/12/23,18126,9115.681818
2014/12/24,18000,9020.681818
2014/12/29,18273,9284.090909
2014/12/30,18093,9168.939394
2014/12/31,18200,9261.060606
2015/01/02,17989,9120
2015/01/05,17375,8672.348485
2015/01/06,17828,8932.878788
2015/01/07,18200,9096.969697
2015/01/08,18670,9155.984848
2015/01/09,18169,8986.136364
2015/01/12,17800,8809.090909
2015/01/13,18475,9147.348485
2015/01/14,18117,8866.666667
2015/01/15,18171,8919.924242
2015/01/16,18075,8791.818182
2015/01/19,18118,8801.893939
2015/01/20,18074,8837.878788
2015/01/21,18210,8780.30303
2015/01/22,18590,8894.015152
2015/01/23,18863,9042.272727
2015/01/26,19122,9166.060606
2015/01/27,19701,9286.969697
2015/01/28,19950,9445.30303
2015/01/29,19750,9263.939394
2015/01/30,19891,9538.863636
2015/02/02,18995,9406.439394
2015/02/03,19289,9471.212121
2015/02/04,18733,9337.348485
2015/02/05,18560,9397.80303
2015/02/06,19198,9514.393939
2015/02/09,18923,9533.106061
2015/02/10,18794,9505.757576
2015/02/11,18722,9439.545455
2015/02/12,18700,9694.318182
2015/02/13,18600,9724.545455
2015/02/16,18500,9783.560606
2015/02/17,18551,9717.348485
2015/02/18,18938,9721.666667
2015/02/19,19190,9551.818182
2015/02/20,19000,9606.515152
2015/02/23,19002,9763.409091
2015/02/24,18970,9931.818182
2015/02/25,19464,9923.181818
2015/02/26,19470,9927.5
2015/02/27,19273,9770.606061
2015/03/02,19050,9812.348485
2015/03/03,18425,9625.227273
2015/03/04,18700,9816.666667
2015/03/05,18612,9910.227273
2015/03/06,18227,10018.18182
2015/03/09,17791,9844.015152
2015/03/10,17490,9571.969697
2015/03/11,17380,9479.848485
2015/03/12,17600,9926.060606
2015/03/13,17400,9967.80303
2015/03/16,17895,10035.45455
2015/03/17,18032,9878.560606
2015/03/18,18110,9964.924242
2015/03/19,18423,9720.227273
2015/03/20,18000,9839.69697
2015/03/23,17907,9672.727273
2015/03/24,18655,9960.606061
2015/03/25,18355,9859.848485
2015/03/26,18340,9766.287879
2015/03/27,18300,9910.227273
2015/03/30,18540,10169.31818
2015/03/31,18500,10058.48485
2015/04/01,18993,10205.30303
2015/04/02,18967,10218.25758
2015/04/07,19100,10316.13636
2015/04/08,19450,10280.15152
2015/04/09,19170,10392.42424
2015/04/10,19120,10379.4697
2015/04/13,18450,10350.68182
2015/04/14,18501,10442.80303
2015/04/15,18311,10301.74242
2015/04/16,18450,10442.80303
2015/04/17,18470,10277.27273
2015/04/20,18501,10421.21212
2015/04/21,19050,10363.63636
2015/04/22,18956,10403.93939
2015/04/23,19075,10491.74242
2015/04/24,19000,10473.0303
2015/04/28,19200,10419.77273
2015/04/29,19099,10320.45455
2015/04/30,19058,10323.33333
2015/05/04,18761,10254.24242
2015/05/05,18930,10215.37879
2015/05/06,18800,10061.36364
2015/05/07,18408,9789.318182
2015/05/08,18622,9846.893939
2015/05/11,18300,9926.060606
2015/05/12,18290,9867.045455
2015/05/13,18100,9859.848485
2015/05/14,17851,9688.560606
2015/05/15,18580,9823.863636
2015/05/18,18675,9931.818182
2015/05/19,18509,10012.42424
2015/05/20,18410,9976.439394
2015/05/21,18250,9951.969697
2015/05/22,18210,9920.30303
2015/05/25,18276,9982.19697
2015/05/26,17854,9691.439394
2015/05/27,18249,9665.530303
2015/05/28,17825,9609.393939
2015/05/29,17573,9423.712121
2015/06/01,17775,9363.257576
2015/06/02,17870,9452.5
2015/06/03,17670,9238.030303
2015/06/04,17605,9249.545455
2015/06/05,17721,9262.5
2015/06/08,18000,9363.257576
2015/06/09,18000,9317.19697
2015/06/10,18158,9478.409091
2015/06/11,18348,9406.439394
2015/06/12,17962,9288.409091
2015/06/15,17727,9120
2015/06/17,17496,9033.636364
2015/06/18,17707,9032.19697
2015/06/19,17384,9068.181818
2015/06/22,17794,9331.590909
2015/06/23,18026,9512.954545
2015/06/24,18000,9456.818182
2015/06/25,18200,9643.939394
2015/06/26,18079,9564.772727
2015/06/29,17734,9436.666667
2015/06/30,18298,9564.772727
2015/07/01,18119,9406.439394
2015/07/02,18208,9512.954545
2015/07/03,18280,9471.212121
2015/07/06,18277,9341.666667
2015/07/07,17886,9063.863636
2015/07/08,18200,9223.636364
2015/07/09,18550,9507.19697
2015/07/10,18859,9596.439394
2015/07/13,18843,9779.242424
2015/07/14,18825,9750.454545
2015/07/15,18690,9786.439394
2015/07/16,18762,9874.242424
2015/07/17,18737,9956.287879
2015/07/20,18920,9976.439394
2015/07/21,19153,9895.833333
2015/07/22,18823,9747.575758
2015/07/23,18969,9898.712121
2015/07/24,18734,9702.954545
2015/07/27,18813,9571.969697
2015/07/28,18690,9635.30303
2015/07/29,18328,9787.878788
2015/07/30,18430,9622.348485
2015/07/31,18619,9838.257576
2015/08/03,18436,9756.212121
2015/08/04,18955,10165
2015/08/05,18843,10231.21212
2015/08/06,18433,10169.31818
2015/08/07,18500,10185.15152
2015/08/11,18500,10236.9697
2015/08/12,17938,9658.333333
2015/08/13,18100,9820.984848
2015/08/14,17893,9736.060606
2015/08/17,18034,9464.015152
2015/08/18,17848,9633.863636
2015/08/19,17630,9487.045455
2015/08/20,17410,9285.530303
2015/08/21,17372,9256.742424
2015/08/24,16922,8971.742424
2015/08/25,17457,9563.333333
2015/08/26,16930,9452.5
2015/08/27,17271,9344.545455
2015/08/28,17441,9702.954545
2015/08/31,17376,9665.530303
2015/09/01,17023,9286.969697
2015/09/02,17275,9550.378788
2015/09/03,17600,9741.818182
2015/09/04,17498,9278.333333
2015/09/07,16600,9069.621212
2015/09/08,16901,9262.5
2015/09/09,17100,9299.924242
2015/09/10,17001,9291.287879
2015/09/11,17041,9112.80303
2015/09/14,17150,9469.772727
2015/09/15,16950,9540.30303
2015/09/16,17310,9616.590909
2015/09/17,17675,9852.651515
2015/09/18,17700,9766.287879
2015/09/21,17300,9757.651515
2015/09/22,17232,9799.393939
2015/09/23,17160,9776.363636
2015/09/25,17128,9655.454545
2015/09/28,16705,9312.878788
2015/09/29,16900,9331.590909
2015/09/30,17020,9488.484848
2015/10/01,17262,9819.545455
2015/10/02,17350,9750.454545
2015/10/05,17842,9744.69697
2015/10/06,17785,9779.242424
2015/10/07,17900,9975
2015/10/08,17500,9759.090909
2015/10/09,17700,9828.181818
2015/10/12,17500,9710.151515
2015/10/13,17377,9652.575758
2015/10/14,17331,9583.484848
2015/10/15,17267,9557.575758
2015/10/16,17418,9520.151515
2015/10/19,17833,9753.333333
2015/10/20,17666,9567.651515
2015/10/21,17460,9514.393939
2015/10/22,17410,9609.393939
2015/10/23,17758,9593.560606
2015/10/26,17890,9707.272727
2015/10/27,17640,9643.939394
2015/10/28,17945,9708.712121
2015/10/29,17712,9626.666667
2015/10/30,17760,9713.030303
2015/11/02,17776,9793.636364
2015/11/03,17691,9682.80303
2015/11/04,17953,9744.69697
2015/11/05,17925,9704.393939
2015/11/06,17583,9571.969697
2015/11/09,17499,9534.545455
2015/11/10,17200,9389.166667
2015/11/11,17000,9333.030303
2015/11/12,16577,9022.121212
2015/11/13,16310,8788.939394
2015/11/16,16400,8780.30303
2015/11/17,16803,8953.030303
2015/11/18,16392,8853.712121
2015/11/19,17091,9107.045455
2015/11/20,17289,9263.939394
2015/11/23,17014,9212.121212
