Date,Brait,SASFIN
2004/05/12,695,1000
2004/05/13,695,1000
2004/05/14,690,1000
2004/05/17,700,990
2004/05/18,686,990
2004/05/19,685,980
2004/05/20,690,980
2004/05/21,690,990
2004/05/24,690,990
2004/05/25,685,1015
2004/05/26,685,1010
2004/05/27,685,1019
2004/05/28,685,1019
2004/05/31,690,1019
2004/06/01,680,1019
2004/06/02,680,1019
2004/06/03,685,1019
2004/06/04,685,1050
2004/06/07,701,1050
2004/06/08,715,1050
2004/06/09,740,1095
2004/06/10,754,1095
2004/06/11,760,1095
2004/06/14,745,1095
2004/06/15,717,1095
2004/06/17,716,1080
2004/06/18,720,1080
2004/06/21,720,1080
2004/06/22,725,1075
2004/06/23,711,1070
2004/06/24,720,1070
2004/06/25,710,1070
2004/06/28,710,1070
2004/06/29,720,1070
2004/06/30,720,1070
2004/07/01,720,1070
2004/07/02,750,1070
2004/07/05,740,1060
2004/07/06,725,1060
2004/07/07,725,1080
2004/07/08,730,1090
2004/07/09,730,1090
2004/07/12,728,1105
2004/07/13,730,1105
2004/07/14,730,1105
2004/07/15,725,1105
2004/07/16,720,1105
2004/07/19,720,1075
2004/07/20,720,1105
2004/07/21,718,1100
2004/07/22,718,1100
2004/07/23,715,1100
2004/07/26,705,1100
2004/07/27,701,1115
2004/07/28,720,1115
2004/07/29,720,1150
2004/07/30,720,1150
2004/08/02,716,1150
2004/08/03,720,1200
2004/08/04,718,1200
2004/08/05,700,1200
2004/08/06,700,1200
2004/08/10,690,1170
2004/08/11,689,1230
2004/08/12,700,1225
2004/08/13,700,1250
2004/08/16,700,1250
2004/08/17,700,1250
2004/08/18,700,1250
2004/08/19,700,1250
2004/08/20,718,1250
2004/08/23,704,1250
2004/08/24,700,1275
2004/08/25,706,1275
2004/08/26,706,1270
2004/08/27,720,1275
2004/08/30,730,1275
2004/08/31,720,1275
2004/09/01,730,1276
2004/09/02,728,1276
2004/09/03,728,1276
2004/09/06,730,1420
2004/09/07,730,1449
2004/09/08,730,1450
2004/09/09,735,1420
2004/09/10,740,1430
2004/09/13,770,1420
2004/09/14,780,1450
2004/09/15,770,1475
2004/09/16,770,1490
2004/09/17,770,1495
2004/09/20,755,1520
2004/09/21,745,1510
2004/09/22,750,1520
2004/09/23,750,1520
2004/09/27,750,1500
2004/09/28,755,1500
2004/09/29,755,1500
2004/09/30,754,1500
2004/10/01,760,1470
2004/10/04,785,1500
2004/10/05,765,1480
2004/10/06,765,1500
2004/10/07,769,1500
2004/10/08,760,1500
2004/10/11,750,1521
2004/10/12,753,1520
2004/10/13,780,1515
2004/10/14,770,1500
2004/10/15,770,1500
2004/10/18,775,1500
2004/10/19,780,1500
2004/10/20,775,1515
2004/10/21,800,1530
2004/10/22,800,1555
2004/10/25,795,1580
2004/10/26,795,1580
2004/10/27,800,1580
2004/10/28,815,1615
2004/10/29,830,1630
2004/11/01,855,1651
2004/11/02,855,1700
2004/11/03,855,1700
2004/11/04,870,1720
2004/11/05,885,1705
2004/11/08,900,1580
2004/11/09,945,1600
2004/11/10,940,1600
2004/11/11,950,1610
2004/11/12,970,1640
2004/11/15,995,1680
2004/11/16,995,1685
2004/11/17,960,1710
2004/11/18,960,1710
2004/11/19,950,1710
2004/11/22,950,1710
2004/11/23,970,1710
2004/11/24,970,1710
2004/11/25,970,1710
2004/11/26,965,1700
2004/11/29,970,1685
2004/11/30,960,1680
2004/12/01,980,1720
2004/12/02,970,1730
2004/12/03,955,1730
2004/12/06,930,1730
2004/12/07,925,1720
2004/12/08,930,1730
2004/12/09,925,1750
2004/12/10,925,1750
2004/12/13,933,1700
2004/12/14,933,1760
2004/12/15,930,1762
2004/12/17,930,1780
2004/12/20,926,1800
2004/12/21,926,1950
2004/12/22,945,1950
2004/12/23,950,2000
2004/12/24,960,2000
2004/12/28,960,2000
2004/12/29,970,2100
2004/12/30,960,2200
2004/12/31,965,2200
2005/01/03,975,2100
2005/01/04,1000,2110
2005/01/05,1000,2060
2005/01/06,1019,2060
2005/01/07,1019,2060
2005/01/10,1014,2060
2005/01/11,1015,2000
2005/01/12,1040,1975
2005/01/13,1051,1975
2005/01/14,1075,1990
2005/01/17,1130,1990
2005/01/18,1100,1990
2005/01/19,1115,1921
2005/01/20,1130,1990
2005/01/21,1100,1950
2005/01/24,1100,1990
2005/01/25,1130,1990
2005/01/26,1115,1990
2005/01/27,1120,1989
2005/01/28,1115,1982
2005/01/31,1133,1982
2005/02/01,1140,2000
2005/02/02,1160,2000
2005/02/03,1160,2000
2005/02/04,1200,2000
2005/02/07,1190,2000
2005/02/08,1189,2000
2005/02/09,1180,2000
2005/02/10,1165,2000
2005/02/11,1175,2000
2005/02/14,1176,2000
2005/02/15,1200,2000
2005/02/16,1195,1985
2005/02/17,1150,2000
2005/02/18,1162,2000
2005/02/21,1170,2001
2005/02/22,1200,2001
2005/02/23,1201,2025
2005/02/24,1229,2025
2005/02/25,1229,2025
2005/02/28,1222,2050
2005/03/01,1225,2025
2005/03/02,1228,2000
2005/03/03,1230,1995
2005/03/04,1235,2000
2005/03/07,1230,1995
2005/03/08,1200,1970
2005/03/09,1200,1950
2005/03/10,1200,1955
2005/03/11,1200,1940
2005/03/14,1230,1950
2005/03/15,1220,1950
2005/03/16,1225,1961
2005/03/17,1240,1940
2005/03/18,1238,1940
2005/03/22,1192,1935
2005/03/23,1215,1915
2005/03/24,1210,1900
2005/03/29,1200,1880
2005/03/30,1180,1880
2005/03/31,1170,1880
2005/04/01,1248,1870
2005/04/04,1235,1870
2005/04/05,1300,1880
2005/04/06,1300,1860
2005/04/07,1320,1880
2005/04/08,1310,1925
2005/04/11,1310,1925
2005/04/12,1280,1880
2005/04/13,1280,1890
2005/04/14,1300,1899
2005/04/15,1290,1875
2005/04/18,1250,1875
2005/04/19,1275,1850
2005/04/20,1270,1850
2005/04/21,1212,1850
2005/04/22,1240,1850
2005/04/25,1240,1800
2005/04/26,1235,1790
2005/04/28,1190,1790
2005/04/29,1220,1790
2005/05/03,1240,1790
2005/05/04,1235,1790
2005/05/05,1250,1750
2005/05/06,1240,1760
2005/05/09,1250,1800
2005/05/10,1265,1840
2005/05/11,1310,1840
2005/05/12,1300,1830
2005/05/13,1270,1850
2005/05/16,1290,1850
2005/05/17,1299,1850
2005/05/18,1300,1880
2005/05/19,1310,1880
2005/05/20,1300,1880
2005/05/23,1310,1880
2005/05/24,1312,1880
2005/05/25,1312,1850
2005/05/26,1315,1830
2005/05/27,1420,1840
2005/05/30,1400,1850
2005/05/31,1372,1850
2005/06/01,1359,2000
2005/06/02,1375,1950
2005/06/03,1400,2000
2005/06/06,1390,2011
2005/06/07,1350,2011
2005/06/08,1360,2035
2005/06/09,1320,2052
2005/06/10,1307,2100
2005/06/13,1325,2100
2005/06/14,1330,2100
2005/06/15,1330,2090
2005/06/17,1350,2090
2005/06/20,1340,2035
2005/06/21,1345,1900
2005/06/22,1345,1900
2005/06/23,1345,2020
2005/06/24,1320,2000
2005/06/27,1320,2000
2005/06/28,1325,2000
2005/06/29,1330,2000
2005/06/30,1350,2000
2005/07/01,1320,1975
2005/07/04,1310,1975
2005/07/05,1300,1920
2005/07/06,1320,1925
2005/07/07,1330,1930
2005/07/08,1345,1930
2005/07/11,1355,1995
2005/07/12,1375,1995
2005/07/13,1405,1980
2005/07/14,1420,2000
2005/07/15,1440,2025
2005/07/18,1448,2030
2005/07/19,1465,2100
2005/07/20,1490,2102
2005/07/21,1510,2200
2005/07/22,1515,2320
2005/07/25,1521,2475
2005/07/26,1550,2450
2005/07/27,1570,2470
2005/07/28,1560,2470
2005/07/29,1583,2450
2005/08/01,1610,2450
2005/08/02,1700,2450
2005/08/03,1649,2500
2005/08/04,1700,2550
2005/08/05,1699,2560
2005/08/08,1730,2600
2005/08/10,1750,2600
2005/08/11,1759,2600
2005/08/12,1801,2575
2005/08/15,1830,2560
2005/08/16,1828,2560
2005/08/17,1790,2550
2005/08/18,1800,2500
2005/08/19,1800,2544
2005/08/22,1840,2549
2005/08/23,1850,2549
2005/08/24,1840,2549
2005/08/25,1830,2511
2005/08/26,1812,2510
2005/08/29,1790,2510
2005/08/30,1750,2510
2005/08/31,1780,2510
2005/09/01,1799,2510
2005/09/02,1825,2510
2005/09/05,1790,2510
2005/09/06,1824,2550
2005/09/07,1825,2650
2005/09/08,1810,2750
2005/09/09,1820,2730
2005/09/12,1820,2700
2005/09/13,1870,2725
2005/09/14,1860,2730
2005/09/15,1875,2750
2005/09/16,1880,2750
2005/09/19,1870,2750
2005/09/20,1840,2800
2005/09/21,1840,2800
2005/09/22,1806,2790
2005/09/23,1760,2700
2005/09/26,1765,2700
2005/09/27,1750,2790
2005/09/28,1775,2800
2005/09/29,1780,2845
2005/09/30,1840,2841
2005/10/03,1875,2845
2005/10/04,1941,2800
2005/10/05,1935,2700
2005/10/06,1880,2695
2005/10/07,1900,2685
2005/10/10,1870,2620
2005/10/11,1865,2620
2005/10/12,1830,2650
2005/10/13,1779,2650
2005/10/14,1750,2540
2005/10/17,1745,2535
2005/10/18,1737,2500
2005/10/19,1700,2400
2005/10/20,1680,2500
2005/10/21,1710,2500
2005/10/24,1660,2600
2005/10/25,1750,2550
2005/10/26,1770,2595
2005/10/27,1800,2501
2005/10/28,1800,2500
2005/10/31,1840,2595
2005/11/01,1830,2600
2005/11/02,1830,2600
2005/11/03,1900,2600
2005/11/04,1885,2551
2005/11/07,1893,2600
2005/11/08,1851,2600
2005/11/09,1786,2570
2005/11/10,1870,2580
2005/11/11,1890,2600
2005/11/14,1825,2600
2005/11/15,1840,2625
2005/11/16,1850,2625
2005/11/17,1840,2625
2005/11/18,1840,2650
2005/11/21,1830,2600
2005/11/22,1800,2600
2005/11/23,1820,2600
2005/11/24,1800,2575
2005/11/25,1860,2600
2005/11/28,1855,2600
2005/11/29,1815,2600
2005/11/30,1805,2600
2005/12/01,1820,2600
2005/12/02,1850,2600
2005/12/05,1870,2600
2005/12/06,1870,2600
2005/12/07,1870,2600
2005/12/08,1873,2625
2005/12/09,1881,2650
2005/12/12,1885,2650
2005/12/13,1880,2650
2005/12/14,1880,2700
2005/12/15,1880,2805
2005/12/19,1890,2835
2005/12/20,1860,2840
2005/12/21,1870,2850
2005/12/22,1873,2920
2005/12/23,1880,2930
2005/12/27,1880,2930
2005/12/28,1902,2930
2005/12/29,1940,2950
2005/12/30,1949,2940
2006/01/03,1990,3000
2006/01/04,2030,3025
2006/01/05,2040,3075
2006/01/06,2050,3099
2006/01/09,2120,3150
2006/01/10,2146,3200
2006/01/11,2210,3210
2006/01/12,2280,3215
2006/01/13,2280,3250
2006/01/16,2270,3300
2006/01/17,2320,3300
2006/01/18,2307,3275
2006/01/19,2395,3350
2006/01/20,2390,3550
2006/01/23,2375,3450
2006/01/24,2385,3600
2006/01/25,2379,3700
2006/01/26,2375,3700
2006/01/27,2350,3685
2006/01/30,2310,3685
2006/01/31,2252,3590
2006/02/01,2280,3600
2006/02/02,2310,3640
2006/02/03,2300,3640
2006/02/06,2270,3640
2006/02/07,2300,3500
2006/02/08,2300,3340
2006/02/09,2275,3440
2006/02/10,2270,3410
2006/02/13,2230,3410
2006/02/14,2250,3410
2006/02/15,2260,3410
2006/02/16,2280,3390
2006/02/17,2340,3450
2006/02/20,2345,3645
2006/02/21,2300,3611
2006/02/22,2300,3611
2006/02/23,2360,3740
2006/02/24,2380,3700
2006/02/27,2400,3700
2006/02/28,2301,3700
2006/03/02,2350,3700
2006/03/03,2355,3645
2006/03/06,2350,3645
2006/03/07,2390,3390
2006/03/08,2300,3500
2006/03/09,2200,3500
2006/03/10,2250,3500
2006/03/13,2325,3425
2006/03/14,2350,3430
2006/03/15,2380,3430
2006/03/16,2400,3400
2006/03/17,2505,3400
2006/03/20,2575,3500
2006/03/22,2610,3550
2006/03/23,2625,3650
2006/03/24,2550,3650
2006/03/27,2550,3650
2006/03/28,2450,3650
2006/03/29,2500,3525
2006/03/30,2513,3599
2006/03/31,2500,3550
2006/04/03,2500,3500
2006/04/04,2450,3550
2006/04/05,2440,3550
2006/04/06,2400,3400
2006/04/07,2399,3400
2006/04/10,2360,3405
2006/04/11,2350,3420
2006/04/12,2363,3415
2006/04/13,2390,3399
2006/04/18,2401,3340
2006/04/19,2450,3300
2006/04/20,2500,3350
2006/04/21,2475,3300
2006/04/24,2475,3325
2006/04/25,2500,3310
2006/04/26,2500,3315
2006/04/28,2499,3600
2006/05/02,2498,3650
2006/05/03,2500,3650
2006/05/04,2520,3650
2006/05/05,2580,3700
2006/05/08,2550,3750
2006/05/09,2650,4000
2006/05/10,2650,3795
2006/05/11,2685,3700
2006/05/12,2575,3650
2006/05/15,2470,3550
2006/05/16,2525,3550
2006/05/17,2500,3600
2006/05/18,2490,3500
2006/05/19,2460,3515
2006/05/22,2371,3500
2006/05/23,2480,3455
2006/05/24,2500,3500
2006/05/25,2480,3455
2006/05/26,2500,3460
2006/05/29,2550,3500
2006/05/30,2552,3485
2006/05/31,2520,3450
2006/06/01,2525,3400
2006/06/02,2480,3400
2006/06/05,2470,3350
2006/06/06,2401,3350
2006/06/07,2320,3258
2006/06/08,2300,3085
2006/06/09,2200,3100
2006/06/12,2200,3100
2006/06/13,2100,2900
2006/06/14,2090,3030
2006/06/15,2100,3180
2006/06/19,2150,3180
2006/06/20,2100,3180
2006/06/21,2160,3170
2006/06/22,2150,3100
2006/06/23,2149,2850
2006/06/26,2089,2850
2006/06/27,2099,3000
2006/06/28,2050,3100
2006/06/29,2123,3100
2006/06/30,2150,3200
2006/07/03,2150,3100
2006/07/04,2149,3100
2006/07/05,2050,3150
2006/07/06,2040,3150
2006/07/07,2100,3300
2006/07/10,2110,3300
2006/07/11,2100,3300
2006/07/12,2070,3300
2006/07/13,2050,3299
2006/07/14,2050,3299
2006/07/17,2040,3250
2006/07/18,2032,3190
2006/07/19,2050,3190
2006/07/20,2051,3190
2006/07/21,2060,3190
2006/07/24,2060,3190
2006/07/25,2166,3190
2006/07/26,2219,3120
2006/07/27,2180,3138
2006/07/28,2190,3145
2006/07/31,2200,3200
2006/08/01,2195,3190
2006/08/02,2185,3190
2006/08/03,2185,3200
2006/08/04,2050,3300
2006/08/07,2039,3150
2006/08/08,2000,3151
2006/08/10,2020,3200
2006/08/11,2070,3200
2006/08/14,2135,3199
2006/08/15,2130,3190
2006/08/16,2086,3180
2006/08/17,2097,3180
2006/08/18,2100,3200
2006/08/21,2135,3206
2006/08/22,2125,3299
2006/08/23,2100,3300
2006/08/24,2105,3300
2006/08/25,2100,3500
2006/08/28,2106,3500
2006/08/29,2125,3500
2006/08/30,2110,3500
2006/08/31,2175,3489
2006/09/01,2210,3489
2006/09/04,2300,3400
2006/09/05,2290,3400
2006/09/06,2270,3400
2006/09/07,2200,3400
2006/09/08,2175,3400
2006/09/11,2100,3450
2006/09/12,2080,3380
2006/09/13,2080,3300
2006/09/14,2060,3325
2006/09/15,2100,3329
2006/09/18,2130,3340
2006/09/19,2121,3305
2006/09/20,2106,3305
2006/09/21,2121,3325
2006/09/22,2125,3320
2006/09/26,2130,3340
2006/09/27,2100,3340
2006/09/28,2100,3330
2006/09/29,2125,3360
2006/10/02,2115,3335
2006/10/03,2075,3310
2006/10/04,2100,3200
2006/10/05,2110,3199
2006/10/06,2100,3199
2006/10/09,2100,3150
2006/10/10,2194,3200
2006/10/11,2165,3153
2006/10/12,2176,3153
2006/10/13,2165,3200
2006/10/16,2165,3110
2006/10/17,2180,3180
2006/10/18,2185,3197
2006/10/19,2285,3197
2006/10/20,2287,3200
2006/10/23,2270,3200
2006/10/24,2320,3200
2006/10/25,2320,3200
2006/10/26,2319,3200
2006/10/27,2300,3200
2006/10/30,2280,3225
2006/10/31,2300,3225
2006/11/01,2310,3250
2006/11/02,2395,3250
2006/11/03,2310,3300
2006/11/06,2286,3400
2006/11/07,2297,3400
2006/11/08,2300,3400
2006/11/09,2285,3310
2006/11/10,2330,3310
2006/11/13,2365,3310
2006/11/14,2345,3310
2006/11/15,2380,3250
2006/11/16,2380,3250
2006/11/17,2380,3250
2006/11/20,2300,3200
2006/11/21,2300,3246
2006/11/22,2310,3246
2006/11/23,2310,3250
2006/11/24,2350,3300
2006/11/27,2390,3350
2006/11/28,2375,3301
2006/11/29,2399,3350
2006/11/30,2405,3350
2006/12/01,2400,3250
2006/12/04,2375,3300
2006/12/05,2400,3325
2006/12/06,2435,3350
2006/12/07,2425,3350
2006/12/08,2410,3375
2006/12/11,2390,3375
2006/12/12,2380,3395
2006/12/13,2390,3365
2006/12/14,2370,3400
2006/12/15,2400,3450
2006/12/18,2400,3501
2006/12/19,2405,3525
2006/12/20,2460,3525
2006/12/21,2450,3551
2006/12/22,2475,3570
2006/12/27,2499,3550
2006/12/28,2525,3580
2006/12/29,2550,3600
2007/01/02,2545,3605
2007/01/03,2515,3605
2007/01/04,2500,3600
2007/01/05,2515,3625
2007/01/09,2606,3700
2007/01/10,2650,3950
2007/01/11,2705,4000
2007/01/12,2800,4025
2007/01/15,2855,4050
2007/01/16,2935,4100
2007/01/17,2900,4010
2007/01/18,2930,3999
2007/01/19,2905,4000
2007/01/22,2900,4150
2007/01/23,2929,4150
2007/01/24,2910,4125
2007/01/25,2930,4000
2007/01/26,2930,4200
2007/01/29,2920,4100
2007/01/30,2930,4200
2007/01/31,2970,4350
2007/02/01,3100,4400
2007/02/02,3170,4500
2007/02/05,3070,4550
2007/02/06,3150,4550
2007/02/07,3120,4580
2007/02/08,3060,4550
2007/02/09,3030,4550
2007/02/12,2970,4625
2007/02/13,2900,4630
2007/02/14,2950,4659
2007/02/15,2900,4605
2007/02/16,2890,4600
2007/02/19,2885,4600
2007/02/20,2875,4450
2007/02/21,2884,4450
2007/02/22,2900,4500
2007/02/23,2885,4490
2007/02/26,2860,4425
2007/02/27,2730,4410
2007/02/28,2671,4370
2007/03/01,2700,4180
2007/03/02,2650,4100
2007/03/05,2615,4000
2007/03/06,2700,4025
2007/03/07,2650,4150
2007/03/08,2675,4166
2007/03/09,2650,4200
2007/03/12,2710,4220
2007/03/13,2720,4300
2007/03/14,2670,4300
2007/03/15,2690,4300
2007/03/16,2690,4300
2007/03/19,2690,4300
2007/03/20,2680,4300
2007/03/22,2715,4300
2007/03/23,2798,4300
2007/03/26,2800,4300
2007/03/27,2820,4250
2007/03/28,2800,4300
2007/03/29,2888,4350
2007/03/30,2920,4350
2007/04/02,2950,4400
2007/04/03,2965,4400
2007/04/04,2975,4413
2007/04/05,3006,4425
2007/04/10,3000,4500
2007/04/11,3030,4499
2007/04/12,3001,4499
2007/04/13,3000,4500
2007/04/16,3005,4500
2007/04/17,3016,4500
2007/04/18,3030,4400
2007/04/19,3090,4400
2007/04/20,3021,4400
2007/04/23,3030,4405
2007/04/24,3030,4548
2007/04/25,3060,4548
2007/04/26,3075,4500
2007/04/30,3100,4500
2007/05/02,3150,4502
2007/05/03,3250,4500
2007/05/04,3249,4620
2007/05/07,3200,4799
2007/05/08,3170,4950
2007/05/09,3100,4950
2007/05/10,3100,5000
2007/05/11,3075,4600
2007/05/14,3100,4700
2007/05/15,3076,4700
2007/05/16,3050,4660
2007/05/17,3000,4660
2007/05/18,3050,4660
2007/05/21,3065,4660
2007/05/22,3065,4900
2007/05/23,3060,4900
2007/05/24,3080,4711
2007/05/25,3050,5000
2007/05/28,3115,4800
2007/05/29,3140,4800
2007/05/30,3200,4890
2007/05/31,3220,4895
2007/06/01,3220,4900
2007/06/04,3099,4900
2007/06/05,3060,4900
2007/06/06,3150,4900
2007/06/07,3149,4900
2007/06/08,3050,4900
2007/06/11,3099,4900
2007/06/12,3100,4900
2007/06/13,3055,5000
2007/06/14,3055,5000
2007/06/15,3050,5000
2007/06/18,3070,5000
2007/06/19,3100,5000
2007/06/20,3078,4801
2007/06/21,3070,4890
2007/06/22,3050,4880
2007/06/25,3050,4925
2007/06/26,3020,4925
2007/06/27,3030,4825
2007/06/28,3000,4800
2007/06/29,3030,4810
2007/07/02,3000,4830
2007/07/03,3020,4830
2007/07/04,3020,4900
2007/07/05,3000,5000
2007/07/06,2980,5000
2007/07/09,2980,5000
2007/07/10,2995,5000
2007/07/11,2950,5000
2007/07/12,2950,4760
2007/07/13,2925,5000
2007/07/16,2920,5000
2007/07/17,2874,4750
2007/07/18,2799,4730
2007/07/19,2800,4730
2007/07/20,2820,4730
2007/07/23,2820,4900
2007/07/24,2800,4800
2007/07/25,2750,4775
2007/07/26,2675,4775
2007/07/27,2700,4755
2007/07/30,2650,4755
2007/07/31,2700,5000
2007/08/01,2675,4900
2007/08/02,2750,4910
2007/08/03,2700,4915
2007/08/06,2610,5000
2007/08/07,2630,5000
2007/08/08,2651,5000
2007/08/10,2580,4940
2007/08/13,2590,4950
2007/08/14,2570,4950
2007/08/15,2490,4900
2007/08/16,2400,4850
2007/08/17,2400,4850
2007/08/20,2390,4890
2007/08/21,2380,4900
2007/08/22,2380,5000
2007/08/23,2440,5000
2007/08/24,2411,5050
2007/08/27,2455,5050
2007/08/28,2475,5050
2007/08/29,2570,5050
2007/08/30,2625,5100
2007/08/31,2650,5210
2007/09/03,2560,5500
2007/09/04,2538,5700
2007/09/05,2490,5700
2007/09/06,2491,5700
2007/09/07,2530,5750
2007/09/10,2600,5750
2007/09/11,2589,5400
2007/09/12,2530,5500
2007/09/13,2475,5500
2007/09/14,2515,5500
2007/09/17,2520,5415
2007/09/18,2550,5400
2007/09/19,2550,5400
2007/09/20,2580,5400
2007/09/21,2525,5500
2007/09/25,2510,5300
2007/09/26,2525,5450
2007/09/27,2550,5310
2007/09/28,2575,5300
2007/10/01,2575,5200
2007/10/02,2650,5200
2007/10/03,2750,5208
2007/10/04,2700,5320
2007/10/05,2720,5300
2007/10/08,2800,5300
2007/10/09,2775,5380
2007/10/10,2850,5400
2007/10/11,2830,5400
2007/10/12,2800,5300
2007/10/15,2830,5300
2007/10/16,2830,5300
2007/10/17,2848,5300
2007/10/18,2860,5300
2007/10/19,2860,5300
2007/10/22,2749,5190
2007/10/23,2820,5300
2007/10/24,2840,5210
2007/10/25,2840,5300
2007/10/26,2950,5350
2007/10/29,2875,5400
2007/10/30,2875,5400
2007/10/31,2860,5350
2007/11/01,2850,5400
2007/11/02,2831,5400
2007/11/05,2900,5400
2007/11/06,2900,5450
2007/11/07,2900,5450
2007/11/08,2895,5400
2007/11/09,2900,5450
2007/11/12,2900,5400
2007/11/13,2900,5450
2007/11/14,2900,5450
2007/11/15,2900,5450
2007/11/16,2890,5400
2007/11/19,2900,5400
2007/11/20,2880,5400
2007/11/21,2860,5400
2007/11/22,2820,5400
2007/11/23,2800,5400
2007/11/26,2790,5485
2007/11/27,2770,5485
2007/11/28,2770,5550
2007/11/29,2771,5550
2007/11/30,2771,5550
2007/12/03,2685,5550
2007/12/04,2625,5600
2007/12/05,2700,5600
2007/12/06,2700,5784
2007/12/07,2700,5784
2007/12/10,2710,5780
2007/12/11,2700,5805
2007/12/12,2700,5805
2007/12/13,2625,5805
2007/12/14,2575,5705
2007/12/18,2595,5705
2007/12/19,2565,5500
2007/12/20,2565,5510
2007/12/21,2515,5500
2007/12/24,2515,5600
2007/12/27,2600,5600
2007/12/28,2600,5601
2007/12/31,2600,5600
2008/01/02,2620,5600
2008/01/03,2620,5500
2008/01/04,2600,5400
2008/01/07,2600,5300
2008/01/08,2600,5400
2008/01/09,2585,5300
2008/01/10,2538,5100
2008/01/11,2400,4900
2008/01/14,2400,4899
2008/01/15,2450,4800
2008/01/16,2450,4600
2008/01/17,2400,4800
2008/01/18,2325,4800
2008/01/21,2192,4300
2008/01/22,2299,4250
2008/01/23,2200,4350
2008/01/24,2200,4350
2008/01/25,2230,4350
2008/01/28,2100,4290
2008/01/29,2090,4200
2008/01/30,2025,4150
2008/01/31,1940,4150
2008/02/01,2075,4150
2008/02/04,2100,4150
2008/02/05,2139,4050
2008/02/06,2121,4000
2008/02/07,2120,4100
2008/02/08,2129,4100
2008/02/11,2100,4295
2008/02/12,2070,4220
2008/02/13,2030,4220
2008/02/14,2070,4220
2008/02/15,2080,4220
2008/02/18,2054,4500
2008/02/19,2000,4710
2008/02/20,1950,4600
2008/02/21,1951,4600
2008/02/22,1950,4600
2008/02/25,1950,4600
2008/02/26,2050,4585
2008/02/27,2170,4600
2008/02/28,2150,4600
2008/02/29,2150,4700
2008/03/03,2170,4700
2008/03/04,2160,4751
2008/03/05,2135,4800
2008/03/06,2141,4810
2008/03/07,2099,4800
2008/03/10,2078,4800
2008/03/11,2090,4750
2008/03/12,2090,4750
2008/03/13,2180,4800
2008/03/14,2180,4800
2008/03/17,2100,4800
2008/03/18,2200,4790
2008/03/19,2225,4650
2008/03/20,2150,4700
2008/03/25,2150,4798
2008/03/26,2150,4784
2008/03/27,2100,4500
2008/03/28,2150,4500
2008/03/31,2125,4500
2008/04/01,2090,4490
2008/04/02,2125,4320
2008/04/03,2125,4350
2008/04/04,2080,4348
2008/04/07,2080,4400
2008/04/08,2125,4260
2008/04/09,2130,4400
2008/04/10,2110,4400
2008/04/11,2120,4400
2008/04/14,2100,4400
2008/04/15,2145,4200
2008/04/16,2150,4200
2008/04/17,2101,4200
2008/04/18,2150,4200
2008/04/21,2150,4200
2008/04/22,2100,4199
2008/04/23,2100,4190
2008/04/24,2080,4190
2008/04/25,2090,4080
2008/04/29,2025,4000
2008/04/30,2000,4000
2008/05/05,2100,4000
2008/05/06,2080,3999
2008/05/07,2078,3999
2008/05/08,2050,3979
2008/05/09,2090,3979
2008/05/12,2090,3950
2008/05/13,2100,3925
2008/05/14,2100,3875
2008/05/15,2153,3800
2008/05/16,2150,3820
2008/05/19,2150,3840
2008/05/20,2150,3800
2008/05/21,2100,3820
2008/05/22,2150,3800
2008/05/23,2150,3749
2008/05/26,2100,3750
2008/05/27,2115,3750
2008/05/28,2101,3725
2008/05/29,2130,3650
2008/05/30,2150,3500
2008/06/02,2150,3500
2008/06/03,2140,3250
2008/06/04,2090,3200
2008/06/05,2075,3000
2008/06/06,2075,2900
2008/06/09,2049,2756
2008/06/10,2075,2750
2008/06/11,2150,2775
2008/06/12,2120,2875
2008/06/13,2100,2886
2008/06/17,2140,2800
2008/06/18,2140,2650
2008/06/19,2100,2650
2008/06/20,2105,2650
2008/06/23,2100,2700
2008/06/24,2117,2675
2008/06/25,2100,2645
2008/06/26,2080,2650
2008/06/27,2010,2635
2008/06/30,2010,2639
2008/07/01,1960,2638
2008/07/02,1950,2625
2008/07/03,1890,2600
2008/07/04,1850,2550
2008/07/07,1800,2480
2008/07/08,1720,2475
2008/07/09,1690,2300
2008/07/10,1641,2343
2008/07/11,1605,2328
2008/07/14,1625,2339
2008/07/15,1625,2300
2008/07/16,1625,2274
2008/07/17,1700,2252
2008/07/18,1702,2261
2008/07/21,1750,2300
2008/07/22,1799,2300
2008/07/23,1800,2325
2008/07/24,1850,2419
2008/07/25,1850,2420
2008/07/28,1830,2420
2008/07/29,1800,2385
2008/07/30,1810,2451
2008/07/31,1850,2480
2008/08/01,2000,2430
2008/08/04,1920,2420
2008/08/05,1900,2420
2008/08/06,1900,2430
2008/08/07,1895,2500
2008/08/08,1892,2550
2008/08/11,1910,2700
2008/08/12,1925,2885
2008/08/13,1925,2990
2008/08/14,1902,3000
2008/08/15,1900,3020
2008/08/18,1900,2908
2008/08/19,1881,2850
2008/08/20,1850,2900
2008/08/21,1800,2850
2008/08/22,1800,2790
2008/08/25,1840,2750
2008/08/26,1766,2670
2008/08/27,1750,2670
2008/08/28,1750,2726
2008/08/29,1710,2800
2008/09/01,1760,2800
2008/09/02,1730,2750
2008/09/03,1715,2775
2008/09/04,1700,2725
2008/09/05,1710,2750
2008/09/08,1730,2750
2008/09/09,1730,2899
2008/09/10,1710,2890
2008/09/11,1710,2875
2008/09/12,1728,2950
2008/09/15,1700,2855
2008/09/16,1675,2900
2008/09/17,1700,2865
2008/09/18,1650,2900
2008/09/19,1662,2950
2008/09/22,1670,3100
2008/09/23,1670,3000
2008/09/25,1700,3100
2008/09/26,1785,3100
2008/09/29,1800,3030
2008/09/30,1790,3000
2008/10/01,1670,2950
2008/10/02,1677,3100
2008/10/03,1675,3196
2008/10/06,1660,2850
2008/10/07,1660,2875
2008/10/08,1626,2758
2008/10/09,1680,2701
2008/10/10,1600,2575
2008/10/13,1570,2700
2008/10/14,1550,2805
2008/10/15,1520,2800
2008/10/16,1467,2500
2008/10/17,1454,2500
2008/10/20,1455,2585
2008/10/21,1456,2585
2008/10/22,1510,2550
2008/10/23,1460,2500
2008/10/24,1450,2400
2008/10/27,1500,2400
2008/10/28,1500,2400
2008/10/29,1535,2480
2008/10/30,1545,2500
2008/10/31,1540,2550
2008/11/03,1530,2500
2008/11/04,1530,2550
2008/11/05,1550,2550
2008/11/06,1530,2550
2008/11/07,1530,2500
2008/11/10,1539,2500
2008/11/11,1500,2500
2008/11/12,1485,2500
2008/11/13,1450,2400
2008/11/14,1450,2440
2008/11/17,1400,2380
2008/11/18,1390,2210
2008/11/19,1350,2260
2008/11/20,1320,2200
2008/11/21,1306,2100
2008/11/24,1300,2100
2008/11/25,1321,2100
2008/11/26,1330,2250
2008/11/27,1320,2250
2008/11/28,1320,2450
2008/12/01,1300,2490
2008/12/02,1299,2490
2008/12/03,1285,2500
2008/12/04,1250,2500
2008/12/05,1230,2500
2008/12/08,1181,2525
2008/12/09,1190,2645
2008/12/10,1200,2600
2008/12/11,1200,2350
2008/12/12,1200,2400
2008/12/15,1190,2500
2008/12/17,1150,2350
2008/12/18,1186,2355
2008/12/19,1190,2356
2008/12/22,1190,2300
2008/12/23,1150,2255
2008/12/24,1150,2300
2008/12/29,1200,2300
2008/12/30,1205,2300
2008/12/31,1205,2500
2009/01/02,1250,2500
2009/01/05,1200,2500
2009/01/06,1280,2525
2009/01/07,1285,2535
2009/01/08,1236,2550
2009/01/09,1224,2550
2009/01/12,1210,2490
2009/01/13,1200,2490
2009/01/14,1200,2496
2009/01/15,1210,2451
2009/01/16,1250,2470
2009/01/19,1285,2600
2009/01/20,1285,2600
2009/01/21,1285,2800
2009/01/22,1285,2600
2009/01/23,1285,2600
2009/01/26,1285,2600
2009/01/27,1260,2600
2009/01/28,1260,2600
2009/01/29,1235,2600
2009/01/30,1235,2600
2009/02/02,1235,2550
2009/02/03,1272,2550
2009/02/04,1201,2550
2009/02/05,1250,2560
2009/02/06,1200,2551
2009/02/09,1150,2551
2009/02/10,1135,2600
2009/02/11,1114,2600
2009/02/12,1120,2555
2009/02/13,1105,2555
2009/02/16,1075,2555
2009/02/17,1050,2555
2009/02/18,1060,2550
2009/02/19,1080,2550
2009/02/20,1058,2525
2009/02/23,1100,2525
2009/02/24,1100,2500
2009/02/25,1130,2500
2009/02/26,1160,2500
2009/02/27,1143,2480
2009/03/02,1143,2455
2009/03/03,1150,2460
2009/03/04,1150,2500
2009/03/05,1130,2460
2009/03/06,1110,2350
2009/03/09,1100,2200
2009/03/10,1083,2200
2009/03/11,1050,2300
2009/03/12,1000,2300
2009/03/13,1034,2350
2009/03/16,1010,2325
2009/03/17,1000,2360
2009/03/18,975,2400
2009/03/19,975,2450
2009/03/20,970,2450
2009/03/23,950,2450
2009/03/24,950,2490
2009/03/25,935,2375
2009/03/26,950,2400
2009/03/27,1000,2490
2009/03/30,1070,2500
2009/03/31,1050,2350
2009/04/01,1100,2350
2009/04/02,1099,2500
2009/04/03,1060,2500
2009/04/06,1090,2500
2009/04/07,1090,2500
2009/04/08,1106,2480
2009/04/09,1130,2480
2009/04/14,1200,2401
2009/04/15,1200,2450
2009/04/16,1179,2480
2009/04/17,1200,2480
2009/04/20,1201,2480
2009/04/21,1190,2460
2009/04/23,1190,2460
2009/04/24,1250,2450
2009/04/28,1250,2450
2009/04/29,1220,2420
2009/04/30,1200,2430
2009/05/04,1220,2475
2009/05/05,1220,2475
2009/05/06,1269,2470
2009/05/07,1282,2750
2009/05/08,1282,2700
2009/05/11,1250,2700
2009/05/12,1310,2700
2009/05/13,1300,2600
2009/05/14,1250,2600
2009/05/15,1250,2600
2009/05/18,1250,2600
2009/05/19,1250,2650
2009/05/20,1250,2650
2009/05/21,1200,2605
2009/05/22,1240,2605
2009/05/25,1300,2605
2009/05/26,1290,2500
2009/05/27,1299,2551
2009/05/28,1310,2555
2009/05/29,1400,2530
2009/06/01,1552,2530
2009/06/02,1525,2600
2009/06/03,1600,2598
2009/06/04,1600,2598
2009/06/05,1600,2620
2009/06/08,1600,2700
2009/06/09,1600,2700
2009/06/10,1600,2702
2009/06/11,1595,2750
2009/06/12,1600,2795
2009/06/15,1575,2795
2009/06/17,1570,2795
2009/06/18,1550,2770
2009/06/19,1550,2750
2009/06/22,1537,2750
2009/06/23,1530,2750
2009/06/24,1530,2750
2009/06/25,1545,2750
2009/06/26,1550,2750
2009/06/29,1570,2750
2009/06/30,1570,2625
2009/07/01,1575,2625
2009/07/02,1595,2625
2009/07/03,1602,2625
2009/07/06,1625,2615
2009/07/07,1600,2615
2009/07/08,1650,2615
2009/07/09,1750,2625
2009/07/10,1749,2700
2009/07/13,1700,2750
2009/07/14,1680,2811
2009/07/15,1700,3000
2009/07/16,1695,2975
2009/07/17,1695,2975
2009/07/20,1700,2975
2009/07/21,1700,3200
2009/07/22,1700,3170
2009/07/23,1700,3200
2009/07/24,1690,3200
2009/07/27,1700,3204
2009/07/28,1710,3240
2009/07/29,1710,3240
2009/07/30,1749,3280
2009/07/31,1850,3400
2009/08/03,1710,3450
2009/08/04,1700,3450
2009/08/05,1680,3500
2009/08/06,1680,3625
2009/08/07,1700,3600
2009/08/11,1690,3650
2009/08/12,1675,3601
2009/08/13,1700,3620
2009/08/14,1700,3650
2009/08/17,1700,3650
2009/08/18,1700,3620
2009/08/19,1690,3622
2009/08/20,1700,3650
2009/08/21,1775,3650
2009/08/24,1942,3620
2009/08/25,1850,3725
2009/08/26,1850,3726
2009/08/27,1800,3726
2009/08/28,1801,3726
2009/08/31,1850,3726
2009/09/01,1900,3800
2009/09/02,1887,3800
2009/09/03,1853,3800
2009/09/04,1900,3850
2009/09/07,1880,3850
2009/09/08,1850,3850
2009/09/09,1860,4150
2009/09/10,1871,4175
2009/09/11,1850,4100
2009/09/14,1833,4000
2009/09/15,1825,4099
2009/09/16,1875,4100
2009/09/17,1875,4250
2009/09/18,1811,4300
2009/09/21,1820,4300
2009/09/22,1820,4310
2009/09/23,1815,4370
2009/09/25,1800,4385
2009/09/28,1800,4200
2009/09/29,1900,4225
2009/09/30,1900,4350
2009/10/01,1970,4350
2009/10/02,1950,4295
2009/10/05,1900,4150
2009/10/06,1975,4150
2009/10/07,1975,4220
2009/10/08,1956,4175
2009/10/09,1940,4150
2009/10/12,1911,4200
2009/10/13,1898,4150
2009/10/14,1885,4150
2009/10/15,1861,4100
2009/10/16,1860,4100
2009/10/19,1850,4098
2009/10/20,1850,4097
2009/10/21,1849,3980
2009/10/22,1825,4000
2009/10/23,1826,3980
2009/10/26,1849,3900
2009/10/27,1850,3900
2009/10/28,1862,3750
2009/10/29,1862,3760
2009/10/30,1845,3800
2009/11/02,1826,3799
2009/11/03,1799,3799
2009/11/04,1762,3799
2009/11/05,1736,3799
2009/11/06,1730,3600
2009/11/09,1750,3799
2009/11/10,1765,3720
2009/11/11,1770,3720
2009/11/12,1780,3800
2009/11/13,1840,3701
2009/11/16,1831,4149
2009/11/17,1845,3990
2009/11/18,1820,3991
2009/11/19,1815,3991
2009/11/20,1810,3950
2009/11/23,1777,3925
2009/11/24,1820,3920
2009/11/25,1825,3933
2009/11/26,1825,4000
2009/11/27,1802,4000
2009/11/30,1793,4007
2009/12/01,1817,4011
2009/12/02,1864,4007
2009/12/03,1882,4008
2009/12/04,1870,3901
2009/12/07,1810,3850
2009/12/08,1835,3850
2009/12/09,1860,3850
2009/12/10,1900,4000
2009/12/11,1920,3860
2009/12/14,1950,3860
2009/12/15,1962,4000
2009/12/17,1965,4000
2009/12/18,1970,4000
2009/12/21,2000,3980
2009/12/22,2025,3980
2009/12/23,2031,3865
2009/12/24,2050,3865
2009/12/28,2025,3860
2009/12/29,2050,3750
2009/12/30,2055,3750
2009/12/31,2100,3900
2010/01/04,2055,3900
2010/01/05,2065,3890
2010/01/06,2170,3900
2010/01/07,2170,3900
2010/01/08,2145,3890
2010/01/11,2101,3900
2010/01/12,2150,3850
2010/01/13,2110,3750
2010/01/14,2100,3750
2010/01/15,2150,3750
2010/01/18,2138,3750
2010/01/19,2002,3750
2010/01/20,2021,3750
2010/01/21,2110,3750
2010/01/22,2135,3700
2010/01/25,2103,3700
2010/01/26,2110,3650
2010/01/27,2135,3625
2010/01/28,2130,3625
2010/01/29,2100,3552
2010/02/01,2130,3570
2010/02/02,2100,3650
2010/02/03,2100,3660
2010/02/04,2020,3660
2010/02/05,2010,3675
2010/02/08,2040,3675
2010/02/09,2090,3820
2010/02/10,2075,3800
2010/02/11,1980,3875
2010/02/12,2050,3750
2010/02/15,2030,3700
2010/02/16,2075,3700
2010/02/17,2075,3700
2010/02/18,2070,3700
2010/02/19,2040,3700
2010/02/22,2040,3700
2010/02/23,2040,3700
2010/02/24,1990,3750
2010/02/25,1975,3700
2010/02/26,2000,3700
2010/03/01,2000,3700
2010/03/02,2020,3700
2010/03/03,2040,3693
2010/03/04,2009,3700
2010/03/05,2025,3840
2010/03/08,2019,3800
2010/03/09,2000,3700
2010/03/10,2000,3650
2010/03/11,2020,3650
2010/03/12,1995,3600
2010/03/15,2000,3500
2010/03/16,2000,3500
2010/03/17,1975,3700
2010/03/18,2010,3750
2010/03/19,2000,3750
2010/03/23,2000,3730
2010/03/24,2000,3720
2010/03/25,2020,3720
2010/03/26,1990,3720
2010/03/29,2020,3800
2010/03/30,2050,3750
2010/03/31,2015,3800
2010/04/01,2000,3750
2010/04/06,1990,3650
2010/04/07,1960,3700
2010/04/08,1985,3700
2010/04/09,1990,3650
2010/04/12,2000,3740
2010/04/13,2000,3740
2010/04/14,2020,3685
2010/04/15,2000,3795
2010/04/16,2066,3700
2010/04/19,2050,3700
2010/04/20,2095,3685
2010/04/21,2130,3650
2010/04/22,2150,3670
2010/04/23,2150,3740
2010/04/26,2110,3900
2010/04/28,2103,3889
2010/04/29,2105,3889
2010/04/30,2080,3850
2010/05/03,2080,3750
2010/05/04,2110,3750
2010/05/05,2120,3750
2010/05/06,2200,3751
2010/05/07,2100,3725
2010/05/10,2200,3710
2010/05/11,2250,3740
2010/05/12,2300,3740
2010/05/13,2300,3750
2010/05/14,2300,3715
2010/05/17,2300,3715
2010/05/18,2299,3715
2010/05/19,2275,3715
2010/05/20,2100,3715
2010/05/21,2150,3715
2010/05/24,2160,3710
2010/05/25,2148,3710
2010/05/26,2150,3710
2010/05/27,2195,3846
2010/05/28,2250,3800
2010/05/31,2250,3710
2010/06/01,2274,3798
2010/06/02,2239,3740
2010/06/03,2220,3740
2010/06/04,2150,3710
2010/06/07,2200,3710
2010/06/08,2121,3710
2010/06/09,2150,3785
2010/06/10,2200,3740
2010/06/11,2220,3800
2010/06/14,2250,3800
2010/06/15,2339,3800
2010/06/17,2305,3712
2010/06/18,2305,3711
2010/06/21,2325,3711
2010/06/22,2325,3710
2010/06/23,2325,3800
2010/06/24,2330,3800
2010/06/25,2350,3799
2010/06/28,2355,3720
2010/06/29,2300,3788
2010/06/30,2305,3710
2010/07/01,2330,3710
2010/07/02,2340,3710
2010/07/05,2330,3710
2010/07/06,2300,3720
2010/07/07,2210,3710
2010/07/08,2300,3710
2010/07/09,2286,3710
2010/07/12,2300,3710
2010/07/13,2280,3711
2010/07/14,2280,3711
2010/07/15,2275,3710
2010/07/16,2300,3750
2010/07/19,2300,3710
2010/07/20,2290,3710
2010/07/21,2270,3710
2010/07/22,2270,3800
2010/07/23,2261,3711
2010/07/26,2275,3710
2010/07/27,2290,3710
2010/07/28,2279,3730
2010/07/29,2300,3730
2010/07/30,2300,3740
2010/08/02,2203,3750
2010/08/03,2190,3751
2010/08/04,2185,3750
2010/08/05,2131,3750
2010/08/06,2150,3750
2010/08/10,2135,3750
2010/08/11,2135,3750
2010/08/12,2179,3750
2010/08/13,2128,3750
2010/08/16,2130,3710
2010/08/17,2140,3750
2010/08/18,2103,3755
2010/08/19,2100,3715
2010/08/20,2100,3715
2010/08/23,2099,3715
2010/08/24,2080,3775
2010/08/25,2090,3770
2010/08/26,2100,3720
2010/08/27,2140,3720
2010/08/30,2150,3720
2010/08/31,2150,3720
2010/09/01,2150,3720
2010/09/02,2022,3720
2010/09/03,2039,3720
2010/09/06,2044,3720
2010/09/07,2006,3720
2010/09/08,2060,3620
2010/09/09,2045,3600
2010/09/10,2038,3600
2010/09/13,2090,3500
2010/09/14,2069,3500
2010/09/15,2055,3501
2010/09/16,2058,3550
2010/09/17,2070,3550
2010/09/20,2085,3550
2010/09/21,2123,3555
2010/09/22,2140,3749
2010/09/23,2139,3600
2010/09/27,2139,3600
2010/09/28,2100,3600
2010/09/29,2100,3650
2010/09/30,2100,3610
2010/10/01,2137,3610
2010/10/04,2150,3730
2010/10/05,2175,3730
2010/10/06,2220,3600
2010/10/07,2211,3600
2010/10/08,2281,3600
2010/10/11,2325,3600
2010/10/12,2375,3600
2010/10/13,2425,3650
2010/10/14,2425,3650
2010/10/15,2440,3650
2010/10/18,2440,3700
2010/10/19,2450,3700
2010/10/20,2424,3660
2010/10/21,2425,3662
2010/10/22,2424,3660
2010/10/25,2430,3700
2010/10/26,2450,3700
2010/10/27,2450,3700
2010/10/28,2480,3700
2010/10/29,2420,3705
2010/11/01,2380,3730
2010/11/02,2400,3730
2010/11/03,2460,3775
2010/11/04,2475,3800
2010/11/05,2485,3760
2010/11/08,2475,3800
2010/11/09,2485,3800
2010/11/10,2485,3900
2010/11/11,2483,3815
2010/11/12,2480,3750
2010/11/15,2502,3800
2010/11/16,2535,3800
2010/11/17,2520,3815
2010/11/18,2530,3801
2010/11/19,2510,3830
2010/11/22,2530,3830
2010/11/23,2523,3898
2010/11/24,2535,3950
2010/11/25,2528,3979
2010/11/26,2530,3949
2010/11/29,2449,3830
2010/11/30,2430,3850
2010/12/01,2377,3831
2010/12/02,2359,3835
2010/12/03,2350,3898
2010/12/06,2355,3898
2010/12/07,2349,3835
2010/12/08,2345,3835
2010/12/09,2345,3831
2010/12/10,2360,3831
2010/12/13,2380,3880
2010/12/14,2400,3831
2010/12/15,2385,3880
2010/12/17,2392,3800
2010/12/20,2399,3831
2010/12/21,2410,3831
2010/12/22,2420,3880
2010/12/23,2431,3860
2010/12/24,2440,3860
2010/12/28,2430,3850
2010/12/29,2421,3831
2010/12/30,2425,3831
2010/12/31,2420,3900
2011/01/03,2444,3831
2011/01/04,2450,3831
2011/01/05,2450,3835
2011/01/06,2449,3835
2011/01/07,2446,3870
2011/01/10,2450,3870
2011/01/11,2531,3850
2011/01/12,2675,3845
2011/01/13,2650,3860
2011/01/14,2607,3861
2011/01/17,2559,3900
2011/01/18,2515,3900
2011/01/19,2390,3900
2011/01/20,2297,3900
2011/01/21,2300,3900
2011/01/24,2220,3900
2011/01/25,2200,3900
2011/01/26,2300,3900
2011/01/27,2300,3900
2011/01/28,2275,3972
2011/01/31,2290,4200
2011/02/01,2342,4200
2011/02/02,2324,4199
2011/02/03,2320,4199
2011/02/04,2319,4198
2011/02/07,2298,4198
2011/02/08,2287,4180
2011/02/09,2300,4000
2011/02/10,2310,3910
2011/02/11,2315,3995
2011/02/14,2298,3990
2011/02/15,2282,3930
2011/02/16,2270,3930
2011/02/17,2243,3930
2011/02/18,2215,3931
2011/02/21,2200,3931
2011/02/22,2190,3930
2011/02/23,2150,3930
2011/02/24,2140,3880
2011/02/25,2150,3930
2011/02/28,2250,3900
2011/03/01,2200,3900
2011/03/02,2076,3860
2011/03/03,1870,3860
2011/03/04,1850,3800
2011/03/07,1799,3800
2011/03/08,1755,3750
2011/03/09,1875,3800
2011/03/10,1860,3800
2011/03/11,1900,3800
2011/03/14,1880,3840
2011/03/15,1820,3810
2011/03/16,1875,3750
2011/03/17,1880,3750
2011/03/18,1901,3750
2011/03/22,1910,3600
2011/03/23,1910,3379
2011/03/24,1900,3595
2011/03/25,1851,3499
2011/03/28,1870,3395
2011/03/29,1868,3500
2011/03/30,1875,3525
2011/03/31,1875,3500
2011/04/01,1890,3500
2011/04/04,1890,3480
2011/04/05,1861,3500
2011/04/06,1880,3590
2011/04/07,1880,3500
2011/04/08,1885,3450
2011/04/11,1885,3450
2011/04/12,1873,3450
2011/04/13,1882,3490
2011/04/14,1882,3490
2011/04/15,1880,3490
2011/04/18,1858,3490
2011/04/19,1849,3490
2011/04/20,1840,3450
2011/04/21,1870,3400
2011/04/26,1870,3400
2011/04/28,1870,3400
2011/04/29,1870,3400
2011/05/03,1869,3400
2011/05/04,1880,3350
2011/05/05,1865,3395
2011/05/06,1865,3355
2011/05/09,1856,3395
2011/05/10,1840,3400
2011/05/11,1840,3395
2011/05/12,1790,3400
2011/05/13,1689,3400
2011/05/16,1670,3440
2011/05/17,1660,3440
2011/05/19,1669,3450
2011/05/20,1649,3450
2011/05/23,1637,3450
2011/05/24,1646,3440
2011/05/25,1650,3400
2011/05/26,1655,3400
2011/05/27,1650,3400
2011/05/30,1654,3400
2011/05/31,1699,3400
2011/06/01,1653,3400
2011/06/02,1660,3350
2011/06/03,1660,3300
2011/06/06,1665,3350
2011/06/07,1667,3350
2011/06/08,1660,3400
2011/06/09,1684,3400
2011/06/10,1683,3400
2011/06/13,1680,3400
2011/06/14,1677,3365
2011/06/15,1673,3385
2011/06/17,1750,3376
2011/06/20,1680,3330
2011/06/21,1680,3360
2011/06/22,1670,3355
2011/06/23,1650,3355
2011/06/24,1670,3380
2011/06/27,1650,3380
2011/06/28,1659,3420
2011/06/29,1655,3400
2011/06/30,1654,3450
2011/07/01,1660,3450
2011/07/04,1660,3450
2011/07/05,1670,3470
2011/07/06,1695,3450
2011/07/07,1763,3425
2011/07/08,1785,3390
2011/07/11,1770,3390
2011/07/12,1760,3400
2011/07/13,1760,3400
2011/07/14,1760,3400
2011/07/15,1760,3400
2011/07/18,1750,3400
2011/07/19,1770,3325
2011/07/20,1768,3400
2011/07/21,1780,3400
2011/07/22,1786,3400
2011/07/25,1785,3315
2011/07/26,1786,3300
2011/07/27,1760,3315
2011/07/28,1769,3375
2011/07/29,1750,3400
2011/08/01,1750,3400
2011/08/02,1730,3350
2011/08/03,1745,3280
2011/08/04,1725,3400
2011/08/05,1700,3205
2011/08/08,1660,3205
2011/08/10,1679,3250
2011/08/11,1648,3300
2011/08/12,1690,3205
2011/08/15,1689,3211
2011/08/16,1712,3211
2011/08/17,1698,3212
2011/08/18,1685,3212
2011/08/19,1677,3220
2011/08/22,1684,3220
2011/08/23,1687,3220
2011/08/24,1665,3220
2011/08/25,1659,3220
2011/08/26,1661,3220
2011/08/29,1715,3250
2011/08/30,1725,3300
2011/08/31,1776,3275
2011/09/01,1759,3400
2011/09/02,1730,3375
2011/09/05,1714,3211
2011/09/06,1719,3255
2011/09/07,1719,3300
2011/09/08,1747,3250
2011/09/09,1750,3250
2011/09/12,1749,3200
2011/09/13,1747,3200
2011/09/14,1749,3051
2011/09/15,1757,3100
2011/09/16,1785,3050
2011/09/19,1747,2950
2011/09/20,1778,2950
2011/09/21,1775,3000
2011/09/22,1720,2975
2011/09/23,1732,3060
2011/09/26,1704,2950
2011/09/27,1740,2950
2011/09/28,1740,2950
2011/09/29,1745,2950
2011/09/30,1760,3060
2011/10/03,1757,3150
2011/10/04,1745,3150
2011/10/05,1799,3150
2011/10/06,1785,3150
2011/10/07,1815,3150
2011/10/10,1814,3080
2011/10/11,1815,3080
2011/10/12,1820,2950
2011/10/13,1829,2900
2011/10/14,1825,2900
2011/10/17,1830,2900
2011/10/18,1824,3099
2011/10/19,1833,3100
2011/10/20,1840,3095
2011/10/21,1839,2951
2011/10/24,1869,2951
2011/10/25,1879,2950
2011/10/26,1870,2951
2011/10/27,1876,2950
2011/10/28,1895,2951
2011/10/31,1900,2950
2011/11/01,1910,3000
2011/11/02,1924,2976
2011/11/03,1914,3000
2011/11/04,1907,3000
2011/11/07,1925,3050
2011/11/08,1955,3028
2011/11/09,1960,3025
2011/11/10,1959,3025
2011/11/11,1960,3025
2011/11/14,1943,2980
2011/11/15,1918,2950
2011/11/16,1899,2955
2011/11/17,1890,2960
2011/11/18,1875,2960
2011/11/21,1860,2810
2011/11/22,1850,2850
2011/11/23,1862,3035
2011/12/02,1862,3035
2011/12/05,1862,3035
2011/12/06,1862,3035
2011/12/07,1862,3035
2011/12/08,1862,3035
2011/12/09,1862,3035
2011/12/12,1862,3035
2011/12/13,1951,3000
2011/12/14,1952,2900
2011/12/15,2010,2850
2011/12/19,1945,2820
2011/12/20,1950,2819
2011/12/21,1940,2750
2011/12/22,1938,2700
2011/12/23,1968,2699
2011/12/28,1987,2700
2011/12/29,1988,2800
2011/12/30,1995,2800
2012/01/03,2010,2801
2012/01/04,1997,2855
2012/01/05,1982,2900
2012/01/06,1980,2950
2012/01/09,1988,2949
2012/01/10,1985,2949
2012/01/11,1986,2930
2012/01/12,1999,2940
2012/01/13,1990,2900
2012/01/16,1985,2900
2012/01/17,1976,2900
2012/01/18,1992,2900
2012/01/19,2010,2900
2012/01/20,2009,2900
2012/01/23,2003,2950
2012/01/24,2007,3000
2012/01/25,2005,2950
2012/01/26,1990,2950
2012/01/27,1996,2950
2012/01/30,1996,2950
2012/01/31,2000,2950
2012/02/01,2005,3000
2012/02/02,2004,3000
2012/02/03,2004,3000
2012/02/06,1998,3100
2012/02/07,1998,3080
2012/02/08,2001,3080
2012/02/09,2015,3050
2012/02/10,2030,3050
2012/02/13,2030,3051
2012/02/14,2030,3096
2012/02/15,2056,3100
2012/02/16,2075,3100
2012/02/17,2145,3100
2012/02/20,2165,3055
2012/02/21,2136,3100
2012/02/22,2129,3100
2012/02/23,2121,3055
2012/02/24,2140,3050
2012/02/27,2130,3050
2012/02/28,2118,3005
2012/02/29,2112,3050
2012/03/01,2107,3005
2012/03/02,2125,3080
2012/03/05,2118,3100
2012/03/06,2085,3005
2012/03/07,2090,3025
2012/03/08,2100,3031
2012/03/09,2106,3022
2012/03/12,2090,3050
2012/03/13,2091,3050
2012/03/14,2095,3049
2012/03/15,2080,3030
2012/03/16,2071,3050
2012/03/19,2082,3050
2012/03/20,2050,3050
2012/03/22,2050,3050
2012/03/23,2030,3040
2012/03/26,2062,3050
2012/03/27,2080,3055
2012/03/28,2078,3030
2012/03/29,2094,3025
2012/03/30,2081,3025
2012/04/02,2110,3041
2012/04/03,2146,3150
2012/04/04,2120,3200
2012/04/05,2110,3201
2012/04/10,2091,3201
2012/04/11,2110,3200
2012/04/12,2130,3100
2012/04/13,2140,3200
2012/04/16,2165,3200
2012/04/17,2216,3199
2012/04/18,2266,3150
2012/04/19,2295,3150
2012/04/20,2340,3155
2012/04/23,2333,3100
2012/04/24,2399,3100
2012/04/25,2425,3200
2012/04/26,2457,3200
2012/04/30,2435,3200
2012/05/02,2400,3150
2012/05/03,2383,3150
2012/05/04,2365,3150
2012/05/07,2399,3150
2012/05/08,2373,3150
2012/05/09,2351,3021
2012/05/10,2371,3145
2012/05/11,2360,3075
2012/05/14,2352,3050
2012/05/15,2360,3010
2012/05/16,2355,3050
2012/05/17,2390,3070
2012/05/18,2368,3100
2012/05/21,2366,3100
2012/05/22,2380,3100
2012/05/23,2350,3070
2012/05/24,2359,3070
2012/05/25,2423,3050
2012/05/28,2472,3100
2012/05/29,2480,3100
2012/05/30,2440,3100
2012/05/31,2469,3100
2012/06/01,2450,3100
2012/06/04,2435,3100
2012/06/05,2450,3100
2012/06/06,2450,3100
2012/06/07,2464,3115
2012/06/08,2462,3115
2012/06/11,2500,3150
2012/06/12,2540,3100
2012/06/13,2570,3100
2012/06/14,2640,3100
2012/06/15,2616,3100
2012/06/18,2650,3100
2012/06/19,2630,3100
2012/06/20,2650,3100
2012/06/21,2650,3100
2012/06/22,2623,3100
2012/06/25,2650,3100
2012/06/26,2585,3100
2012/06/27,2560,3100
2012/06/28,2500,3101
2012/06/29,2598,3101
2012/07/02,2585,3150
2012/07/03,2650,3151
2012/07/04,2660,3150
2012/07/05,2800,3150
2012/07/06,2752,3150
2012/07/09,2750,3150
2012/07/10,2835,3150
2012/07/11,2790,3150
2012/07/12,2775,3150
2012/07/13,2770,3150
2012/07/16,2800,3150
2012/07/17,2831,3150
2012/07/18,2862,3150
2012/07/19,2800,3150
2012/07/20,2792,3150
2012/07/23,2700,3140
2012/07/24,2800,3140
2012/07/25,2845,3100
2012/07/26,2842,3100
2012/07/27,2840,2995
2012/07/30,2850,2870
2012/07/31,2827,2885
2012/08/01,2780,2900
2012/08/02,2811,2950
2012/08/03,2860,2950
2012/08/06,2875,2950
2012/08/07,2890,2880
2012/08/08,2920,2950
2012/08/10,2899,2875
2012/08/13,2884,2875
2012/08/14,2830,2875
2012/08/15,2780,2875
2012/08/16,2817,2885
2012/08/17,2818,2800
2012/08/20,2821,2801
2012/08/21,2845,2801
2012/08/22,2840,2801
2012/08/23,2850,2800
2012/08/24,2840,2815
2012/08/27,2858,2815
2012/08/28,2850,2885
2012/08/29,2855,2850
2012/08/30,2874,2949
2012/08/31,2850,2949
2012/09/03,2867,2949
2012/09/04,2880,2820
2012/09/05,2863,2820
2012/09/06,2880,2801
2012/09/07,2873,2850
2012/09/10,2810,3000
2012/09/11,2860,3200
2012/09/12,2841,3200
2012/09/13,2895,3200
2012/09/14,2880,3200
2012/09/17,2863,3150
2012/09/18,2866,3100
2012/09/19,2860,3060
2012/09/20,2867,3032
2012/09/21,2892,3100
2012/09/25,2884,3090
2012/09/26,2890,3090
2012/09/27,2855,3090
2012/09/28,2940,3090
2012/10/01,2916,3050
2012/10/02,2971,3040
2012/10/03,3041,3075
2012/10/04,3030,3090
2012/10/05,3025,3080
2012/10/08,2948,3000
2012/10/09,2940,3000
2012/10/10,2982,3000
2012/10/11,3000,3015
2012/10/12,2986,3000
2012/10/15,3027,3000
2012/10/16,3133,3000
2012/10/17,3253,3100
2012/10/18,3319,3100
2012/10/19,3281,3026
2012/10/22,3380,3100
2012/10/23,3380,3101
2012/10/24,3400,3120
2012/10/25,3400,3121
2012/10/26,3365,3200
2012/10/29,3375,3225
2012/10/30,3485,3250
2012/10/31,3410,3240
2012/11/01,3622,3360
2012/11/02,3513,3360
2012/11/05,3510,3360
2012/11/06,3465,3370
2012/11/07,3470,3370
2012/11/08,3470,3370
2012/11/09,3476,3450
2012/11/12,3555,3450
2012/11/13,3587,3577
2012/11/14,3600,3450
2012/11/15,3572,3400
2012/11/16,3558,3450
2012/11/19,3544,3450
2012/11/21,3523,3300
2012/11/22,3530,3300
2012/11/23,3518,3375
2012/11/24,3518,3375
2012/11/25,3518,3375
2012/11/26,3570,3300
2012/11/27,3560,3300
2012/11/28,3550,3300
2012/11/29,3590,3350
2012/11/30,3530,3350
2012/12/03,3530,3350
2012/12/04,3585,3370
2012/12/05,3585,3375
2012/12/06,3664,3370
2012/12/07,3600,3400
2012/12/10,3611,3400
2012/12/11,3600,3400
2012/12/12,3620,3360
2012/12/13,3640,3250
2012/12/14,3700,3360
2012/12/18,3707,3360
2012/12/19,3813,3360
2012/12/20,3760,3300
2012/12/21,3684,3360
2012/12/24,3700,3360
2012/12/27,3722,3360
2012/12/28,3693,3399
2012/12/31,3674,3399
2013/01/02,3702,3400
2013/01/03,3700,3400
2013/01/04,3735,3400
2013/01/07,3790,3360
2013/01/08,3775,3360
2013/01/09,3844,3360
2013/01/10,3769,3300
2013/01/11,3800,3400
2013/01/14,3785,3360
2013/01/15,3620,3380
2013/01/16,3550,3380
2013/01/17,3548,3380
2013/01/18,3495,3360
2013/01/21,3469,3380
2013/01/22,3459,3400
2013/01/23,3408,3360
2013/01/24,3460,3400
2013/01/25,3393,3460
2013/01/28,3350,3630
2013/01/29,3183,3795
2013/01/30,3200,3700
2013/01/31,3200,3700
2013/02/01,3269,3702
2013/02/04,3215,3750
2013/02/05,3287,3700
2013/02/06,3320,3700
2013/02/07,3382,3700
2013/02/08,3424,3700
2013/02/11,3400,3700
2013/02/12,3350,3700
2013/02/13,3286,3700
2013/02/14,3280,3700
2013/02/15,3275,3700
2013/02/18,3270,3700
2013/02/19,3245,3500
2013/02/20,3250,3500
2013/02/21,3311,3400
2013/02/22,3328,3370
2013/02/25,3360,3340
2013/02/26,3295,3305
2013/02/27,3269,3305
2013/02/28,3236,3305
2013/03/01,3280,3300
2013/03/04,3271,3285
2013/03/05,3300,3285
2013/03/06,3335,3400
2013/03/07,3340,3500
2013/03/08,3377,3650
2013/03/11,3450,4000
2013/03/12,3350,3900
2013/03/13,3390,4005
2013/03/14,3383,3850
2013/03/15,3477,3850
2013/03/18,3430,3850
2013/03/19,3387,3650
2013/03/20,3415,3650
2013/03/22,3396,3650
2013/03/25,3492,3900
2013/03/26,3500,3900
2013/03/27,3500,4005
2013/03/28,3480,4005
2013/04/02,3575,3999
2013/04/03,3577,4000
2013/04/04,3583,3900
2013/04/05,3435,3850
2013/04/08,3540,3850
2013/04/09,3558,3900
2013/04/10,3620,3900
2013/04/11,3678,3900
2013/04/12,3617,3900
2013/04/15,3512,3850
2013/04/16,3564,3850
2013/04/17,3542,3850
2013/04/18,3500,3850
2013/04/19,3522,3800
2013/04/22,3525,3900
2013/04/23,3570,3900
2013/04/24,3666,3850
2013/04/25,3735,3800
2013/04/26,3700,3800
2013/04/29,3700,3800
2013/04/30,3666,3800
2013/05/02,3680,3600
2013/05/03,3691,3750
2013/05/06,3663,3550
2013/05/07,3699,3600
2013/05/08,3724,3700
2013/05/09,3775,3650
2013/05/10,3792,3690
2013/05/13,3800,3690
2013/05/14,3839,3688
2013/05/15,3879,3688
2013/05/16,3855,3645
2013/05/17,3800,3640
2013/05/20,3700,3640
2013/05/21,3791,3640
2013/05/22,3765,3639
2013/05/23,3657,3650
2013/05/24,3714,3615
2013/05/27,3760,3640
2013/05/28,3750,3640
2013/05/29,3700,3586
2013/05/30,3641,3560
2013/05/31,3499,3560
2013/06/03,3600,3500
2013/06/04,3680,3500
2013/06/05,3800,3400
2013/06/06,3848,3400
2013/06/07,3990,3400
2013/06/10,4060,3400
2013/06/11,3830,3350
2013/06/12,3850,3390
2013/06/13,3868,3400
2013/06/14,3930,3400
2013/06/18,4030,3400
2013/06/19,3995,3400
2013/06/20,3935,3400
2013/06/21,3920,3400
2013/06/24,3930,3300
2013/06/25,3900,3380
2013/06/26,3900,3350
2013/06/27,3950,3340
2013/06/28,4140,3340
2013/07/01,4130,3340
2013/07/02,4251,3320
2013/07/03,4232,3320
2013/07/04,4248,3400
2013/07/05,4200,3400
2013/07/08,4170,3400
2013/07/09,4161,3400
2013/07/10,4171,3400
2013/07/11,4200,3500
2013/07/12,4200,3500
2013/07/15,4165,3499
2013/07/16,4230,3489
2013/07/17,4310,3484
2013/07/18,4308,3400
2013/07/19,4220,3328
2013/07/22,4200,3380
2013/07/23,4290,3380
2013/07/24,4285,3380
2013/07/25,4245,3380
2013/07/26,4180,3330
2013/07/29,4160,3329
2013/07/30,4230,3329
2013/07/31,4190,3300
2013/08/01,4240,3300
2013/08/02,4301,3380
2013/08/05,4270,3400
2013/08/06,4244,3275
2013/08/07,4290,3300
2013/08/08,4275,3575
2013/08/12,4299,3575
2013/08/13,4241,3501
2013/08/14,4283,3570
2013/08/15,4250,3575
2013/08/16,4300,3575
2013/08/19,4252,3595
2013/08/20,4299,3600
2013/08/21,4250,3596
2013/08/22,4200,3610
2013/08/23,4195,3595
2013/08/26,4221,3595
2013/08/27,4140,3550
2013/08/28,4043,3555
2013/08/29,4100,3555
2013/08/30,4025,3565
2013/09/02,4150,3580
2013/09/03,4150,3550
2013/09/04,4030,3600
2013/09/05,4032,3550
2013/09/06,4066,3550
2013/09/09,4070,3580
2013/09/10,4099,3506
2013/09/11,4140,3650
2013/09/12,4210,3748
2013/09/13,4210,3774
2013/09/16,4240,3700
2013/09/17,4283,3744
2013/09/18,4150,3700
2013/09/19,4201,3620
2013/09/20,4196,3620
2013/09/23,4222,3634
2013/09/25,4280,3625
2013/09/26,4280,3625
2013/09/27,4293,3620
2013/09/30,4275,3700
2013/10/01,4232,3760
2013/10/02,4259,3700
2013/10/03,4230,3725
2013/10/04,4250,3800
2013/10/07,4240,3819
2013/10/08,4215,3843
2013/10/09,4189,3839
2013/10/10,4185,3830
2013/10/11,4223,3830
2013/10/14,4244,3840
2013/10/15,4265,3849
2013/10/16,4320,3799
2013/10/17,4302,3839
2013/10/18,4370,3800
2013/10/21,4418,3940
2013/10/22,4412,3939
2013/10/23,4400,3910
2013/10/24,4478,3920
2013/10/25,4592,3900
2013/10/28,4600,3920
2013/10/29,4620,3945
2013/10/30,4706,4035
2013/10/31,4890,4050
2013/11/01,4900,4100
2013/11/04,4901,4249
2013/11/05,4920,4185
2013/11/06,4935,4185
2013/11/07,4900,4150
2013/11/08,4900,4150
2013/11/11,4945,4250
2013/11/12,5030,4200
2013/11/13,4973,4200
2013/11/14,5020,4131
2013/11/15,5010,4310
2013/11/18,5030,4782
2013/11/19,5023,4878
2013/11/20,5100,4749
2013/11/21,5014,4600
2013/11/22,5050,4500
2013/11/25,5175,4450
2013/11/26,5131,4500
2013/11/27,5345,4500
2013/11/28,5451,4420
2013/11/29,5413,4500
2013/12/02,5413,4500
2013/12/03,5504,4415
2013/12/04,5700,4499
2013/12/05,5550,4500
2013/12/06,5430,4310
2013/12/09,5421,4500
2013/12/10,5460,4315
2013/12/11,5400,4320
2013/12/12,5185,4250
2013/12/13,5000,4250
2013/12/17,5031,4200
2013/12/18,5060,4200
2013/12/19,4965,4200
2013/12/20,5050,4200
2013/12/23,5104,4200
2013/12/24,5070,4400
2013/12/27,5183,4449
2013/12/30,5260,4425
2013/12/31,5244,4425
2014/01/02,5273,4449
2014/01/03,5242,4400
2014/01/06,5240,4400
2014/01/07,5191,4400
2014/01/08,5148,4348
2014/01/09,5139,4350
2014/01/10,5031,4349
2014/01/13,5100,4340
2014/01/14,5100,4350
2014/01/15,5165,4370
2014/01/16,5199,4370
2014/01/17,5077,4350
2014/01/20,5109,4365
2014/01/21,5175,4425
2014/01/22,5177,4500
2014/01/23,5210,4452
2014/01/24,5160,4460
2014/01/27,5045,4500
2014/01/28,5075,4500
2014/01/29,4900,4750
2014/01/30,4730,4404
2014/01/31,4801,4400
2014/02/03,4750,4370
2014/02/04,4783,4260
2014/02/05,4652,4265
2014/02/06,4650,4300
2014/02/07,4700,4400
2014/02/10,4890,4500
2014/02/11,4729,4400
2014/02/12,4823,4525
2014/02/13,4840,4500
2014/02/14,4713,4500
2014/02/17,4745,4356
2014/02/18,4690,4595
2014/02/19,4674,4585
2014/02/20,4600,4585
2014/02/21,4550,4585
2014/02/24,4600,4500
2014/02/25,4590,4500
2014/02/26,4530,4499
2014/02/27,4666,4360
2014/02/28,4665,4614
2014/03/03,4698,4594
2014/03/04,4850,4401
2014/03/05,4755,4406
2014/03/06,4930,4550
2014/03/07,4809,4480
2014/03/10,4862,4599
2014/03/11,4775,4515
2014/03/12,4700,4510
2014/03/13,4685,4500
2014/03/14,4730,4500
2014/03/17,4700,4450
2014/03/18,4650,4450
2014/03/19,4680,4450
2014/03/20,4610,4680
2014/03/24,4700,4600
2014/03/25,4707,4550
2014/03/26,4841,4650
2014/03/27,5050,4500
2014/03/28,5223,4595
2014/03/31,5321,4585
2014/04/01,5308,4580
2014/04/02,5299,4500
2014/04/03,5280,4450
2014/04/04,5305,4450
2014/04/07,5335,4498
2014/04/08,5330,4450
2014/04/09,5400,4450
2014/04/10,5415,4440
2014/04/11,5400,4445
2014/04/14,5549,4420
2014/04/15,5481,4420
2014/04/16,5470,4430
2014/04/17,5480,4430
2014/04/22,5504,4430
2014/04/23,5540,4430
2014/04/24,5601,4430
2014/04/25,5644,4430
2014/04/29,5693,4430
2014/04/30,5667,4430
2014/05/02,5746,4475
2014/05/05,5879,4500
2014/05/06,5956,4600
2014/05/08,5975,4776
2014/05/09,5800,4800
2014/05/12,5800,4720
2014/05/13,5725,4902
2014/05/14,5730,5000
2014/05/15,5568,5000
2014/05/16,5516,5000
2014/05/19,5591,5025
2014/05/20,5710,4900
2014/05/21,5650,4914
2014/05/22,5623,4961
2014/05/23,5748,4965
2014/05/26,5737,4966
2014/05/27,5625,5000
2014/05/28,5600,4915
2014/05/29,5600,4915
2014/05/30,5626,4915
2014/06/02,5795,4950
2014/06/03,5900,4925
2014/06/04,6025,5050
2014/06/05,6126,4910
2014/06/06,6305,4910
2014/06/09,6330,4915
2014/06/10,6400,4955
2014/06/11,6475,4910
2014/06/12,6410,4911
2014/06/13,6336,4911
2014/06/17,6560,5000
2014/06/18,6685,4950
2014/06/19,6685,4950
2014/06/20,6650,4950
2014/06/23,6490,5000
2014/06/24,6749,5050
2014/06/25,6683,5050
2014/06/26,6640,5050
2014/06/27,6420,5050
2014/06/30,6530,5050
2014/07/01,6649,5050
2014/07/02,6900,5100
2014/07/03,6900,5100
2014/07/04,7100,5125
2014/07/07,6997,5150
2014/07/08,7000,5225
2014/07/09,7036,5225
2014/07/10,6984,5300
2014/07/11,7005,5300
2014/07/14,7100,5260
2014/07/15,7143,5260
2014/07/16,7290,5261
2014/07/17,7424,5300
2014/07/18,7599,5300
2014/07/21,7580,5300
2014/07/22,7509,5500
2014/07/23,7425,5489
2014/07/24,7308,5300
2014/07/25,7350,5399
2014/07/28,7300,5154
2014/07/29,7396,5186
2014/07/30,7390,5250
2014/07/31,7480,5200
2014/08/01,7239,5205
2014/08/04,7372,5200
2014/08/05,7410,5201
2014/08/06,7239,5176
2014/08/07,7170,5176
2014/08/08,7355,5049
2014/08/11,7465,4950
2014/08/12,7497,5100
2014/08/13,7150,5005
2014/08/14,7450,5100
2014/08/15,7440,5050
2014/08/18,7450,5050
2014/08/19,7499,5011
2014/08/20,7449,5012
2014/08/21,7450,5010
2014/08/22,7500,5010
2014/08/25,7678,5010
2014/08/26,7920,5010
2014/08/27,7977,5100
2014/08/28,8150,5100
2014/08/29,7921,5199
2014/09/01,7910,5199
2014/09/02,7971,5100
2014/09/03,8020,5100
2014/09/04,8000,5190
2014/09/05,8000,5200
2014/09/08,7850,5120
2014/09/09,7786,5120
2014/09/10,7600,5200
2014/09/11,7560,5200
2014/09/12,7445,5270
2014/09/15,7257,5300
2014/09/16,7150,5400
2014/09/17,7397,5400
2014/09/18,7363,5400
2014/09/19,7429,5400
2014/09/22,7460,5213
2014/09/23,7539,5213
2014/09/25,7353,5220
2014/09/26,7142,5399
2014/09/29,7189,5399
2014/09/30,7283,5399
2014/10/01,7095,5253
2014/10/02,7156,5230
2014/10/03,7139,5300
2014/10/06,7287,5150
2014/10/07,7079,5150
2014/10/08,6950,5127
2014/10/09,6890,5200
2014/10/10,6793,5160
2014/10/13,6804,5175
2014/10/14,6700,5200
2014/10/15,6678,5150
2014/10/16,6450,5026
2014/10/17,6616,4886
2014/10/20,6819,4950
2014/10/21,7166,5000
2014/10/22,7150,4950
2014/10/23,7215,4900
2014/10/24,7520,5050
2014/10/27,7610,5000
2014/10/28,7730,4950
2014/10/29,7872,4960
2014/10/30,7881,4900
2014/10/31,8288,5000
2014/11/03,8091,5000
2014/11/04,8049,4990
2014/11/05,8010,4900
2014/11/06,7935,4900
2014/11/07,7915,4900
2014/11/10,8050,4825
2014/11/11,8350,4825
2014/11/12,8350,4801
2014/11/13,8504,4800
2014/11/14,8600,4850
2014/11/17,8600,4850
2014/11/18,8575,4995
2014/11/19,8935,4900
2014/11/20,8649,5000
2014/11/21,8790,5000
2014/11/24,8844,5150
2014/11/25,7179,5200
2014/11/26,7000,5225
2014/11/27,7050,5190
2014/11/28,7200,5200
2014/12/01,7080,5000
2014/12/02,7200,5050
2014/12/03,7410,5100
2014/12/04,7361,5100
2014/12/05,7400,5100
2014/12/08,7400,5000
2014/12/09,7276,4900
2014/12/10,7525,5000
2014/12/11,7699,4999
2014/12/12,7594,4995
2014/12/15,7500,5000
2014/12/17,7572,4995
2014/12/18,7580,5000
2014/12/19,7599,4999
2014/12/22,7669,5035
2014/12/23,7880,5099
2014/12/24,7875,5150
2014/12/29,7880,5000
2014/12/30,7870,5020
2014/12/31,7870,5000
2015/01/02,7800,5020
2015/01/05,7750,5051
2015/01/06,7750,5190
2015/01/07,7754,5265
2015/01/08,7769,5250
2015/01/09,7750,5299
2015/01/12,7730,5295
2015/01/13,7648,5300
2015/01/14,7700,5299
2015/01/15,7501,5320
2015/01/16,7496,5320
2015/01/19,7388,5319
2015/01/20,7414,5400
2015/01/21,7645,5399
2015/01/22,7659,5300
2015/01/23,7675,5300
2015/01/26,7695,5300
2015/01/27,7690,5400
2015/01/28,7650,5400
2015/01/29,7660,5549
2015/01/30,7708,5545
2015/02/02,7650,5400
2015/02/03,7760,5600
2015/02/04,7600,5680
2015/02/05,7600,5781
2015/02/06,7600,5750
2015/02/09,7600,5830
2015/02/10,7535,5800
2015/02/11,7570,5800
2015/02/12,7623,5662
2015/02/13,7765,5799
2015/02/16,7726,5720
2015/02/17,7840,5699
2015/02/18,7700,5775
2015/02/19,7750,5775
2015/02/20,7736,5653
2015/02/23,7689,5599
2015/02/24,7785,5599
2015/02/25,7980,5615
2015/02/26,7893,5550
2015/02/27,7822,5600
2015/03/02,7750,5600
2015/03/03,7868,5588
2015/03/04,7799,5425
2015/03/05,7926,5550
2015/03/06,7864,5600
2015/03/09,7779,5550
2015/03/10,7724,5550
2015/03/11,7773,5395
2015/03/12,7969,5600
2015/03/13,7871,5580
2015/03/16,7990,5570
2015/03/17,7997,5500
2015/03/18,7950,5575
2015/03/19,7999,5575
2015/03/20,7761,5300
2015/03/23,7928,5305
2015/03/24,8000,5406
2015/03/25,8000,5305
2015/03/26,8053,5310
2015/03/27,8258,5350
2015/03/30,8450,5318
2015/03/31,8350,5321
2015/04/01,8320,5350
2015/04/02,8534,5350
2015/04/07,8532,5350
2015/04/08,8347,5350
2015/04/09,8433,5350
2015/04/10,8510,5345
2015/04/13,8321,5350
2015/04/14,8563,5350
2015/04/15,8671,5366
2015/04/16,9045,5400
2015/04/17,9000,5500
2015/04/20,9089,5475
2015/04/21,9317,5350
2015/04/22,9436,5450
2015/04/23,9100,5600
2015/04/24,9000,5626
2015/04/28,9028,5600
2015/04/29,9000,5600
2015/04/30,9055,5600
2015/05/04,9000,5401
2015/05/05,9000,5515
2015/05/06,8642,5510
2015/05/07,8886,5450
2015/05/08,8946,5550
2015/05/11,8995,5550
2015/05/12,8831,5550
2015/05/13,8751,5550
2015/05/14,9090,5550
2015/05/15,9475,5600
2015/05/18,10172,5600
2015/05/19,10615,5600
2015/05/20,11090,5780
2015/05/21,11300,5800
2015/05/22,11150,5900
2015/05/25,10911,6000
2015/05/26,10700,6000
2015/05/27,10840,5900
2015/05/28,10785,5900
2015/05/29,10622,5950
2015/06/01,10500,5900
2015/06/02,10682,5800
2015/06/03,10645,5779
2015/06/04,10574,5650
2015/06/05,10305,5756
2015/06/08,10350,5783
2015/06/09,10250,5586
2015/06/10,10540,5586
2015/06/11,10756,5588
2015/06/12,10974,5400
2015/06/15,10846,5500
2015/06/17,11100,5600
2015/06/18,11300,5251
2015/06/19,10699,5250
2015/06/22,11032,5350
2015/06/23,11136,5450
2015/06/24,11219,5450
2015/06/25,11736,5450
2015/06/26,11750,5450
2015/06/29,11558,5550
2015/06/30,12330,5599
2015/07/01,11950,5847
2015/07/02,12259,5894
2015/07/03,12200,5982
2015/07/06,12010,5885
2015/07/07,11765,5800
2015/07/08,12175,5800
2015/07/09,12576,5900
2015/07/10,12600,5860
2015/07/13,12952,5850
2015/07/14,12699,5850
2015/07/15,13057,5850
2015/07/16,13100,5749
2015/07/17,13485,5745
2015/07/20,13850,5700
2015/07/21,13720,5844
2015/07/22,13901,5844
2015/07/23,14461,5844
2015/07/24,13918,5844
2015/07/27,13983,5840
2015/07/28,14385,5984
2015/07/29,14750,5998
2015/07/30,14900,6000
2015/07/31,15304,6000
2015/08/03,15600,6000
2015/08/04,15950,6000
2015/08/05,15170,6000
2015/08/06,14950,6000
2015/08/07,14683,6000
2015/08/11,14517,6000
2015/08/12,13846,5900
2015/08/13,13918,5785
2015/08/14,13841,5790
2015/08/17,14075,5769
2015/08/18,14390,5600
2015/08/19,14250,5425
2015/08/20,13693,5425
2015/08/21,12999,5348
2015/08/24,12477,5289
2015/08/25,13582,5200
2015/08/26,13680,5324
2015/08/27,14100,5550
2015/08/28,14408,5550
2015/08/31,14518,5600
2015/09/01,13608,5500
2015/09/02,13800,5408
2015/09/03,13821,5425
2015/09/04,13627,5400
2015/09/07,13344,5450
2015/09/08,13655,5450
2015/09/09,13530,5675
2015/09/10,14107,5580
2015/09/11,13000,5505
2015/09/14,13100,5700
2015/09/15,13200,5800
2015/09/16,13285,5879
2015/09/17,13574,5879
2015/09/18,13789,5800
2015/09/21,14009,5600
2015/09/22,13925,5500
2015/09/23,13916,5749
2015/09/25,13722,5799
2015/09/28,13690,5784
2015/09/29,13825,5700
2015/09/30,14050,5700
2015/10/01,14224,5650
2015/10/02,14075,5800
2015/10/05,14413,5800
2015/10/06,14673,5800
2015/10/07,14674,5711
2015/10/08,14660,5800
2015/10/09,14537,5725
2015/10/12,14700,5820
2015/10/13,14905,5695
2015/10/14,14868,5700
2015/10/15,14522,5600
2015/10/16,14715,5610
2015/10/19,15170,5600
2015/10/20,15091,5500
2015/10/21,15403,5500
2015/10/22,15550,5600
2015/10/23,15820,5800
2015/10/26,16072,5800
2015/10/27,15995,5800
2015/10/28,15950,5790
2015/10/29,15728,5700
2015/10/30,15882,5700
2015/11/02,16248,5750
2015/11/03,15988,5725
2015/11/04,16049,5750
2015/11/05,16100,5700
2015/11/06,15677,5700
2015/11/09,15734,5700
2015/11/10,15606,5798
2015/11/11,15350,5779
2015/11/12,15150,5779
2015/11/13,14699,5725
2015/11/16,15170,5700
2015/11/17,15764,5700
2015/11/18,15500,5710
2015/11/19,15500,5710
2015/11/20,15750,5740
2015/11/23,16113,5800
