Date,Coronation,Brait
2004/05/12,360,695
2004/05/13,350,695
2004/05/14,350,690
2004/05/17,345,700
2004/05/18,345,686
2004/05/19,345,685
2004/05/20,340,690
2004/05/21,340,690
2004/05/24,335,690
2004/05/25,330,685
2004/05/26,313,685
2004/05/27,320,685
2004/05/28,320,685
2004/05/31,320,690
2004/06/01,325,680
2004/06/02,325,680
2004/06/03,320,685
2004/06/04,320,685
2004/06/07,320,701
2004/06/08,326,715
2004/06/09,330,740
2004/06/10,330,754
2004/06/11,335,760
2004/06/14,335,745
2004/06/15,320,717
2004/06/17,310,716
2004/06/18,320,720
2004/06/21,310,720
2004/06/22,308,725
2004/06/23,300,711
2004/06/24,300,720
2004/06/25,300,710
2004/06/28,310,710
2004/06/29,303,720
2004/06/30,320,720
2004/07/01,320,720
2004/07/02,330,750
2004/07/05,330,740
2004/07/06,333,725
2004/07/07,330,725
2004/07/08,320,730
2004/07/09,310,730
2004/07/12,310,728
2004/07/13,310,730
2004/07/14,310,730
2004/07/15,310,725
2004/07/16,310,720
2004/07/19,310,720
2004/07/20,320,720
2004/07/21,315,718
2004/07/22,320,718
2004/07/23,321,715
2004/07/26,335,705
2004/07/27,340,701
2004/07/28,361,720
2004/07/29,370,720
2004/07/30,375,720
2004/08/02,370,716
2004/08/03,370,720
2004/08/04,370,718
2004/08/05,398,700
2004/08/06,385,700
2004/08/10,380,690
2004/08/11,385,689
2004/08/12,385,700
2004/08/13,370,700
2004/08/16,360,700
2004/08/17,330,700
2004/08/18,350,700
2004/08/19,340,700
2004/08/20,330,718
2004/08/23,330,704
2004/08/24,330,700
2004/08/25,330,706
2004/08/26,340,706
2004/08/27,340,720
2004/08/30,345,730
2004/08/31,350,720
2004/09/01,345,730
2004/09/02,345,728
2004/09/03,345,728
2004/09/06,345,730
2004/09/07,350,730
2004/09/08,349,730
2004/09/09,350,735
2004/09/10,345,740
2004/09/13,348,770
2004/09/14,343,780
2004/09/15,340,770
2004/09/16,340,770
2004/09/17,330,770
2004/09/20,329,755
2004/09/21,325,745
2004/09/22,320,750
2004/09/23,321,750
2004/09/27,326,750
2004/09/28,325,755
2004/09/29,345,755
2004/09/30,350,754
2004/10/01,350,760
2004/10/04,365,785
2004/10/05,370,765
2004/10/06,370,765
2004/10/07,370,769
2004/10/08,385,760
2004/10/11,370,750
2004/10/12,376,753
2004/10/13,375,780
2004/10/14,375,770
2004/10/15,384,770
2004/10/18,375,775
2004/10/19,385,780
2004/10/20,375,775
2004/10/21,370,800
2004/10/22,375,800
2004/10/25,375,795
2004/10/26,375,795
2004/10/27,375,800
2004/10/28,380,815
2004/10/29,390,830
2004/11/01,400,855
2004/11/02,400,855
2004/11/03,400,855
2004/11/04,405,870
2004/11/05,405,885
2004/11/08,410,900
2004/11/09,440,945
2004/11/10,445,940
2004/11/11,421,950
2004/11/12,422,970
2004/11/15,440,995
2004/11/16,440,995
2004/11/17,440,960
2004/11/18,440,960
2004/11/19,440,950
2004/11/22,440,950
2004/11/23,439,970
2004/11/24,439,970
2004/11/25,430,970
2004/11/26,415,965
2004/11/29,430,970
2004/11/30,435,960
2004/12/01,450,980
2004/12/02,435,970
2004/12/03,445,955
2004/12/06,418,930
2004/12/07,399,925
2004/12/08,410,930
2004/12/09,410,925
2004/12/10,385,925
2004/12/13,400,933
2004/12/14,390,933
2004/12/15,385,930
2004/12/17,390,930
2004/12/20,385,926
2004/12/21,380,926
2004/12/22,381,945
2004/12/23,382,950
2004/12/24,385,960
2004/12/28,392,960
2004/12/29,386,970
2004/12/30,395,960
2004/12/31,400,965
2005/01/03,400,975
2005/01/04,400,1000
2005/01/05,396,1000
2005/01/06,420,1019
2005/01/07,412,1019
2005/01/10,410,1014
2005/01/11,415,1015
2005/01/12,410,1040
2005/01/13,420,1051
2005/01/14,420,1075
2005/01/17,420,1130
2005/01/18,399,1100
2005/01/19,396,1115
2005/01/20,395,1130
2005/01/21,385,1100
2005/01/24,385,1100
2005/01/25,388,1130
2005/01/26,405,1115
2005/01/27,410,1120
2005/01/28,404,1115
2005/01/31,402,1133
2005/02/01,402,1140
2005/02/02,400,1160
2005/02/03,405,1160
2005/02/04,390,1200
2005/02/07,390,1190
2005/02/08,382,1189
2005/02/09,385,1180
2005/02/10,400,1165
2005/02/11,400,1175
2005/02/14,400,1176
2005/02/15,400,1200
2005/02/16,404,1195
2005/02/17,404,1150
2005/02/18,405,1162
2005/02/21,406,1170
2005/02/22,405,1200
2005/02/23,405,1201
2005/02/24,407,1229
2005/02/25,400,1229
2005/02/28,398,1222
2005/03/01,388,1225
2005/03/02,384,1228
2005/03/03,395,1230
2005/03/04,385,1235
2005/03/07,390,1230
2005/03/08,390,1200
2005/03/09,390,1200
2005/03/10,395,1200
2005/03/11,395,1200
2005/03/14,390,1230
2005/03/15,390,1220
2005/03/16,390,1225
2005/03/17,380,1240
2005/03/18,370,1238
2005/03/22,362,1192
2005/03/23,365,1215
2005/03/24,370,1210
2005/03/29,370,1200
2005/03/30,355,1180
2005/03/31,370,1170
2005/04/01,370,1248
2005/04/04,375,1235
2005/04/05,375,1300
2005/04/06,370,1300
2005/04/07,360,1320
2005/04/08,371,1310
2005/04/11,371,1310
2005/04/12,390,1280
2005/04/13,400,1280
2005/04/14,405,1300
2005/04/15,395,1290
2005/04/18,373,1250
2005/04/19,365,1275
2005/04/20,355,1270
2005/04/21,360,1212
2005/04/22,375,1240
2005/04/25,374,1240
2005/04/26,361,1235
2005/04/28,355,1190
2005/04/29,350,1220
2005/05/03,370,1240
2005/05/04,370,1235
2005/05/05,365,1250
2005/05/06,365,1240
2005/05/09,365,1250
2005/05/10,375,1265
2005/05/11,387,1310
2005/05/12,390,1300
2005/05/13,385,1270
2005/05/16,373,1290
2005/05/17,380,1299
2005/05/18,390,1300
2005/05/19,380,1310
2005/05/20,400,1300
2005/05/23,400,1310
2005/05/24,400,1312
2005/05/25,400,1312
2005/05/26,400,1315
2005/05/27,410,1420
2005/05/30,419,1400
2005/05/31,420,1372
2005/06/01,410,1359
2005/06/02,420,1375
2005/06/03,410,1400
2005/06/06,415,1390
2005/06/07,415,1350
2005/06/08,415,1360
2005/06/09,415,1320
2005/06/10,422,1307
2005/06/13,420,1325
2005/06/14,417,1330
2005/06/15,405,1330
2005/06/17,410,1350
2005/06/20,410,1340
2005/06/21,410,1345
2005/06/22,411,1345
2005/06/23,410,1345
2005/06/24,410,1320
2005/06/27,385,1320
2005/06/28,395,1325
2005/06/29,405,1330
2005/06/30,395,1350
2005/07/01,395,1320
2005/07/04,395,1310
2005/07/05,390,1300
2005/07/06,395,1320
2005/07/07,400,1330
2005/07/08,400,1345
2005/07/11,405,1355
2005/07/12,420,1375
2005/07/13,425,1405
2005/07/14,426,1420
2005/07/15,425,1440
2005/07/18,430,1448
2005/07/19,435,1465
2005/07/20,431,1490
2005/07/21,420,1510
2005/07/22,425,1515
2005/07/25,450,1521
2005/07/26,450,1550
2005/07/27,450,1570
2005/07/28,456,1560
2005/07/29,455,1583
2005/08/01,450,1610
2005/08/02,455,1700
2005/08/03,460,1649
2005/08/04,480,1700
2005/08/05,480,1699
2005/08/08,490,1730
2005/08/10,495,1750
2005/08/11,497,1759
2005/08/12,495,1801
2005/08/15,495,1830
2005/08/16,495,1828
2005/08/17,485,1790
2005/08/18,475,1800
2005/08/19,485,1800
2005/08/22,480,1840
2005/08/23,490,1850
2005/08/24,485,1840
2005/08/25,470,1830
2005/08/26,465,1812
2005/08/29,460,1790
2005/08/30,470,1750
2005/08/31,470,1780
2005/09/01,479,1799
2005/09/02,480,1825
2005/09/05,481,1790
2005/09/06,500,1824
2005/09/07,501,1825
2005/09/08,500,1810
2005/09/09,501,1820
2005/09/12,500,1820
2005/09/13,490,1870
2005/09/14,500,1860
2005/09/15,515,1875
2005/09/16,520,1880
2005/09/19,523,1870
2005/09/20,520,1840
2005/09/21,525,1840
2005/09/22,540,1806
2005/09/23,538,1760
2005/09/26,545,1765
2005/09/27,545,1750
2005/09/28,545,1775
2005/09/29,530,1780
2005/09/30,550,1840
2005/10/03,535,1875
2005/10/04,539,1941
2005/10/05,535,1935
2005/10/06,530,1880
2005/10/07,525,1900
2005/10/10,503,1870
2005/10/11,520,1865
2005/10/12,510,1830
2005/10/13,500,1779
2005/10/14,510,1750
2005/10/17,540,1745
2005/10/18,530,1737
2005/10/19,500,1700
2005/10/20,506,1680
2005/10/21,517,1710
2005/10/24,515,1660
2005/10/25,505,1750
2005/10/26,550,1770
2005/10/27,540,1800
2005/10/28,539,1800
2005/10/31,545,1840
2005/11/01,550,1830
2005/11/02,545,1830
2005/11/03,555,1900
2005/11/04,565,1885
2005/11/07,590,1893
2005/11/08,581,1851
2005/11/09,580,1786
2005/11/10,575,1870
2005/11/11,575,1890
2005/11/14,585,1825
2005/11/15,575,1840
2005/11/16,559,1850
2005/11/17,570,1840
2005/11/18,570,1840
2005/11/21,560,1830
2005/11/22,558,1800
2005/11/23,550,1820
2005/11/24,550,1800
2005/11/25,535,1860
2005/11/28,545,1855
2005/11/29,520,1815
2005/11/30,515,1805
2005/12/01,515,1820
2005/12/02,515,1850
2005/12/05,515,1870
2005/12/06,520,1870
2005/12/07,520,1870
2005/12/08,506,1873
2005/12/09,508,1881
2005/12/12,520,1885
2005/12/13,535,1880
2005/12/14,530,1880
2005/12/15,530,1880
2005/12/19,535,1890
2005/12/20,538,1860
2005/12/21,545,1870
2005/12/22,540,1873
2005/12/23,545,1880
2005/12/27,555,1880
2005/12/28,545,1902
2005/12/29,543,1940
2005/12/30,550,1949
2006/01/03,555,1990
2006/01/04,556,2030
2006/01/05,575,2040
2006/01/06,575,2050
2006/01/09,589,2120
2006/01/10,595,2146
2006/01/11,635,2210
2006/01/12,629,2280
2006/01/13,610,2280
2006/01/16,620,2270
2006/01/17,602,2320
2006/01/18,610,2307
2006/01/19,625,2395
2006/01/20,605,2390
2006/01/23,620,2375
2006/01/24,615,2385
2006/01/25,610,2379
2006/01/26,612,2375
2006/01/27,615,2350
2006/01/30,620,2310
2006/01/31,620,2252
2006/02/01,620,2280
2006/02/02,620,2310
2006/02/03,620,2300
2006/02/06,600,2270
2006/02/07,600,2300
2006/02/08,600,2300
2006/02/09,604,2275
2006/02/10,605,2270
2006/02/13,600,2230
2006/02/14,600,2250
2006/02/15,601,2260
2006/02/16,600,2280
2006/02/17,610,2340
2006/02/20,605,2345
2006/02/21,607,2300
2006/02/22,610,2300
2006/02/23,615,2360
2006/02/24,615,2380
2006/02/27,625,2400
2006/02/28,625,2301
2006/03/02,621,2350
2006/03/03,613,2355
2006/03/06,620,2350
2006/03/07,605,2390
2006/03/08,590,2300
2006/03/09,600,2200
2006/03/10,601,2250
2006/03/13,616,2325
2006/03/14,618,2350
2006/03/15,618,2380
2006/03/16,619,2400
2006/03/17,625,2505
2006/03/20,635,2575
2006/03/22,635,2610
2006/03/23,635,2625
2006/03/24,635,2550
2006/03/27,635,2550
2006/03/28,630,2450
2006/03/29,633,2500
2006/03/30,635,2513
2006/03/31,635,2500
2006/04/03,645,2500
2006/04/04,650,2450
2006/04/05,645,2440
2006/04/06,650,2400
2006/04/07,660,2399
2006/04/10,650,2360
2006/04/11,650,2350
2006/04/12,650,2363
2006/04/13,650,2390
2006/04/18,632,2401
2006/04/19,650,2450
2006/04/20,640,2500
2006/04/21,640,2475
2006/04/24,635,2475
2006/04/25,630,2500
2006/04/26,630,2500
2006/04/28,629,2499
2006/05/02,630,2498
2006/05/03,630,2500
2006/05/04,630,2520
2006/05/05,620,2580
2006/05/08,620,2550
2006/05/09,620,2650
2006/05/10,625,2650
2006/05/11,620,2685
2006/05/12,605,2575
2006/05/15,599,2470
2006/05/16,594,2525
2006/05/17,590,2500
2006/05/18,580,2490
2006/05/19,585,2460
2006/05/22,570,2371
2006/05/23,609,2480
2006/05/24,600,2500
2006/05/25,589,2480
2006/05/26,590,2500
2006/05/29,600,2550
2006/05/30,594,2552
2006/05/31,595,2520
2006/06/01,585,2525
2006/06/02,580,2480
2006/06/05,585,2470
2006/06/06,580,2401
2006/06/07,570,2320
2006/06/08,545,2300
2006/06/09,540,2200
2006/06/12,520,2200
2006/06/13,510,2100
2006/06/14,500,2090
2006/06/15,530,2100
2006/06/19,549,2150
2006/06/20,550,2100
2006/06/21,550,2160
2006/06/22,549,2150
2006/06/23,547,2149
2006/06/26,540,2089
2006/06/27,540,2099
2006/06/28,550,2050
2006/06/29,555,2123
2006/06/30,555,2150
2006/07/03,550,2150
2006/07/04,550,2149
2006/07/05,554,2050
2006/07/06,545,2040
2006/07/07,560,2100
2006/07/10,565,2110
2006/07/11,560,2100
2006/07/12,570,2070
2006/07/13,565,2050
2006/07/14,566,2050
2006/07/17,560,2040
2006/07/18,560,2032
2006/07/19,560,2050
2006/07/20,560,2051
2006/07/21,570,2060
2006/07/24,575,2060
2006/07/25,575,2166
2006/07/26,583,2219
2006/07/27,580,2180
2006/07/28,580,2190
2006/07/31,580,2200
2006/08/01,579,2195
2006/08/02,569,2185
2006/08/03,570,2185
2006/08/04,560,2050
2006/08/07,555,2039
2006/08/08,550,2000
2006/08/10,555,2020
2006/08/11,559,2070
2006/08/14,553,2135
2006/08/15,570,2130
2006/08/16,570,2086
2006/08/17,585,2097
2006/08/18,585,2100
2006/08/21,585,2135
2006/08/22,585,2125
2006/08/23,585,2100
2006/08/24,592,2105
2006/08/25,590,2100
2006/08/28,590,2106
2006/08/29,590,2125
2006/08/30,600,2110
2006/08/31,598,2175
2006/09/01,600,2210
2006/09/04,598,2300
2006/09/05,600,2290
2006/09/06,600,2270
2006/09/07,590,2200
2006/09/08,600,2175
2006/09/11,595,2100
2006/09/12,590,2080
2006/09/13,590,2080
2006/09/14,590,2060
2006/09/15,590,2100
2006/09/18,590,2130
2006/09/19,590,2121
2006/09/20,595,2106
2006/09/21,600,2121
2006/09/22,600,2125
2006/09/26,600,2130
2006/09/27,600,2100
2006/09/28,600,2100
2006/09/29,600,2125
2006/10/02,600,2115
2006/10/03,600,2075
2006/10/04,600,2100
2006/10/05,605,2110
2006/10/06,615,2100
2006/10/09,610,2100
2006/10/10,615,2194
2006/10/11,605,2165
2006/10/12,615,2176
2006/10/13,616,2165
2006/10/16,616,2165
2006/10/17,635,2180
2006/10/18,639,2185
2006/10/19,640,2285
2006/10/20,645,2287
2006/10/23,650,2270
2006/10/24,644,2320
2006/10/25,640,2320
2006/10/26,635,2319
2006/10/27,650,2300
2006/10/30,640,2280
2006/10/31,640,2300
2006/11/01,660,2310
2006/11/02,655,2395
2006/11/03,650,2310
2006/11/06,651,2286
2006/11/07,700,2297
2006/11/08,690,2300
2006/11/09,680,2285
2006/11/10,695,2330
2006/11/13,710,2365
2006/11/14,710,2345
2006/11/15,706,2380
2006/11/16,715,2380
2006/11/17,725,2380
2006/11/20,722,2300
2006/11/21,725,2300
2006/11/22,720,2310
2006/11/23,710,2310
2006/11/24,718,2350
2006/11/27,720,2390
2006/11/28,717,2375
2006/11/29,718,2399
2006/11/30,714,2405
2006/12/01,717,2400
2006/12/04,715,2375
2006/12/05,720,2400
2006/12/06,720,2435
2006/12/07,718,2425
2006/12/08,713,2410
2006/12/11,667,2390
2006/12/12,660,2380
2006/12/13,655,2390
2006/12/14,650,2370
2006/12/15,649,2400
2006/12/18,655,2400
2006/12/19,655,2405
2006/12/20,660,2460
2006/12/21,650,2450
2006/12/22,655,2475
2006/12/27,659,2499
2006/12/28,657,2525
2006/12/29,655,2550
2007/01/02,656,2545
2007/01/03,670,2515
2007/01/04,670,2500
2007/01/05,665,2515
2007/01/09,690,2606
2007/01/10,692,2650
2007/01/11,693,2705
2007/01/12,705,2800
2007/01/15,735,2855
2007/01/16,750,2935
2007/01/17,740,2900
2007/01/18,740,2930
2007/01/19,750,2905
2007/01/22,750,2900
2007/01/23,735,2929
2007/01/24,735,2910
2007/01/25,739,2930
2007/01/26,735,2930
2007/01/29,735,2920
2007/01/30,733,2930
2007/01/31,715,2970
2007/02/01,720,3100
2007/02/02,729,3170
2007/02/05,737,3070
2007/02/06,740,3150
2007/02/07,750,3120
2007/02/08,732,3060
2007/02/09,735,3030
2007/02/12,730,2970
2007/02/13,740,2900
2007/02/14,750,2950
2007/02/15,750,2900
2007/02/16,755,2890
2007/02/19,770,2885
2007/02/20,780,2875
2007/02/21,780,2884
2007/02/22,791,2900
2007/02/23,800,2885
2007/02/26,800,2860
2007/02/27,800,2730
2007/02/28,820,2671
2007/03/01,820,2700
2007/03/02,800,2650
2007/03/05,775,2615
2007/03/06,790,2700
2007/03/07,799,2650
2007/03/08,800,2675
2007/03/09,810,2650
2007/03/12,830,2710
2007/03/13,830,2720
2007/03/14,810,2670
2007/03/15,800,2690
2007/03/16,810,2690
2007/03/19,810,2690
2007/03/20,799,2680
2007/03/22,800,2715
2007/03/23,819,2798
2007/03/26,820,2800
2007/03/27,815,2820
2007/03/28,800,2800
2007/03/29,777,2888
2007/03/30,776,2920
2007/04/02,775,2950
2007/04/03,800,2965
2007/04/04,815,2975
2007/04/05,801,3006
2007/04/10,805,3000
2007/04/11,794,3030
2007/04/12,791,3001
2007/04/13,815,3000
2007/04/16,852,3005
2007/04/17,865,3016
2007/04/18,870,3030
2007/04/19,890,3090
2007/04/20,895,3021
2007/04/23,888,3030
2007/04/24,890,3030
2007/04/25,880,3060
2007/04/26,870,3075
2007/04/30,861,3100
2007/05/02,917,3150
2007/05/03,900,3250
2007/05/04,910,3249
2007/05/07,908,3200
2007/05/08,900,3170
2007/05/09,900,3100
2007/05/10,900,3100
2007/05/11,900,3075
2007/05/14,900,3100
2007/05/15,890,3076
2007/05/16,900,3050
2007/05/17,894,3000
2007/05/18,895,3050
2007/05/21,880,3065
2007/05/22,851,3065
2007/05/23,880,3060
2007/05/24,870,3080
2007/05/25,869,3050
2007/05/28,860,3115
2007/05/29,860,3140
2007/05/30,854,3200
2007/05/31,854,3220
2007/06/01,860,3220
2007/06/04,845,3099
2007/06/05,846,3060
2007/06/06,835,3150
2007/06/07,844,3149
2007/06/08,844,3050
2007/06/11,850,3099
2007/06/12,849,3100
2007/06/13,845,3055
2007/06/14,855,3055
2007/06/15,848,3050
2007/06/18,845,3070
2007/06/19,846,3100
2007/06/20,845,3078
2007/06/21,845,3070
2007/06/22,846,3050
2007/06/25,825,3050
2007/06/26,810,3020
2007/06/27,800,3030
2007/06/28,810,3000
2007/06/29,800,3030
2007/07/02,785,3000
2007/07/03,800,3020
2007/07/04,810,3020
2007/07/05,800,3000
2007/07/06,824,2980
2007/07/09,819,2980
2007/07/10,825,2995
2007/07/11,820,2950
2007/07/12,825,2950
2007/07/13,835,2925
2007/07/16,830,2920
2007/07/17,830,2874
2007/07/18,828,2799
2007/07/19,830,2800
2007/07/20,839,2820
2007/07/23,845,2820
2007/07/24,855,2800
2007/07/25,851,2750
2007/07/26,847,2675
2007/07/27,840,2700
2007/07/30,835,2650
2007/07/31,860,2700
2007/08/01,849,2675
2007/08/02,851,2750
2007/08/03,856,2700
2007/08/06,830,2610
2007/08/07,830,2630
2007/08/08,840,2651
2007/08/10,835,2580
2007/08/13,840,2590
2007/08/14,850,2570
2007/08/15,849,2490
2007/08/16,810,2400
2007/08/17,823,2400
2007/08/20,815,2390
2007/08/21,827,2380
2007/08/22,824,2380
2007/08/23,833,2440
2007/08/24,830,2411
2007/08/27,827,2455
2007/08/28,824,2475
2007/08/29,835,2570
2007/08/30,829,2625
2007/08/31,848,2650
2007/09/03,850,2560
2007/09/04,850,2538
2007/09/05,853,2490
2007/09/06,856,2491
2007/09/07,855,2530
2007/09/10,865,2600
2007/09/11,871,2589
2007/09/12,871,2530
2007/09/13,873,2475
2007/09/14,864,2515
2007/09/17,875,2520
2007/09/18,875,2550
2007/09/19,899,2550
2007/09/20,885,2580
2007/09/21,885,2525
2007/09/25,870,2510
2007/09/26,860,2525
2007/09/27,865,2550
2007/09/28,867,2575
2007/10/01,870,2575
2007/10/02,881,2650
2007/10/03,910,2750
2007/10/04,920,2700
2007/10/05,920,2720
2007/10/08,911,2800
2007/10/09,920,2775
2007/10/10,925,2850
2007/10/11,930,2830
2007/10/12,930,2800
2007/10/15,910,2830
2007/10/16,920,2830
2007/10/17,920,2848
2007/10/18,915,2860
2007/10/19,900,2860
2007/10/22,890,2749
2007/10/23,899,2820
2007/10/24,930,2840
2007/10/25,940,2840
2007/10/26,942,2950
2007/10/29,935,2875
2007/10/30,935,2875
2007/10/31,950,2860
2007/11/01,950,2850
2007/11/02,960,2831
2007/11/05,950,2900
2007/11/06,950,2900
2007/11/07,975,2900
2007/11/08,970,2895
2007/11/09,980,2900
2007/11/12,970,2900
2007/11/13,970,2900
2007/11/14,970,2900
2007/11/15,978,2900
2007/11/16,980,2890
2007/11/19,990,2900
2007/11/20,1000,2880
2007/11/21,990,2860
2007/11/22,965,2820
2007/11/23,950,2800
2007/11/26,945,2790
2007/11/27,930,2770
2007/11/28,950,2770
2007/11/29,950,2771
2007/11/30,945,2771
2007/12/03,950,2685
2007/12/04,940,2625
2007/12/05,940,2700
2007/12/06,935,2700
2007/12/07,945,2700
2007/12/10,895,2710
2007/12/11,895,2700
2007/12/12,880,2700
2007/12/13,851,2625
2007/12/14,850,2575
2007/12/18,780,2595
2007/12/19,790,2565
2007/12/20,770,2565
2007/12/21,800,2515
2007/12/24,822,2515
2007/12/27,820,2600
2007/12/28,840,2600
2007/12/31,815,2600
2008/01/02,850,2620
2008/01/03,817,2620
2008/01/04,830,2600
2008/01/07,826,2600
2008/01/08,820,2600
2008/01/09,830,2585
2008/01/10,820,2538
2008/01/11,802,2400
2008/01/14,770,2400
2008/01/15,750,2450
2008/01/16,710,2450
2008/01/17,715,2400
2008/01/18,700,2325
2008/01/21,661,2192
2008/01/22,661,2299
2008/01/23,650,2200
2008/01/24,670,2200
2008/01/25,680,2230
2008/01/28,650,2100
2008/01/29,673,2090
2008/01/30,640,2025
2008/01/31,599,1940
2008/02/01,591,2075
2008/02/04,585,2100
2008/02/05,620,2139
2008/02/06,605,2121
2008/02/07,600,2120
2008/02/08,575,2129
2008/02/11,566,2100
2008/02/12,585,2070
2008/02/13,610,2030
2008/02/14,606,2070
2008/02/15,610,2080
2008/02/18,611,2054
2008/02/19,645,2000
2008/02/20,630,1950
2008/02/21,619,1951
2008/02/22,620,1950
2008/02/25,619,1950
2008/02/26,657,2050
2008/02/27,710,2170
2008/02/28,690,2150
2008/02/29,675,2150
2008/03/03,661,2170
2008/03/04,650,2160
2008/03/05,639,2135
2008/03/06,620,2141
2008/03/07,620,2099
2008/03/10,630,2078
2008/03/11,651,2090
2008/03/12,675,2090
2008/03/13,651,2180
2008/03/14,670,2180
2008/03/17,649,2100
2008/03/18,655,2200
2008/03/19,655,2225
2008/03/20,615,2150
2008/03/25,615,2150
2008/03/26,630,2150
2008/03/27,630,2100
2008/03/28,635,2150
2008/03/31,625,2125
2008/04/01,635,2090
2008/04/02,646,2125
2008/04/03,645,2125
2008/04/04,645,2080
2008/04/07,635,2080
2008/04/08,635,2125
2008/04/09,640,2130
2008/04/10,650,2110
2008/04/11,650,2120
2008/04/14,650,2100
2008/04/15,660,2145
2008/04/16,650,2150
2008/04/17,650,2101
2008/04/18,650,2150
2008/04/21,650,2150
2008/04/22,640,2100
2008/04/23,630,2100
2008/04/24,620,2080
2008/04/25,620,2090
2008/04/29,621,2025
2008/04/30,660,2000
2008/05/05,650,2100
2008/05/06,620,2080
2008/05/07,620,2078
2008/05/08,620,2050
2008/05/09,590,2090
2008/05/12,600,2090
2008/05/13,600,2100
2008/05/14,600,2100
2008/05/15,595,2153
2008/05/16,590,2150
2008/05/19,590,2150
2008/05/20,580,2150
2008/05/21,570,2100
2008/05/22,580,2150
2008/05/23,560,2150
2008/05/26,560,2100
2008/05/27,560,2115
2008/05/28,560,2101
2008/05/29,561,2130
2008/05/30,560,2150
2008/06/02,551,2150
2008/06/03,540,2140
2008/06/04,520,2090
2008/06/05,540,2075
2008/06/06,535,2075
2008/06/09,510,2049
2008/06/10,500,2075
2008/06/11,500,2150
2008/06/12,500,2120
2008/06/13,490,2100
2008/06/17,480,2140
2008/06/18,480,2140
2008/06/19,490,2100
2008/06/20,485,2105
2008/06/23,481,2100
2008/06/24,470,2117
2008/06/25,460,2100
2008/06/26,460,2080
2008/06/27,460,2010
2008/06/30,455,2010
2008/07/01,450,1960
2008/07/02,450,1950
2008/07/03,445,1890
2008/07/04,451,1850
2008/07/07,442,1800
2008/07/08,440,1720
2008/07/09,440,1690
2008/07/10,450,1641
2008/07/11,444,1605
2008/07/14,460,1625
2008/07/15,464,1625
2008/07/16,480,1625
2008/07/17,500,1700
2008/07/18,490,1702
2008/07/21,490,1750
2008/07/22,495,1799
2008/07/23,490,1800
2008/07/24,490,1850
2008/07/25,475,1850
2008/07/28,477,1830
2008/07/29,480,1800
2008/07/30,488,1810
2008/07/31,500,1850
2008/08/01,481,2000
2008/08/04,490,1920
2008/08/05,510,1900
2008/08/06,515,1900
2008/08/07,510,1895
2008/08/08,470,1892
2008/08/11,495,1910
2008/08/12,520,1925
2008/08/13,520,1925
2008/08/14,501,1902
2008/08/15,500,1900
2008/08/18,495,1900
2008/08/19,500,1881
2008/08/20,480,1850
2008/08/21,495,1800
2008/08/22,490,1800
2008/08/25,510,1840
2008/08/26,480,1766
2008/08/27,480,1750
2008/08/28,500,1750
2008/08/29,520,1710
2008/09/01,500,1760
2008/09/02,505,1730
2008/09/03,500,1715
2008/09/04,520,1700
2008/09/05,525,1710
2008/09/08,515,1730
2008/09/09,515,1730
2008/09/10,515,1710
2008/09/11,521,1710
2008/09/12,520,1728
2008/09/15,530,1700
2008/09/16,520,1675
2008/09/17,521,1700
2008/09/18,520,1650
2008/09/19,547,1662
2008/09/22,557,1670
2008/09/23,561,1670
2008/09/25,560,1700
2008/09/26,560,1785
2008/09/29,561,1800
2008/09/30,575,1790
2008/10/01,561,1670
2008/10/02,569,1677
2008/10/03,565,1675
2008/10/06,550,1660
2008/10/07,535,1660
2008/10/08,520,1626
2008/10/09,520,1680
2008/10/10,485,1600
2008/10/13,490,1570
2008/10/14,488,1550
2008/10/15,480,1520
2008/10/16,500,1467
2008/10/17,480,1454
2008/10/20,500,1455
2008/10/21,500,1456
2008/10/22,505,1510
2008/10/23,490,1460
2008/10/24,480,1450
2008/10/27,460,1500
2008/10/28,494,1500
2008/10/29,525,1535
2008/10/30,525,1545
2008/10/31,500,1540
2008/11/03,500,1530
2008/11/04,500,1530
2008/11/05,499,1550
2008/11/06,500,1530
2008/11/07,500,1530
2008/11/10,490,1539
2008/11/11,480,1500
2008/11/12,479,1485
2008/11/13,460,1450
2008/11/14,470,1450
2008/11/17,475,1400
2008/11/18,455,1390
2008/11/19,451,1350
2008/11/20,445,1320
2008/11/21,425,1306
2008/11/24,450,1300
2008/11/25,463,1321
2008/11/26,455,1330
2008/11/27,455,1320
2008/11/28,500,1320
2008/12/01,520,1300
2008/12/02,465,1299
2008/12/03,450,1285
2008/12/04,430,1250
2008/12/05,435,1230
2008/12/08,410,1181
2008/12/09,420,1190
2008/12/10,449,1200
2008/12/11,450,1200
2008/12/12,450,1200
2008/12/15,455,1190
2008/12/17,465,1150
2008/12/18,460,1186
2008/12/19,465,1190
2008/12/22,475,1190
2008/12/23,465,1150
2008/12/24,465,1150
2008/12/29,463,1200
2008/12/30,462,1205
2008/12/31,462,1205
2009/01/02,465,1250
2009/01/05,465,1200
2009/01/06,470,1280
2009/01/07,500,1285
2009/01/08,500,1236
2009/01/09,500,1224
2009/01/12,500,1210
2009/01/13,500,1200
2009/01/14,480,1200
2009/01/15,470,1210
2009/01/16,450,1250
2009/01/19,450,1285
2009/01/20,450,1285
2009/01/21,425,1285
2009/01/22,430,1285
2009/01/23,430,1285
2009/01/26,425,1285
2009/01/27,440,1260
2009/01/28,445,1260
2009/01/29,450,1235
2009/01/30,450,1235
2009/02/02,450,1235
2009/02/03,450,1272
2009/02/04,440,1201
2009/02/05,440,1250
2009/02/06,445,1200
2009/02/09,450,1150
2009/02/10,440,1135
2009/02/11,440,1114
2009/02/12,440,1120
2009/02/13,430,1105
2009/02/16,425,1075
2009/02/17,425,1050
2009/02/18,430,1060
2009/02/19,435,1080
2009/02/20,430,1058
2009/02/23,431,1100
2009/02/24,430,1100
2009/02/25,431,1130
2009/02/26,435,1160
2009/02/27,440,1143
2009/03/02,440,1143
2009/03/03,435,1150
2009/03/04,435,1150
2009/03/05,435,1130
2009/03/06,435,1110
2009/03/09,435,1100
2009/03/10,440,1083
2009/03/11,450,1050
2009/03/12,460,1000
2009/03/13,460,1034
2009/03/16,466,1010
2009/03/17,459,1000
2009/03/18,450,975
2009/03/19,460,975
2009/03/20,451,970
2009/03/23,451,950
2009/03/24,460,950
2009/03/25,500,935
2009/03/26,500,950
2009/03/27,490,1000
2009/03/30,475,1070
2009/03/31,490,1050
2009/04/01,490,1100
2009/04/02,500,1099
2009/04/03,519,1060
2009/04/06,500,1090
2009/04/07,500,1090
2009/04/08,516,1106
2009/04/09,531,1130
2009/04/14,551,1200
2009/04/15,550,1200
2009/04/16,560,1179
2009/04/17,560,1200
2009/04/20,560,1201
2009/04/21,570,1190
2009/04/23,569,1190
2009/04/24,560,1250
2009/04/28,560,1250
2009/04/29,570,1220
2009/04/30,570,1200
2009/05/04,580,1220
2009/05/05,580,1220
2009/05/06,560,1269
2009/05/07,560,1282
2009/05/08,560,1282
2009/05/11,560,1250
2009/05/12,559,1310
2009/05/13,535,1300
2009/05/14,500,1250
2009/05/15,510,1250
2009/05/18,520,1250
2009/05/19,521,1250
2009/05/20,540,1250
2009/05/21,530,1200
2009/05/22,530,1240
2009/05/25,525,1300
2009/05/26,525,1290
2009/05/27,525,1299
2009/05/28,525,1310
2009/05/29,527,1400
2009/06/01,546,1552
2009/06/02,550,1525
2009/06/03,550,1600
2009/06/04,550,1600
2009/06/05,550,1600
2009/06/08,560,1600
2009/06/09,565,1600
2009/06/10,570,1600
2009/06/11,600,1595
2009/06/12,610,1600
2009/06/15,610,1575
2009/06/17,590,1570
2009/06/18,590,1550
2009/06/19,590,1550
2009/06/22,588,1537
2009/06/23,590,1530
2009/06/24,570,1530
2009/06/25,580,1545
2009/06/26,590,1550
2009/06/29,610,1570
2009/06/30,611,1570
2009/07/01,610,1575
2009/07/02,620,1595
2009/07/03,625,1602
2009/07/06,625,1625
2009/07/07,640,1600
2009/07/08,640,1650
2009/07/09,625,1750
2009/07/10,630,1749
2009/07/13,612,1700
2009/07/14,630,1680
2009/07/15,670,1700
2009/07/16,655,1695
2009/07/17,653,1695
2009/07/20,665,1700
2009/07/21,665,1700
2009/07/22,663,1700
2009/07/23,656,1700
2009/07/24,670,1690
2009/07/27,661,1700
2009/07/28,661,1710
2009/07/29,660,1710
2009/07/30,670,1749
2009/07/31,680,1850
2009/08/03,680,1710
2009/08/04,670,1700
2009/08/05,670,1680
2009/08/06,685,1680
2009/08/07,694,1700
2009/08/11,720,1690
2009/08/12,695,1675
2009/08/13,700,1700
2009/08/14,705,1700
2009/08/17,700,1700
2009/08/18,700,1700
2009/08/19,705,1690
2009/08/20,709,1700
2009/08/21,715,1775
2009/08/24,715,1942
2009/08/25,720,1850
2009/08/26,735,1850
2009/08/27,740,1800
2009/08/28,760,1801
2009/08/31,760,1850
2009/09/01,760,1900
2009/09/02,753,1887
2009/09/03,760,1853
2009/09/04,750,1900
2009/09/07,750,1880
2009/09/08,770,1850
2009/09/09,750,1860
2009/09/10,730,1871
2009/09/11,732,1850
2009/09/14,730,1833
2009/09/15,740,1825
2009/09/16,750,1875
2009/09/17,762,1875
2009/09/18,740,1811
2009/09/21,741,1820
2009/09/22,760,1820
2009/09/23,745,1815
2009/09/25,780,1800
2009/09/28,775,1800
2009/09/29,770,1900
2009/09/30,770,1900
2009/10/01,760,1970
2009/10/02,740,1950
2009/10/05,740,1900
2009/10/06,745,1975
2009/10/07,727,1975
2009/10/08,750,1956
2009/10/09,725,1940
2009/10/12,725,1911
2009/10/13,721,1898
2009/10/14,750,1885
2009/10/15,750,1861
2009/10/16,750,1860
2009/10/19,755,1850
2009/10/20,750,1850
2009/10/21,760,1849
2009/10/22,770,1825
2009/10/23,775,1826
2009/10/26,770,1849
2009/10/27,769,1850
2009/10/28,760,1862
2009/10/29,850,1862
2009/10/30,807,1845
2009/11/02,800,1826
2009/11/03,790,1799
2009/11/04,790,1762
2009/11/05,800,1736
2009/11/06,800,1730
2009/11/09,800,1750
2009/11/10,825,1765
2009/11/11,840,1770
2009/11/12,830,1780
2009/11/13,830,1840
2009/11/16,830,1831
2009/11/17,826,1845
2009/11/18,830,1820
2009/11/19,880,1815
2009/11/20,850,1810
2009/11/23,861,1777
2009/11/24,867,1820
2009/11/25,867,1825
2009/11/26,830,1825
2009/11/27,830,1802
2009/11/30,835,1793
2009/12/01,857,1817
2009/12/02,850,1864
2009/12/03,856,1882
2009/12/04,899,1870
2009/12/07,860,1810
2009/12/08,830,1835
2009/12/09,820,1860
2009/12/10,830,1900
2009/12/11,860,1920
2009/12/14,863,1950
2009/12/15,865,1962
2009/12/17,880,1965
2009/12/18,865,1970
2009/12/21,865,2000
2009/12/22,890,2025
2009/12/23,885,2031
2009/12/24,884,2050
2009/12/28,870,2025
2009/12/29,870,2050
2009/12/30,875,2055
2009/12/31,875,2100
2010/01/04,885,2055
2010/01/05,870,2065
2010/01/06,870,2170
2010/01/07,880,2170
2010/01/08,950,2145
2010/01/11,940,2101
2010/01/12,915,2150
2010/01/13,900,2110
2010/01/14,890,2100
2010/01/15,900,2150
2010/01/18,885,2138
2010/01/19,900,2002
2010/01/20,900,2021
2010/01/21,900,2110
2010/01/22,890,2135
2010/01/25,885,2103
2010/01/26,850,2110
2010/01/27,890,2135
2010/01/28,870,2130
2010/01/29,890,2100
2010/02/01,870,2130
2010/02/02,890,2100
2010/02/03,890,2100
2010/02/04,890,2020
2010/02/05,859,2010
2010/02/08,850,2040
2010/02/09,850,2090
2010/02/10,840,2075
2010/02/11,850,1980
2010/02/12,850,2050
2010/02/15,860,2030
2010/02/16,860,2075
2010/02/17,850,2075
2010/02/18,850,2070
2010/02/19,850,2040
2010/02/22,870,2040
2010/02/23,890,2040
2010/02/24,885,1990
2010/02/25,885,1975
2010/02/26,885,2000
2010/03/01,890,2000
2010/03/02,880,2020
2010/03/03,890,2040
2010/03/04,900,2009
2010/03/05,909,2025
2010/03/08,925,2019
2010/03/09,920,2000
2010/03/10,920,2000
2010/03/11,920,2020
2010/03/12,920,1995
2010/03/15,920,2000
2010/03/16,920,2000
2010/03/17,940,1975
2010/03/18,925,2010
2010/03/19,925,2000
2010/03/23,945,2000
2010/03/24,945,2000
2010/03/25,950,2020
2010/03/26,952,1990
2010/03/29,965,2020
2010/03/30,975,2050
2010/03/31,974,2015
2010/04/01,970,2000
2010/04/06,975,1990
2010/04/07,975,1960
2010/04/08,960,1985
2010/04/09,970,1990
2010/04/12,995,2000
2010/04/13,976,2000
2010/04/14,995,2020
2010/04/15,1050,2000
2010/04/16,1049,2066
2010/04/19,1048,2050
2010/04/20,1050,2095
2010/04/21,1035,2130
2010/04/22,1044,2150
2010/04/23,1112,2150
2010/04/26,1150,2110
2010/04/28,1130,2103
2010/04/29,1150,2105
2010/04/30,1145,2080
2010/05/03,1140,2080
2010/05/04,1130,2110
2010/05/05,1120,2120
2010/05/06,1150,2200
2010/05/07,1110,2100
2010/05/10,1134,2200
2010/05/11,1145,2250
2010/05/12,1150,2300
2010/05/13,1150,2300
2010/05/14,1149,2300
2010/05/17,1150,2300
2010/05/18,1149,2299
2010/05/19,1149,2275
2010/05/20,1120,2100
2010/05/21,1118,2150
2010/05/24,1065,2160
2010/05/25,1040,2148
2010/05/26,1040,2150
2010/05/27,1047,2195
2010/05/28,1070,2250
2010/05/31,1065,2250
2010/06/01,1064,2274
2010/06/02,1080,2239
2010/06/03,1098,2220
2010/06/04,1098,2150
2010/06/07,1097,2200
2010/06/08,1085,2121
2010/06/09,1090,2150
2010/06/10,1070,2200
2010/06/11,1088,2220
2010/06/14,1084,2250
2010/06/15,1090,2339
2010/06/17,1090,2305
2010/06/18,1093,2305
2010/06/21,1097,2325
2010/06/22,1081,2325
2010/06/23,1110,2325
2010/06/24,1120,2330
2010/06/25,1120,2350
2010/06/28,1120,2355
2010/06/29,1100,2300
2010/06/30,1095,2305
2010/07/01,1122,2330
2010/07/02,1123,2340
2010/07/05,1122,2330
2010/07/06,1122,2300
2010/07/07,1125,2210
2010/07/08,1149,2300
2010/07/09,1148,2286
2010/07/12,1160,2300
2010/07/13,1200,2280
2010/07/14,1227,2280
2010/07/15,1230,2275
2010/07/16,1235,2300
2010/07/19,1235,2300
2010/07/20,1230,2290
2010/07/21,1250,2270
2010/07/22,1250,2270
2010/07/23,1250,2261
2010/07/26,1255,2275
2010/07/27,1260,2290
2010/07/28,1260,2279
2010/07/29,1265,2300
2010/07/30,1270,2300
2010/08/02,1270,2203
2010/08/03,1269,2190
2010/08/04,1245,2185
2010/08/05,1200,2131
2010/08/06,1240,2150
2010/08/10,1215,2135
2010/08/11,1250,2135
2010/08/12,1249,2179
2010/08/13,1248,2128
2010/08/16,1249,2130
2010/08/17,1245,2140
2010/08/18,1245,2103
2010/08/19,1245,2100
2010/08/20,1245,2100
2010/08/23,1260,2099
2010/08/24,1252,2080
2010/08/25,1255,2090
2010/08/26,1266,2100
2010/08/27,1260,2140
2010/08/30,1250,2150
2010/08/31,1275,2150
2010/09/01,1251,2150
2010/09/02,1280,2022
2010/09/03,1300,2039
2010/09/06,1290,2044
2010/09/07,1290,2006
2010/09/08,1290,2060
2010/09/09,1274,2045
2010/09/10,1270,2038
2010/09/13,1284,2090
2010/09/14,1297,2069
2010/09/15,1330,2055
2010/09/16,1347,2058
2010/09/17,1385,2070
2010/09/20,1385,2085
2010/09/21,1390,2123
2010/09/22,1395,2140
2010/09/23,1418,2139
2010/09/27,1490,2139
2010/09/28,1490,2100
2010/09/29,1485,2100
2010/09/30,1479,2100
2010/10/01,1478,2137
2010/10/04,1445,2150
2010/10/05,1437,2175
2010/10/06,1444,2220
2010/10/07,1435,2211
2010/10/08,1427,2281
2010/10/11,1471,2325
2010/10/12,1479,2375
2010/10/13,1500,2425
2010/10/14,1485,2425
2010/10/15,1450,2440
2010/10/18,1458,2440
2010/10/19,1507,2450
2010/10/20,1500,2424
2010/10/21,1515,2425
2010/10/22,1499,2424
2010/10/25,1480,2430
2010/10/26,1500,2450
2010/10/27,1501,2450
2010/10/28,1509,2480
2010/10/29,1500,2420
2010/11/01,1535,2380
2010/11/02,1516,2400
2010/11/03,1555,2460
2010/11/04,1600,2475
2010/11/05,1583,2485
2010/11/08,1630,2475
2010/11/09,1700,2485
2010/11/10,1710,2485
2010/11/11,1715,2483
2010/11/12,1720,2480
2010/11/15,1680,2502
2010/11/16,1682,2535
2010/11/17,1680,2520
2010/11/18,1712,2530
2010/11/19,1713,2510
2010/11/22,1730,2530
2010/11/23,1720,2523
2010/11/24,1720,2535
2010/11/25,1720,2528
2010/11/26,1750,2530
2010/11/29,1666,2449
2010/11/30,1688,2430
2010/12/01,1695,2377
2010/12/02,1695,2359
2010/12/03,1699,2350
2010/12/06,1695,2355
2010/12/07,1699,2349
2010/12/08,1700,2345
2010/12/09,1696,2345
2010/12/10,1713,2360
2010/12/13,1713,2380
2010/12/14,1740,2400
2010/12/15,1752,2385
2010/12/17,1870,2392
2010/12/20,1857,2399
2010/12/21,1875,2410
2010/12/22,1860,2420
2010/12/23,1832,2431
2010/12/24,1850,2440
2010/12/28,1879,2430
2010/12/29,1890,2421
2010/12/30,1872,2425
2010/12/31,1875,2420
2011/01/03,1875,2444
2011/01/04,1875,2450
2011/01/05,1848,2450
2011/01/06,1869,2449
2011/01/07,1845,2446
2011/01/10,1770,2450
2011/01/11,1740,2531
2011/01/12,1800,2675
2011/01/13,1811,2650
2011/01/14,1815,2607
2011/01/17,1815,2559
2011/01/18,1755,2515
2011/01/19,1795,2390
2011/01/20,1760,2297
2011/01/21,1770,2300
2011/01/24,1770,2220
2011/01/25,1780,2200
2011/01/26,1783,2300
2011/01/27,1791,2300
2011/01/28,1760,2275
2011/01/31,1746,2290
2011/02/01,1725,2342
2011/02/02,1748,2324
2011/02/03,1769,2320
2011/02/04,1738,2319
2011/02/07,1701,2298
2011/02/08,1703,2287
2011/02/09,1700,2300
2011/02/10,1650,2310
2011/02/11,1670,2315
2011/02/14,1699,2298
2011/02/15,1680,2282
2011/02/16,1666,2270
2011/02/17,1686,2243
2011/02/18,1700,2215
2011/02/21,1685,2200
2011/02/22,1660,2190
2011/02/23,1668,2150
2011/02/24,1659,2140
2011/02/25,1655,2150
2011/02/28,1655,2250
2011/03/01,1721,2200
2011/03/02,1691,2076
2011/03/03,1723,1870
2011/03/04,1725,1850
2011/03/07,1716,1799
2011/03/08,1705,1755
2011/03/09,1700,1875
2011/03/10,1670,1860
2011/03/11,1658,1900
2011/03/14,1645,1880
2011/03/15,1653,1820
2011/03/16,1676,1875
2011/03/17,1690,1880
2011/03/18,1605,1901
2011/03/22,1700,1910
2011/03/23,1698,1910
2011/03/24,1740,1900
2011/03/25,1733,1851
2011/03/28,1750,1870
2011/03/29,1760,1868
2011/03/30,1761,1875
2011/03/31,1780,1875
2011/04/01,1800,1890
2011/04/04,1806,1890
2011/04/05,1836,1861
2011/04/06,1840,1880
2011/04/07,1855,1880
2011/04/08,1856,1885
2011/04/11,1834,1885
2011/04/12,1828,1873
2011/04/13,1830,1882
2011/04/14,1845,1882
2011/04/15,1850,1880
2011/04/18,1855,1858
2011/04/19,1850,1849
2011/04/20,1850,1840
2011/04/21,1875,1870
2011/04/26,1875,1870
2011/04/28,1884,1870
2011/04/29,1900,1870
2011/05/03,1900,1869
2011/05/04,1895,1880
2011/05/05,1850,1865
2011/05/06,1865,1865
2011/05/09,1846,1856
2011/05/10,1875,1840
2011/05/11,1860,1840
2011/05/12,1879,1790
2011/05/13,1880,1689
2011/05/16,1882,1670
2011/05/17,1905,1660
2011/05/19,1907,1669
2011/05/20,1908,1649
2011/05/23,1881,1637
2011/05/24,1900,1646
2011/05/25,1900,1650
2011/05/26,1925,1655
2011/05/27,1935,1650
2011/05/30,1945,1654
2011/05/31,1965,1699
2011/06/01,1980,1653
2011/06/02,1975,1660
2011/06/03,1960,1660
2011/06/06,1885,1665
2011/06/07,1890,1667
2011/06/08,1882,1660
2011/06/09,1870,1684
2011/06/10,1864,1683
2011/06/13,1825,1680
2011/06/14,1830,1677
2011/06/15,1849,1673
2011/06/17,1900,1750
2011/06/20,1875,1680
2011/06/21,1883,1680
2011/06/22,1850,1670
2011/06/23,1820,1650
2011/06/24,1895,1670
2011/06/27,1880,1650
2011/06/28,1905,1659
2011/06/29,1932,1655
2011/06/30,1930,1654
2011/07/01,1970,1660
2011/07/04,1958,1660
2011/07/05,1960,1670
2011/07/06,1951,1695
2011/07/07,1979,1763
2011/07/08,1980,1785
2011/07/11,1980,1770
2011/07/12,1980,1760
2011/07/13,1990,1760
2011/07/14,2010,1760
2011/07/15,2020,1760
2011/07/18,2014,1750
2011/07/19,2010,1770
2011/07/20,2050,1768
2011/07/21,2060,1780
2011/07/22,2070,1786
2011/07/25,2070,1785
2011/07/26,2075,1786
2011/07/27,2076,1760
2011/07/28,2070,1769
2011/07/29,2002,1750
2011/08/01,2060,1750
2011/08/02,2090,1730
2011/08/03,2095,1745
2011/08/04,2035,1725
2011/08/05,2000,1700
2011/08/08,1930,1660
2011/08/10,2000,1679
2011/08/11,1976,1648
2011/08/12,1975,1690
2011/08/15,1998,1689
2011/08/16,2000,1712
2011/08/17,1996,1698
2011/08/18,1970,1685
2011/08/19,1940,1677
2011/08/22,1952,1684
2011/08/23,1901,1687
2011/08/24,1971,1665
2011/08/25,1987,1659
2011/08/26,1967,1661
2011/08/29,1984,1715
2011/08/30,1986,1725
2011/08/31,1990,1776
2011/09/01,2048,1759
2011/09/02,2000,1730
2011/09/05,2009,1714
2011/09/06,2004,1719
2011/09/07,2000,1719
2011/09/08,2018,1747
2011/09/09,2000,1750
2011/09/12,1988,1749
2011/09/13,1990,1747
2011/09/14,1999,1749
2011/09/15,1990,1757
2011/09/16,2007,1785
2011/09/19,1998,1747
2011/09/20,2000,1778
2011/09/21,2012,1775
2011/09/22,2000,1720
2011/09/23,1964,1732
2011/09/26,1975,1704
2011/09/27,1980,1740
2011/09/28,1996,1740
2011/09/29,1995,1745
2011/09/30,2000,1760
2011/10/03,1993,1757
2011/10/04,2000,1745
2011/10/05,1996,1799
2011/10/06,1994,1785
2011/10/07,1990,1815
2011/10/10,1997,1814
2011/10/11,1999,1815
2011/10/12,2005,1820
2011/10/13,2015,1829
2011/10/14,2015,1825
2011/10/17,2035,1830
2011/10/18,2050,1824
2011/10/19,2050,1833
2011/10/20,2065,1840
2011/10/21,2099,1839
2011/10/24,2150,1869
2011/10/25,2139,1879
2011/10/26,2185,1870
2011/10/27,2260,1876
2011/10/28,2248,1895
2011/10/31,2255,1900
2011/11/01,2245,1910
2011/11/02,2285,1924
2011/11/03,2280,1914
2011/11/04,2295,1907
2011/11/07,2285,1925
2011/11/08,2300,1955
2011/11/09,2335,1960
2011/11/10,2320,1959
2011/11/11,2325,1960
2011/11/14,2337,1943
2011/11/15,2330,1918
2011/11/16,2330,1899
2011/11/17,2369,1890
2011/11/18,2360,1875
2011/11/21,2313,1860
2011/11/22,2332,1850
2011/11/23,2340,1862
2011/12/02,2340,1862
2011/12/05,2340,1862
2011/12/06,2340,1862
2011/12/07,2340,1862
2011/12/08,2340,1862
2011/12/09,2340,1862
2011/12/12,2340,1862
2011/12/13,2283,1951
2011/12/14,2280,1952
2011/12/15,2155,2010
2011/12/19,2238,1945
2011/12/20,2275,1950
2011/12/21,2245,1940
2011/12/22,2250,1938
2011/12/23,2240,1968
2011/12/28,2250,1987
2011/12/29,2258,1988
2011/12/30,2270,1995
2012/01/03,2280,2010
2012/01/04,2300,1997
2012/01/05,2282,1982
2012/01/06,2300,1980
2012/01/09,2320,1988
2012/01/10,2300,1985
2012/01/11,2295,1986
2012/01/12,2300,1999
2012/01/13,2313,1990
2012/01/16,2319,1985
2012/01/17,2360,1976
2012/01/18,2435,1992
2012/01/19,2460,2010
2012/01/20,2500,2009
2012/01/23,2550,2003
2012/01/24,2525,2007
2012/01/25,2520,2005
2012/01/26,2534,1990
2012/01/27,2539,1996
2012/01/30,2450,1996
2012/01/31,2535,2000
2012/02/01,2557,2005
2012/02/02,2650,2004
2012/02/03,2710,2004
2012/02/06,2740,1998
2012/02/07,2720,1998
2012/02/08,2749,2001
2012/02/09,2693,2015
2012/02/10,2640,2030
2012/02/13,2690,2030
2012/02/14,2699,2030
2012/02/15,2750,2056
2012/02/16,2792,2075
2012/02/17,2800,2145
2012/02/20,2783,2165
2012/02/21,2792,2136
2012/02/22,2808,2129
2012/02/23,2820,2121
2012/02/24,2745,2140
2012/02/27,2799,2130
2012/02/28,2800,2118
2012/02/29,2745,2112
2012/03/01,2788,2107
2012/03/02,2779,2125
2012/03/05,2770,2118
2012/03/06,2720,2085
2012/03/07,2748,2090
2012/03/08,2755,2100
2012/03/09,2774,2106
2012/03/12,2775,2090
2012/03/13,2789,2091
2012/03/14,2791,2095
2012/03/15,2785,2080
2012/03/16,2800,2071
2012/03/19,2785,2082
2012/03/20,2782,2050
2012/03/22,2740,2050
2012/03/23,2745,2030
2012/03/26,2777,2062
2012/03/27,2785,2080
2012/03/28,2800,2078
2012/03/29,2820,2094
2012/03/30,2850,2081
2012/04/02,2855,2110
2012/04/03,2860,2146
2012/04/04,2850,2120
2012/04/05,2880,2110
2012/04/10,2880,2091
2012/04/11,2870,2110
2012/04/12,2875,2130
2012/04/13,2870,2140
2012/04/16,2890,2165
2012/04/17,2897,2216
2012/04/18,2900,2266
2012/04/19,2898,2295
2012/04/20,2905,2340
2012/04/23,2888,2333
2012/04/24,2820,2399
2012/04/25,2812,2425
2012/04/26,2900,2457
2012/04/30,2920,2435
2012/05/02,2949,2400
2012/05/03,2949,2383
2012/05/04,2950,2365
2012/05/07,2930,2399
2012/05/08,2936,2373
2012/05/09,2875,2351
2012/05/10,2889,2371
2012/05/11,2879,2360
2012/05/14,2892,2352
2012/05/15,2730,2360
2012/05/16,2700,2355
2012/05/17,2680,2390
2012/05/18,2625,2368
2012/05/21,2570,2366
2012/05/22,2630,2380
2012/05/23,2595,2350
2012/05/24,2590,2359
2012/05/25,2591,2423
2012/05/28,2608,2472
2012/05/29,2610,2480
2012/05/30,2612,2440
2012/05/31,2632,2469
2012/06/01,2620,2450
2012/06/04,2478,2435
2012/06/05,2450,2450
2012/06/06,2450,2450
2012/06/07,2500,2464
2012/06/08,2515,2462
2012/06/11,2560,2500
2012/06/12,2585,2540
2012/06/13,2560,2570
2012/06/14,2525,2640
2012/06/15,2620,2616
2012/06/18,2675,2650
2012/06/19,2688,2630
2012/06/20,2693,2650
2012/06/21,2700,2650
2012/06/22,2690,2623
2012/06/25,2686,2650
2012/06/26,2620,2585
2012/06/27,2620,2560
2012/06/28,2605,2500
2012/06/29,2767,2598
2012/07/02,2841,2585
2012/07/03,2956,2650
2012/07/04,2936,2660
2012/07/05,2950,2800
2012/07/06,2958,2752
2012/07/09,2910,2750
2012/07/10,2920,2835
2012/07/11,2915,2790
2012/07/12,2875,2775
2012/07/13,2890,2770
2012/07/16,2875,2800
2012/07/17,2875,2831
2012/07/18,2890,2862
2012/07/19,2885,2800
2012/07/20,2876,2792
2012/07/23,2830,2700
2012/07/24,2890,2800
2012/07/25,2889,2845
2012/07/26,2889,2842
2012/07/27,2950,2840
2012/07/30,2945,2850
2012/07/31,2944,2827
2012/08/01,2945,2780
2012/08/02,2925,2811
2012/08/03,2950,2860
2012/08/06,2940,2875
2012/08/07,3000,2890
2012/08/08,3014,2920
2012/08/10,3013,2899
2012/08/13,3003,2884
2012/08/14,3000,2830
2012/08/15,2990,2780
2012/08/16,3020,2817
2012/08/17,3000,2818
2012/08/20,2986,2821
2012/08/21,2977,2845
2012/08/22,2969,2840
2012/08/23,3000,2850
2012/08/24,3020,2840
2012/08/27,3020,2858
2012/08/28,3005,2850
2012/08/29,2965,2855
2012/08/30,2970,2874
2012/08/31,2955,2850
2012/09/03,3009,2867
2012/09/04,2991,2880
2012/09/05,2980,2863
2012/09/06,3000,2880
2012/09/07,3015,2873
2012/09/10,3012,2810
2012/09/11,3020,2860
2012/09/12,3031,2841
2012/09/13,3020,2895
2012/09/14,3086,2880
2012/09/17,3140,2863
2012/09/18,3155,2866
2012/09/19,3177,2860
2012/09/20,3165,2867
2012/09/21,3029,2892
2012/09/25,3071,2884
2012/09/26,3050,2890
2012/09/27,3063,2855
2012/09/28,3100,2940
2012/10/01,3050,2916
2012/10/02,3089,2971
2012/10/03,3106,3041
2012/10/04,3111,3030
2012/10/05,3175,3025
2012/10/08,3125,2948
2012/10/09,3137,2940
2012/10/10,3203,2982
2012/10/11,3302,3000
2012/10/12,3283,2986
2012/10/15,3289,3027
2012/10/16,3300,3133
2012/10/17,3300,3253
2012/10/18,3245,3319
2012/10/19,3268,3281
2012/10/22,3290,3380
2012/10/23,3295,3380
2012/10/24,3295,3400
2012/10/25,3299,3400
2012/10/26,3297,3365
2012/10/29,3275,3375
2012/10/30,3300,3485
2012/10/31,3345,3410
2012/11/01,3352,3622
2012/11/02,3350,3513
2012/11/05,3339,3510
2012/11/06,3365,3465
2012/11/07,3397,3470
2012/11/08,3402,3470
2012/11/09,3520,3476
2012/11/12,3575,3555
2012/11/13,3528,3587
2012/11/14,3565,3600
2012/11/15,3580,3572
2012/11/16,3575,3558
2012/11/19,3680,3544
2012/11/21,3778,3523
2012/11/22,3800,3530
2012/11/23,3825,3518
2012/11/24,3825,3518
2012/11/25,3825,3518
2012/11/26,3760,3570
2012/11/27,3811,3560
2012/11/28,3770,3550
2012/11/29,3724,3590
2012/11/30,3751,3530
2012/12/03,3694,3530
2012/12/04,3790,3585
2012/12/05,3730,3585
2012/12/06,3800,3664
2012/12/07,3780,3600
2012/12/10,3845,3611
2012/12/11,3860,3600
2012/12/12,3950,3620
2012/12/13,3998,3640
2012/12/14,4000,3700
2012/12/18,4010,3707
2012/12/19,4055,3813
2012/12/20,4025,3760
2012/12/21,4025,3684
2012/12/24,4070,3700
2012/12/27,4100,3722
2012/12/28,4069,3693
2012/12/31,3966,3674
2013/01/02,4100,3702
2013/01/03,4115,3700
2013/01/04,4113,3735
2013/01/07,4130,3790
2013/01/08,4134,3775
2013/01/09,4100,3844
2013/01/10,4055,3769
2013/01/11,4095,3800
2013/01/14,4138,3785
2013/01/15,4060,3620
2013/01/16,4057,3550
2013/01/17,4160,3548
2013/01/18,4280,3495
2013/01/21,4225,3469
2013/01/22,4219,3459
2013/01/23,4310,3408
2013/01/24,4460,3460
2013/01/25,4550,3393
2013/01/28,4650,3350
2013/01/29,4566,3183
2013/01/30,4470,3200
2013/01/31,4398,3200
2013/02/01,4400,3269
2013/02/04,4330,3215
2013/02/05,4339,3287
2013/02/06,4454,3320
2013/02/07,4514,3382
2013/02/08,4530,3424
2013/02/11,4558,3400
2013/02/12,4520,3350
2013/02/13,4571,3286
2013/02/14,4635,3280
2013/02/15,4680,3275
2013/02/18,4680,3270
2013/02/19,4731,3245
2013/02/20,4770,3250
2013/02/21,4693,3311
2013/02/22,4690,3328
2013/02/25,4700,3360
2013/02/26,4677,3295
2013/02/27,4620,3269
2013/02/28,4719,3236
2013/03/01,4825,3280
2013/03/04,4848,3271
2013/03/05,4850,3300
2013/03/06,4834,3335
2013/03/07,4794,3340
2013/03/08,4788,3377
2013/03/11,4787,3450
2013/03/12,4660,3350
2013/03/13,4700,3390
2013/03/14,4925,3383
2013/03/15,4714,3477
2013/03/18,4720,3430
2013/03/19,4725,3387
2013/03/20,4740,3415
2013/03/22,4748,3396
2013/03/25,4782,3492
2013/03/26,4845,3500
2013/03/27,4798,3500
2013/03/28,4800,3480
2013/04/02,4930,3575
2013/04/03,4914,3577
2013/04/04,4915,3583
2013/04/05,4781,3435
2013/04/08,4811,3540
2013/04/09,4747,3558
2013/04/10,4895,3620
2013/04/11,5000,3678
2013/04/12,5070,3617
2013/04/15,5105,3512
2013/04/16,5089,3564
2013/04/17,5013,3542
2013/04/18,5075,3500
2013/04/19,5100,3522
2013/04/22,5068,3525
2013/04/23,5106,3570
2013/04/24,5165,3666
2013/04/25,5250,3735
2013/04/26,5350,3700
2013/04/29,5365,3700
2013/04/30,5370,3666
2013/05/02,5540,3680
2013/05/03,5650,3691
2013/05/06,5571,3663
2013/05/07,5520,3699
2013/05/08,5542,3724
2013/05/09,5605,3775
2013/05/10,5798,3792
2013/05/13,5760,3800
2013/05/14,5750,3839
2013/05/15,5860,3879
2013/05/16,5739,3855
2013/05/17,5920,3800
2013/05/20,5835,3700
2013/05/21,6070,3791
2013/05/22,6117,3765
2013/05/23,6071,3657
2013/05/24,6210,3714
2013/05/27,6315,3760
2013/05/28,6482,3750
2013/05/29,6430,3700
2013/05/30,6470,3641
2013/05/31,6255,3499
2013/06/03,6080,3600
2013/06/04,6250,3680
2013/06/05,6175,3800
2013/06/06,5825,3848
2013/06/07,5877,3990
2013/06/10,5825,4060
2013/06/11,5655,3830
2013/06/12,5830,3850
2013/06/13,5972,3868
2013/06/14,6020,3930
2013/06/18,6115,4030
2013/06/19,6130,3995
2013/06/20,5785,3935
2013/06/21,6026,3920
2013/06/24,5845,3930
2013/06/25,6005,3900
2013/06/26,6250,3900
2013/06/27,6230,3950
2013/06/28,6275,4140
2013/07/01,6450,4130
2013/07/02,6630,4251
2013/07/03,6540,4232
2013/07/04,6709,4248
2013/07/05,6579,4200
2013/07/08,6527,4170
2013/07/09,6658,4161
2013/07/10,6600,4171
2013/07/11,6750,4200
2013/07/12,6736,4200
2013/07/15,6819,4165
2013/07/16,6800,4230
2013/07/17,6715,4310
2013/07/18,6690,4308
2013/07/19,6572,4220
2013/07/22,6492,4200
2013/07/23,6500,4290
2013/07/24,6500,4285
2013/07/25,6500,4245
2013/07/26,6501,4180
2013/07/29,6483,4160
2013/07/30,6500,4230
2013/07/31,6569,4190
2013/08/01,6620,4240
2013/08/02,6765,4301
2013/08/05,6780,4270
2013/08/06,6854,4244
2013/08/07,6905,4290
2013/08/08,6815,4275
2013/08/12,6710,4299
2013/08/13,6930,4241
2013/08/14,7040,4283
2013/08/15,6924,4250
2013/08/16,6979,4300
2013/08/19,6860,4252
2013/08/20,6771,4299
2013/08/21,6775,4250
2013/08/22,6808,4200
2013/08/23,6762,4195
2013/08/26,6880,4221
2013/08/27,6852,4140
2013/08/28,6680,4043
2013/08/29,6665,4100
2013/08/30,6700,4025
2013/09/02,6730,4150
2013/09/03,6601,4150
2013/09/04,6545,4030
2013/09/05,6584,4032
2013/09/06,6629,4066
2013/09/09,6635,4070
2013/09/10,6700,4099
2013/09/11,6710,4140
2013/09/12,6735,4210
2013/09/13,6745,4210
2013/09/16,6800,4240
2013/09/17,6787,4283
2013/09/18,6633,4150
2013/09/19,6811,4201
2013/09/20,6700,4196
2013/09/23,6750,4222
2013/09/25,6775,4280
2013/09/26,6807,4280
2013/09/27,6870,4293
2013/09/30,6860,4275
2013/10/01,6960,4232
2013/10/02,6899,4259
2013/10/03,6990,4230
2013/10/04,7070,4250
2013/10/07,7119,4240
2013/10/08,7050,4215
2013/10/09,6951,4189
2013/10/10,7068,4185
2013/10/11,7299,4223
2013/10/14,7353,4244
2013/10/15,7490,4265
2013/10/16,7540,4320
2013/10/17,7640,4302
2013/10/18,7631,4370
2013/10/21,7679,4418
2013/10/22,7860,4412
2013/10/23,7860,4400
2013/10/24,7850,4478
2013/10/25,7900,4592
2013/10/28,8090,4600
2013/10/29,8080,4620
2013/10/30,8148,4706
2013/10/31,8190,4890
2013/11/01,8150,4900
2013/11/04,8272,4901
2013/11/05,8400,4920
2013/11/06,8420,4935
2013/11/07,8380,4900
2013/11/08,8380,4900
2013/11/11,8258,4945
2013/11/12,8250,5030
2013/11/13,8000,4973
2013/11/14,8109,5020
2013/11/15,8195,5010
2013/11/18,8252,5030
2013/11/19,8259,5023
2013/11/20,8292,5100
2013/11/21,8159,5014
2013/11/22,8150,5050
2013/11/25,8076,5175
2013/11/26,8246,5131
2013/11/27,8300,5345
2013/11/28,8200,5451
2013/11/29,8300,5413
2013/12/02,8180,5413
2013/12/03,8100,5504
2013/12/04,7895,5700
2013/12/05,7903,5550
2013/12/06,7982,5430
2013/12/09,8118,5421
2013/12/10,8239,5460
2013/12/11,8130,5400
2013/12/12,7955,5185
2013/12/13,7849,5000
2013/12/17,8120,5031
2013/12/18,7986,5060
2013/12/19,7999,4965
2013/12/20,8011,5050
2013/12/23,8066,5104
2013/12/24,8072,5070
2013/12/27,8090,5183
2013/12/30,8165,5260
2013/12/31,7996,5244
2014/01/02,8084,5273
2014/01/03,8045,5242
2014/01/06,7910,5240
2014/01/07,7972,5191
2014/01/08,7991,5148
2014/01/09,7965,5139
2014/01/10,7965,5031
2014/01/13,7970,5100
2014/01/14,7905,5100
2014/01/15,7850,5165
2014/01/16,7800,5199
2014/01/17,7837,5077
2014/01/20,7806,5109
2014/01/21,8016,5175
2014/01/22,7989,5177
2014/01/23,7970,5210
2014/01/24,7984,5160
2014/01/27,8101,5045
2014/01/28,7900,5075
2014/01/29,7932,4900
2014/01/30,7915,4730
2014/01/31,7964,4801
2014/02/03,7949,4750
2014/02/04,7900,4783
2014/02/05,7930,4652
2014/02/06,7930,4650
2014/02/07,8047,4700
2014/02/10,8200,4890
2014/02/11,8400,4729
2014/02/12,8740,4823
2014/02/13,8700,4840
2014/02/14,8700,4713
2014/02/17,8540,4745
2014/02/18,8625,4690
2014/02/19,8651,4674
2014/02/20,8690,4600
2014/02/21,8520,4550
2014/02/24,8700,4600
2014/02/25,8779,4590
2014/02/26,8584,4530
2014/02/27,8548,4666
2014/02/28,8801,4665
2014/03/03,8625,4698
2014/03/04,8741,4850
2014/03/05,8939,4755
2014/03/06,8970,4930
2014/03/07,9170,4809
2014/03/10,9132,4862
2014/03/11,9340,4775
2014/03/12,9400,4700
2014/03/13,9515,4685
2014/03/14,9331,4730
2014/03/17,9399,4700
2014/03/18,9300,4650
2014/03/19,9350,4680
2014/03/20,9355,4610
2014/03/24,9510,4700
2014/03/25,9575,4707
2014/03/26,9750,4841
2014/03/27,9442,5050
2014/03/28,9643,5223
2014/03/31,9900,5321
2014/04/01,10128,5308
2014/04/02,10215,5299
2014/04/03,10049,5280
2014/04/04,10000,5305
2014/04/07,9938,5335
2014/04/08,9941,5330
2014/04/09,9914,5400
2014/04/10,9950,5415
2014/04/11,9738,5400
2014/04/14,9774,5549
2014/04/15,9459,5481
2014/04/16,9520,5470
2014/04/17,9800,5480
2014/04/22,9856,5504
2014/04/23,9882,5540
2014/04/24,10090,5601
2014/04/25,10120,5644
2014/04/29,10215,5693
2014/04/30,10149,5667
2014/05/02,10300,5746
2014/05/05,10370,5879
2014/05/06,10650,5956
2014/05/08,10590,5975
2014/05/09,10490,5800
2014/05/12,10399,5800
2014/05/13,10340,5725
2014/05/14,10365,5730
2014/05/15,10273,5568
2014/05/16,10140,5516
2014/05/19,10289,5591
2014/05/20,9600,5710
2014/05/21,9633,5650
2014/05/22,9890,5623
2014/05/23,9741,5748
2014/05/26,9749,5737
2014/05/27,9740,5625
2014/05/28,9750,5600
2014/05/29,9740,5600
2014/05/30,10126,5626
2014/06/02,9919,5795
2014/06/03,9823,5900
2014/06/04,9850,6025
2014/06/05,9859,6126
2014/06/06,9950,6305
2014/06/09,9600,6330
2014/06/10,9675,6400
2014/06/11,9757,6475
2014/06/12,9744,6410
2014/06/13,9672,6336
2014/06/17,9700,6560
2014/06/18,9700,6685
2014/06/19,9890,6685
2014/06/20,9861,6650
2014/06/23,9750,6490
2014/06/24,9790,6749
2014/06/25,9604,6683
2014/06/26,9625,6640
2014/06/27,9444,6420
2014/06/30,9551,6530
2014/07/01,9500,6649
2014/07/02,9497,6900
2014/07/03,9425,6900
2014/07/04,9387,7100
2014/07/07,9334,6997
2014/07/08,9349,7000
2014/07/09,9410,7036
2014/07/10,9550,6984
2014/07/11,9620,7005
2014/07/14,9755,7100
2014/07/15,9825,7143
2014/07/16,9925,7290
2014/07/17,9890,7424
2014/07/18,9978,7599
2014/07/21,9864,7580
2014/07/22,10005,7509
2014/07/23,9994,7425
2014/07/24,10029,7308
2014/07/25,9879,7350
2014/07/28,10000,7300
2014/07/29,10010,7396
2014/07/30,9868,7390
2014/07/31,9795,7480
2014/08/01,9707,7239
2014/08/04,9940,7372
2014/08/05,9911,7410
2014/08/06,9730,7239
2014/08/07,9350,7170
2014/08/08,9300,7355
2014/08/11,9483,7465
2014/08/12,9670,7497
2014/08/13,9700,7150
2014/08/14,9665,7450
2014/08/15,9719,7440
2014/08/18,9733,7450
2014/08/19,9799,7499
2014/08/20,9745,7449
2014/08/21,9875,7450
2014/08/22,9916,7500
2014/08/25,9964,7678
2014/08/26,10040,7920
2014/08/27,10085,7977
2014/08/28,10130,8150
2014/08/29,10000,7921
2014/09/01,10093,7910
2014/09/02,10159,7971
2014/09/03,10200,8020
2014/09/04,10258,8000
2014/09/05,10300,8000
2014/09/08,10230,7850
2014/09/09,10215,7786
2014/09/10,10233,7600
2014/09/11,10200,7560
2014/09/12,10204,7445
2014/09/15,10220,7257
2014/09/16,10222,7150
2014/09/17,10225,7397
2014/09/18,10244,7363
2014/09/19,10200,7429
2014/09/22,10190,7460
2014/09/23,10194,7539
2014/09/25,10045,7353
2014/09/26,9745,7142
2014/09/29,9838,7189
2014/09/30,9665,7283
2014/10/01,9611,7095
2014/10/02,9642,7156
2014/10/03,9589,7139
2014/10/06,9660,7287
2014/10/07,9700,7079
2014/10/08,9499,6950
2014/10/09,9425,6890
2014/10/10,9071,6793
2014/10/13,9245,6804
2014/10/14,9152,6700
2014/10/15,9000,6678
2014/10/16,9049,6450
2014/10/17,9225,6616
2014/10/20,9134,6819
2014/10/21,9392,7166
2014/10/22,9310,7150
2014/10/23,9333,7215
2014/10/24,9145,7520
2014/10/27,9230,7610
2014/10/28,9425,7730
2014/10/29,9320,7872
2014/10/30,9455,7881
2014/10/31,9550,8288
2014/11/03,9453,8091
2014/11/04,9522,8049
2014/11/05,9680,8010
2014/11/06,9548,7935
2014/11/07,9500,7915
2014/11/10,9508,8050
2014/11/11,9615,8350
2014/11/12,9972,8350
2014/11/13,10149,8504
2014/11/14,10190,8600
2014/11/17,10102,8600
2014/11/18,10136,8575
2014/11/19,10180,8935
2014/11/20,10036,8649
2014/11/21,10227,8790
2014/11/24,10376,8844
2014/11/25,10499,7179
2014/11/26,10650,7000
2014/11/27,10840,7050
2014/11/28,11056,7200
2014/12/01,10554,7080
2014/12/02,10700,7200
2014/12/03,10907,7410
2014/12/04,10919,7361
2014/12/05,11230,7400
2014/12/08,11482,7400
2014/12/09,11168,7276
2014/12/10,11150,7525
2014/12/11,11240,7699
2014/12/12,11185,7594
2014/12/15,10814,7500
2014/12/17,10750,7572
2014/12/18,11255,7580
2014/12/19,11078,7599
2014/12/22,11130,7669
2014/12/23,11200,7880
2014/12/24,11150,7875
2014/12/29,11280,7880
2014/12/30,11229,7870
2014/12/31,11516,7870
2015/01/02,11247,7800
2015/01/05,10870,7750
2015/01/06,11063,7750
2015/01/07,11197,7754
2015/01/08,11152,7769
2015/01/09,11059,7750
2015/01/12,10853,7730
2015/01/13,11041,7648
2015/01/14,10600,7700
2015/01/15,10758,7501
2015/01/16,10500,7496
2015/01/19,10301,7388
2015/01/20,10350,7414
2015/01/21,10714,7645
2015/01/22,10700,7659
2015/01/23,10968,7675
2015/01/26,10650,7695
2015/01/27,10511,7690
2015/01/28,10325,7650
2015/01/29,10350,7660
2015/01/30,10350,7708
2015/02/02,10365,7650
2015/02/03,10592,7760
2015/02/04,10370,7600
2015/02/05,10224,7600
2015/02/06,10344,7600
2015/02/09,10419,7600
2015/02/10,10259,7535
2015/02/11,10205,7570
2015/02/12,10075,7623
2015/02/13,10294,7765
2015/02/16,10423,7726
2015/02/17,10420,7840
2015/02/18,10601,7700
2015/02/19,10690,7750
2015/02/20,10773,7736
2015/02/23,10766,7689
2015/02/24,10470,7785
2015/02/25,10403,7980
2015/02/26,10420,7893
2015/02/27,10337,7822
2015/03/02,10237,7750
2015/03/03,10100,7868
2015/03/04,10251,7799
2015/03/05,10203,7926
2015/03/06,10100,7864
2015/03/09,9955,7779
2015/03/10,9859,7724
2015/03/11,9715,7773
2015/03/12,9900,7969
2015/03/13,9890,7871
2015/03/16,10090,7990
2015/03/17,9840,7997
2015/03/18,9850,7950
2015/03/19,9862,7999
2015/03/20,9659,7761
2015/03/23,9809,7928
2015/03/24,9705,8000
2015/03/25,9550,8000
2015/03/26,9650,8053
2015/03/27,9654,8258
2015/03/30,9756,8450
2015/03/31,9825,8350
2015/04/01,10200,8320
2015/04/02,10250,8534
2015/04/07,10301,8532
2015/04/08,10308,8347
2015/04/09,10193,8433
2015/04/10,10577,8510
2015/04/13,10395,8321
2015/04/14,10100,8563
2015/04/15,9861,8671
2015/04/16,10299,9045
2015/04/17,10150,9000
2015/04/20,10100,9089
2015/04/21,10350,9317
2015/04/22,10101,9436
2015/04/23,10340,9100
2015/04/24,10473,9000
2015/04/28,9556,9028
2015/04/29,9375,9000
2015/04/30,9100,9055
2015/05/04,9167,9000
2015/05/05,9150,9000
2015/05/06,9020,8642
2015/05/07,8730,8886
2015/05/08,8890,8946
2015/05/11,8800,8995
2015/05/12,9031,8831
2015/05/13,8801,8751
2015/05/14,8750,9090
2015/05/15,8875,9475
2015/05/18,8950,10172
2015/05/19,9204,10615
2015/05/20,9233,11090
2015/05/21,9105,11300
2015/05/22,9000,11150
2015/05/25,8940,10911
2015/05/26,8902,10700
2015/05/27,8930,10840
2015/05/28,8971,10785
2015/05/29,8850,10622
2015/06/01,8727,10500
2015/06/02,8658,10682
2015/06/03,8530,10645
2015/06/04,8675,10574
2015/06/05,8800,10305
2015/06/08,8536,10350
2015/06/09,8383,10250
2015/06/10,8466,10540
2015/06/11,8568,10756
2015/06/12,8450,10974
2015/06/15,8450,10846
2015/06/17,8450,11100
2015/06/18,8467,11300
2015/06/19,8464,10699
2015/06/22,8425,11032
2015/06/23,8300,11136
2015/06/24,8230,11219
2015/06/25,8400,11736
2015/06/26,8343,11750
2015/06/29,8070,11558
2015/06/30,8241,12330
2015/07/01,8250,11950
2015/07/02,8279,12259
2015/07/03,8306,12200
2015/07/06,8102,12010
2015/07/07,7900,11765
2015/07/08,7801,12175
2015/07/09,8191,12576
2015/07/10,8300,12600
2015/07/13,8338,12952
2015/07/14,8050,12699
2015/07/15,8132,13057
2015/07/16,8227,13100
2015/07/17,8336,13485
2015/07/20,8380,13850
2015/07/21,8240,13720
2015/07/22,8050,13901
2015/07/23,8125,14461
2015/07/24,7970,13918
2015/07/27,7980,13983
2015/07/28,7633,14385
2015/07/29,7700,14750
2015/07/30,7682,14900
2015/07/31,7750,15304
2015/08/03,7801,15600
2015/08/04,7838,15950
2015/08/05,7860,15170
2015/08/06,7867,14950
2015/08/07,7808,14683
2015/08/11,7914,14517
2015/08/12,7644,13846
2015/08/13,7500,13918
2015/08/14,7443,13841
2015/08/17,7380,14075
2015/08/18,7400,14390
2015/08/19,7200,14250
2015/08/20,7225,13693
2015/08/21,7214,12999
2015/08/24,7013,12477
2015/08/25,7346,13582
2015/08/26,7225,13680
2015/08/27,7429,14100
2015/08/28,7487,14408
2015/08/31,7386,14518
2015/09/01,7350,13608
2015/09/02,7347,13800
2015/09/03,7500,13821
2015/09/04,7299,13627
2015/09/07,7001,13344
2015/09/08,7026,13655
2015/09/09,7000,13530
2015/09/10,7055,14107
2015/09/11,7001,13000
2015/09/14,7095,13100
2015/09/15,7027,13200
2015/09/16,7078,13285
2015/09/17,7206,13574
2015/09/18,7283,13789
2015/09/21,7019,14009
2015/09/22,7040,13925
2015/09/23,7060,13916
2015/09/25,7035,13722
2015/09/28,6845,13690
2015/09/29,6560,13825
2015/09/30,6529,14050
2015/10/01,6725,14224
2015/10/02,6685,14075
2015/10/05,6779,14413
2015/10/06,6600,14673
2015/10/07,6625,14674
2015/10/08,6550,14660
2015/10/09,6688,14537
2015/10/12,6985,14700
2015/10/13,6956,14905
2015/10/14,7079,14868
2015/10/15,7020,14522
2015/10/16,6830,14715
2015/10/19,6890,15170
2015/10/20,6790,15091
2015/10/21,6770,15403
2015/10/22,6879,15550
2015/10/23,7057,15820
2015/10/26,7375,16072
2015/10/27,7168,15995
2015/10/28,7283,15950
2015/10/29,7350,15728
2015/10/30,7300,15882
2015/11/02,7494,16248
2015/11/03,7621,15988
2015/11/04,7590,16049
2015/11/05,7352,16100
2015/11/06,7200,15677
2015/11/09,7118,15734
2015/11/10,7095,15606
2015/11/11,6700,15350
2015/11/12,6422,15150
2015/11/13,6490,14699
2015/11/16,6400,15170
2015/11/17,6435,15764
2015/11/18,6395,15500
2015/11/19,6380,15500
2015/11/20,6479,15750
2015/11/23,6475,16113
