Date,Coronation,Peregrine
2004/05/12,360,220
2004/05/13,350,220
2004/05/14,350,220
2004/05/17,345,220
2004/05/18,345,220
2004/05/19,345,220
2004/05/20,340,220
2004/05/21,340,220
2004/05/24,335,220
2004/05/25,330,220
2004/05/26,313,220
2004/05/27,320,215
2004/05/28,320,225
2004/05/31,320,236
2004/06/01,325,224
2004/06/02,325,218
2004/06/03,320,220
2004/06/04,320,225
2004/06/07,320,236
2004/06/08,326,238
2004/06/09,330,225
2004/06/10,330,225
2004/06/11,335,225
2004/06/14,335,225
2004/06/15,320,225
2004/06/17,310,225
2004/06/18,320,225
2004/06/21,310,225
2004/06/22,308,225
2004/06/23,300,223
2004/06/24,300,225
2004/06/25,300,225
2004/06/28,310,224
2004/06/29,303,224
2004/06/30,320,223
2004/07/01,320,223
2004/07/02,330,224
2004/07/05,330,220
2004/07/06,333,217
2004/07/07,330,225
2004/07/08,320,225
2004/07/09,310,229
2004/07/12,310,225
2004/07/13,310,225
2004/07/14,310,225
2004/07/15,310,216
2004/07/16,310,216
2004/07/19,310,220
2004/07/20,320,220
2004/07/21,315,220
2004/07/22,320,220
2004/07/23,321,215
2004/07/26,335,220
2004/07/27,340,218
2004/07/28,361,211
2004/07/29,370,215
2004/07/30,375,210
2004/08/02,370,210
2004/08/03,370,210
2004/08/04,370,214
2004/08/05,398,210
2004/08/06,385,215
2004/08/10,380,221
2004/08/11,385,210
2004/08/12,385,215
2004/08/13,370,220
2004/08/16,360,220
2004/08/17,330,220
2004/08/18,350,215
2004/08/19,340,220
2004/08/20,330,218
2004/08/23,330,225
2004/08/24,330,223
2004/08/25,330,225
2004/08/26,340,225
2004/08/27,340,223
2004/08/30,345,224
2004/08/31,350,220
2004/09/01,345,218
2004/09/02,345,220
2004/09/03,345,223
2004/09/06,345,224
2004/09/07,350,220
2004/09/08,349,220
2004/09/09,350,219
2004/09/10,345,220
2004/09/13,348,217
2004/09/14,343,217
2004/09/15,340,218
2004/09/16,340,225
2004/09/17,330,220
2004/09/20,329,225
2004/09/21,325,227
2004/09/22,320,230
2004/09/23,321,230
2004/09/27,326,235
2004/09/28,325,230
2004/09/29,345,230
2004/09/30,350,240
2004/10/01,350,240
2004/10/04,365,244
2004/10/05,370,240
2004/10/06,370,240
2004/10/07,370,245
2004/10/08,385,243
2004/10/11,370,250
2004/10/12,376,240
2004/10/13,375,245
2004/10/14,375,250
2004/10/15,384,250
2004/10/18,375,249
2004/10/19,385,250
2004/10/20,375,245
2004/10/21,370,250
2004/10/22,375,246
2004/10/25,375,245
2004/10/26,375,249
2004/10/27,375,250
2004/10/28,380,250
2004/10/29,390,250
2004/11/01,400,250
2004/11/02,400,240
2004/11/03,400,241
2004/11/04,405,240
2004/11/05,405,240
2004/11/08,410,245
2004/11/09,440,245
2004/11/10,445,245
2004/11/11,421,250
2004/11/12,422,250
2004/11/15,440,252
2004/11/16,440,252
2004/11/17,440,250
2004/11/18,440,255
2004/11/19,440,251
2004/11/22,440,255
2004/11/23,439,255
2004/11/24,439,255
2004/11/25,430,258
2004/11/26,415,264
2004/11/29,430,260
2004/11/30,435,268
2004/12/01,450,275
2004/12/02,435,277
2004/12/03,445,280
2004/12/06,418,280
2004/12/07,399,275
2004/12/08,410,275
2004/12/09,410,266
2004/12/10,385,270
2004/12/13,400,270
2004/12/14,390,275
2004/12/15,385,275
2004/12/17,390,275
2004/12/20,385,280
2004/12/21,380,280
2004/12/22,381,289
2004/12/23,382,300
2004/12/24,385,306
2004/12/28,392,319
2004/12/29,386,310
2004/12/30,395,315
2004/12/31,400,320
2005/01/03,400,315
2005/01/04,400,312
2005/01/05,396,310
2005/01/06,420,310
2005/01/07,412,310
2005/01/10,410,312
2005/01/11,415,316
2005/01/12,410,325
2005/01/13,420,330
2005/01/14,420,330
2005/01/17,420,325
2005/01/18,399,305
2005/01/19,396,320
2005/01/20,395,320
2005/01/21,385,310
2005/01/24,385,320
2005/01/25,388,320
2005/01/26,405,320
2005/01/27,410,320
2005/01/28,404,319
2005/01/31,402,315
2005/02/01,402,315
2005/02/02,400,330
2005/02/03,405,345
2005/02/04,390,340
2005/02/07,390,350
2005/02/08,382,350
2005/02/09,385,350
2005/02/10,400,360
2005/02/11,400,355
2005/02/14,400,345
2005/02/15,400,350
2005/02/16,404,349
2005/02/17,404,345
2005/02/18,405,345
2005/02/21,406,345
2005/02/22,405,340
2005/02/23,405,340
2005/02/24,407,340
2005/02/25,400,350
2005/02/28,398,340
2005/03/01,388,345
2005/03/02,384,340
2005/03/03,395,345
2005/03/04,385,348
2005/03/07,390,341
2005/03/08,390,341
2005/03/09,390,340
2005/03/10,395,347
2005/03/11,395,340
2005/03/14,390,339
2005/03/15,390,339
2005/03/16,390,335
2005/03/17,380,340
2005/03/18,370,340
2005/03/22,362,345
2005/03/23,365,340
2005/03/24,370,331
2005/03/29,370,332
2005/03/30,355,332
2005/03/31,370,335
2005/04/01,370,340
2005/04/04,375,340
2005/04/05,375,355
2005/04/06,370,350
2005/04/07,360,370
2005/04/08,371,375
2005/04/11,371,395
2005/04/12,390,380
2005/04/13,400,375
2005/04/14,405,375
2005/04/15,395,375
2005/04/18,373,370
2005/04/19,365,380
2005/04/20,355,378
2005/04/21,360,378
2005/04/22,375,380
2005/04/25,374,380
2005/04/26,361,385
2005/04/28,355,385
2005/04/29,350,390
2005/05/03,370,400
2005/05/04,370,405
2005/05/05,365,417
2005/05/06,365,425
2005/05/09,365,425
2005/05/10,375,405
2005/05/11,387,400
2005/05/12,390,395
2005/05/13,385,407
2005/05/16,373,405
2005/05/17,380,403
2005/05/18,390,405
2005/05/19,380,420
2005/05/20,400,449
2005/05/23,400,448
2005/05/24,400,445
2005/05/25,400,445
2005/05/26,400,444
2005/05/27,410,434
2005/05/30,419,420
2005/05/31,420,410
2005/06/01,410,412
2005/06/02,420,440
2005/06/03,410,440
2005/06/06,415,450
2005/06/07,415,465
2005/06/08,415,450
2005/06/09,415,450
2005/06/10,422,450
2005/06/13,420,432
2005/06/14,417,445
2005/06/15,405,445
2005/06/17,410,445
2005/06/20,410,444
2005/06/21,410,440
2005/06/22,411,440
2005/06/23,410,420
2005/06/24,410,410
2005/06/27,385,412
2005/06/28,395,417
2005/06/29,405,420
2005/06/30,395,426
2005/07/01,395,426
2005/07/04,395,430
2005/07/05,390,430
2005/07/06,395,430
2005/07/07,400,430
2005/07/08,400,435
2005/07/11,405,440
2005/07/12,420,450
2005/07/13,425,450
2005/07/14,426,455
2005/07/15,425,450
2005/07/18,430,450
2005/07/19,435,450
2005/07/20,431,450
2005/07/21,420,445
2005/07/22,425,450
2005/07/25,450,450
2005/07/26,450,460
2005/07/27,450,460
2005/07/28,456,460
2005/07/29,455,470
2005/08/01,450,460
2005/08/02,455,490
2005/08/03,460,480
2005/08/04,480,500
2005/08/05,480,519
2005/08/08,490,530
2005/08/10,495,525
2005/08/11,497,525
2005/08/12,495,519
2005/08/15,495,515
2005/08/16,495,517
2005/08/17,485,510
2005/08/18,475,510
2005/08/19,485,533
2005/08/22,480,550
2005/08/23,490,585
2005/08/24,485,580
2005/08/25,470,575
2005/08/26,465,575
2005/08/29,460,550
2005/08/30,470,556
2005/08/31,470,550
2005/09/01,479,550
2005/09/02,480,560
2005/09/05,481,555
2005/09/06,500,547
2005/09/07,501,550
2005/09/08,500,568
2005/09/09,501,561
2005/09/12,500,570
2005/09/13,490,565
2005/09/14,500,560
2005/09/15,515,584
2005/09/16,520,598
2005/09/19,523,590
2005/09/20,520,600
2005/09/21,525,600
2005/09/22,540,600
2005/09/23,538,600
2005/09/26,545,600
2005/09/27,545,595
2005/09/28,545,595
2005/09/29,530,586
2005/09/30,550,610
2005/10/03,535,615
2005/10/04,539,620
2005/10/05,535,620
2005/10/06,530,620
2005/10/07,525,600
2005/10/10,503,610
2005/10/11,520,600
2005/10/12,510,610
2005/10/13,500,600
2005/10/14,510,580
2005/10/17,540,575
2005/10/18,530,580
2005/10/19,500,575
2005/10/20,506,580
2005/10/21,517,570
2005/10/24,515,580
2005/10/25,505,580
2005/10/26,550,595
2005/10/27,540,580
2005/10/28,539,639
2005/10/31,545,625
2005/11/01,550,650
2005/11/02,545,665
2005/11/03,555,665
2005/11/04,565,663
2005/11/07,590,662
2005/11/08,581,650
2005/11/09,580,660
2005/11/10,575,660
2005/11/11,575,660
2005/11/14,585,625
2005/11/15,575,630
2005/11/16,559,620
2005/11/17,570,620
2005/11/18,570,609
2005/11/21,560,615
2005/11/22,558,617
2005/11/23,550,610
2005/11/24,550,620
2005/11/25,535,601
2005/11/28,545,610
2005/11/29,520,605
2005/11/30,515,600
2005/12/01,515,590
2005/12/02,515,590
2005/12/05,515,619
2005/12/06,520,605
2005/12/07,520,601
2005/12/08,506,605
2005/12/09,508,595
2005/12/12,520,595
2005/12/13,535,595
2005/12/14,530,600
2005/12/15,530,619
2005/12/19,535,600
2005/12/20,538,601
2005/12/21,545,619
2005/12/22,540,620
2005/12/23,545,640
2005/12/27,555,640
2005/12/28,545,640
2005/12/29,543,649
2005/12/30,550,640
2006/01/03,555,660
2006/01/04,556,655
2006/01/05,575,660
2006/01/06,575,650
2006/01/09,589,675
2006/01/10,595,700
2006/01/11,635,700
2006/01/12,629,720
2006/01/13,610,725
2006/01/16,620,715
2006/01/17,602,700
2006/01/18,610,685
2006/01/19,625,700
2006/01/20,605,725
2006/01/23,620,710
2006/01/24,615,710
2006/01/25,610,700
2006/01/26,612,711
2006/01/27,615,730
2006/01/30,620,726
2006/01/31,620,732
2006/02/01,620,750
2006/02/02,620,750
2006/02/03,620,725
2006/02/06,600,725
2006/02/07,600,725
2006/02/08,600,715
2006/02/09,604,730
2006/02/10,605,729
2006/02/13,600,720
2006/02/14,600,721
2006/02/15,601,725
2006/02/16,600,735
2006/02/17,610,800
2006/02/20,605,775
2006/02/21,607,737
2006/02/22,610,770
2006/02/23,615,775
2006/02/24,615,770
2006/02/27,625,780
2006/02/28,625,781
2006/03/02,621,795
2006/03/03,613,795
2006/03/06,620,800
2006/03/07,605,800
2006/03/08,590,790
2006/03/09,600,783
2006/03/10,601,785
2006/03/13,616,805
2006/03/14,618,810
2006/03/15,618,830
2006/03/16,619,821
2006/03/17,625,825
2006/03/20,635,825
2006/03/22,635,825
2006/03/23,635,815
2006/03/24,635,827
2006/03/27,635,835
2006/03/28,630,835
2006/03/29,633,830
2006/03/30,635,835
2006/03/31,635,825
2006/04/03,645,834
2006/04/04,650,834
2006/04/05,645,825
2006/04/06,650,835
2006/04/07,660,857
2006/04/10,650,900
2006/04/11,650,900
2006/04/12,650,900
2006/04/13,650,950
2006/04/18,632,945
2006/04/19,650,930
2006/04/20,640,925
2006/04/21,640,945
2006/04/24,635,930
2006/04/25,630,932
2006/04/26,630,936
2006/04/28,629,960
2006/05/02,630,975
2006/05/03,630,990
2006/05/04,630,985
2006/05/05,620,980
2006/05/08,620,980
2006/05/09,620,951
2006/05/10,625,965
2006/05/11,620,980
2006/05/12,605,975
2006/05/15,599,915
2006/05/16,594,910
2006/05/17,590,900
2006/05/18,580,889
2006/05/19,585,880
2006/05/22,570,860
2006/05/23,609,865
2006/05/24,600,900
2006/05/25,589,875
2006/05/26,590,914
2006/05/29,600,922
2006/05/30,594,900
2006/05/31,595,900
2006/06/01,585,898
2006/06/02,580,880
2006/06/05,585,880
2006/06/06,580,840
2006/06/07,570,825
2006/06/08,545,770
2006/06/09,540,760
2006/06/12,520,780
2006/06/13,510,785
2006/06/14,500,770
2006/06/15,530,795
2006/06/19,549,795
2006/06/20,550,790
2006/06/21,550,790
2006/06/22,549,790
2006/06/23,547,760
2006/06/26,540,735
2006/06/27,540,760
2006/06/28,550,760
2006/06/29,555,775
2006/06/30,555,800
2006/07/03,550,820
2006/07/04,550,810
2006/07/05,554,810
2006/07/06,545,800
2006/07/07,560,795
2006/07/10,565,790
2006/07/11,560,790
2006/07/12,570,795
2006/07/13,565,791
2006/07/14,566,791
2006/07/17,560,790
2006/07/18,560,775
2006/07/19,560,785
2006/07/20,560,785
2006/07/21,570,810
2006/07/24,575,800
2006/07/25,575,800
2006/07/26,583,810
2006/07/27,580,800
2006/07/28,580,800
2006/07/31,580,849
2006/08/01,579,850
2006/08/02,569,839
2006/08/03,570,825
2006/08/04,560,812
2006/08/07,555,810
2006/08/08,550,815
2006/08/10,555,820
2006/08/11,559,820
2006/08/14,553,815
2006/08/15,570,810
2006/08/16,570,819
2006/08/17,585,825
2006/08/18,585,830
2006/08/21,585,810
2006/08/22,585,815
2006/08/23,585,818
2006/08/24,592,825
2006/08/25,590,825
2006/08/28,590,825
2006/08/29,590,815
2006/08/30,600,820
2006/08/31,598,820
2006/09/01,600,865
2006/09/04,598,890
2006/09/05,600,874
2006/09/06,600,870
2006/09/07,590,870
2006/09/08,600,870
2006/09/11,595,868
2006/09/12,590,850
2006/09/13,590,845
2006/09/14,590,870
2006/09/15,590,881
2006/09/18,590,881
2006/09/19,590,885
2006/09/20,595,885
2006/09/21,600,900
2006/09/22,600,900
2006/09/26,600,901
2006/09/27,600,912
2006/09/28,600,935
2006/09/29,600,935
2006/10/02,600,930
2006/10/03,600,920
2006/10/04,600,926
2006/10/05,605,927
2006/10/06,615,930
2006/10/09,610,932
2006/10/10,615,940
2006/10/11,605,940
2006/10/12,615,940
2006/10/13,616,930
2006/10/16,616,940
2006/10/17,635,950
2006/10/18,639,970
2006/10/19,640,960
2006/10/20,645,985
2006/10/23,650,985
2006/10/24,644,1000
2006/10/25,640,995
2006/10/26,635,1000
2006/10/27,650,995
2006/10/30,640,1000
2006/10/31,640,1050
2006/11/01,660,1015
2006/11/02,655,1011
2006/11/03,650,1035
2006/11/06,651,1030
2006/11/07,700,1050
2006/11/08,690,1050
2006/11/09,680,1050
2006/11/10,695,1050
2006/11/13,710,1050
2006/11/14,710,1040
2006/11/15,706,1034
2006/11/16,715,1030
2006/11/17,725,1050
2006/11/20,722,1050
2006/11/21,725,1055
2006/11/22,720,1060
2006/11/23,710,1060
2006/11/24,718,1070
2006/11/27,720,1086
2006/11/28,717,1100
2006/11/29,718,1115
2006/11/30,714,1125
2006/12/01,717,1125
2006/12/04,715,1135
2006/12/05,720,1135
2006/12/06,720,1135
2006/12/07,718,1125
2006/12/08,713,1130
2006/12/11,667,1130
2006/12/12,660,1130
2006/12/13,655,1152
2006/12/14,650,1170
2006/12/15,649,1180
2006/12/18,655,1180
2006/12/19,655,1185
2006/12/20,660,1200
2006/12/21,650,1200
2006/12/22,655,1210
2006/12/27,659,1220
2006/12/28,657,1225
2006/12/29,655,1235
2007/01/02,656,1248
2007/01/03,670,1250
2007/01/04,670,1262
2007/01/05,665,1260
2007/01/09,690,1247
2007/01/10,692,1250
2007/01/11,693,1250
2007/01/12,705,1246
2007/01/15,735,1245
2007/01/16,750,1248
2007/01/17,740,1250
2007/01/18,740,1250
2007/01/19,750,1250
2007/01/22,750,1235
2007/01/23,735,1235
2007/01/24,735,1230
2007/01/25,739,1237
2007/01/26,735,1252
2007/01/29,735,1272
2007/01/30,733,1348
2007/01/31,715,1331
2007/02/01,720,1341
2007/02/02,729,1342
2007/02/05,737,1371
2007/02/06,740,1371
2007/02/07,750,1355
2007/02/08,732,1350
2007/02/09,735,1350
2007/02/12,730,1330
2007/02/13,740,1320
2007/02/14,750,1345
2007/02/15,750,1350
2007/02/16,755,1355
2007/02/19,770,1410
2007/02/20,780,1369
2007/02/21,780,1400
2007/02/22,791,1455
2007/02/23,800,1470
2007/02/26,800,1500
2007/02/27,800,1470
2007/02/28,820,1423
2007/03/01,820,1400
2007/03/02,800,1400
2007/03/05,775,1365
2007/03/06,790,1405
2007/03/07,799,1407
2007/03/08,800,1442
2007/03/09,810,1500
2007/03/12,830,1485
2007/03/13,830,1450
2007/03/14,810,1440
2007/03/15,800,1430
2007/03/16,810,1470
2007/03/19,810,1480
2007/03/20,799,1469
2007/03/22,800,1462
2007/03/23,819,1464
2007/03/26,820,1450
2007/03/27,815,1440
2007/03/28,800,1465
2007/03/29,777,1480
2007/03/30,776,1480
2007/04/02,775,1510
2007/04/03,800,1560
2007/04/04,815,1616
2007/04/05,801,1669
2007/04/10,805,1685
2007/04/11,794,1670
2007/04/12,791,1660
2007/04/13,815,1700
2007/04/16,852,1660
2007/04/17,865,1700
2007/04/18,870,1700
2007/04/19,890,1699
2007/04/20,895,1700
2007/04/23,888,1710
2007/04/24,890,1700
2007/04/25,880,1720
2007/04/26,870,1715
2007/04/30,861,1715
2007/05/02,917,1748
2007/05/03,900,1745
2007/05/04,910,1743
2007/05/07,908,1740
2007/05/08,900,1700
2007/05/09,900,1700
2007/05/10,900,1695
2007/05/11,900,1700
2007/05/14,900,1744
2007/05/15,890,1725
2007/05/16,900,1725
2007/05/17,894,1702
2007/05/18,895,1705
2007/05/21,880,1710
2007/05/22,851,1715
2007/05/23,880,1730
2007/05/24,870,1740
2007/05/25,869,1729
2007/05/28,860,1715
2007/05/29,860,1730
2007/05/30,854,1750
2007/05/31,854,1800
2007/06/01,860,1788
2007/06/04,845,1840
2007/06/05,846,1875
2007/06/06,835,1869
2007/06/07,844,1830
2007/06/08,844,1780
2007/06/11,850,1780
2007/06/12,849,1750
2007/06/13,845,1713
2007/06/14,855,1725
2007/06/15,848,1750
2007/06/18,845,1815
2007/06/19,846,1830
2007/06/20,845,1831
2007/06/21,845,1840
2007/06/22,846,1813
2007/06/25,825,1800
2007/06/26,810,1780
2007/06/27,800,1766
2007/06/28,810,1790
2007/06/29,800,1820
2007/07/02,785,1835
2007/07/03,800,1815
2007/07/04,810,1875
2007/07/05,800,1825
2007/07/06,824,1850
2007/07/09,819,1850
2007/07/10,825,1875
2007/07/11,820,1900
2007/07/12,825,1890
2007/07/13,835,1900
2007/07/16,830,1925
2007/07/17,830,1925
2007/07/18,828,1925
2007/07/19,830,1924
2007/07/20,839,2000
2007/07/23,845,2050
2007/07/24,855,2050
2007/07/25,851,2045
2007/07/26,847,2020
2007/07/27,840,2010
2007/07/30,835,1970
2007/07/31,860,1969
2007/08/01,849,1900
2007/08/02,851,1945
2007/08/03,856,1927
2007/08/06,830,1890
2007/08/07,830,1885
2007/08/08,840,1895
2007/08/10,835,1850
2007/08/13,840,1821
2007/08/14,850,1803
2007/08/15,849,1805
2007/08/16,810,1801
2007/08/17,823,1790
2007/08/20,815,1790
2007/08/21,827,1780
2007/08/22,824,1825
2007/08/23,833,1860
2007/08/24,830,1880
2007/08/27,827,1875
2007/08/28,824,1849
2007/08/29,835,1810
2007/08/30,829,1820
2007/08/31,848,1835
2007/09/03,850,1860
2007/09/04,850,1940
2007/09/05,853,1960
2007/09/06,856,1976
2007/09/07,855,2020
2007/09/10,865,2000
2007/09/11,871,2040
2007/09/12,871,2050
2007/09/13,873,2044
2007/09/14,864,2000
2007/09/17,875,1980
2007/09/18,875,1970
2007/09/19,899,2000
2007/09/20,885,2000
2007/09/21,885,2000
2007/09/25,870,1950
2007/09/26,860,1979
2007/09/27,865,1990
2007/09/28,867,1990
2007/10/01,870,2010
2007/10/02,881,2009
2007/10/03,910,2119
2007/10/04,920,2120
2007/10/05,920,2163
2007/10/08,911,2178
2007/10/09,920,2159
2007/10/10,925,2150
2007/10/11,930,2130
2007/10/12,930,2130
2007/10/15,910,2129
2007/10/16,920,2090
2007/10/17,920,2115
2007/10/18,915,2090
2007/10/19,900,2056
2007/10/22,890,2052
2007/10/23,899,2074
2007/10/24,930,2099
2007/10/25,940,2120
2007/10/26,942,2140
2007/10/29,935,2180
2007/10/30,935,2180
2007/10/31,950,2150
2007/11/01,950,2130
2007/11/02,960,2100
2007/11/05,950,2100
2007/11/06,950,2099
2007/11/07,975,2080
2007/11/08,970,2079
2007/11/09,980,2100
2007/11/12,970,2080
2007/11/13,970,2090
2007/11/14,970,2130
2007/11/15,978,2125
2007/11/16,980,2098
2007/11/19,990,2050
2007/11/20,1000,2070
2007/11/21,990,2040
2007/11/22,965,2040
2007/11/23,950,2030
2007/11/26,945,2034
2007/11/27,930,2040
2007/11/28,950,2030
2007/11/29,950,2045
2007/11/30,945,2030
2007/12/03,950,2070
2007/12/04,940,2085
2007/12/05,940,2084
2007/12/06,935,2050
2007/12/07,945,2045
2007/12/10,895,2010
2007/12/11,895,2020
2007/12/12,880,2010
2007/12/13,851,2000
2007/12/14,850,1985
2007/12/18,780,1951
2007/12/19,790,1910
2007/12/20,770,1945
2007/12/21,800,1933
2007/12/24,822,1945
2007/12/27,820,1975
2007/12/28,840,1999
2007/12/31,815,1999
2008/01/02,850,2000
2008/01/03,817,1980
2008/01/04,830,2000
2008/01/07,826,1990
2008/01/08,820,1970
2008/01/09,830,1939
2008/01/10,820,1898
2008/01/11,802,1855
2008/01/14,770,1876
2008/01/15,750,1805
2008/01/16,710,1721
2008/01/17,715,1701
2008/01/18,700,1820
2008/01/21,661,1694
2008/01/22,661,1620
2008/01/23,650,1589
2008/01/24,670,1600
2008/01/25,680,1596
2008/01/28,650,1584
2008/01/29,673,1591
2008/01/30,640,1620
2008/01/31,599,1595
2008/02/01,591,1580
2008/02/04,585,1590
2008/02/05,620,1555
2008/02/06,605,1515
2008/02/07,600,1510
2008/02/08,575,1510
2008/02/11,566,1500
2008/02/12,585,1490
2008/02/13,610,1500
2008/02/14,606,1599
2008/02/15,610,1600
2008/02/18,611,1590
2008/02/19,645,1579
2008/02/20,630,1555
2008/02/21,619,1555
2008/02/22,620,1550
2008/02/25,619,1539
2008/02/26,657,1565
2008/02/27,710,1610
2008/02/28,690,1600
2008/02/29,675,1585
2008/03/03,661,1600
2008/03/04,650,1590
2008/03/05,639,1590
2008/03/06,620,1547
2008/03/07,620,1480
2008/03/10,630,1485
2008/03/11,651,1430
2008/03/12,675,1514
2008/03/13,651,1501
2008/03/14,670,1495
2008/03/17,649,1484
2008/03/18,655,1493
2008/03/19,655,1505
2008/03/20,615,1450
2008/03/25,615,1470
2008/03/26,630,1450
2008/03/27,630,1448
2008/03/28,635,1450
2008/03/31,625,1500
2008/04/01,635,1500
2008/04/02,646,1500
2008/04/03,645,1501
2008/04/04,645,1490
2008/04/07,635,1500
2008/04/08,635,1472
2008/04/09,640,1475
2008/04/10,650,1458
2008/04/11,650,1415
2008/04/14,650,1390
2008/04/15,660,1390
2008/04/16,650,1380
2008/04/17,650,1360
2008/04/18,650,1400
2008/04/21,650,1385
2008/04/22,640,1366
2008/04/23,630,1385
2008/04/24,620,1375
2008/04/25,620,1370
2008/04/29,621,1393
2008/04/30,660,1395
2008/05/05,650,1365
2008/05/06,620,1390
2008/05/07,620,1360
2008/05/08,620,1336
2008/05/09,590,1325
2008/05/12,600,1310
2008/05/13,600,1290
2008/05/14,600,1245
2008/05/15,595,1260
2008/05/16,590,1250
2008/05/19,590,1250
2008/05/20,580,1260
2008/05/21,570,1260
2008/05/22,580,1275
2008/05/23,560,1275
2008/05/26,560,1300
2008/05/27,560,1340
2008/05/28,560,1307
2008/05/29,561,1283
2008/05/30,560,1260
2008/06/02,551,1225
2008/06/03,540,1185
2008/06/04,520,1200
2008/06/05,540,1200
2008/06/06,535,1165
2008/06/09,510,1125
2008/06/10,500,1109
2008/06/11,500,1155
2008/06/12,500,1225
2008/06/13,490,1259
2008/06/17,480,1250
2008/06/18,480,1200
2008/06/19,490,1201
2008/06/20,485,1204
2008/06/23,481,1136
2008/06/24,470,1100
2008/06/25,460,1090
2008/06/26,460,1090
2008/06/27,460,1085
2008/06/30,455,1120
2008/07/01,450,1095
2008/07/02,450,1100
2008/07/03,445,1060
2008/07/04,451,1055
2008/07/07,442,1045
2008/07/08,440,1010
2008/07/09,440,970
2008/07/10,450,980
2008/07/11,444,950
2008/07/14,460,950
2008/07/15,464,916
2008/07/16,480,940
2008/07/17,500,1000
2008/07/18,490,1049
2008/07/21,490,1030
2008/07/22,495,1000
2008/07/23,490,1035
2008/07/24,490,1035
2008/07/25,475,1030
2008/07/28,477,1020
2008/07/29,480,1051
2008/07/30,488,1060
2008/07/31,500,1070
2008/08/01,481,1080
2008/08/04,490,1064
2008/08/05,510,1036
2008/08/06,515,1050
2008/08/07,510,1074
2008/08/08,470,1079
2008/08/11,495,1135
2008/08/12,520,1127
2008/08/13,520,1150
2008/08/14,501,1200
2008/08/15,500,1200
2008/08/18,495,1199
2008/08/19,500,1159
2008/08/20,480,1130
2008/08/21,495,1130
2008/08/22,490,1151
2008/08/25,510,1190
2008/08/26,480,1180
2008/08/27,480,1200
2008/08/28,500,1263
2008/08/29,520,1264
2008/09/01,500,1265
2008/09/02,505,1286
2008/09/03,500,1290
2008/09/04,520,1311
2008/09/05,525,1250
2008/09/08,515,1235
2008/09/09,515,1251
2008/09/10,515,1251
2008/09/11,521,1230
2008/09/12,520,1255
2008/09/15,530,1230
2008/09/16,520,1220
2008/09/17,521,1180
2008/09/18,520,1082
2008/09/19,547,1152
2008/09/22,557,1125
2008/09/23,561,1100
2008/09/25,560,1100
2008/09/26,560,1100
2008/09/29,561,1015
2008/09/30,575,970
2008/10/01,561,950
2008/10/02,569,950
2008/10/03,565,930
2008/10/06,550,805
2008/10/07,535,795
2008/10/08,520,765
2008/10/09,520,800
2008/10/10,485,770
2008/10/13,490,815
2008/10/14,488,880
2008/10/15,480,850
2008/10/16,500,761
2008/10/17,480,800
2008/10/20,500,795
2008/10/21,500,811
2008/10/22,505,811
2008/10/23,490,830
2008/10/24,480,790
2008/10/27,460,765
2008/10/28,494,780
2008/10/29,525,820
2008/10/30,525,845
2008/10/31,500,820
2008/11/03,500,800
2008/11/04,500,830
2008/11/05,499,810
2008/11/06,500,813
2008/11/07,500,805
2008/11/10,490,810
2008/11/11,480,830
2008/11/12,479,850
2008/11/13,460,829
2008/11/14,470,830
2008/11/17,475,795
2008/11/18,455,800
2008/11/19,451,760
2008/11/20,445,760
2008/11/21,425,800
2008/11/24,450,805
2008/11/25,463,825
2008/11/26,455,815
2008/11/27,455,803
2008/11/28,500,831
2008/12/01,520,830
2008/12/02,465,800
2008/12/03,450,800
2008/12/04,430,803
2008/12/05,435,825
2008/12/08,410,825
2008/12/09,420,834
2008/12/10,449,840
2008/12/11,450,839
2008/12/12,450,855
2008/12/15,455,860
2008/12/17,465,830
2008/12/18,460,861
2008/12/19,465,850
2008/12/22,475,1040
2008/12/23,465,900
2008/12/24,465,900
2008/12/29,463,880
2008/12/30,462,830
2008/12/31,462,830
2009/01/02,465,830
2009/01/05,465,860
2009/01/06,470,860
2009/01/07,500,849
2009/01/08,500,805
2009/01/09,500,750
2009/01/12,500,750
2009/01/13,500,750
2009/01/14,480,820
2009/01/15,470,790
2009/01/16,450,770
2009/01/19,450,785
2009/01/20,450,765
2009/01/21,425,785
2009/01/22,430,785
2009/01/23,430,740
2009/01/26,425,723
2009/01/27,440,750
2009/01/28,445,735
2009/01/29,450,727
2009/01/30,450,721
2009/02/02,450,715
2009/02/03,450,715
2009/02/04,440,715
2009/02/05,440,710
2009/02/06,445,680
2009/02/09,450,680
2009/02/10,440,690
2009/02/11,440,665
2009/02/12,440,625
2009/02/13,430,600
2009/02/16,425,540
2009/02/17,425,510
2009/02/18,430,525
2009/02/19,435,520
2009/02/20,430,500
2009/02/23,431,490
2009/02/24,430,480
2009/02/25,431,481
2009/02/26,435,486
2009/02/27,440,476
2009/03/02,440,465
2009/03/03,435,465
2009/03/04,435,480
2009/03/05,435,490
2009/03/06,435,491
2009/03/09,435,510
2009/03/10,440,510
2009/03/11,450,535
2009/03/12,460,510
2009/03/13,460,520
2009/03/16,466,520
2009/03/17,459,520
2009/03/18,450,520
2009/03/19,460,520
2009/03/20,451,550
2009/03/23,451,566
2009/03/24,460,565
2009/03/25,500,570
2009/03/26,500,575
2009/03/27,490,570
2009/03/30,475,575
2009/03/31,490,576
2009/04/01,490,570
2009/04/02,500,590
2009/04/03,519,600
2009/04/06,500,575
2009/04/07,500,590
2009/04/08,516,580
2009/04/09,531,570
2009/04/14,551,560
2009/04/15,550,560
2009/04/16,560,560
2009/04/17,560,551
2009/04/20,560,550
2009/04/21,570,551
2009/04/23,569,555
2009/04/24,560,553
2009/04/28,560,570
2009/04/29,570,590
2009/04/30,570,650
2009/05/04,580,637
2009/05/05,580,637
2009/05/06,560,637
2009/05/07,560,660
2009/05/08,560,665
2009/05/11,560,675
2009/05/12,559,690
2009/05/13,535,700
2009/05/14,500,720
2009/05/15,510,750
2009/05/18,520,760
2009/05/19,521,745
2009/05/20,540,745
2009/05/21,530,710
2009/05/22,530,650
2009/05/25,525,669
2009/05/26,525,695
2009/05/27,525,720
2009/05/28,525,669
2009/05/29,527,675
2009/06/01,546,680
2009/06/02,550,655
2009/06/03,550,700
2009/06/04,550,635
2009/06/05,550,641
2009/06/08,560,715
2009/06/09,565,740
2009/06/10,570,729
2009/06/11,600,650
2009/06/12,610,652
2009/06/15,610,670
2009/06/17,590,656
2009/06/18,590,660
2009/06/19,590,698
2009/06/22,588,679
2009/06/23,590,615
2009/06/24,570,615
2009/06/25,580,636
2009/06/26,590,651
2009/06/29,610,701
2009/06/30,611,701
2009/07/01,610,695
2009/07/02,620,695
2009/07/03,625,680
2009/07/06,625,680
2009/07/07,640,685
2009/07/08,640,685
2009/07/09,625,700
2009/07/10,630,700
2009/07/13,612,710
2009/07/14,630,720
2009/07/15,670,700
2009/07/16,655,715
2009/07/17,653,721
2009/07/20,665,750
2009/07/21,665,750
2009/07/22,663,775
2009/07/23,656,775
2009/07/24,670,800
2009/07/27,661,850
2009/07/28,661,900
2009/07/29,660,900
2009/07/30,670,920
2009/07/31,680,883
2009/08/03,680,883
2009/08/04,670,880
2009/08/05,670,875
2009/08/06,685,890
2009/08/07,694,900
2009/08/11,720,890
2009/08/12,695,890
2009/08/13,700,885
2009/08/14,705,895
2009/08/17,700,895
2009/08/18,700,900
2009/08/19,705,885
2009/08/20,709,889
2009/08/21,715,890
2009/08/24,715,870
2009/08/25,720,880
2009/08/26,735,895
2009/08/27,740,900
2009/08/28,760,916
2009/08/31,760,950
2009/09/01,760,950
2009/09/02,753,950
2009/09/03,760,970
2009/09/04,750,998
2009/09/07,750,980
2009/09/08,770,960
2009/09/09,750,955
2009/09/10,730,949
2009/09/11,732,940
2009/09/14,730,960
2009/09/15,740,950
2009/09/16,750,949
2009/09/17,762,945
2009/09/18,740,945
2009/09/21,741,940
2009/09/22,760,910
2009/09/23,745,916
2009/09/25,780,916
2009/09/28,775,940
2009/09/29,770,925
2009/09/30,770,930
2009/10/01,760,935
2009/10/02,740,900
2009/10/05,740,900
2009/10/06,745,900
2009/10/07,727,910
2009/10/08,750,922
2009/10/09,725,920
2009/10/12,725,920
2009/10/13,721,915
2009/10/14,750,900
2009/10/15,750,900
2009/10/16,750,900
2009/10/19,755,885
2009/10/20,750,870
2009/10/21,760,882
2009/10/22,770,920
2009/10/23,775,925
2009/10/26,770,930
2009/10/27,769,930
2009/10/28,760,928
2009/10/29,850,928
2009/10/30,807,930
2009/11/02,800,930
2009/11/03,790,930
2009/11/04,790,930
2009/11/05,800,930
2009/11/06,800,930
2009/11/09,800,950
2009/11/10,825,930
2009/11/11,840,950
2009/11/12,830,950
2009/11/13,830,955
2009/11/16,830,955
2009/11/17,826,950
2009/11/18,830,950
2009/11/19,880,950
2009/11/20,850,950
2009/11/23,861,950
2009/11/24,867,958
2009/11/25,867,950
2009/11/26,830,960
2009/11/27,830,954
2009/11/30,835,955
2009/12/01,857,960
2009/12/02,850,975
2009/12/03,856,975
2009/12/04,899,995
2009/12/07,860,1002
2009/12/08,830,992
2009/12/09,820,1010
2009/12/10,830,1018
2009/12/11,860,1060
2009/12/14,863,1050
2009/12/15,865,1049
2009/12/17,880,1070
2009/12/18,865,1080
2009/12/21,865,1080
2009/12/22,890,1095
2009/12/23,885,1120
2009/12/24,884,1120
2009/12/28,870,1110
2009/12/29,870,1110
2009/12/30,875,1110
2009/12/31,875,1110
2010/01/04,885,1055
2010/01/05,870,1055
2010/01/06,870,1070
2010/01/07,880,1090
2010/01/08,950,1080
2010/01/11,940,1080
2010/01/12,915,1080
2010/01/13,900,1080
2010/01/14,890,1000
2010/01/15,900,1080
2010/01/18,885,1100
2010/01/19,900,1100
2010/01/20,900,1100
2010/01/21,900,1100
2010/01/22,890,1080
2010/01/25,885,1085
2010/01/26,850,1085
2010/01/27,890,1085
2010/01/28,870,1050
2010/01/29,890,1050
2010/02/01,870,1050
2010/02/02,890,1060
2010/02/03,890,1055
2010/02/04,890,1050
2010/02/05,859,1030
2010/02/08,850,1025
2010/02/09,850,1030
2010/02/10,840,1030
2010/02/11,850,1029
2010/02/12,850,1020
2010/02/15,860,1020
2010/02/16,860,1020
2010/02/17,850,1020
2010/02/18,850,1020
2010/02/19,850,1020
2010/02/22,870,1010
2010/02/23,890,1020
2010/02/24,885,1015
2010/02/25,885,1050
2010/02/26,885,1080
2010/03/01,890,1130
2010/03/02,880,1115
2010/03/03,890,1139
2010/03/04,900,1135
2010/03/05,909,1135
2010/03/08,925,1126
2010/03/09,920,1120
2010/03/10,920,1120
2010/03/11,920,1120
2010/03/12,920,1131
2010/03/15,920,1135
2010/03/16,920,1135
2010/03/17,940,1100
2010/03/18,925,1094
2010/03/19,925,1079
2010/03/23,945,1080
2010/03/24,945,1080
2010/03/25,950,1090
2010/03/26,952,1100
2010/03/29,965,1100
2010/03/30,975,1200
2010/03/31,974,1190
2010/04/01,970,1161
2010/04/06,975,1180
2010/04/07,975,1181
2010/04/08,960,1280
2010/04/09,970,1299
2010/04/12,995,1290
2010/04/13,976,1290
2010/04/14,995,1270
2010/04/15,1050,1295
2010/04/16,1049,1295
2010/04/19,1048,1290
2010/04/20,1050,1250
2010/04/21,1035,1250
2010/04/22,1044,1260
2010/04/23,1112,1250
2010/04/26,1150,1259
2010/04/28,1130,1250
2010/04/29,1150,1260
2010/04/30,1145,1285
2010/05/03,1140,1284
2010/05/04,1130,1280
2010/05/05,1120,1250
2010/05/06,1150,1240
2010/05/07,1110,1200
2010/05/10,1134,1211
2010/05/11,1145,1250
2010/05/12,1150,1280
2010/05/13,1150,1250
2010/05/14,1149,1220
2010/05/17,1150,1210
2010/05/18,1149,1205
2010/05/19,1149,1259
2010/05/20,1120,1250
2010/05/21,1118,1195
2010/05/24,1065,1180
2010/05/25,1040,1171
2010/05/26,1040,1199
2010/05/27,1047,1180
2010/05/28,1070,1180
2010/05/31,1065,1190
2010/06/01,1064,1200
2010/06/02,1080,1180
2010/06/03,1098,1190
2010/06/04,1098,1180
2010/06/07,1097,1150
2010/06/08,1085,1187
2010/06/09,1090,1190
2010/06/10,1070,1180
2010/06/11,1088,1180
2010/06/14,1084,1181
2010/06/15,1090,1180
2010/06/17,1090,1145
2010/06/18,1093,1115
2010/06/21,1097,1140
2010/06/22,1081,1120
2010/06/23,1110,1115
2010/06/24,1120,1105
2010/06/25,1120,1080
2010/06/28,1120,1085
2010/06/29,1100,1050
2010/06/30,1095,1065
2010/07/01,1122,1075
2010/07/02,1123,1075
2010/07/05,1122,1075
2010/07/06,1122,1050
2010/07/07,1125,1050
2010/07/08,1149,1075
2010/07/09,1148,1045
2010/07/12,1160,1060
2010/07/13,1200,1060
2010/07/14,1227,1125
2010/07/15,1230,1125
2010/07/16,1235,1198
2010/07/19,1235,1115
2010/07/20,1230,1133
2010/07/21,1250,1148
2010/07/22,1250,1140
2010/07/23,1250,1140
2010/07/26,1255,1140
2010/07/27,1260,1130
2010/07/28,1260,1100
2010/07/29,1265,1120
2010/07/30,1270,1120
2010/08/02,1270,1175
2010/08/03,1269,1160
2010/08/04,1245,1150
2010/08/05,1200,1150
2010/08/06,1240,1150
2010/08/10,1215,1150
2010/08/11,1250,1150
2010/08/12,1249,1125
2010/08/13,1248,1110
2010/08/16,1249,1105
2010/08/17,1245,1115
2010/08/18,1245,1060
2010/08/19,1245,1060
2010/08/20,1245,1055
2010/08/23,1260,1060
2010/08/24,1252,1060
2010/08/25,1255,1060
2010/08/26,1266,1061
2010/08/27,1260,1100
2010/08/30,1250,1100
2010/08/31,1275,1100
2010/09/01,1251,1100
2010/09/02,1280,1100
2010/09/03,1300,1100
2010/09/06,1290,1100
2010/09/07,1290,1100
2010/09/08,1290,1075
2010/09/09,1274,1075
2010/09/10,1270,1070
2010/09/13,1284,1110
2010/09/14,1297,1119
2010/09/15,1330,1130
2010/09/16,1347,1130
2010/09/17,1385,1061
2010/09/20,1385,1120
2010/09/21,1390,1130
2010/09/22,1395,1140
2010/09/23,1418,1148
2010/09/27,1490,1190
2010/09/28,1490,1185
2010/09/29,1485,1185
2010/09/30,1479,1185
2010/10/01,1478,1195
2010/10/04,1445,1195
2010/10/05,1437,1190
2010/10/06,1444,1190
2010/10/07,1435,1180
2010/10/08,1427,1200
2010/10/11,1471,1180
2010/10/12,1479,1195
2010/10/13,1500,1200
2010/10/14,1485,1195
2010/10/15,1450,1200
2010/10/18,1458,1200
2010/10/19,1507,1185
2010/10/20,1500,1195
2010/10/21,1515,1240
2010/10/22,1499,1240
2010/10/25,1480,1250
2010/10/26,1500,1255
2010/10/27,1501,1255
2010/10/28,1509,1278
2010/10/29,1500,1298
2010/11/01,1535,1300
2010/11/02,1516,1340
2010/11/03,1555,1359
2010/11/04,1600,1319
2010/11/05,1583,1289
2010/11/08,1630,1305
2010/11/09,1700,1300
2010/11/10,1710,1300
2010/11/11,1715,1271
2010/11/12,1720,1250
2010/11/15,1680,1249
2010/11/16,1682,1270
2010/11/17,1680,1225
2010/11/18,1712,1225
2010/11/19,1713,1235
2010/11/22,1730,1225
2010/11/23,1720,1200
2010/11/24,1720,1195
2010/11/25,1720,1175
2010/11/26,1750,1170
2010/11/29,1666,1165
2010/11/30,1688,1125
2010/12/01,1695,1165
2010/12/02,1695,1165
2010/12/03,1699,1158
2010/12/06,1695,1160
2010/12/07,1699,1164
2010/12/08,1700,1170
2010/12/09,1696,1175
2010/12/10,1713,1200
2010/12/13,1713,1175
2010/12/14,1740,1175
2010/12/15,1752,1150
2010/12/17,1870,1150
2010/12/20,1857,1200
2010/12/21,1875,1190
2010/12/22,1860,1190
2010/12/23,1832,1190
2010/12/24,1850,1190
2010/12/28,1879,1155
2010/12/29,1890,1185
2010/12/30,1872,1185
2010/12/31,1875,1155
2011/01/03,1875,1155
2011/01/04,1875,1185
2011/01/05,1848,1185
2011/01/06,1869,1200
2011/01/07,1845,1180
2011/01/10,1770,1155
2011/01/11,1740,1180
2011/01/12,1800,1200
2011/01/13,1811,1180
2011/01/14,1815,1180
2011/01/17,1815,1160
2011/01/18,1755,1150
2011/01/19,1795,1135
2011/01/20,1760,1135
2011/01/21,1770,1130
2011/01/24,1770,1120
2011/01/25,1780,1105
2011/01/26,1783,1120
2011/01/27,1791,1100
2011/01/28,1760,1120
2011/01/31,1746,1110
2011/02/01,1725,1100
2011/02/02,1748,1100
2011/02/03,1769,1090
2011/02/04,1738,1100
2011/02/07,1701,1100
2011/02/08,1703,1072
2011/02/09,1700,1070
2011/02/10,1650,1080
2011/02/11,1670,1080
2011/02/14,1699,1100
2011/02/15,1680,1070
2011/02/16,1666,1080
2011/02/17,1686,1100
2011/02/18,1700,1080
2011/02/21,1685,1100
2011/02/22,1660,1076
2011/02/23,1668,1080
2011/02/24,1659,1086
2011/02/25,1655,1086
2011/02/28,1655,1085
2011/03/01,1721,1080
2011/03/02,1691,1060
2011/03/03,1723,1050
2011/03/04,1725,1050
2011/03/07,1716,1050
2011/03/08,1705,1030
2011/03/09,1700,1030
2011/03/10,1670,1051
2011/03/11,1658,1070
2011/03/14,1645,1090
2011/03/15,1653,1090
2011/03/16,1676,1090
2011/03/17,1690,1075
2011/03/18,1605,1075
2011/03/22,1700,1051
2011/03/23,1698,1085
2011/03/24,1740,1100
2011/03/25,1733,1100
2011/03/28,1750,1100
2011/03/29,1760,1100
2011/03/30,1761,1079
2011/03/31,1780,1080
2011/04/01,1800,1080
2011/04/04,1806,1090
2011/04/05,1836,1100
2011/04/06,1840,1112
2011/04/07,1855,1110
2011/04/08,1856,1120
2011/04/11,1834,1120
2011/04/12,1828,1101
2011/04/13,1830,1100
2011/04/14,1845,1100
2011/04/15,1850,1100
2011/04/18,1855,1099
2011/04/19,1850,1099
2011/04/20,1850,1094
2011/04/21,1875,1150
2011/04/26,1875,1120
2011/04/28,1884,1120
2011/04/29,1900,1120
2011/05/03,1900,1120
2011/05/04,1895,1100
2011/05/05,1850,1100
2011/05/06,1865,1100
2011/05/09,1846,1150
2011/05/10,1875,1100
2011/05/11,1860,1105
2011/05/12,1879,1100
2011/05/13,1880,1130
2011/05/16,1882,1130
2011/05/17,1905,1130
2011/05/19,1907,1124
2011/05/20,1908,1130
2011/05/23,1881,1120
2011/05/24,1900,1116
2011/05/25,1900,1115
2011/05/26,1925,1117
2011/05/27,1935,1130
2011/05/30,1945,1135
2011/05/31,1965,1125
2011/06/01,1980,1125
2011/06/02,1975,1125
2011/06/03,1960,1120
2011/06/06,1885,1120
2011/06/07,1890,1130
2011/06/08,1882,1140
2011/06/09,1870,1130
2011/06/10,1864,1150
2011/06/13,1825,1148
2011/06/14,1830,1150
2011/06/15,1849,1155
2011/06/17,1900,1155
2011/06/20,1875,1150
2011/06/21,1883,1150
2011/06/22,1850,1140
2011/06/23,1820,1125
2011/06/24,1895,1120
2011/06/27,1880,1120
2011/06/28,1905,1120
2011/06/29,1932,1126
2011/06/30,1930,1150
2011/07/01,1970,1130
2011/07/04,1958,1125
2011/07/05,1960,1126
2011/07/06,1951,1125
2011/07/07,1979,1135
2011/07/08,1980,1130
2011/07/11,1980,1140
2011/07/12,1980,1139
2011/07/13,1990,1150
2011/07/14,2010,1150
2011/07/15,2020,1150
2011/07/18,2014,1130
2011/07/19,2010,1126
2011/07/20,2050,1130
2011/07/21,2060,1130
2011/07/22,2070,1125
2011/07/25,2070,1123
2011/07/26,2075,1120
2011/07/27,2076,1120
2011/07/28,2070,1120
2011/07/29,2002,1120
2011/08/01,2060,1115
2011/08/02,2090,1115
2011/08/03,2095,1115
2011/08/04,2035,1103
2011/08/05,2000,1075
2011/08/08,1930,1085
2011/08/10,2000,1075
2011/08/11,1976,1045
2011/08/12,1975,1028
2011/08/15,1998,1030
2011/08/16,2000,1030
2011/08/17,1996,1030
2011/08/18,1970,1000
2011/08/19,1940,1000
2011/08/22,1952,1000
2011/08/23,1901,1000
2011/08/24,1971,1000
2011/08/25,1987,995
2011/08/26,1967,995
2011/08/29,1984,995
2011/08/30,1986,1000
2011/08/31,1990,1000
2011/09/01,2048,995
2011/09/02,2000,1000
2011/09/05,2009,995
2011/09/06,2004,995
2011/09/07,2000,995
2011/09/08,2018,1015
2011/09/09,2000,1050
2011/09/12,1988,1030
2011/09/13,1990,1030
2011/09/14,1999,1030
2011/09/15,1990,1016
2011/09/16,2007,1030
2011/09/19,1998,1030
2011/09/20,2000,1010
2011/09/21,2012,1032
2011/09/22,2000,998
2011/09/23,1964,980
2011/09/26,1975,980
2011/09/27,1980,1000
2011/09/28,1996,1000
2011/09/29,1995,1000
2011/09/30,2000,1000
2011/10/03,1993,1000
2011/10/04,2000,1000
2011/10/05,1996,1000
2011/10/06,1994,1000
2011/10/07,1990,1010
2011/10/10,1997,1000
2011/10/11,1999,1010
2011/10/12,2005,1010
2011/10/13,2015,1030
2011/10/14,2015,1020
2011/10/17,2035,1025
2011/10/18,2050,1025
2011/10/19,2050,1025
2011/10/20,2065,1020
2011/10/21,2099,1020
2011/10/24,2150,1039
2011/10/25,2139,1030
2011/10/26,2185,1040
2011/10/27,2260,1051
2011/10/28,2248,1050
2011/10/31,2255,1071
2011/11/01,2245,1080
2011/11/02,2285,1100
2011/11/03,2280,1085
2011/11/04,2295,1070
2011/11/07,2285,1099
2011/11/08,2300,1050
2011/11/09,2335,1098
2011/11/10,2320,1050
2011/11/11,2325,1095
2011/11/14,2337,1095
2011/11/15,2330,1030
2011/11/16,2330,1020
2011/11/17,2369,1000
2011/11/18,2360,1000
2011/11/21,2313,1000
2011/11/22,2332,1001
2011/11/23,2340,1001
2011/12/02,2340,1001
2011/12/05,2340,1001
2011/12/06,2340,1001
2011/12/07,2340,1001
2011/12/08,2340,1001
2011/12/09,2340,1001
2011/12/12,2340,1001
2011/12/13,2283,1030
2011/12/14,2280,990
2011/12/15,2155,990
2011/12/19,2238,982
2011/12/20,2275,982
2011/12/21,2245,975
2011/12/22,2250,975
2011/12/23,2240,975
2011/12/28,2250,975
2011/12/29,2258,975
2011/12/30,2270,975
2012/01/03,2280,975
2012/01/04,2300,985
2012/01/05,2282,990
2012/01/06,2300,1005
2012/01/09,2320,1002
2012/01/10,2300,1002
2012/01/11,2295,1020
2012/01/12,2300,1005
2012/01/13,2313,1000
2012/01/16,2319,1010
2012/01/17,2360,1000
2012/01/18,2435,1001
2012/01/19,2460,1002
2012/01/20,2500,1002
2012/01/23,2550,1000
2012/01/24,2525,995
2012/01/25,2520,995
2012/01/26,2534,1004
2012/01/27,2539,1004
2012/01/30,2450,975
2012/01/31,2535,1000
2012/02/01,2557,975
2012/02/02,2650,999
2012/02/03,2710,980
2012/02/06,2740,990
2012/02/07,2720,990
2012/02/08,2749,1005
2012/02/09,2693,1005
2012/02/10,2640,1050
2012/02/13,2690,1000
2012/02/14,2699,1001
2012/02/15,2750,1000
2012/02/16,2792,1001
2012/02/17,2800,1000
2012/02/20,2783,1000
2012/02/21,2792,1020
2012/02/22,2808,1002
2012/02/23,2820,1010
2012/02/24,2745,1010
2012/02/27,2799,1010
2012/02/28,2800,1001
2012/02/29,2745,1010
2012/03/01,2788,1014
2012/03/02,2779,1016
2012/03/05,2770,1025
2012/03/06,2720,1080
2012/03/07,2748,1060
2012/03/08,2755,1060
2012/03/09,2774,1060
2012/03/12,2775,1065
2012/03/13,2789,1065
2012/03/14,2791,1100
2012/03/15,2785,1099
2012/03/16,2800,1070
2012/03/19,2785,1080
2012/03/20,2782,1102
2012/03/22,2740,1100
2012/03/23,2745,1100
2012/03/26,2777,1070
2012/03/27,2785,1125
2012/03/28,2800,1125
2012/03/29,2820,1115
2012/03/30,2850,1100
2012/04/02,2855,1115
2012/04/03,2860,1115
2012/04/04,2850,1085
2012/04/05,2880,1115
2012/04/10,2880,1115
2012/04/11,2870,1115
2012/04/12,2875,1125
2012/04/13,2870,1117
2012/04/16,2890,1120
2012/04/17,2897,1101
2012/04/18,2900,1101
2012/04/19,2898,1080
2012/04/20,2905,1115
2012/04/23,2888,1076
2012/04/24,2820,1086
2012/04/25,2812,1090
2012/04/26,2900,1110
2012/04/30,2920,1110
2012/05/02,2949,1115
2012/05/03,2949,1125
2012/05/04,2950,1145
2012/05/07,2930,1100
2012/05/08,2936,1100
2012/05/09,2875,1103
2012/05/10,2889,1105
2012/05/11,2879,1117
2012/05/14,2892,1104
2012/05/15,2730,1137
2012/05/16,2700,1140
2012/05/17,2680,1169
2012/05/18,2625,1165
2012/05/21,2570,1180
2012/05/22,2630,1199
2012/05/23,2595,1199
2012/05/24,2590,1185
2012/05/25,2591,1185
2012/05/28,2608,1185
2012/05/29,2610,1175
2012/05/30,2612,1165
2012/05/31,2632,1160
2012/06/01,2620,1140
2012/06/04,2478,1140
2012/06/05,2450,1135
2012/06/06,2450,1101
2012/06/07,2500,1200
2012/06/08,2515,1245
2012/06/11,2560,1245
2012/06/12,2585,1219
2012/06/13,2560,1180
2012/06/14,2525,1180
2012/06/15,2620,1200
2012/06/18,2675,1205
2012/06/19,2688,1215
2012/06/20,2693,1215
2012/06/21,2700,1205
2012/06/22,2690,1230
2012/06/25,2686,1240
2012/06/26,2620,1230
2012/06/27,2620,1230
2012/06/28,2605,1220
2012/06/29,2767,1220
2012/07/02,2841,1225
2012/07/03,2956,1236
2012/07/04,2936,1250
2012/07/05,2950,1257
2012/07/06,2958,1275
2012/07/09,2910,1300
2012/07/10,2920,1339
2012/07/11,2915,1315
2012/07/12,2875,1310
2012/07/13,2890,1310
2012/07/16,2875,1290
2012/07/17,2875,1290
2012/07/18,2890,1287
2012/07/19,2885,1287
2012/07/20,2876,1300
2012/07/23,2830,1200
2012/07/24,2890,1150
2012/07/25,2889,1140
2012/07/26,2889,1134
2012/07/27,2950,1137
2012/07/30,2945,1130
2012/07/31,2944,1115
2012/08/01,2945,1110
2012/08/02,2925,1100
2012/08/03,2950,1100
2012/08/06,2940,1110
2012/08/07,3000,1120
2012/08/08,3014,1120
2012/08/10,3013,1115
2012/08/13,3003,1115
2012/08/14,3000,1115
2012/08/15,2990,1115
2012/08/16,3020,1130
2012/08/17,3000,1120
2012/08/20,2986,1130
2012/08/21,2977,1120
2012/08/22,2969,1130
2012/08/23,3000,1120
2012/08/24,3020,1120
2012/08/27,3020,1120
2012/08/28,3005,1120
2012/08/29,2965,1120
2012/08/30,2970,1120
2012/08/31,2955,1129
2012/09/03,3009,1120
2012/09/04,2991,1129
2012/09/05,2980,1129
2012/09/06,3000,1130
2012/09/07,3015,1140
2012/09/10,3012,1152
2012/09/11,3020,1155
2012/09/12,3031,1165
2012/09/13,3020,1160
2012/09/14,3086,1160
2012/09/17,3140,1160
2012/09/18,3155,1175
2012/09/19,3177,1175
2012/09/20,3165,1160
2012/09/21,3029,1160
2012/09/25,3071,1150
2012/09/26,3050,1150
2012/09/27,3063,1148
2012/09/28,3100,1120
2012/10/01,3050,1158
2012/10/02,3089,1158
2012/10/03,3106,1159
2012/10/04,3111,1149
2012/10/05,3175,1150
2012/10/08,3125,1140
2012/10/09,3137,1149
2012/10/10,3203,1115
2012/10/11,3302,1110
2012/10/12,3283,1120
2012/10/15,3289,1120
2012/10/16,3300,1120
2012/10/17,3300,1120
2012/10/18,3245,1120
2012/10/19,3268,1110
2012/10/22,3290,1110
2012/10/23,3295,1100
2012/10/24,3295,1100
2012/10/25,3299,1100
2012/10/26,3297,1100
2012/10/29,3275,1090
2012/10/30,3300,1090
2012/10/31,3345,1091
2012/11/01,3352,1080
2012/11/02,3350,1075
2012/11/05,3339,1065
2012/11/06,3365,1085
2012/11/07,3397,1080
2012/11/08,3402,1090
2012/11/09,3520,1080
2012/11/12,3575,1080
2012/11/13,3528,1050
2012/11/14,3565,1040
2012/11/15,3580,1040
2012/11/16,3575,1040
2012/11/19,3680,1030
2012/11/21,3778,991
2012/11/22,3800,990
2012/11/23,3825,990
2012/11/24,3825,990
2012/11/25,3825,990
2012/11/26,3760,1000
2012/11/27,3811,1000
2012/11/28,3770,989
2012/11/29,3724,1000
2012/11/30,3751,999
2012/12/03,3694,1010
2012/12/04,3790,1020
2012/12/05,3730,1030
2012/12/06,3800,1030
2012/12/07,3780,1040
2012/12/10,3845,1050
2012/12/11,3860,1070
2012/12/12,3950,1075
2012/12/13,3998,1100
2012/12/14,4000,1100
2012/12/18,4010,1101
2012/12/19,4055,1132
2012/12/20,4025,1125
2012/12/21,4025,1150
2012/12/24,4070,1125
2012/12/27,4100,1125
2012/12/28,4069,1130
2012/12/31,3966,1130
2013/01/02,4100,1110
2013/01/03,4115,1110
2013/01/04,4113,1070
2013/01/07,4130,1076
2013/01/08,4134,1076
2013/01/09,4100,1085
2013/01/10,4055,1120
2013/01/11,4095,1120
2013/01/14,4138,1100
2013/01/15,4060,1100
2013/01/16,4057,1076
2013/01/17,4160,1095
2013/01/18,4280,1094
2013/01/21,4225,1085
2013/01/22,4219,1085
2013/01/23,4310,1099
2013/01/24,4460,1042
2013/01/25,4550,1099
2013/01/28,4650,1087
2013/01/29,4566,1120
2013/01/30,4470,1120
2013/01/31,4398,1135
2013/02/01,4400,1140
2013/02/04,4330,1142
2013/02/05,4339,1145
2013/02/06,4454,1130
2013/02/07,4514,1128
2013/02/08,4530,1110
2013/02/11,4558,1113
2013/02/12,4520,1114
2013/02/13,4571,1119
2013/02/14,4635,1120
2013/02/15,4680,1095
2013/02/18,4680,1100
2013/02/19,4731,1125
2013/02/20,4770,1150
2013/02/21,4693,1105
2013/02/22,4690,1120
2013/02/25,4700,1140
2013/02/26,4677,1130
2013/02/27,4620,1110
2013/02/28,4719,1130
2013/03/01,4825,1130
2013/03/04,4848,1120
2013/03/05,4850,1130
2013/03/06,4834,1140
2013/03/07,4794,1120
2013/03/08,4788,1120
2013/03/11,4787,1120
2013/03/12,4660,1116
2013/03/13,4700,1116
2013/03/14,4925,1111
2013/03/15,4714,1110
2013/03/18,4720,1100
2013/03/19,4725,1145
2013/03/20,4740,1140
2013/03/22,4748,1140
2013/03/25,4782,1120
2013/03/26,4845,1115
2013/03/27,4798,1130
2013/03/28,4800,1130
2013/04/02,4930,1140
2013/04/03,4914,1135
2013/04/04,4915,1140
2013/04/05,4781,1125
2013/04/08,4811,1125
2013/04/09,4747,1130
2013/04/10,4895,1130
2013/04/11,5000,1125
2013/04/12,5070,1130
2013/04/15,5105,1120
2013/04/16,5089,1130
2013/04/17,5013,1125
2013/04/18,5075,1120
2013/04/19,5100,1130
2013/04/22,5068,1125
2013/04/23,5106,1120
2013/04/24,5165,1116
2013/04/25,5250,1116
2013/04/26,5350,1125
2013/04/29,5365,1119
2013/04/30,5370,1120
2013/05/02,5540,1125
2013/05/03,5650,1130
2013/05/06,5571,1124
2013/05/07,5520,1113
2013/05/08,5542,1120
2013/05/09,5605,1120
2013/05/10,5798,1120
2013/05/13,5760,1120
2013/05/14,5750,1098
2013/05/15,5860,1100
2013/05/16,5739,1100
2013/05/17,5920,1111
2013/05/20,5835,1139
2013/05/21,6070,1125
2013/05/22,6117,1120
2013/05/23,6071,1116
2013/05/24,6210,1105
2013/05/27,6315,1109
2013/05/28,6482,1110
2013/05/29,6430,1110
2013/05/30,6470,1110
2013/05/31,6255,1140
2013/06/03,6080,1110
2013/06/04,6250,1109
2013/06/05,6175,1107
2013/06/06,5825,1129
2013/06/07,5877,1147
2013/06/10,5825,1187
2013/06/11,5655,1215
2013/06/12,5830,1213
2013/06/13,5972,1234
2013/06/14,6020,1245
2013/06/18,6115,1285
2013/06/19,6130,1282
2013/06/20,5785,1251
2013/06/21,6026,1231
2013/06/24,5845,1230
2013/06/25,6005,1215
2013/06/26,6250,1205
2013/06/27,6230,1200
2013/06/28,6275,1175
2013/07/01,6450,1181
2013/07/02,6630,1163
2013/07/03,6540,1140
2013/07/04,6709,1159
2013/07/05,6579,1163
2013/07/08,6527,1173
2013/07/09,6658,1201
2013/07/10,6600,1205
2013/07/11,6750,1230
2013/07/12,6736,1214
2013/07/15,6819,1210
2013/07/16,6800,1205
2013/07/17,6715,1200
2013/07/18,6690,1210
2013/07/19,6572,1215
2013/07/22,6492,1130
2013/07/23,6500,1126
2013/07/24,6500,1110
2013/07/25,6500,1100
2013/07/26,6501,1119
2013/07/29,6483,1140
2013/07/30,6500,1140
2013/07/31,6569,1149
2013/08/01,6620,1150
2013/08/02,6765,1141
2013/08/05,6780,1140
2013/08/06,6854,1140
2013/08/07,6905,1139
2013/08/08,6815,1138
2013/08/12,6710,1135
2013/08/13,6930,1126
2013/08/14,7040,1115
2013/08/15,6924,1120
2013/08/16,6979,1125
2013/08/19,6860,1124
2013/08/20,6771,1125
2013/08/21,6775,1120
2013/08/22,6808,1120
2013/08/23,6762,1135
2013/08/26,6880,1140
2013/08/27,6852,1140
2013/08/28,6680,1135
2013/08/29,6665,1140
2013/08/30,6700,1154
2013/09/02,6730,1155
2013/09/03,6601,1165
2013/09/04,6545,1180
2013/09/05,6584,1185
2013/09/06,6629,1200
2013/09/09,6635,1199
2013/09/10,6700,1170
2013/09/11,6710,1180
2013/09/12,6735,1275
2013/09/13,6745,1275
2013/09/16,6800,1220
2013/09/17,6787,1220
2013/09/18,6633,1250
2013/09/19,6811,1270
2013/09/20,6700,1270
2013/09/23,6750,1269
2013/09/25,6775,1270
2013/09/26,6807,1270
2013/09/27,6870,1270
2013/09/30,6860,1280
2013/10/01,6960,1270
2013/10/02,6899,1270
2013/10/03,6990,1300
2013/10/04,7070,1300
2013/10/07,7119,1300
2013/10/08,7050,1280
2013/10/09,6951,1275
2013/10/10,7068,1280
2013/10/11,7299,1280
2013/10/14,7353,1286
2013/10/15,7490,1325
2013/10/16,7540,1360
2013/10/17,7640,1411
2013/10/18,7631,1440
2013/10/21,7679,1430
2013/10/22,7860,1420
2013/10/23,7860,1406
2013/10/24,7850,1391
2013/10/25,7900,1385
2013/10/28,8090,1387
2013/10/29,8080,1360
2013/10/30,8148,1395
2013/10/31,8190,1379
2013/11/01,8150,1370
2013/11/04,8272,1424
2013/11/05,8400,1420
2013/11/06,8420,1425
2013/11/07,8380,1430
2013/11/08,8380,1420
2013/11/11,8258,1420
2013/11/12,8250,1455
2013/11/13,8000,1480
2013/11/14,8109,1510
2013/11/15,8195,1550
2013/11/18,8252,1562
2013/11/19,8259,1557
2013/11/20,8292,1544
2013/11/21,8159,1540
2013/11/22,8150,1535
2013/11/25,8076,1535
2013/11/26,8246,1533
2013/11/27,8300,1560
2013/11/28,8200,1575
2013/11/29,8300,1570
2013/12/02,8180,1555
2013/12/03,8100,1565
2013/12/04,7895,1584
2013/12/05,7903,1630
2013/12/06,7982,1650
2013/12/09,8118,1675
2013/12/10,8239,1699
2013/12/11,8130,1691
2013/12/12,7955,1657
2013/12/13,7849,1655
2013/12/17,8120,1669
2013/12/18,7986,1656
2013/12/19,7999,1655
2013/12/20,8011,1656
2013/12/23,8066,1670
2013/12/24,8072,1655
2013/12/27,8090,1656
2013/12/30,8165,1658
2013/12/31,7996,1662
2014/01/02,8084,1667
2014/01/03,8045,1675
2014/01/06,7910,1685
2014/01/07,7972,1685
2014/01/08,7991,1685
2014/01/09,7965,1681
2014/01/10,7965,1680
2014/01/13,7970,1680
2014/01/14,7905,1680
2014/01/15,7850,1671
2014/01/16,7800,1675
2014/01/17,7837,1675
2014/01/20,7806,1665
2014/01/21,8016,1655
2014/01/22,7989,1657
2014/01/23,7970,1657
2014/01/24,7984,1650
2014/01/27,8101,1653
2014/01/28,7900,1650
2014/01/29,7932,1641
2014/01/30,7915,1635
2014/01/31,7964,1624
2014/02/03,7949,1610
2014/02/04,7900,1603
2014/02/05,7930,1654
2014/02/06,7930,1620
2014/02/07,8047,1625
2014/02/10,8200,1625
2014/02/11,8400,1625
2014/02/12,8740,1640
2014/02/13,8700,1635
2014/02/14,8700,1685
2014/02/17,8540,1720
2014/02/18,8625,1705
2014/02/19,8651,1750
2014/02/20,8690,1715
2014/02/21,8520,1751
2014/02/24,8700,1786
2014/02/25,8779,1785
2014/02/26,8584,1770
2014/02/27,8548,1789
2014/02/28,8801,1790
2014/03/03,8625,1760
2014/03/04,8741,1785
2014/03/05,8939,1790
2014/03/06,8970,1760
2014/03/07,9170,1750
2014/03/10,9132,1750
2014/03/11,9340,1776
2014/03/12,9400,1731
2014/03/13,9515,1740
2014/03/14,9331,1711
2014/03/17,9399,1711
2014/03/18,9300,1775
2014/03/19,9350,1765
2014/03/20,9355,1735
2014/03/24,9510,1740
2014/03/25,9575,1771
2014/03/26,9750,1820
2014/03/27,9442,1800
2014/03/28,9643,1850
2014/03/31,9900,1876
2014/04/01,10128,1870
2014/04/02,10215,1872
2014/04/03,10049,1880
2014/04/04,10000,1855
2014/04/07,9938,1843
2014/04/08,9941,1849
2014/04/09,9914,1894
2014/04/10,9950,1920
2014/04/11,9738,1942
2014/04/14,9774,1949
2014/04/15,9459,1940
2014/04/16,9520,1928
2014/04/17,9800,1929
2014/04/22,9856,1940
2014/04/23,9882,1940
2014/04/24,10090,1940
2014/04/25,10120,1930
2014/04/29,10215,1929
2014/04/30,10149,1930
2014/05/02,10300,1940
2014/05/05,10370,1939
2014/05/06,10650,1950
2014/05/08,10590,1960
2014/05/09,10490,1959
2014/05/12,10399,1950
2014/05/13,10340,1937
2014/05/14,10365,1940
2014/05/15,10273,1930
2014/05/16,10140,1930
2014/05/19,10289,1969
2014/05/20,9600,1990
2014/05/21,9633,1980
2014/05/22,9890,1974
2014/05/23,9741,1984
2014/05/26,9749,1984
2014/05/27,9740,1985
2014/05/28,9750,1985
2014/05/29,9740,1975
2014/05/30,10126,1972
2014/06/02,9919,1960
2014/06/03,9823,1940
2014/06/04,9850,1960
2014/06/05,9859,1975
2014/06/06,9950,2039
2014/06/09,9600,2070
2014/06/10,9675,2064
2014/06/11,9757,2020
2014/06/12,9744,2028
2014/06/13,9672,2100
2014/06/17,9700,2080
2014/06/18,9700,2105
2014/06/19,9890,2127
2014/06/20,9861,2147
2014/06/23,9750,2170
2014/06/24,9790,2123
2014/06/25,9604,2087
2014/06/26,9625,2100
2014/06/27,9444,2080
2014/06/30,9551,2100
2014/07/01,9500,2099
2014/07/02,9497,2134
2014/07/03,9425,2156
2014/07/04,9387,2140
2014/07/07,9334,2150
2014/07/08,9349,2145
2014/07/09,9410,2120
2014/07/10,9550,2135
2014/07/11,9620,2140
2014/07/14,9755,2164
2014/07/15,9825,2170
2014/07/16,9925,2180
2014/07/17,9890,2223
2014/07/18,9978,2225
2014/07/21,9864,2250
2014/07/22,10005,2298
2014/07/23,9994,2285
2014/07/24,10029,2265
2014/07/25,9879,2276
2014/07/28,10000,2280
2014/07/29,10010,2306
2014/07/30,9868,2307
2014/07/31,9795,2325
2014/08/01,9707,2316
2014/08/04,9940,2260
2014/08/05,9911,2229
2014/08/06,9730,2200
2014/08/07,9350,2215
2014/08/08,9300,2197
2014/08/11,9483,2200
2014/08/12,9670,2204
2014/08/13,9700,2222
2014/08/14,9665,2249
2014/08/15,9719,2235
2014/08/18,9733,2269
2014/08/19,9799,2283
2014/08/20,9745,2254
2014/08/21,9875,2235
2014/08/22,9916,2238
2014/08/25,9964,2262
2014/08/26,10040,2265
2014/08/27,10085,2285
2014/08/28,10130,2297
2014/08/29,10000,2286
2014/09/01,10093,2257
2014/09/02,10159,2277
2014/09/03,10200,2300
2014/09/04,10258,2300
2014/09/05,10300,2313
2014/09/08,10230,2344
2014/09/09,10215,2337
2014/09/10,10233,2338
2014/09/11,10200,2350
2014/09/12,10204,2349
2014/09/15,10220,2327
2014/09/16,10222,2340
2014/09/17,10225,2327
2014/09/18,10244,2390
2014/09/19,10200,2450
2014/09/22,10190,2388
2014/09/23,10194,2315
2014/09/25,10045,2308
2014/09/26,9745,2349
2014/09/29,9838,2283
2014/09/30,9665,2250
2014/10/01,9611,2250
2014/10/02,9642,2240
2014/10/03,9589,2250
2014/10/06,9660,2308
2014/10/07,9700,2250
2014/10/08,9499,2223
2014/10/09,9425,2250
2014/10/10,9071,2175
2014/10/13,9245,2286
2014/10/14,9152,2313
2014/10/15,9000,2279
2014/10/16,9049,2255
2014/10/17,9225,2247
2014/10/20,9134,2289
2014/10/21,9392,2300
2014/10/22,9310,2295
2014/10/23,9333,2284
2014/10/24,9145,2299
2014/10/27,9230,2287
2014/10/28,9425,2289
2014/10/29,9320,2285
2014/10/30,9455,2276
2014/10/31,9550,2299
2014/11/03,9453,2300
2014/11/04,9522,2315
2014/11/05,9680,2304
2014/11/06,9548,2318
2014/11/07,9500,2300
2014/11/10,9508,2319
2014/11/11,9615,2323
2014/11/12,9972,2295
2014/11/13,10149,2324
2014/11/14,10190,2325
2014/11/17,10102,2360
2014/11/18,10136,2420
2014/11/19,10180,2451
2014/11/20,10036,2436
2014/11/21,10227,2445
2014/11/24,10376,2460
2014/11/25,10499,2445
2014/11/26,10650,2420
2014/11/27,10840,2430
2014/11/28,11056,2430
2014/12/01,10554,2413
2014/12/02,10700,2400
2014/12/03,10907,2426
2014/12/04,10919,2387
2014/12/05,11230,2385
2014/12/08,11482,2379
2014/12/09,11168,2334
2014/12/10,11150,2334
2014/12/11,11240,2322
2014/12/12,11185,2281
2014/12/15,10814,2225
2014/12/17,10750,2251
2014/12/18,11255,2221
2014/12/19,11078,2275
2014/12/22,11130,2249
2014/12/23,11200,2250
2014/12/24,11150,2289
2014/12/29,11280,2319
2014/12/30,11229,2290
2014/12/31,11516,2320
2015/01/02,11247,2310
2015/01/05,10870,2239
2015/01/06,11063,2285
2015/01/07,11197,2285
2015/01/08,11152,2323
2015/01/09,11059,2300
2015/01/12,10853,2335
2015/01/13,11041,2360
2015/01/14,10600,2346
2015/01/15,10758,2329
2015/01/16,10500,2295
2015/01/19,10301,2280
2015/01/20,10350,2250
2015/01/21,10714,2250
2015/01/22,10700,2250
2015/01/23,10968,2270
2015/01/26,10650,2290
2015/01/27,10511,2310
2015/01/28,10325,2368
2015/01/29,10350,2400
2015/01/30,10350,2430
2015/02/02,10365,2420
2015/02/03,10592,2417
2015/02/04,10370,2403
2015/02/05,10224,2439
2015/02/06,10344,2450
2015/02/09,10419,2500
2015/02/10,10259,2569
2015/02/11,10205,2595
2015/02/12,10075,2649
2015/02/13,10294,2638
2015/02/16,10423,2600
2015/02/17,10420,2604
2015/02/18,10601,2581
2015/02/19,10690,2571
2015/02/20,10773,2529
2015/02/23,10766,2506
2015/02/24,10470,2508
2015/02/25,10403,2550
2015/02/26,10420,2550
2015/02/27,10337,2550
2015/03/02,10237,2570
2015/03/03,10100,2536
2015/03/04,10251,2522
2015/03/05,10203,2497
2015/03/06,10100,2498
2015/03/09,9955,2472
2015/03/10,9859,2410
2015/03/11,9715,2375
2015/03/12,9900,2400
2015/03/13,9890,2350
2015/03/16,10090,2336
2015/03/17,9840,2350
2015/03/18,9850,2505
2015/03/19,9862,2470
2015/03/20,9659,2527
2015/03/23,9809,2625
2015/03/24,9705,2603
2015/03/25,9550,2600
2015/03/26,9650,2568
2015/03/27,9654,2594
2015/03/30,9756,2599
2015/03/31,9825,2598
2015/04/01,10200,2625
2015/04/02,10250,2620
2015/04/07,10301,2679
2015/04/08,10308,2687
2015/04/09,10193,2695
2015/04/10,10577,2705
2015/04/13,10395,2750
2015/04/14,10100,2750
2015/04/15,9861,2754
2015/04/16,10299,2750
2015/04/17,10150,2767
2015/04/20,10100,2782
2015/04/21,10350,2764
2015/04/22,10101,2795
2015/04/23,10340,2760
2015/04/24,10473,2785
2015/04/28,9556,2779
2015/04/29,9375,2799
2015/04/30,9100,2792
2015/05/04,9167,2750
2015/05/05,9150,2790
2015/05/06,9020,2661
2015/05/07,8730,2677
2015/05/08,8890,2700
2015/05/11,8800,2700
2015/05/12,9031,2710
2015/05/13,8801,2759
2015/05/14,8750,2745
2015/05/15,8875,2790
2015/05/18,8950,2800
2015/05/19,9204,2800
2015/05/20,9233,2827
2015/05/21,9105,2750
2015/05/22,9000,2786
2015/05/25,8940,2787
2015/05/26,8902,2741
2015/05/27,8930,2780
2015/05/28,8971,2875
2015/05/29,8850,2879
2015/06/01,8727,2900
2015/06/02,8658,2920
2015/06/03,8530,2850
2015/06/04,8675,2870
2015/06/05,8800,2897
2015/06/08,8536,2850
2015/06/09,8383,2930
2015/06/10,8466,2975
2015/06/11,8568,2950
2015/06/12,8450,2959
2015/06/15,8450,2960
2015/06/17,8450,2960
2015/06/18,8467,2960
2015/06/19,8464,3033
2015/06/22,8425,3070
2015/06/23,8300,3035
2015/06/24,8230,3050
2015/06/25,8400,3150
2015/06/26,8343,3178
2015/06/29,8070,3115
2015/06/30,8241,3088
2015/07/01,8250,3149
2015/07/02,8279,3150
2015/07/03,8306,3150
2015/07/06,8102,3175
2015/07/07,7900,3160
2015/07/08,7801,3120
2015/07/09,8191,3100
2015/07/10,8300,3170
2015/07/13,8338,3234
2015/07/14,8050,3250
2015/07/15,8132,3250
2015/07/16,8227,3298
2015/07/17,8336,3418
2015/07/20,8380,3434
2015/07/21,8240,3390
2015/07/22,8050,3270
2015/07/23,8125,3305
2015/07/24,7970,3280
2015/07/27,7980,3275
2015/07/28,7633,3217
2015/07/29,7700,3340
2015/07/30,7682,3325
2015/07/31,7750,3297
2015/08/03,7801,3170
2015/08/04,7838,3269
2015/08/05,7860,3250
2015/08/06,7867,3248
2015/08/07,7808,3225
2015/08/11,7914,3250
2015/08/12,7644,3035
2015/08/13,7500,3064
2015/08/14,7443,3100
2015/08/17,7380,3049
2015/08/18,7400,3100
2015/08/19,7200,3016
2015/08/20,7225,2891
2015/08/21,7214,2880
2015/08/24,7013,2781
2015/08/25,7346,2915
2015/08/26,7225,2880
2015/08/27,7429,2857
2015/08/28,7487,2892
2015/08/31,7386,2900
2015/09/01,7350,2828
2015/09/02,7347,2863
2015/09/03,7500,2868
2015/09/04,7299,2905
2015/09/07,7001,2862
2015/09/08,7026,2970
2015/09/09,7000,3034
2015/09/10,7055,3025
2015/09/11,7001,3060
2015/09/14,7095,3120
2015/09/15,7027,3150
2015/09/16,7078,3199
2015/09/17,7206,3199
2015/09/18,7283,3089
2015/09/21,7019,3060
2015/09/22,7040,3055
2015/09/23,7060,3099
2015/09/25,7035,3020
2015/09/28,6845,2970
2015/09/29,6560,2898
2015/09/30,6529,2891
2015/10/01,6725,2896
2015/10/02,6685,2923
2015/10/05,6779,2983
2015/10/06,6600,2972
2015/10/07,6625,3024
2015/10/08,6550,2910
2015/10/09,6688,2925
2015/10/12,6985,2900
2015/10/13,6956,2926
2015/10/14,7079,2860
2015/10/15,7020,2840
2015/10/16,6830,2850
2015/10/19,6890,2910
2015/10/20,6790,2966
2015/10/21,6770,3040
2015/10/22,6879,3020
2015/10/23,7057,2995
2015/10/26,7375,3090
2015/10/27,7168,3087
2015/10/28,7283,3080
2015/10/29,7350,3067
2015/10/30,7300,3079
2015/11/02,7494,3070
2015/11/03,7621,3062
2015/11/04,7590,3050
2015/11/05,7352,3020
2015/11/06,7200,3011
2015/11/09,7118,3040
2015/11/10,7095,2971
2015/11/11,6700,2928
2015/11/12,6422,2900
2015/11/13,6490,2932
2015/11/16,6400,2930
2015/11/17,6435,2982
2015/11/18,6395,3000
2015/11/19,6380,3041
2015/11/20,6479,3082
2015/11/23,6475,3100
