Date,First Rand,Absa
2004/05/12,935,4450
2004/05/13,935,4500
2004/05/14,902,4320
2004/05/17,925,4450
2004/05/18,915,4349
2004/05/19,960,4475
2004/05/20,971,4580
2004/05/21,955,4575
2004/05/24,930,4470
2004/05/25,955,4435
2004/05/26,975,4502
2004/05/27,1012,4625
2004/05/28,1000,4700
2004/05/31,1018,4790
2004/06/01,1010,4780
2004/06/02,1005,4865
2004/06/03,996,4859
2004/06/04,1000,4850
2004/06/07,1010,4960
2004/06/08,1020,5050
2004/06/09,1020,5040
2004/06/10,1007,5003
2004/06/11,1000,4870
2004/06/14,1015,4875
2004/06/15,1011,4860
2004/06/17,1005,4935
2004/06/18,1014,5045
2004/06/21,1020,4985
2004/06/22,1005,5000
2004/06/23,1015,4930
2004/06/24,1024,4955
2004/06/25,1010,5035
2004/06/28,1008,5030
2004/06/29,1020,5045
2004/06/30,1019,5100
2004/07/01,1010,5025
2004/07/02,1000,5010
2004/07/05,1019,5040
2004/07/06,1010,5067
2004/07/07,1010,5000
2004/07/08,1008,4950
2004/07/09,997,4960
2004/07/12,1005,4973
2004/07/13,1031,5020
2004/07/14,1027,5130
2004/07/15,1042,5200
2004/07/16,1010,5130
2004/07/19,1000,5101
2004/07/20,995,5090
2004/07/21,1015,5161
2004/07/22,1008,5165
2004/07/23,1010,5180
2004/07/26,1005,5180
2004/07/27,1010,5215
2004/07/28,1012,5212
2004/07/29,995,5110
2004/07/30,1004,5107
2004/08/02,1000,5108
2004/08/03,1003,5060
2004/08/04,1003,5141
2004/08/05,995,5080
2004/08/06,982,5000
2004/08/10,980,5045
2004/08/11,975,5055
2004/08/12,996,5220
2004/08/13,987,5075
2004/08/16,984,5150
2004/08/17,979,5140
2004/08/18,983,5165
2004/08/19,980,5150
2004/08/20,990,5150
2004/08/23,1020,5250
2004/08/24,1036,5258
2004/08/25,1036,5270
2004/08/26,1050,5350
2004/08/27,1061,5480
2004/08/30,1055,5480
2004/08/31,1069,5510
2004/09/01,1080,5601
2004/09/02,1090,5700
2004/09/03,1098,5830
2004/09/06,1080,5755
2004/09/07,1084,5676
2004/09/08,1091,5650
2004/09/09,1112,5820
2004/09/10,1098,5830
2004/09/13,1110,5850
2004/09/14,1125,5835
2004/09/15,1124,5725
2004/09/16,1145,5860
2004/09/17,1160,6044
2004/09/20,1185,6100
2004/09/21,1180,6125
2004/09/22,1160,6050
2004/09/23,1173,6275
2004/09/27,1170,6290
2004/09/28,1180,6298
2004/09/29,1210,6410
2004/09/30,1212,6510
2004/10/01,1210,6450
2004/10/04,1193,6380
2004/10/05,1190,6325
2004/10/06,1200,6355
2004/10/07,1199,6390
2004/10/08,1180,6340
2004/10/11,1185,6400
2004/10/12,1160,6400
2004/10/13,1170,6498
2004/10/14,1185,6450
2004/10/15,1192,6500
2004/10/18,1190,6500
2004/10/19,1190,6515
2004/10/20,1185,6580
2004/10/21,1195,6550
2004/10/22,1196,6505
2004/10/25,1175,6455
2004/10/26,1210,6511
2004/10/27,1226,6540
2004/10/28,1220,6600
2004/10/29,1215,6700
2004/11/01,1250,6860
2004/11/02,1260,6730
2004/11/03,1237,6700
2004/11/04,1244,6670
2004/11/05,1265,6790
2004/11/08,1290,6835
2004/11/09,1270,6870
2004/11/10,1242,6750
2004/11/11,1240,6680
2004/11/12,1249,6635
2004/11/15,1249,6700
2004/11/16,1250,6732
2004/11/17,1266,6930
2004/11/18,1258,6940
2004/11/19,1240,6960
2004/11/22,1245,6870
2004/11/23,1230,6870
2004/11/24,1251,6900
2004/11/25,1300,7102
2004/11/26,1295,7240
2004/11/29,1320,7200
2004/11/30,1330,7035
2004/12/01,1340,7040
2004/12/02,1334,7200
2004/12/03,1325,7225
2004/12/06,1325,7200
2004/12/07,1309,7220
2004/12/08,1300,7052
2004/12/09,1290,7120
2004/12/10,1300,7225
2004/12/13,1325,7275
2004/12/14,1310,7276
2004/12/15,1320,7340
2004/12/17,1330,7432
2004/12/20,1340,7440
2004/12/21,1346,7405
2004/12/22,1357,7420
2004/12/23,1374,7470
2004/12/24,1350,7480
2004/12/28,1385,7480
2004/12/29,1377,7562
2004/12/30,1360,7655
2004/12/31,1335,7599
2005/01/03,1366,7685
2005/01/04,1395,7529
2005/01/05,1380,7350
2005/01/06,1320,7169
2005/01/07,1345,7180
2005/01/10,1342,7267
2005/01/11,1303,7260
2005/01/12,1325,7190
2005/01/13,1320,7138
2005/01/14,1313,7199
2005/01/17,1290,7280
2005/01/18,1260,7125
2005/01/19,1270,7200
2005/01/20,1263,7201
2005/01/21,1299,7250
2005/01/24,1300,7210
2005/01/25,1298,7280
2005/01/26,1310,7520
2005/01/27,1346,7600
2005/01/28,1345,7616
2005/01/31,1365,7639
2005/02/01,1352,7572
2005/02/02,1311,7460
2005/02/03,1330,7449
2005/02/04,1357,7390
2005/02/07,1315,7270
2005/02/08,1300,7200
2005/02/09,1330,7430
2005/02/10,1360,7560
2005/02/11,1359,7515
2005/02/14,1349,7540
2005/02/15,1363,7521
2005/02/16,1394,7430
2005/02/17,1395,7500
2005/02/18,1375,7645
2005/02/21,1370,7835
2005/02/22,1405,7800
2005/02/23,1399,7840
2005/02/24,1395,7900
2005/02/25,1410,7900
2005/02/28,1399,7949
2005/03/01,1385,8070
2005/03/02,1381,7940
2005/03/03,1395,7921
2005/03/04,1419,7920
2005/03/07,1405,8040
2005/03/08,1425,8100
2005/03/09,1430,8150
2005/03/10,1422,8000
2005/03/11,1400,7950
2005/03/14,1394,7891
2005/03/15,1380,7750
2005/03/16,1350,7699
2005/03/17,1315,7750
2005/03/18,1300,7780
2005/03/22,1326,7625
2005/03/23,1319,7600
2005/03/24,1318,7510
2005/03/29,1323,7450
2005/03/30,1320,7400
2005/03/31,1333,7540
2005/04/01,1373,7650
2005/04/04,1346,7705
2005/04/05,1318,7640
2005/04/06,1321,7555
2005/04/07,1318,7550
2005/04/08,1322,7550
2005/04/11,1304,7550
2005/04/12,1291,7600
2005/04/13,1285,7475
2005/04/14,1320,7550
2005/04/15,1315,7820
2005/04/18,1320,7700
2005/04/19,1325,7755
2005/04/20,1305,7651
2005/04/21,1324,7778
2005/04/22,1300,7601
2005/04/25,1305,7660
2005/04/26,1340,7820
2005/04/28,1300,7830
2005/04/29,1295,7780
2005/05/03,1316,7770
2005/05/04,1340,7815
2005/05/05,1361,7950
2005/05/06,1385,8000
2005/05/09,1400,8250
2005/05/10,1390,8250
2005/05/11,1412,8260
2005/05/12,1381,8290
2005/05/13,1392,8275
2005/05/16,1402,8300
2005/05/17,1367,8300
2005/05/18,1376,8251
2005/05/19,1382,8250
2005/05/20,1400,8256
2005/05/23,1360,8285
2005/05/24,1365,8240
2005/05/25,1390,8230
2005/05/26,1387,8200
2005/05/27,1386,8175
2005/05/30,1385,8220
2005/05/31,1368,8244
2005/06/01,1335,8240
2005/06/02,1335,8250
2005/06/03,1375,8261
2005/06/06,1410,8290
2005/06/07,1443,8345
2005/06/08,1445,8300
2005/06/09,1430,8300
2005/06/10,1454,8275
2005/06/13,1410,8290
2005/06/14,1395,8310
2005/06/15,1440,8338
2005/06/17,1453,8340
2005/06/20,1449,8155
2005/06/21,1450,8175
2005/06/22,1449,8170
2005/06/23,1430,8229
2005/06/24,1390,8190
2005/06/27,1387,8187
2005/06/28,1415,8203
2005/06/29,1422,8260
2005/06/30,1387,8248
2005/07/01,1390,8251
2005/07/04,1397,8250
2005/07/05,1396,8250
2005/07/06,1392,8245
2005/07/07,1400,8255
2005/07/08,1393,8254
2005/07/11,1423,8251
2005/07/12,1490,8300
2005/07/13,1501,8420
2005/07/14,1546,8761
2005/07/15,1480,8595
2005/07/18,1515,8700
2005/07/19,1550,8970
2005/07/20,1543,9100
2005/07/21,1545,9050
2005/07/22,1570,9050
2005/07/25,1582,9225
2005/07/26,1560,9299
2005/07/27,1591,9375
2005/07/28,1620,9400
2005/07/29,1585,9155
2005/08/01,1605,9316
2005/08/02,1630,9360
2005/08/03,1615,9370
2005/08/04,1602,9475
2005/08/05,1620,9571
2005/08/08,1660,10000
2005/08/10,1692,9915
2005/08/11,1695,9850
2005/08/12,1681,9701
2005/08/15,1659,9530
2005/08/16,1648,9275
2005/08/17,1604,9199
2005/08/18,1605,9180
2005/08/19,1624,9369
2005/08/22,1625,9496
2005/08/23,1639,9500
2005/08/24,1611,9485
2005/08/25,1586,9460
2005/08/26,1552,9512
2005/08/29,1545,9474
2005/08/30,1523,9300
2005/08/31,1520,9210
2005/09/01,1576,9245
2005/09/02,1615,9480
2005/09/05,1609,9700
2005/09/06,1616,9725
2005/09/07,1670,9825
2005/09/08,1640,9800
2005/09/09,1620,9660
2005/09/12,1640,9640
2005/09/13,1650,9480
2005/09/14,1675,9450
2005/09/15,1655,9325
2005/09/16,1680,9205
2005/09/19,1660,9140
2005/09/20,1647,9200
2005/09/21,1650,9200
2005/09/22,1627,9041
2005/09/23,1610,9000
2005/09/26,1647,9240
2005/09/27,1654,9220
2005/09/28,1657,9270
2005/09/29,1663,9425
2005/09/30,1695,9380
2005/10/03,1650,9100
2005/10/04,1645,8985
2005/10/05,1635,9120
2005/10/06,1602,8950
2005/10/07,1588,8900
2005/10/10,1612,8745
2005/10/11,1616,8840
2005/10/12,1611,8835
2005/10/13,1568,8650
2005/10/14,1551,8465
2005/10/17,1560,8770
2005/10/18,1550,8720
2005/10/19,1491,8525
2005/10/20,1530,8570
2005/10/21,1520,8500
2005/10/24,1570,8614
2005/10/25,1570,8640
2005/10/26,1589,8799
2005/10/27,1550,8600
2005/10/28,1545,8800
2005/10/31,1579,8900
2005/11/01,1624,8888
2005/11/02,1615,8915
2005/11/03,1635,9020
2005/11/04,1615,9026
2005/11/07,1635,9230
2005/11/08,1566,9000
2005/11/09,1600,8925
2005/11/10,1635,9000
2005/11/11,1665,9000
2005/11/14,1700,9120
2005/11/15,1660,9085
2005/11/16,1655,8920
2005/11/17,1670,8950
2005/11/18,1649,8930
2005/11/21,1625,8880
2005/11/22,1590,8900
2005/11/23,1602,9227
2005/11/24,1630,9318
2005/11/25,1605,9330
2005/11/28,1590,9300
2005/11/29,1603,9200
2005/11/30,1580,9180
2005/12/01,1561,9050
2005/12/02,1595,8900
2005/12/05,1625,9036
2005/12/06,1690,9285
2005/12/07,1760,9718
2005/12/08,1725,9625
2005/12/09,1725,9810
2005/12/12,1740,10000
2005/12/13,1755,9930
2005/12/14,1740,9950
2005/12/15,1802,9970
2005/12/19,1848,9900
2005/12/20,1850,9780
2005/12/21,1876,9900
2005/12/22,1882,10195
2005/12/23,1900,10170
2005/12/27,1945,10320
2005/12/28,1900,10130
2005/12/29,1900,10010
2005/12/30,1845,10100
2006/01/03,1895,10340
2006/01/04,1875,10346
2006/01/05,1831,10240
2006/01/06,1892,10501
2006/01/09,1900,10576
2006/01/10,1915,10655
2006/01/11,1965,11146
2006/01/12,1939,11140
2006/01/13,1947,11370
2006/01/16,1900,11205
2006/01/17,1845,10900
2006/01/18,1840,10770
2006/01/19,1935,11375
2006/01/20,1920,11270
2006/01/23,1909,11180
2006/01/24,1915,11200
2006/01/25,1911,11300
2006/01/26,1880,11252
2006/01/27,1900,11159
2006/01/30,1885,11059
2006/01/31,1935,11190
2006/02/01,1975,11410
2006/02/02,1984,11370
2006/02/03,1925,10900
2006/02/06,1999,10900
2006/02/07,1926,10875
2006/02/08,1870,10799
2006/02/09,1920,11000
2006/02/10,1904,11200
2006/02/13,1856,10820
2006/02/14,1821,10799
2006/02/15,1850,10985
2006/02/16,1910,11372
2006/02/17,1990,11851
2006/02/20,1990,11800
2006/02/21,2020,11800
2006/02/22,2015,11860
2006/02/23,2035,12099
2006/02/24,1970,11876
2006/02/27,1981,11940
2006/02/28,1870,11487
2006/03/02,1910,11460
2006/03/03,1886,11375
2006/03/06,1915,11350
2006/03/07,1778,11125
2006/03/08,1832,11270
2006/03/09,1940,11450
2006/03/10,1888,11450
2006/03/13,1920,11350
2006/03/14,1949,11365
2006/03/15,2000,11611
2006/03/16,2030,11625
2006/03/17,2040,11847
2006/03/20,2075,11860
2006/03/22,2060,11800
2006/03/23,2080,11900
2006/03/24,2078,11920
2006/03/27,2093,11900
2006/03/28,2025,11575
2006/03/29,2050,11475
2006/03/30,2080,11750
2006/03/31,2000,11600
2006/04/03,2038,11750
2006/04/04,1976,11500
2006/04/05,2005,11600
2006/04/06,1956,11725
2006/04/07,2010,11760
2006/04/10,2005,11901
2006/04/11,2015,12139
2006/04/12,1975,12125
2006/04/13,2020,12070
2006/04/18,2015,12250
2006/04/19,2043,12300
2006/04/20,2020,12400
2006/04/21,2010,12100
2006/04/24,1985,11949
2006/04/25,1970,11950
2006/04/26,1976,11911
2006/04/28,1980,11870
2006/05/02,1966,11821
2006/05/03,1935,11685
2006/05/04,1918,11876
2006/05/05,1930,11900
2006/05/08,1906,11825
2006/05/09,1925,11880
2006/05/10,1928,11890
2006/05/11,1905,11800
2006/05/12,1864,11680
2006/05/15,1813,11100
2006/05/16,1875,11225
2006/05/17,1880,11300
2006/05/18,1861,11075
2006/05/19,1819,11150
2006/05/22,1712,10733
2006/05/23,1780,11499
2006/05/24,1735,11194
2006/05/25,1780,11000
2006/05/26,1825,11200
2006/05/29,1850,11231
2006/05/30,1786,10902
2006/05/31,1771,11100
2006/06/01,1810,11100
2006/06/02,1875,11500
2006/06/05,1870,11225
2006/06/06,1780,10760
2006/06/07,1720,10330
2006/06/08,1620,9601
2006/06/09,1780,10600
2006/06/12,1723,10525
2006/06/13,1725,10508
2006/06/14,1755,10500
2006/06/15,1820,11000
2006/06/19,1820,11000
2006/06/20,1815,10800
2006/06/21,1765,10400
2006/06/22,1736,10000
2006/06/23,1645,9699
2006/06/26,1540,9100
2006/06/27,1552,9500
2006/06/28,1586,9375
2006/06/29,1651,9676
2006/06/30,1690,10030
2006/07/03,1769,10584
2006/07/04,1760,10590
2006/07/05,1700,10244
2006/07/06,1700,10100
2006/07/07,1719,10264
2006/07/10,1755,10400
2006/07/11,1711,10375
2006/07/12,1750,10558
2006/07/13,1685,10260
2006/07/14,1660,10020
2006/07/17,1591,9650
2006/07/18,1600,9650
2006/07/19,1656,9800
2006/07/20,1656,9800
2006/07/21,1655,9701
2006/07/24,1665,9759
2006/07/25,1670,9830
2006/07/26,1670,10000
2006/07/27,1715,10290
2006/07/28,1695,10301
2006/07/31,1727,10252
2006/08/01,1661,10070
2006/08/02,1649,10021
2006/08/03,1650,9720
2006/08/04,1670,9751
2006/08/07,1620,9600
2006/08/08,1630,9705
2006/08/10,1632,9691
2006/08/11,1641,9725
2006/08/14,1620,9720
2006/08/15,1620,9749
2006/08/16,1624,9800
2006/08/17,1689,9801
2006/08/18,1704,9800
2006/08/21,1711,9795
2006/08/22,1730,9895
2006/08/23,1720,9975
2006/08/24,1720,9820
2006/08/25,1730,9850
2006/08/28,1760,9720
2006/08/29,1792,9975
2006/08/30,1822,10355
2006/08/31,1785,10321
2006/09/01,1800,10405
2006/09/04,1840,10600
2006/09/05,1835,10535
2006/09/06,1805,10350
2006/09/07,1767,9950
2006/09/08,1750,9830
2006/09/11,1691,9505
2006/09/12,1712,9650
2006/09/13,1753,9850
2006/09/14,1721,9860
2006/09/15,1762,9780
2006/09/18,1810,9945
2006/09/19,1804,10050
2006/09/20,1800,10180
2006/09/21,1840,10300
2006/09/22,1795,9975
2006/09/26,1800,9965
2006/09/27,1775,9850
2006/09/28,1789,9950
2006/09/29,1770,9950
2006/10/02,1750,9680
2006/10/03,1750,9718
2006/10/04,1770,9690
2006/10/05,1795,9839
2006/10/06,1815,9870
2006/10/09,1821,9840
2006/10/10,1788,9830
2006/10/11,1785,9680
2006/10/12,1800,10059
2006/10/13,1850,10285
2006/10/16,1875,10601
2006/10/17,1852,10405
2006/10/18,1855,10481
2006/10/19,1840,10670
2006/10/20,1840,10650
2006/10/23,1815,10655
2006/10/24,1825,10780
2006/10/25,1835,10760
2006/10/26,1804,10650
2006/10/27,1811,10780
2006/10/30,1810,10830
2006/10/31,1927,11399
2006/11/01,1961,11520
2006/11/02,1930,11450
2006/11/03,1935,11325
2006/11/06,1977,11255
2006/11/07,1958,11378
2006/11/08,1980,11370
2006/11/09,1958,11195
2006/11/10,1939,11026
2006/11/13,1950,11250
2006/11/14,1935,11295
2006/11/15,1919,11185
2006/11/16,1899,11250
2006/11/17,1888,11230
2006/11/20,1901,11355
2006/11/21,1955,11681
2006/11/22,2008,11800
2006/11/23,2040,11980
2006/11/24,2030,12000
2006/11/27,2039,12000
2006/11/28,1955,11705
2006/11/29,1993,11599
2006/11/30,1977,11270
2006/12/01,1997,11490
2006/12/04,2002,11480
2006/12/05,1970,11405
2006/12/06,1965,11370
2006/12/07,1970,11304
2006/12/08,1970,11370
2006/12/11,1952,11450
2006/12/12,1945,11475
2006/12/13,1999,11750
2006/12/14,2043,11750
2006/12/15,2070,11830
2006/12/18,2080,11875
2006/12/19,2060,11900
2006/12/20,2152,12150
2006/12/21,2235,12400
2006/12/22,2255,12401
2006/12/27,2254,12615
2006/12/28,2230,12505
2006/12/29,2220,12510
2007/01/02,2219,12700
2007/01/03,2171,12600
2007/01/04,2115,12286
2007/01/05,2181,12370
2007/01/09,2310,12550
2007/01/10,2275,12439
2007/01/11,2265,12400
2007/01/12,2260,12550
2007/01/15,2310,13000
2007/01/16,2350,13310
2007/01/17,2350,13200
2007/01/18,2382,13505
2007/01/19,2319,13440
2007/01/22,2365,13756
2007/01/23,2365,13570
2007/01/24,2343,13450
2007/01/25,2291,13355
2007/01/26,2325,13275
2007/01/29,2282,13175
2007/01/30,2310,13500
2007/01/31,2300,13245
2007/02/01,2360,13590
2007/02/02,2337,13600
2007/02/05,2284,13300
2007/02/06,2358,13565
2007/02/07,2330,13360
2007/02/08,2242,13250
2007/02/09,2261,13140
2007/02/12,2282,13050
2007/02/13,2285,12990
2007/02/14,2250,12900
2007/02/15,2314,13250
2007/02/16,2380,13450
2007/02/19,2360,13597
2007/02/20,2350,13820
2007/02/21,2360,13802
2007/02/22,2455,13960
2007/02/23,2445,14060
2007/02/26,2467,14300
2007/02/27,2382,13820
2007/02/28,2395,13706
2007/03/01,2316,13450
2007/03/02,2300,13361
2007/03/05,2186,12902
2007/03/06,2210,13060
2007/03/07,2230,13150
2007/03/08,2299,13480
2007/03/09,2355,13870
2007/03/12,2350,13555
2007/03/13,2291,13350
2007/03/14,2250,13050
2007/03/15,2245,12980
2007/03/16,2178,12900
2007/03/19,2214,13040
2007/03/20,2280,13300
2007/03/22,2349,13645
2007/03/23,2371,13900
2007/03/26,2285,13950
2007/03/27,2330,14000
2007/03/28,2285,13775
2007/03/29,2377,13975
2007/03/30,2460,13951
2007/04/02,2430,14099
2007/04/03,2455,14120
2007/04/04,2460,14069
2007/04/05,2437,13995
2007/04/10,2440,14000
2007/04/11,2375,13640
2007/04/12,2430,13951
2007/04/13,2520,14165
2007/04/16,2468,14250
2007/04/17,2575,14470
2007/04/18,2505,14400
2007/04/19,2520,14700
2007/04/20,2559,14750
2007/04/23,2531,14830
2007/04/24,2535,14795
2007/04/25,2545,14799
2007/04/26,2520,14800
2007/04/30,2520,14580
2007/05/02,2510,14594
2007/05/03,2514,14350
2007/05/04,2487,14250
2007/05/07,2461,14250
2007/05/08,2420,13855
2007/05/09,2416,13974
2007/05/10,2465,14081
2007/05/11,2459,14000
2007/05/14,2415,14040
2007/05/15,2370,13901
2007/05/16,2325,13700
2007/05/17,2325,13500
2007/05/18,2330,13590
2007/05/21,2343,13770
2007/05/22,2405,13949
2007/05/23,2485,14300
2007/05/24,2405,14100
2007/05/25,2375,13950
2007/05/28,2385,13840
2007/05/29,2397,14000
2007/05/30,2315,13610
2007/05/31,2289,13510
2007/06/01,2290,13700
2007/06/04,2280,13600
2007/06/05,2284,13550
2007/06/06,2275,13400
2007/06/07,2300,13625
2007/06/08,2239,13400
2007/06/11,2305,13615
2007/06/12,2277,13467
2007/06/13,2300,13525
2007/06/14,2374,13800
2007/06/15,2369,13890
2007/06/18,2331,13910
2007/06/19,2360,13900
2007/06/20,2350,13800
2007/06/21,2330,13400
2007/06/22,2306,13278
2007/06/25,2300,13090
2007/06/26,2230,13025
2007/06/27,2187,12901
2007/06/28,2240,13100
2007/06/29,2260,13150
2007/07/02,2275,13160
2007/07/03,2280,13225
2007/07/04,2235,13000
2007/07/05,2220,13000
2007/07/06,2275,13250
2007/07/09,2320,13750
2007/07/10,2390,14050
2007/07/11,2400,13903
2007/07/12,2365,13802
2007/07/13,2355,13600
2007/07/16,2360,13500
2007/07/17,2331,13300
2007/07/18,2351,13130
2007/07/19,2360,13164
2007/07/20,2359,13303
2007/07/23,2431,13685
2007/07/24,2460,13800
2007/07/25,2409,13500
2007/07/26,2330,13520
2007/07/27,2280,13290
2007/07/30,2310,13400
2007/07/31,2318,13700
2007/08/01,2300,13300
2007/08/02,2330,13100
2007/08/03,2260,13148
2007/08/06,2234,13200
2007/08/07,2299,13500
2007/08/08,2370,14150
2007/08/10,2250,13306
2007/08/13,2340,13911
2007/08/14,2240,13250
2007/08/15,2240,13020
2007/08/16,2155,12398
2007/08/17,2175,12250
2007/08/20,2190,12775
2007/08/21,2135,12525
2007/08/22,2189,13091
2007/08/23,2235,13190
2007/08/24,2240,13031
2007/08/27,2289,13290
2007/08/28,2210,12864
2007/08/29,2260,12701
2007/08/30,2316,12648
2007/08/31,2335,13020
2007/09/03,2340,13270
2007/09/04,2355,13235
2007/09/05,2270,12850
2007/09/06,2300,12745
2007/09/07,2230,12500
2007/09/10,2280,12600
2007/09/11,2308,12700
2007/09/12,2285,12599
2007/09/13,2285,12500
2007/09/14,2301,12460
2007/09/17,2320,12610
2007/09/18,2249,12587
2007/09/19,2280,12701
2007/09/20,2292,12550
2007/09/21,2251,12225
2007/09/25,2180,12069
2007/09/26,2200,12180
2007/09/27,2236,12550
2007/09/28,2210,12500
2007/10/01,2190,12250
2007/10/02,2290,12900
2007/10/03,2400,13280
2007/10/04,2400,13449
2007/10/05,2439,13580
2007/10/08,2438,13299
2007/10/09,2390,13300
2007/10/10,2428,13350
2007/10/11,2485,13200
2007/10/12,2420,12875
2007/10/15,2370,13029
2007/10/16,2374,12950
2007/10/17,2395,13200
2007/10/18,2395,12701
2007/10/19,2367,12645
2007/10/22,2335,12525
2007/10/23,2399,12574
2007/10/24,2430,12570
2007/10/25,2540,13110
2007/10/26,2580,13490
2007/10/29,2600,13445
2007/10/30,2595,13400
2007/10/31,2570,13000
2007/11/01,2510,13200
2007/11/02,2525,13299
2007/11/05,2521,13690
2007/11/06,2559,13910
2007/11/07,2521,13600
2007/11/08,2561,13750
2007/11/09,2578,13600
2007/11/12,2580,13600
2007/11/13,2575,13550
2007/11/14,2570,13580
2007/11/15,2570,13250
2007/11/16,2515,13100
2007/11/19,2338,13049
2007/11/20,2399,12920
2007/11/21,2389,12800
2007/11/22,2366,12800
2007/11/23,2335,12750
2007/11/26,2263,12500
2007/11/27,2220,12210
2007/11/28,2185,12175
2007/11/29,2213,12420
2007/11/30,2150,12750
2007/12/03,2120,12320
2007/12/04,2130,11955
2007/12/05,2205,12025
2007/12/06,2145,12000
2007/12/07,2095,12000
2007/12/10,2075,11910
2007/12/11,2125,11770
2007/12/12,2184,11650
2007/12/13,2070,11400
2007/12/14,2040,11100
2007/12/18,2050,11101
2007/12/19,2050,10832
2007/12/20,2100,11000
2007/12/21,2085,11150
2007/12/24,2075,10955
2007/12/27,2100,11210
2007/12/28,2076,11210
2007/12/31,1975,11100
2008/01/02,2025,11100
2008/01/03,1970,10900
2008/01/04,1937,10780
2008/01/07,1900,10601
2008/01/08,1959,10810
2008/01/09,1957,10709
2008/01/10,1860,10578
2008/01/11,1800,10400
2008/01/14,1854,10698
2008/01/15,1828,10550
2008/01/16,1841,10560
2008/01/17,1850,10622
2008/01/18,1779,10301
2008/01/21,1725,9950
2008/01/22,1745,9975
2008/01/23,1716,10070
2008/01/24,1790,10560
2008/01/25,1770,10200
2008/01/28,1660,10099
2008/01/29,1677,10280
2008/01/30,1671,10280
2008/01/31,1660,10080
2008/02/01,1760,10500
2008/02/04,1790,10649
2008/02/05,1680,10134
2008/02/06,1643,10050
2008/02/07,1611,9780
2008/02/08,1615,9800
2008/02/11,1599,9706
2008/02/12,1648,10300
2008/02/13,1710,10350
2008/02/14,1739,10701
2008/02/15,1710,10250
2008/02/18,1719,10450
2008/02/19,1775,10990
2008/02/20,1750,11050
2008/02/21,1741,11080
2008/02/22,1760,10870
2008/02/25,1805,11125
2008/02/26,1938,11999
2008/02/27,1921,11690
2008/02/28,1872,11350
2008/02/29,1870,11200
2008/03/03,1799,10799
2008/03/04,1703,10690
2008/03/05,1651,10750
2008/03/06,1676,10701
2008/03/07,1620,10410
2008/03/10,1622,10100
2008/03/11,1699,10479
2008/03/12,1686,10301
2008/03/13,1614,10050
2008/03/14,1600,10035
2008/03/17,1540,9549
2008/03/18,1604,9989
2008/03/19,1582,9955
2008/03/20,1540,9902
2008/03/25,1605,10412
2008/03/26,1610,10555
2008/03/27,1655,10620
2008/03/28,1647,10314
2008/03/31,1600,10151
2008/04/01,1620,10250
2008/04/02,1708,10530
2008/04/03,1685,10520
2008/04/04,1693,10600
2008/04/07,1705,10975
2008/04/08,1717,10860
2008/04/09,1710,10850
2008/04/10,1665,10400
2008/04/11,1650,10200
2008/04/14,1616,9851
2008/04/15,1668,10010
2008/04/16,1630,9930
2008/04/17,1600,10030
2008/04/18,1619,10190
2008/04/21,1633,10200
2008/04/22,1635,10145
2008/04/23,1633,10050
2008/04/24,1596,9640
2008/04/25,1586,9551
2008/04/29,1581,9555
2008/04/30,1566,9500
2008/05/05,1555,9499
2008/05/06,1550,9305
2008/05/07,1540,9300
2008/05/08,1561,9328
2008/05/09,1555,9201
2008/05/12,1545,9090
2008/05/13,1555,9300
2008/05/14,1570,9250
2008/05/15,1584,9220
2008/05/16,1580,9004
2008/05/19,1544,9151
2008/05/20,1535,9184
2008/05/21,1540,9091
2008/05/22,1515,9050
2008/05/23,1520,8940
2008/05/26,1518,8850
2008/05/27,1500,8820
2008/05/28,1479,8599
2008/05/29,1441,8398
2008/05/30,1470,8550
2008/06/02,1461,8499
2008/06/03,1433,8390
2008/06/04,1483,8670
2008/06/05,1507,8975
2008/06/06,1448,8855
2008/06/09,1418,8730
2008/06/10,1392,8360
2008/06/11,1376,8410
2008/06/12,1384,8670
2008/06/13,1353,8235
2008/06/17,1334,8250
2008/06/18,1325,8300
2008/06/19,1321,8480
2008/06/20,1324,8438
2008/06/23,1313,8150
2008/06/24,1290,7900
2008/06/25,1305,8021
2008/06/26,1300,8100
2008/06/27,1335,8399
2008/06/30,1330,8201
2008/07/01,1309,8125
2008/07/02,1315,8150
2008/07/03,1304,8110
2008/07/04,1303,8150
2008/07/07,1348,8600
2008/07/08,1360,8655
2008/07/09,1400,8800
2008/07/10,1396,8600
2008/07/11,1372,8350
2008/07/14,1338,8300
2008/07/15,1329,8220
2008/07/16,1480,9025
2008/07/17,1550,9400
2008/07/18,1501,9200
2008/07/21,1471,9000
2008/07/22,1460,9185
2008/07/23,1550,9600
2008/07/24,1589,9975
2008/07/25,1527,9820
2008/07/28,1524,9910
2008/07/29,1600,10025
2008/07/30,1642,10325
2008/07/31,1672,10225
2008/08/01,1620,10000
2008/08/04,1628,10190
2008/08/05,1618,10200
2008/08/06,1585,10175
2008/08/07,1599,10063
2008/08/08,1578,10000
2008/08/11,1606,10401
2008/08/12,1559,10700
2008/08/13,1527,10974
2008/08/14,1546,11049
2008/08/15,1633,10990
2008/08/18,1611,10970
2008/08/19,1529,10730
2008/08/20,1510,10200
2008/08/21,1507,10300
2008/08/22,1510,10660
2008/08/25,1540,10275
2008/08/26,1524,10268
2008/08/27,1610,10590
2008/08/28,1674,10920
2008/08/29,1642,10889
2008/09/01,1650,10900
2008/09/02,1660,10870
2008/09/03,1660,11000
2008/09/04,1665,11033
2008/09/05,1656,10794
2008/09/08,1731,11300
2008/09/09,1728,11450
2008/09/10,1753,11301
2008/09/11,1669,10780
2008/09/12,1700,11100
2008/09/15,1662,10675
2008/09/16,1625,10499
2008/09/17,1581,10300
2008/09/18,1550,10249
2008/09/19,1645,10920
2008/09/22,1745,11400
2008/09/23,1625,10850
2008/09/25,1675,10960
2008/09/26,1680,10900
2008/09/29,1617,10400
2008/09/30,1671,10800
2008/10/01,1644,10810
2008/10/02,1626,10700
2008/10/03,1605,10700
2008/10/06,1475,9995
2008/10/07,1514,10050
2008/10/08,1480,9675
2008/10/09,1499,9750
2008/10/10,1452,9201
2008/10/13,1450,9930
2008/10/14,1500,10380
2008/10/15,1510,10362
2008/10/16,1438,9560
2008/10/17,1376,9120
2008/10/20,1318,9400
2008/10/21,1294,9025
2008/10/22,1197,8299
2008/10/23,1172,8180
2008/10/24,1215,8600
2008/10/27,1170,8600
2008/10/28,1220,8950
2008/10/29,1274,9300
2008/10/30,1340,9900
2008/10/31,1399,10100
2008/11/03,1416,9950
2008/11/04,1428,10010
2008/11/05,1381,9505
2008/11/06,1360,9599
2008/11/07,1364,9550
2008/11/10,1450,9710
2008/11/11,1385,9249
2008/11/12,1401,9245
2008/11/13,1375,9200
2008/11/14,1390,9110
2008/11/17,1368,9000
2008/11/18,1361,9500
2008/11/19,1410,10100
2008/11/20,1370,9500
2008/11/21,1370,9400
2008/11/24,1411,9802
2008/11/25,1500,10415
2008/11/26,1550,10420
2008/11/27,1615,10500
2008/11/28,1650,10350
2008/12/01,1650,10490
2008/12/02,1455,9850
2008/12/03,1415,9880
2008/12/04,1468,10320
2008/12/05,1524,10600
2008/12/08,1610,10950
2008/12/09,1643,11150
2008/12/10,1600,11250
2008/12/11,1511,10999
2008/12/12,1484,10575
2008/12/15,1502,10500
2008/12/17,1595,11075
2008/12/18,1690,11400
2008/12/19,1585,10860
2008/12/22,1504,10800
2008/12/23,1530,10500
2008/12/24,1560,10583
2008/12/29,1590,10690
2008/12/30,1592,10700
2008/12/31,1611,10815
2009/01/02,1578,10825
2009/01/05,1585,10925
2009/01/06,1664,10805
2009/01/07,1585,10450
2009/01/08,1540,10500
2009/01/09,1570,10800
2009/01/12,1600,11050
2009/01/13,1584,11060
2009/01/14,1570,11015
2009/01/15,1459,10710
2009/01/16,1511,10570
2009/01/19,1417,10125
2009/01/20,1415,10000
2009/01/21,1435,9900
2009/01/22,1365,9698
2009/01/23,1301,9150
2009/01/26,1330,9301
2009/01/27,1420,9650
2009/01/28,1540,10150
2009/01/29,1506,9950
2009/01/30,1490,9300
2009/02/02,1390,9125
2009/02/03,1425,9450
2009/02/04,1467,9540
2009/02/05,1423,9400
2009/02/06,1510,9900
2009/02/09,1540,10075
2009/02/10,1520,10187
2009/02/11,1485,9950
2009/02/12,1448,9500
2009/02/13,1430,9560
2009/02/16,1392,9495
2009/02/17,1320,9000
2009/02/18,1300,9300
2009/02/19,1260,9160
2009/02/20,1181,8600
2009/02/23,1210,8865
2009/02/24,1218,8900
2009/02/25,1220,8800
2009/02/26,1275,9403
2009/02/27,1205,8900
2009/03/02,1150,8300
2009/03/03,1116,8301
2009/03/04,1160,8450
2009/03/05,1140,8190
2009/03/06,1175,8130
2009/03/09,1135,7690
2009/03/10,1136,8000
2009/03/11,1187,8950
2009/03/12,1230,9000
2009/03/13,1200,9310
2009/03/16,1170,9000
2009/03/17,1128,8700
2009/03/18,1154,8816
2009/03/19,1222,9100
2009/03/20,1220,8920
2009/03/23,1268,9400
2009/03/24,1310,9650
2009/03/25,1363,9949
2009/03/26,1270,9603
2009/03/27,1250,9300
2009/03/30,1190,9165
2009/03/31,1206,9620
2009/04/01,1280,9640
2009/04/02,1330,9850
2009/04/03,1380,10099
2009/04/06,1341,10200
2009/04/07,1339,9920
2009/04/08,1302,9699
2009/04/09,1350,10000
2009/04/14,1400,10500
2009/04/15,1372,10501
2009/04/16,1320,10375
2009/04/17,1325,10150
2009/04/20,1250,9570
2009/04/21,1210,9150
2009/04/23,1275,9540
2009/04/24,1250,9455
2009/04/28,1299,9731
2009/04/29,1336,9890
2009/04/30,1305,9845
2009/05/04,1383,10450
2009/05/05,1380,9955
2009/05/06,1360,9750
2009/05/07,1321,9750
2009/05/08,1325,9836
2009/05/11,1310,9825
2009/05/12,1334,9695
2009/05/13,1300,9380
2009/05/14,1280,9500
2009/05/15,1312,9960
2009/05/18,1353,10155
2009/05/19,1390,10570
2009/05/20,1420,10665
2009/05/21,1370,10325
2009/05/22,1400,10600
2009/05/25,1352,10401
2009/05/26,1347,10313
2009/05/27,1380,10419
2009/05/28,1377,9950
2009/05/29,1365,10155
2009/06/01,1385,10220
2009/06/02,1346,10200
2009/06/03,1344,10050
2009/06/04,1354,10319
2009/06/05,1330,10250
2009/06/08,1331,10165
2009/06/09,1344,10250
2009/06/10,1355,10300
2009/06/11,1360,10200
2009/06/12,1385,10300
2009/06/15,1390,10381
2009/06/17,1358,10275
2009/06/18,1375,10370
2009/06/19,1356,10400
2009/06/22,1340,10090
2009/06/23,1329,10220
2009/06/24,1330,10507
2009/06/25,1334,10399
2009/06/26,1380,10725
2009/06/29,1400,10950
2009/06/30,1406,11000
2009/07/01,1435,11130
2009/07/02,1392,10855
2009/07/03,1424,10960
2009/07/06,1393,10950
2009/07/07,1429,11139
2009/07/08,1439,11045
2009/07/09,1450,11050
2009/07/10,1469,11280
2009/07/13,1460,11388
2009/07/14,1505,11520
2009/07/15,1539,11791
2009/07/16,1515,11800
2009/07/17,1506,11830
2009/07/20,1540,11949
2009/07/21,1545,11955
2009/07/22,1542,11902
2009/07/23,1528,12050
2009/07/24,1538,12176
2009/07/27,1526,12000
2009/07/28,1518,11697
2009/07/29,1470,11375
2009/07/30,1525,11800
2009/07/31,1517,11750
2009/08/03,1517,11970
2009/08/04,1520,12051
2009/08/05,1515,11851
2009/08/06,1526,12104
2009/08/07,1531,12160
2009/08/11,1495,12050
2009/08/12,1485,12179
2009/08/13,1485,12600
2009/08/14,1498,12300
2009/08/17,1455,11959
2009/08/18,1477,12200
2009/08/19,1468,11990
2009/08/20,1477,12115
2009/08/21,1501,12500
2009/08/24,1560,12526
2009/08/25,1558,12730
2009/08/26,1590,12750
2009/08/27,1615,12900
2009/08/28,1591,12776
2009/08/31,1588,12675
2009/09/01,1597,12630
2009/09/02,1570,12186
2009/09/03,1528,11970
2009/09/04,1535,12175
2009/09/07,1555,12300
2009/09/08,1590,12445
2009/09/09,1574,12400
2009/09/10,1555,12500
2009/09/11,1576,12505
2009/09/14,1530,12299
2009/09/15,1569,12130
2009/09/16,1570,12192
2009/09/17,1625,12700
2009/09/18,1641,12530
2009/09/21,1642,12350
2009/09/22,1655,12580
2009/09/23,1650,12370
2009/09/25,1637,12240
2009/09/28,1675,12300
2009/09/29,1627,12080
2009/09/30,1651,12000
2009/10/01,1623,11898
2009/10/02,1588,11650
2009/10/05,1591,11575
2009/10/06,1627,12005
2009/10/07,1628,12225
2009/10/08,1630,12101
2009/10/09,1630,12206
2009/10/12,1625,12400
2009/10/13,1670,12530
2009/10/14,1720,13010
2009/10/15,1715,12950
2009/10/16,1682,12899
2009/10/19,1710,12990
2009/10/20,1715,13075
2009/10/21,1765,13010
2009/10/22,1765,13000
2009/10/23,1758,12870
2009/10/26,1741,12500
2009/10/27,1730,12462
2009/10/28,1720,12440
2009/10/29,1790,12700
2009/10/30,1779,12451
2009/11/02,1725,12250
2009/11/03,1689,12050
2009/11/04,1673,12025
2009/11/05,1690,12000
2009/11/06,1635,12001
2009/11/09,1718,12250
2009/11/10,1750,12504
2009/11/11,1730,12800
2009/11/12,1758,12750
2009/11/13,1729,12800
2009/11/16,1741,13030
2009/11/17,1735,12845
2009/11/18,1746,12784
2009/11/19,1725,12600
2009/11/20,1730,12405
2009/11/23,1746,12600
2009/11/24,1780,12750
2009/11/25,1770,12760
2009/11/26,1745,12420
2009/11/27,1744,12483
2009/11/30,1737,12750
2009/12/01,1754,12691
2009/12/02,1758,12850
2009/12/03,1745,12900
2009/12/04,1770,12775
2009/12/07,1765,12500
2009/12/08,1782,12330
2009/12/09,1790,12010
2009/12/10,1810,12437
2009/12/11,1850,12600
2009/12/14,1832,12640
2009/12/15,1814,12700
2009/12/17,1834,12900
2009/12/18,1835,12808
2009/12/21,1813,12920
2009/12/22,1820,12900
2009/12/23,1822,12900
2009/12/24,1830,12900
2009/12/28,1857,12989
2009/12/29,1819,12850
2009/12/30,1815,12769
2009/12/31,1834,12850
2010/01/04,1840,12852
2010/01/05,1886,12950
2010/01/06,1892,12900
2010/01/07,1894,12851
2010/01/08,1900,12770
2010/01/11,1880,12845
2010/01/12,1865,12800
2010/01/13,1869,12950
2010/01/14,1843,13100
2010/01/15,1844,12930
2010/01/18,1858,13050
2010/01/19,1875,13150
2010/01/20,1902,13350
2010/01/21,1900,13350
2010/01/22,1870,13150
2010/01/25,1868,13256
2010/01/26,1860,13100
2010/01/27,1825,13195
2010/01/28,1850,13425
2010/01/29,1865,13425
2010/02/01,1835,13337
2010/02/02,1835,13400
2010/02/03,1839,13430
2010/02/04,1801,13400
2010/02/05,1775,12975
2010/02/08,1770,13108
2010/02/09,1825,13390
2010/02/10,1806,13323
2010/02/11,1807,13300
2010/02/12,1764,13045
2010/02/15,1829,13300
2010/02/16,1799,13300
2010/02/17,1830,13440
2010/02/18,1824,13361
2010/02/19,1800,13399
2010/02/22,1805,13380
2010/02/23,1815,13300
2010/02/24,1804,13200
2010/02/25,1810,13175
2010/02/26,1819,13280
2010/03/01,1855,13380
2010/03/02,1870,13650
2010/03/03,1890,13800
2010/03/04,1910,13785
2010/03/05,1958,13900
2010/03/08,1955,13790
2010/03/09,1935,13550
2010/03/10,1969,13800
2010/03/11,1955,13740
2010/03/12,1965,13760
2010/03/15,1966,13800
2010/03/16,1980,13910
2010/03/17,2000,14180
2010/03/18,2056,14215
2010/03/19,2045,14191
2010/03/23,2040,14050
2010/03/24,2040,14050
2010/03/25,2047,14199
2010/03/26,1989,14070
2010/03/29,1998,14150
2010/03/30,2005,14199
2010/03/31,2020,14230
2010/04/01,2020,14249
2010/04/06,2026,14295
2010/04/07,2049,14158
2010/04/08,1967,13750
2010/04/09,1995,14000
2010/04/12,1977,13970
2010/04/13,1980,13890
2010/04/14,2015,14123
2010/04/15,2012,14140
2010/04/16,2000,13851
2010/04/19,1989,13800
2010/04/20,2024,14000
2010/04/21,2015,13900
2010/04/22,1991,13868
2010/04/23,2000,13733
2010/04/26,2080,14200
2010/04/28,2000,13807
2010/04/29,2035,14025
2010/04/30,2043,14000
2010/05/03,2036,14200
2010/05/04,1999,13677
2010/05/05,1954,13325
2010/05/06,1985,13363
2010/05/07,1875,12749
2010/05/10,1985,13430
2010/05/11,2020,13710
2010/05/12,2080,14000
2010/05/13,2050,13840
2010/05/14,1990,13487
2010/05/17,1972,13150
2010/05/18,2015,13525
2010/05/19,2000,13304
2010/05/20,1900,12870
2010/05/21,1915,12775
2010/05/24,1960,13093
2010/05/25,1900,12575
2010/05/26,1956,12900
2010/05/27,1970,13010
2010/05/28,1960,13000
2010/05/31,1944,12801
2010/06/01,1944,12840
2010/06/02,1996,12975
2010/06/03,1936,12700
2010/06/04,1906,12570
2010/06/07,1860,12270
2010/06/08,1806,12240
2010/06/09,1865,12568
2010/06/10,1899,12370
2010/06/11,1857,12305
2010/06/14,1900,12550
2010/06/15,1940,12600
2010/06/17,1967,12749
2010/06/18,1895,12499
2010/06/21,1898,12665
2010/06/22,1938,12851
2010/06/23,1900,12790
2010/06/24,1900,12570
2010/06/25,1886,12601
2010/06/28,1900,12500
2010/06/29,1870,12284
2010/06/30,1806,12149
2010/07/01,1817,12146
2010/07/02,1861,12259
2010/07/05,1860,12201
2010/07/06,1908,12670
2010/07/07,1930,12765
2010/07/08,1965,13005
2010/07/09,1971,13084
2010/07/12,1960,13000
2010/07/13,2005,13375
2010/07/14,1984,13490
2010/07/15,1954,13555
2010/07/16,1980,13635
2010/07/19,1960,13500
2010/07/20,1971,13250
2010/07/21,2015,13650
2010/07/22,2052,13870
2010/07/23,2062,13925
2010/07/26,2080,14000
2010/07/27,2040,13860
2010/07/28,2035,13778
2010/07/29,2040,13885
2010/07/30,2025,13600
2010/08/02,2060,13778
2010/08/03,1992,13450
2010/08/04,1959,13372
2010/08/05,1952,13410
2010/08/06,1944,13060
2010/08/10,1905,12820
2010/08/11,1855,12540
2010/08/12,1872,12502
2010/08/13,1866,12600
2010/08/16,1876,12500
2010/08/17,1905,12700
2010/08/18,1860,12451
2010/08/19,1865,12675
2010/08/20,1845,12450
2010/08/23,1904,12490
2010/08/24,1885,12390
2010/08/25,1858,12000
2010/08/26,1875,12350
2010/08/27,1857,12300
2010/08/30,1885,12440
2010/08/31,1933,12325
2010/09/01,2014,12699
2010/09/02,1981,12560
2010/09/03,1995,12600
2010/09/06,1993,12615
2010/09/07,1950,12400
2010/09/08,1976,12606
2010/09/09,1996,12635
2010/09/10,2019,12745
2010/09/13,2055,13010
2010/09/14,2017,12807
2010/09/15,2021,13000
2010/09/16,2010,12820
2010/09/17,2000,12752
2010/09/20,2030,12890
2010/09/21,2050,13127
2010/09/22,2050,13100
2010/09/23,2062,13040
2010/09/27,2101,13502
2010/09/28,2092,13346
2010/09/29,2118,13400
2010/09/30,2146,13400
2010/10/01,2108,13250
2010/10/04,2115,13234
2010/10/05,2131,13399
2010/10/06,2117,13525
2010/10/07,2082,13201
2010/10/08,2098,13100
2010/10/11,2054,13200
2010/10/12,2069,13375
2010/10/13,2111,13700
2010/10/14,2085,13700
2010/10/15,2070,13690
2010/10/18,2066,13700
2010/10/19,2072,13500
2010/10/20,2070,13500
2010/10/21,2087,13735
2010/10/22,2065,13405
2010/10/25,2038,13314
2010/10/26,2040,13572
2010/10/27,2015,13350
2010/10/28,2042,13390
2010/10/29,2061,13599
2010/11/01,2093,13744
2010/11/02,2095,13600
2010/11/03,2140,13645
2010/11/04,2200,13775
2010/11/05,2230,13800
2010/11/08,2210,13740
2010/11/09,2230,13840
2010/11/10,2195,13754
2010/11/11,2196,13620
2010/11/12,2253,13670
2010/11/15,2247,13600
2010/11/16,2229,13350
2010/11/17,2220,13651
2010/11/18,2157,13599
2010/11/19,2123,13398
2010/11/22,2125,13400
2010/11/23,2081,13235
2010/11/24,2119,13300
2010/11/25,2115,13426
2010/11/26,2102,13400
2010/11/29,2050,13350
2010/11/30,2005,12900
2010/12/01,2029,13200
2010/12/02,2044,13250
2010/12/03,2084,13300
2010/12/06,1864,13350
2010/12/07,1860,13425
2010/12/08,1843,13500
2010/12/09,1875,13680
2010/12/10,1842,13250
2010/12/13,1830,13200
2010/12/14,1865,13295
2010/12/15,1880,13499
2010/12/17,1857,13500
2010/12/20,1870,13590
2010/12/21,1899,13581
2010/12/22,1910,13680
2010/12/23,1921,13620
2010/12/24,1911,13710
2010/12/28,1930,13789
2010/12/29,1935,13889
2010/12/30,1949,13850
2010/12/31,1951,14000
2011/01/03,1971,14200
2011/01/04,1989,14120
2011/01/05,2000,14148
2011/01/06,2015,14070
2011/01/07,1998,14050
2011/01/10,1996,13975
2011/01/11,2059,14005
2011/01/12,2090,14000
2011/01/13,2105,14200
2011/01/14,2081,14220
2011/01/17,2037,13811
2011/01/18,2031,14000
2011/01/19,2000,13900
2011/01/20,1995,13750
2011/01/21,1995,13744
2011/01/24,1984,13600
2011/01/25,1992,13500
2011/01/26,1986,13801
2011/01/27,2000,13680
2011/01/28,1955,13500
2011/01/31,1949,13300
2011/02/01,1963,13500
2011/02/02,1990,13355
2011/02/03,2002,13365
2011/02/04,1963,13350
2011/02/07,1935,13040
2011/02/08,1930,12990
2011/02/09,1912,13100
2011/02/10,1893,12905
2011/02/11,1945,13375
2011/02/14,1973,13125
2011/02/15,1975,13100
2011/02/16,2001,13060
2011/02/17,2005,13200
2011/02/18,1990,13048
2011/02/21,2005,13150
2011/02/22,1970,13100
2011/02/23,1937,12800
2011/02/24,1901,12525
2011/02/25,1951,12965
2011/02/28,1959,12975
2011/03/01,1930,12930
2011/03/02,1929,12880
2011/03/03,1936,12850
2011/03/04,1942,12900
2011/03/07,1906,12605
2011/03/08,1930,12709
2011/03/09,1934,12700
2011/03/10,1890,12675
2011/03/11,1903,12638
2011/03/14,1898,12900
2011/03/15,1828,12390
2011/03/16,1857,12512
2011/03/17,1911,12550
2011/03/18,1870,12639
2011/03/22,1868,12960
2011/03/23,1919,13090
2011/03/24,1945,13250
2011/03/25,1928,13070
2011/03/28,1890,13179
2011/03/29,1929,13450
2011/03/30,1990,13725
2011/03/31,2010,13645
2011/04/01,2038,13748
2011/04/04,2035,13800
2011/04/05,2052,13860
2011/04/06,2065,13825
2011/04/07,2045,13800
2011/04/08,2028,13775
2011/04/11,2030,13716
2011/04/12,2018,13550
2011/04/13,2027,13600
2011/04/14,1986,13525
2011/04/15,1939,13400
2011/04/18,1902,13250
2011/04/19,1935,13240
2011/04/20,1995,13750
2011/04/21,2010,13750
2011/04/26,2050,13850
2011/04/28,2060,13515
2011/04/29,2066,13595
2011/05/03,2008,13600
2011/05/04,1972,13400
2011/05/05,1970,13201
2011/05/06,2009,13400
2011/05/09,1993,13348
2011/05/10,2008,13631
2011/05/11,1999,13555
2011/05/12,1970,13300
2011/05/13,1980,13311
2011/05/16,2008,13603
2011/05/17,1985,13535
2011/05/19,2001,13675
2011/05/20,1981,13355
2011/05/23,1941,13120
2011/05/24,2000,13650
2011/05/25,1975,13330
2011/05/26,2000,13650
2011/05/27,2021,13670
2011/05/30,2025,13737
2011/05/31,2050,13726
2011/06/01,2027,13720
2011/06/02,2018,13672
2011/06/03,1980,13420
2011/06/06,1978,13400
2011/06/07,1980,13450
2011/06/08,1979,13545
2011/06/09,1978,13593
2011/06/10,1949,13450
2011/06/13,1962,13500
2011/06/14,1956,13600
2011/06/15,1940,13480
2011/06/17,1938,13300
2011/06/20,1924,13290
2011/06/21,1935,13410
2011/06/22,1910,13205
2011/06/23,1884,13050
2011/06/24,1921,13150
2011/06/27,1902,13175
2011/06/28,1934,13480
2011/06/29,1982,13455
2011/06/30,1985,13481
2011/07/01,1980,13665
2011/07/04,1979,13700
2011/07/05,2020,13850
2011/07/06,2020,13700
2011/07/07,2005,13500
2011/07/08,1950,13599
2011/07/11,1940,13494
2011/07/12,1940,13470
2011/07/13,1945,13600
2011/07/14,1970,13500
2011/07/15,1976,13625
2011/07/18,1947,13336
2011/07/19,1960,13240
2011/07/20,1971,13185
2011/07/21,1979,13569
2011/07/22,1951,13300
2011/07/25,1980,13250
2011/07/26,1959,13245
2011/07/27,1960,13150
2011/07/28,1950,13179
2011/07/29,1927,13150
2011/08/01,1953,13295
2011/08/02,1922,13401
2011/08/03,1898,13290
2011/08/04,1837,12725
2011/08/05,1867,12755
2011/08/08,1790,12355
2011/08/10,1806,12541
2011/08/11,1881,13200
2011/08/12,1917,13420
2011/08/15,1936,13500
2011/08/16,1917,13325
2011/08/17,1937,13500
2011/08/18,1900,13101
2011/08/19,1927,13500
2011/08/22,1949,13100
2011/08/23,1901,13150
2011/08/24,1937,13325
2011/08/25,1931,13055
2011/08/26,1930,13250
2011/08/29,2029,13810
2011/08/30,1999,13568
2011/08/31,2022,13949
2011/09/01,2038,14150
2011/09/02,1997,13665
2011/09/05,1986,13580
2011/09/06,1930,13400
2011/09/07,2015,13975
2011/09/08,2091,14494
2011/09/09,2050,13951
2011/09/12,2005,13831
2011/09/13,2060,13800
2011/09/14,2094,13900
2011/09/15,2096,14251
2011/09/16,2060,14150
2011/09/19,2032,13775
2011/09/20,2025,13993
2011/09/21,2043,13953
2011/09/22,2006,13510
2011/09/23,1964,13395
2011/09/26,1965,13301
2011/09/27,2039,13766
2011/09/28,2031,13770
2011/09/29,1970,13375
2011/09/30,1960,13434
2011/10/03,1979,13412
2011/10/04,1931,13315
2011/10/05,1981,13474
2011/10/06,2020,13510
2011/10/07,2065,13895
2011/10/10,1985,14050
2011/10/11,2010,13720
2011/10/12,2014,13850
2011/10/13,2004,13750
2011/10/14,1989,13800
2011/10/17,1996,13500
2011/10/18,1960,13705
2011/10/19,1925,13655
2011/10/20,1905,13766
2011/10/21,1975,13781
2011/10/24,1939,13892
2011/10/25,1990,14000
2011/10/26,1951,13980
2011/10/27,1974,14150
2011/10/28,1980,14300
2011/10/31,1974,14280
2011/11/01,1926,14109
2011/11/02,1955,14150
2011/11/03,1958,14050
2011/11/04,1935,13687
2011/11/07,1985,14155
2011/11/08,1984,14179
2011/11/09,1952,13951
2011/11/10,1956,13938
2011/11/11,1962,14000
2011/11/14,1955,13850
2011/11/15,1981,13950
2011/11/16,1988,14024
2011/11/17,1982,14060
2011/11/18,1935,13760
2011/11/21,1890,13570
2011/11/22,1920,13565
2011/11/23,1911,13470
2011/12/02,1911,13470
2011/12/05,1911,13470
2011/12/06,1911,13470
2011/12/07,1911,13470
2011/12/08,1911,13470
2011/12/09,1911,13470
2011/12/12,1911,13470
2011/12/13,2048,14105
2011/12/14,2017,14010
2011/12/15,2076,13950
2011/12/19,2050,13950
2011/12/20,2059,13830
2011/12/21,2025,13950
2011/12/22,2070,13850
2011/12/23,2075,14020
2011/12/28,2105,14200
2011/12/29,2089,14169
2011/12/30,2074,14100
2012/01/03,2129,14300
2012/01/04,2105,14360
2012/01/05,2120,14376
2012/01/06,2140,14500
2012/01/09,2133,14500
2012/01/10,2135,14561
2012/01/11,2135,14485
2012/01/12,2177,14750
2012/01/13,2173,14800
2012/01/16,2172,14800
2012/01/17,2190,14900
2012/01/18,2235,14965
2012/01/19,2269,15050
2012/01/20,2280,15140
2012/01/23,2285,15070
2012/01/24,2266,14780
2012/01/25,2220,14650
2012/01/26,2241,14850
2012/01/27,2264,14950
2012/01/30,2238,14725
2012/01/31,2255,14825
2012/02/01,2290,14865
2012/02/02,2300,14790
2012/02/03,2320,14950
2012/02/06,2275,14790
2012/02/07,2284,14849
2012/02/08,2299,14785
2012/02/09,2329,15050
2012/02/10,2285,14900
2012/02/13,2287,15135
2012/02/14,2265,15240
2012/02/15,2285,15145
2012/02/16,2264,15095
2012/02/17,2294,15200
2012/02/20,2290,15199
2012/02/21,2302,15148
2012/02/22,2273,15010
2012/02/23,2348,15311
2012/02/24,2474,15917
2012/02/27,2396,15460
2012/02/28,2425,15810
2012/02/29,2390,15950
2012/03/01,2463,16050
2012/03/02,2445,15845
2012/03/05,2440,15898
2012/03/06,2389,15503
2012/03/07,2391,15600
2012/03/08,2424,15750
2012/03/09,2426,15900
2012/03/12,2433,15770
2012/03/13,2460,15845
2012/03/14,2485,16126
2012/03/15,2487,16100
2012/03/16,2400,16075
2012/03/19,2375,15775
2012/03/20,2360,15700
2012/03/22,2329,15550
2012/03/23,2337,15725
2012/03/26,2369,15495
2012/03/27,2416,15810
2012/03/28,2418,15700
2012/03/29,2400,15497
2012/03/30,2370,15600
2012/04/02,2390,15575
2012/04/03,2406,15701
2012/04/04,2356,15498
2012/04/05,2360,15499
2012/04/10,2383,15666
2012/04/11,2370,15740
2012/04/12,2390,15770
2012/04/13,2389,15771
2012/04/16,2360,15799
2012/04/17,2361,15608
2012/04/18,2412,15945
2012/04/19,2390,15894
2012/04/20,2470,16050
2012/04/23,2413,15725
2012/04/24,2431,15580
2012/04/25,2477,15485
2012/04/26,2511,15590
2012/04/30,2527,16000
2012/05/02,2566,15925
2012/05/03,2610,16110
2012/05/04,2607,16050
2012/05/07,2597,15977
2012/05/08,2582,15761
2012/05/09,2561,15500
2012/05/10,2620,15763
2012/05/11,2614,15795
2012/05/14,2580,15425
2012/05/15,2560,15210
2012/05/16,2594,15490
2012/05/17,2600,15234
2012/05/18,2500,15000
2012/05/21,2485,15149
2012/05/22,2530,15245
2012/05/23,2480,15100
2012/05/24,2506,15000
2012/05/25,2500,15000
2012/05/28,2497,14760
2012/05/29,2556,15030
2012/05/30,2525,14890
2012/05/31,2575,15000
2012/06/01,2571,14950
2012/06/04,2597,15114
2012/06/05,2605,15090
2012/06/06,2624,15190
2012/06/07,2695,15420
2012/06/08,2684,15355
2012/06/11,2643,15090
2012/06/12,2690,14925
2012/06/13,2690,15120
2012/06/14,2675,15200
2012/06/15,2644,15300
2012/06/18,2696,15501
2012/06/19,2760,15500
2012/06/20,2779,15599
2012/06/21,2782,15680
2012/06/22,2785,15700
2012/06/25,2763,15649
2012/06/26,2699,14350
2012/06/27,2716,14150
2012/06/28,2640,13900
2012/06/29,2639,14120
2012/07/02,2690,13705
2012/07/03,2730,13800
2012/07/04,2699,13590
2012/07/05,2682,13511
2012/07/06,2698,13500
2012/07/09,2669,13800
2012/07/10,2700,13790
2012/07/11,2710,13708
2012/07/12,2681,13675
2012/07/13,2655,13800
2012/07/16,2710,13792
2012/07/17,2738,13800
2012/07/18,2772,13895
2012/07/19,2753,13962
2012/07/20,2717,13750
2012/07/23,2697,13650
2012/07/24,2691,13650
2012/07/25,2703,13622
2012/07/26,2700,13570
2012/07/27,2765,13970
2012/07/30,2835,13840
2012/07/31,2764,13490
2012/08/01,2785,13640
2012/08/02,2790,13705
2012/08/03,2900,14060
2012/08/06,2890,13927
2012/08/07,2862,13699
2012/08/08,2840,13630
2012/08/10,2825,13749
2012/08/13,2815,13800
2012/08/14,2860,13930
2012/08/15,2815,13999
2012/08/16,2779,14306
2012/08/17,2736,14100
2012/08/20,2730,14226
2012/08/21,2765,14101
2012/08/22,2770,13900
2012/08/23,2749,14203
2012/08/24,2763,14300
2012/08/27,2782,14350
2012/08/28,2803,14324
2012/08/29,2803,14299
2012/08/30,2738,14077
2012/08/31,2745,14225
2012/09/03,2738,13939
2012/09/04,2771,13929
2012/09/05,2783,13900
2012/09/06,2808,13950
2012/09/07,2766,13824
2012/09/10,2725,13670
2012/09/11,2755,13655
2012/09/12,2735,13565
2012/09/13,2659,13625
2012/09/14,2562,13532
2012/09/17,2550,13330
2012/09/18,2637,13600
2012/09/19,2700,13700
2012/09/20,2705,13491
2012/09/21,2732,13755
2012/09/25,2765,13890
2012/09/26,2745,13591
2012/09/27,2753,13832
2012/09/28,2789,13850
2012/10/01,2789,13950
2012/10/02,2800,13993
2012/10/03,2830,13950
2012/10/04,2842,14151
2012/10/05,2739,13800
2012/10/08,2590,13716
2012/10/09,2600,13850
2012/10/10,2652,13460
2012/10/11,2680,13599
2012/10/12,2705,13740
2012/10/15,2701,13740
2012/10/16,2770,13860
2012/10/17,2802,13850
2012/10/18,2753,13930
2012/10/19,2702,13900
2012/10/22,2769,14035
2012/10/23,2778,14024
2012/10/24,2808,14000
2012/10/25,2812,14020
2012/10/26,2796,14000
2012/10/29,2843,14000
2012/10/30,2855,14132
2012/10/31,2878,13920
2012/11/01,2900,14050
2012/11/02,2950,14225
2012/11/05,2940,14300
2012/11/06,3019,14504
2012/11/07,3030,14555
2012/11/08,3030,14774
2012/11/09,2989,14585
2012/11/12,2995,14379
2012/11/13,2990,14100
2012/11/14,3037,13924
2012/11/15,2962,13940
2012/11/16,3010,14006
2012/11/19,3046,14400
2012/11/21,2956,14307
2012/11/22,2963,14195
2012/11/23,2938,13910
2012/11/24,2938,13910
2012/11/25,2938,13910
2012/11/26,2893,13800
2012/11/27,2879,13900
2012/11/28,2915,13800
2012/11/29,2963,13883
2012/11/30,2905,14178
2012/12/03,2960,14080
2012/12/04,2974,14087
2012/12/05,3036,14170
2012/12/06,3026,14950
2012/12/07,3036,15375
2012/12/10,3080,15570
2012/12/11,3058,16000
2012/12/12,3039,15884
2012/12/13,3008,16000
2012/12/14,2970,15826
2012/12/18,3007,16285
2012/12/19,3035,16288
2012/12/20,3133,16400
2012/12/21,3066,16450
2012/12/24,3067,16420
2012/12/27,3100,16450
2012/12/28,3095,16420
2012/12/31,3100,16400
2013/01/02,3127,16549
2013/01/03,3140,16600
2013/01/04,3157,16530
2013/01/07,3211,16335
2013/01/08,3216,16600
2013/01/09,3198,16744
2013/01/10,3164,16600
2013/01/11,3175,16699
2013/01/14,3170,16800
2013/01/15,3089,16500
2013/01/16,3180,16440
2013/01/17,3250,16600
2013/01/18,3300,16175
2013/01/21,3309,16420
2013/01/22,3300,16525
2013/01/23,3261,16620
2013/01/24,3248,16752
2013/01/25,3305,16800
2013/01/28,3289,16815
2013/01/29,3333,17175
2013/01/30,3296,17130
2013/01/31,3225,17150
2013/02/01,3185,17100
2013/02/04,3119,16918
2013/02/05,3170,17150
2013/02/06,3178,17100
2013/02/07,3181,16922
2013/02/08,3178,16500
2013/02/11,3180,16490
2013/02/12,3170,16510
2013/02/13,3160,16602
2013/02/14,3149,16600
2013/02/15,3095,16520
2013/02/18,3103,16550
2013/02/19,3135,16356
2013/02/20,3110,16400
2013/02/21,3077,16205
2013/02/22,3050,16215
2013/02/25,3073,16450
2013/02/26,3030,16361
2013/02/27,2992,16150
2013/02/28,3085,16250
2013/03/01,3140,16270
2013/03/04,3083,16202
2013/03/05,3220,16395
2013/03/06,3126,16515
2013/03/07,3133,16400
2013/03/08,3145,16550
2013/03/11,3134,16530
2013/03/12,3086,16480
2013/03/13,3022,16375
2013/03/14,3058,16251
2013/03/15,3023,15999
2013/03/18,3061,15849
2013/03/19,3106,15800
2013/03/20,3132,15605
2013/03/22,3199,15250
2013/03/25,3230,15600
2013/03/26,3253,16000
2013/03/27,3225,15830
2013/03/28,3220,15500
2013/04/02,3285,15680
2013/04/03,3252,15450
2013/04/04,3240,15010
2013/04/05,3180,14821
2013/04/08,3200,15250
2013/04/09,3200,15215
2013/04/10,3207,15651
2013/04/11,3206,15700
2013/04/12,3200,15300
2013/04/15,3116,15000
2013/04/16,3140,15180
2013/04/17,3070,15045
2013/04/18,3091,14695
2013/04/19,3116,14850
2013/04/22,3096,14795
2013/04/23,3130,14675
2013/04/24,3083,14617
2013/04/25,3080,14550
2013/04/26,3095,14475
2013/04/29,3083,14449
2013/04/30,3118,14769
2013/05/02,3136,14851
2013/05/03,3100,14800
2013/05/06,3081,14900
2013/05/07,3138,14975
2013/05/08,3200,15060
2013/05/09,3201,15140
2013/05/10,3160,15000
2013/05/13,3152,15113
2013/05/14,3150,14890
2013/05/15,3175,15015
2013/05/16,3191,15424
2013/05/17,3142,15288
2013/05/20,3085,14520
2013/05/21,3165,14950
2013/05/22,3111,15000
2013/05/23,3014,14675
2013/05/24,3012,14650
2013/05/27,3010,14712
2013/05/28,3035,14770
2013/05/29,2974,14530
2013/05/30,2971,14880
2013/05/31,2950,14943
2013/06/03,2825,14390
2013/06/04,2815,14355
2013/06/05,2771,14150
2013/06/06,2700,14200
2013/06/07,2725,14350
2013/06/10,2700,14175
2013/06/11,2637,14000
2013/06/12,2650,13870
2013/06/13,2655,14000
2013/06/14,2743,14099
2013/06/18,2819,14497
2013/06/19,2823,14170
2013/06/20,2724,14045
2013/06/21,2740,13702
2013/06/24,2726,13780
2013/06/25,2780,14100
2013/06/26,2875,14700
2013/06/27,2880,14543
2013/06/28,2893,14850
2013/07/01,2949,14555
2013/07/02,2940,14795
2013/07/03,2830,14010
2013/07/04,2898,14150
2013/07/05,2809,13800
2013/07/08,2845,14050
2013/07/09,2880,14149
2013/07/10,2800,13700
2013/07/11,2855,14290
2013/07/12,2894,14399
2013/07/15,2906,14300
2013/07/16,2840,13985
2013/07/17,2845,14300
2013/07/18,2876,14290
2013/07/19,2855,14060
2013/07/22,2877,14050
2013/07/23,2926,14899
2013/07/24,2880,14949
2013/07/25,2899,14795
2013/07/26,2874,14750
2013/07/29,2925,15167
2013/07/30,2860,14100
2013/07/31,2966,14295
2013/08/01,2945,14110
2013/08/02,2950,14245
2013/08/05,2956,14067
2013/08/06,2980,14040
2013/08/07,2976,13925
2013/08/08,3010,13975
2013/08/12,3042,14010
2013/08/13,3077,14050
2013/08/14,3122,14050
2013/08/15,3085,13966
2013/08/16,3105,13997
2013/08/19,3036,13860
2013/08/20,3050,13840
2013/08/21,3020,13775
2013/08/22,3020,13740
2013/08/23,3000,13700
2013/08/26,3035,13751
2013/08/27,3055,13700
2013/08/28,2975,13530
2013/08/29,3014,13545
2013/08/30,3007,13700
2013/09/02,3055,13672
2013/09/03,3074,13945
2013/09/04,3060,13860
2013/09/05,3108,14140
2013/09/06,3136,14275
2013/09/09,3130,13875
2013/09/10,3230,13993
2013/09/11,3275,14100
2013/09/12,3356,14400
2013/09/13,3340,14190
2013/09/16,3310,14200
2013/09/17,3370,14311
2013/09/18,3322,14200
2013/09/19,3450,14679
2013/09/20,3440,14645
2013/09/23,3410,14695
2013/09/25,3470,14975
2013/09/26,3445,14950
2013/09/27,3392,14760
2013/09/30,3350,14740
2013/10/01,3436,14750
2013/10/02,3415,14575
2013/10/03,3450,14800
2013/10/04,3446,14659
2013/10/07,3389,14801
2013/10/08,3358,14650
2013/10/09,3322,14500
2013/10/10,3422,14985
2013/10/11,3420,15300
2013/10/14,3475,15300
2013/10/15,3548,15425
2013/10/16,3585,15749
2013/10/17,3572,15610
2013/10/18,3570,15560
2013/10/21,3582,15540
2013/10/22,3545,15483
2013/10/23,3533,15192
2013/10/24,3551,15160
2013/10/25,3517,15060
2013/10/28,3600,15420
2013/10/29,3600,15550
2013/10/30,3619,15340
2013/10/31,3600,15499
2013/11/01,3543,15192
2013/11/04,3536,15199
2013/11/05,3479,15100
2013/11/06,3445,15099
2013/11/07,3428,14900
2013/11/08,3320,14755
2013/11/11,3320,14730
2013/11/12,3328,14715
2013/11/13,3286,14500
2013/11/14,3290,14598
2013/11/15,3300,14633
2013/11/18,3360,13905
2013/11/19,3310,13791
2013/11/20,3325,13794
2013/11/21,3300,13550
2013/11/22,3280,13370
2013/11/25,3300,13315
2013/11/26,3185,13207
2013/11/27,3300,13600
2013/11/28,3358,13531
2013/11/29,3381,13600
2013/12/02,3385,13660
2013/12/03,3280,13290
2013/12/04,3290,13194
2013/12/05,3313,13223
2013/12/06,3405,13329
2013/12/09,3425,13199
2013/12/10,3386,13060
2013/12/11,3379,13015
2013/12/12,3270,12815
2013/12/13,3292,12849
2013/12/17,3350,12700
2013/12/18,3342,12650
2013/12/19,3400,12755
2013/12/20,3399,13290
2013/12/23,3386,13062
2013/12/24,3404,13185
2013/12/27,3474,13222
2013/12/30,3542,13442
2013/12/31,3589,13225
2014/01/02,3571,13385
2014/01/03,3550,13350
2014/01/06,3462,13031
2014/01/07,3500,13230
2014/01/08,3445,13157
2014/01/09,3378,13160
2014/01/10,3385,13200
2014/01/13,3432,13160
2014/01/14,3375,13000
2014/01/15,3400,13290
2014/01/16,3380,13285
2014/01/17,3343,12950
2014/01/20,3330,12900
2014/01/21,3400,13025
2014/01/22,3421,13304
2014/01/23,3400,13330
2014/01/24,3289,13323
2014/01/27,3271,13100
2014/01/28,3275,13086
2014/01/29,3200,12850
2014/01/30,3102,12500
2014/01/31,3112,13000
2014/02/03,3048,12605
2014/02/04,3055,12500
2014/02/05,3041,12600
2014/02/06,3067,12400
2014/02/07,3145,12650
2014/02/10,3125,12406
2014/02/11,3105,12750
2014/02/12,3161,13162
2014/02/13,3140,12987
2014/02/14,3180,13030
2014/02/17,3228,13280
2014/02/18,3213,13411
2014/02/19,3237,13418
2014/02/20,3215,13300
2014/02/21,3277,13232
2014/02/24,3405,13460
2014/02/25,3441,13390
2014/02/26,3391,13280
2014/02/27,3374,13100
2014/02/28,3417,13259
2014/03/03,3449,13105
2014/03/04,3501,13290
2014/03/05,3499,13417
2014/03/06,3539,13575
2014/03/07,3541,13700
2014/03/10,3500,13650
2014/03/11,3511,13647
2014/03/12,3435,13544
2014/03/13,3441,13810
2014/03/14,3440,13955
2014/03/17,3460,14101
2014/03/18,3451,14168
2014/03/19,3480,14331
2014/03/20,3480,14351
2014/03/24,3442,14408
2014/03/25,3560,14701
2014/03/26,3665,15026
2014/03/27,3606,14900
2014/03/28,3590,15125
2014/03/31,3610,14900
2014/04/01,3610,14900
2014/04/02,3640,15023
2014/04/03,3655,15000
2014/04/04,3740,15210
2014/04/07,3809,15300
2014/04/08,3875,15528
2014/04/09,3812,15500
2014/04/10,3804,15500
2014/04/11,3716,15300
2014/04/14,3755,15130
2014/04/15,3744,14962
2014/04/16,3749,15070
2014/04/17,3800,15454
2014/04/22,3844,15310
2014/04/23,3834,15200
2014/04/24,3870,15213
2014/04/25,3907,15400
2014/04/29,3886,15350
2014/04/30,3866,15400
2014/05/02,3936,15425
2014/05/05,3890,15200
2014/05/06,3910,15199
2014/05/08,3950,15300
2014/05/09,3905,15400
2014/05/12,3915,15655
2014/05/13,3950,15650
2014/05/14,3946,15598
2014/05/15,3920,15500
2014/05/16,3900,15500
2014/05/19,3955,15500
2014/05/20,3960,15500
2014/05/21,3940,15595
2014/05/22,3980,15646
2014/05/23,4025,15850
2014/05/26,4019,15754
2014/05/27,3934,15540
2014/05/28,3963,15600
2014/05/29,3985,15490
2014/05/30,3983,15410
2014/06/02,4001,15300
2014/06/03,3966,15300
2014/06/04,3965,15450
2014/06/05,3970,15800
2014/06/06,4030,16021
2014/06/09,4030,15875
2014/06/10,4077,16269
2014/06/11,4060,16440
2014/06/12,4092,16155
2014/06/13,4043,16115
2014/06/17,4110,16052
2014/06/18,3986,15740
2014/06/19,4034,16000
2014/06/20,4096,16051
2014/06/23,4087,16200
2014/06/24,4120,16150
2014/06/25,4049,16035
2014/06/26,4040,15920
2014/06/27,4028,15890
2014/06/30,4075,16150
2014/07/01,4100,16300
2014/07/02,4082,16150
2014/07/03,4044,16076
2014/07/04,4077,15991
2014/07/07,4055,16211
2014/07/08,4093,16212
2014/07/09,4129,16375
2014/07/10,4075,16075
2014/07/11,4113,16499
2014/07/14,4142,16470
2014/07/15,4153,16650
2014/07/16,4268,16705
2014/07/17,4250,16650
2014/07/18,4258,16700
2014/07/21,4248,16615
2014/07/22,4315,16660
2014/07/23,4350,16794
2014/07/24,4318,16887
2014/07/25,4266,16900
2014/07/28,4377,17120
2014/07/29,4433,17230
2014/07/30,4288,16910
2014/07/31,4325,16750
2014/08/01,4363,16757
2014/08/04,4458,16900
2014/08/05,4423,17000
2014/08/06,4358,16761
2014/08/07,4331,16788
2014/08/08,4342,16687
2014/08/11,4423,16980
2014/08/12,4439,17000
2014/08/13,4419,16810
2014/08/14,4415,16750
2014/08/15,4310,16658
2014/08/18,4295,16873
2014/08/19,4331,16860
2014/08/20,4274,16500
2014/08/21,4350,16747
2014/08/22,4346,16763
2014/08/25,4362,16821
2014/08/26,4375,17000
2014/08/27,4325,16900
2014/08/28,4344,16850
2014/08/29,4325,16658
2014/09/01,4350,16750
2014/09/02,4439,16830
2014/09/03,4457,17225
2014/09/04,4530,17700
2014/09/05,4585,17550
2014/09/08,4661,17200
2014/09/09,4528,16650
2014/09/10,4520,16550
2014/09/11,4436,16453
2014/09/12,4398,16345
2014/09/15,4325,16253
2014/09/16,4400,16352
2014/09/17,4414,16250
2014/09/18,4472,16328
2014/09/19,4513,16150
2014/09/22,4360,15852
2014/09/23,4339,15797
2014/09/25,4230,15455
2014/09/26,4314,15567
2014/09/29,4301,15545
2014/09/30,4302,15413
2014/10/01,4280,15480
2014/10/02,4215,15400
2014/10/03,4260,15479
2014/10/06,4245,15700
2014/10/07,4186,15722
2014/10/08,4140,15600
2014/10/09,4144,15700
2014/10/10,4080,15450
2014/10/13,4140,15691
2014/10/14,4213,15855
2014/10/15,4121,15500
2014/10/16,4232,15381
2014/10/17,4310,15469
2014/10/20,4271,15652
2014/10/21,4349,15950
2014/10/22,4330,15875
2014/10/23,4329,15901
2014/10/24,4340,15950
2014/10/27,4354,16211
2014/10/28,4504,16410
2014/10/29,4610,17100
2014/10/30,4590,17100
2014/10/31,4720,17416
2014/11/03,4760,17537
2014/11/04,4720,17272
2014/11/05,4672,16884
2014/11/06,4689,16890
2014/11/07,4640,16900
2014/11/10,4720,17310
2014/11/11,4780,17500
2014/11/12,4835,17501
2014/11/13,4867,17728
2014/11/14,4875,17630
2014/11/17,4882,17599
2014/11/18,4895,17799
2014/11/19,4846,17900
2014/11/20,4780,17609
2014/11/21,4981,18150
2014/11/24,4997,18282
2014/11/25,4973,18100
2014/11/26,4978,18068
2014/11/27,4999,18039
2014/11/28,4970,17840
2014/12/01,4865,17505
2014/12/02,4900,18000
2014/12/03,4915,18175
2014/12/04,4830,17751
2014/12/05,4897,17950
2014/12/08,4968,18150
2014/12/09,4875,17850
2014/12/10,4915,17723
2014/12/11,4858,17200
2014/12/12,4771,17313
2014/12/15,4699,16954
2014/12/17,4662,17011
2014/12/18,4983,17800
2014/12/19,4900,17739
2014/12/22,4977,17769
2014/12/23,5014,18126
2014/12/24,4950,18000
2014/12/29,5100,18273
2014/12/30,5014,18093
2014/12/31,5057,18200
2015/01/02,5002,17989
2015/01/05,4772,17375
2015/01/06,4868,17828
2015/01/07,4965,18200
2015/01/08,5031,18670
2015/01/09,4899,18169
2015/01/12,4821,17800
2015/01/13,4963,18475
2015/01/14,4843,18117
2015/01/15,4892,18171
2015/01/16,4825,18075
2015/01/19,4774,18118
2015/01/20,4834,18074
2015/01/21,4776,18210
2015/01/22,4850,18590
2015/01/23,4903,18863
2015/01/26,4975,19122
2015/01/27,5128,19701
2015/01/28,5243,19950
2015/01/29,5138,19750
2015/01/30,5208,19891
2015/02/02,5160,18995
2015/02/03,5250,19289
2015/02/04,5145,18733
2015/02/05,5160,18560
2015/02/06,5188,19198
2015/02/09,5190,18923
2015/02/10,5190,18794
2015/02/11,5144,18722
2015/02/12,5249,18700
2015/02/13,5249,18600
2015/02/16,5299,18500
2015/02/17,5285,18551
2015/02/18,5263,18938
2015/02/19,5250,19190
2015/02/20,5205,19000
2015/02/23,5235,19002
2015/02/24,5305,18970
2015/02/25,5337,19464
2015/02/26,5405,19470
2015/02/27,5350,19273
2015/03/02,5323,19050
2015/03/03,5271,18425
2015/03/04,5282,18700
2015/03/05,5398,18612
2015/03/06,5458,18227
2015/03/09,5370,17791
2015/03/10,5260,17490
2015/03/11,5290,17380
2015/03/12,5505,17600
2015/03/13,5448,17400
2015/03/16,5502,17895
2015/03/17,5460,18032
2015/03/18,5449,18110
2015/03/19,5365,18423
2015/03/20,5396,18000
2015/03/23,5365,17907
2015/03/24,5495,18655
2015/03/25,5487,18355
2015/03/26,5447,18340
2015/03/27,5455,18300
2015/03/30,5592,18540
2015/03/31,5584,18500
2015/04/01,5598,18993
2015/04/02,5632,18967
2015/04/07,5712,19100
2015/04/08,5720,19450
2015/04/09,5765,19170
2015/04/10,5728,19120
2015/04/13,5720,18450
2015/04/14,5735,18501
2015/04/15,5715,18311
2015/04/16,5750,18450
2015/04/17,5690,18470
2015/04/20,5729,18501
2015/04/21,5749,19050
2015/04/22,5750,18956
2015/04/23,5800,19075
2015/04/24,5759,19000
2015/04/28,5720,19200
2015/04/29,5649,19099
2015/04/30,5683,19058
2015/05/04,5652,18761
2015/05/05,5630,18930
2015/05/06,5472,18800
2015/05/07,5418,18408
2015/05/08,5463,18622
2015/05/11,5452,18300
2015/05/12,5447,18290
2015/05/13,5420,18100
2015/05/14,5361,17851
2015/05/15,5392,18580
2015/05/18,5477,18675
2015/05/19,5507,18509
2015/05/20,5470,18410
2015/05/21,5452,18250
2015/05/22,5455,18210
2015/05/25,5452,18276
2015/05/26,5350,17854
2015/05/27,5343,18249
2015/05/28,5305,17825
2015/05/29,5200,17573
2015/06/01,5200,17775
2015/06/02,5250,17870
2015/06/03,5164,17670
2015/06/04,5160,17605
2015/06/05,5140,17721
2015/06/08,5230,18000
2015/06/09,5230,18000
2015/06/10,5304,18158
2015/06/11,5280,18348
2015/06/12,5212,17962
2015/06/15,5101,17727
2015/06/17,5102,17496
2015/06/18,5079,17707
2015/06/19,5107,17384
2015/06/22,5230,17794
2015/06/23,5340,18026
2015/06/24,5344,18000
2015/06/25,5450,18200
2015/06/26,5328,18079
2015/06/29,5252,17734
2015/06/30,5332,18298
2015/07/01,5252,18119
2015/07/02,5309,18208
2015/07/03,5299,18280
2015/07/06,5240,18277
2015/07/07,5050,17886
2015/07/08,5195,18200
2015/07/09,5301,18550
2015/07/10,5336,18859
2015/07/13,5462,18843
2015/07/14,5469,18825
2015/07/15,5490,18690
2015/07/16,5490,18762
2015/07/17,5520,18737
2015/07/20,5575,18920
2015/07/21,5550,19153
2015/07/22,5459,18823
2015/07/23,5529,18969
2015/07/24,5474,18734
2015/07/27,5360,18813
2015/07/28,5356,18690
2015/07/29,5485,18328
2015/07/30,5390,18430
2015/07/31,5474,18619
2015/08/03,5460,18436
2015/08/04,5638,18955
2015/08/05,5725,18843
2015/08/06,5688,18433
2015/08/07,5631,18500
2015/08/11,5650,18500
2015/08/12,5396,17938
2015/08/13,5459,18100
2015/08/14,5393,17893
2015/08/17,5276,18034
2015/08/18,5331,17848
2015/08/19,5210,17630
2015/08/20,5167,17410
2015/08/21,5116,17372
2015/08/24,4993,16922
2015/08/25,5333,17457
2015/08/26,5266,16930
2015/08/27,5219,17271
2015/08/28,5289,17441
2015/08/31,5291,17376
2015/09/01,5061,17023
2015/09/02,5158,17275
2015/09/03,5229,17600
2015/09/04,5038,17498
2015/09/07,5020,16600
2015/09/08,5102,16901
2015/09/09,5209,17100
2015/09/10,5073,17001
2015/09/11,5041,17041
2015/09/14,5170,17150
2015/09/15,5182,16950
2015/09/16,5225,17310
2015/09/17,5295,17675
2015/09/18,5259,17700
2015/09/21,5210,17300
2015/09/22,5168,17232
2015/09/23,5129,17160
2015/09/25,5060,17128
2015/09/28,4876,16705
2015/09/29,4874,16900
2015/09/30,4915,17020
2015/10/01,5006,17262
2015/10/02,5015,17350
2015/10/05,5092,17842
2015/10/06,5070,17785
2015/10/07,5110,17900
2015/10/08,4965,17500
2015/10/09,4992,17700
2015/10/12,4981,17500
2015/10/13,4933,17377
2015/10/14,4874,17331
2015/10/15,4919,17267
2015/10/16,4865,17418
2015/10/19,4999,17833
2015/10/20,4967,17666
2015/10/21,4967,17460
2015/10/22,5054,17410
2015/10/23,5108,17758
2015/10/26,5137,17890
2015/10/27,5115,17640
2015/10/28,5175,17945
2015/10/29,5066,17712
2015/10/30,5079,17760
2015/11/02,5219,17776
2015/11/03,5156,17691
2015/11/04,5177,17953
2015/11/05,5164,17925
2015/11/06,5072,17583
2015/11/09,5079,17499
2015/11/10,5031,17200
2015/11/11,4930,17000
2015/11/12,4824,16577
2015/11/13,4752,16310
2015/11/16,4722,16400
2015/11/17,4787,16803
2015/11/18,4800,16392
2015/11/19,5004,17091
2015/11/20,5023,17289
2015/11/23,4932,17014
