Date,GoldFields,AngloGold
2004/05/12,7160,22102
2004/05/13,7075,21800
2004/05/14,6957,21402
2004/05/17,7200,21697
2004/05/18,6930,20800
2004/05/19,7300,21800
2004/05/20,7249,22100
2004/05/21,7450,22400
2004/05/24,7190,22000
2004/05/25,7500,22620
2004/05/26,7600,22900
2004/05/27,7750,23363
2004/05/28,7610,23110
2004/05/31,7709,22800
2004/06/01,7530,22501
2004/06/02,7213,22100
2004/06/03,7135,21950
2004/06/04,6995,21550
2004/06/07,7121,22101
2004/06/08,7166,22150
2004/06/09,6915,21401
2004/06/10,6880,21100
2004/06/11,6700,20055
2004/06/14,6702,20401
2004/06/15,6606,20050
2004/06/17,6601,19626
2004/06/18,6701,20385
2004/06/21,6600,19798
2004/06/22,6760,20100
2004/06/23,6502,19999
2004/06/24,6830,20550
2004/06/25,6890,20500
2004/06/28,6849,20199
2004/06/29,6515,20000
2004/06/30,6531,20249
2004/07/01,6560,20199
2004/07/02,6450,20000
2004/07/05,6390,20300
2004/07/06,6311,20201
2004/07/07,6327,20300
2004/07/08,6265,20318
2004/07/09,6224,20620
2004/07/12,6150,20430
2004/07/13,6155,20388
2004/07/14,6101,20400
2004/07/15,6030,20400
2004/07/16,5872,20010
2004/07/19,5509,19100
2004/07/20,5550,18801
2004/07/21,5750,19395
2004/07/22,5750,19345
2004/07/23,5805,19550
2004/07/26,5840,19248
2004/07/27,5884,19330
2004/07/28,6151,19795
2004/07/29,6400,20399
2004/07/30,6461,20660
2004/08/02,6649,20900
2004/08/03,6718,21009
2004/08/04,6762,20800
2004/08/05,6699,20700
2004/08/06,6625,20580
2004/08/10,6570,20475
2004/08/11,6601,19900
2004/08/12,7201,20879
2004/08/13,7419,21600
2004/08/16,7700,22599
2004/08/17,7670,22350
2004/08/18,7725,22020
2004/08/19,8090,23300
2004/08/20,8355,24174
2004/08/23,8350,24320
2004/08/24,8200,23300
2004/08/25,8200,23600
2004/08/26,8150,23295
2004/08/27,8202,23406
2004/08/30,8269,23821
2004/08/31,8075,23500
2004/09/01,7970,23367
2004/09/02,7840,23110
2004/09/03,7700,23200
2004/09/06,7700,23300
2004/09/07,7470,22990
2004/09/08,7550,23100
2004/09/09,7625,23349
2004/09/10,7845,23695
2004/09/13,7800,23416
2004/09/14,7930,23685
2004/09/15,7950,24219
2004/09/16,8095,24159
2004/09/17,8130,24038
2004/09/20,8063,23733
2004/09/21,8264,24250
2004/09/22,8475,24405
2004/09/23,8358,24539
2004/09/27,8169,24055
2004/09/28,8474,24536
2004/09/29,8579,24650
2004/09/30,8750,24922
2004/10/01,8700,24750
2004/10/04,8628,23899
2004/10/05,8850,24200
2004/10/06,8900,24805
2004/10/07,9100,24863
2004/10/08,9385,25020
2004/10/11,9100,24875
2004/10/12,9140,24800
2004/10/13,8987,23580
2004/10/14,9089,23626
2004/10/15,9402,23900
2004/10/18,9200,23850
2004/10/19,9010,23551
2004/10/20,8850,23701
2004/10/21,9060,23301
2004/10/22,9200,23299
2004/10/25,9161,24049
2004/10/26,9160,24289
2004/10/27,9100,23979
2004/10/28,8650,22550
2004/10/29,8601,22650
2004/11/01,8603,22888
2004/11/02,8680,22400
2004/11/03,8685,22149
2004/11/04,8450,22848
2004/11/05,8500,22820
2004/11/08,8500,23895
2004/11/09,8500,23900
2004/11/10,8500,23800
2004/11/11,8816,24060
2004/11/12,8350,24499
2004/11/15,8452,25100
2004/11/16,8436,25100
2004/11/17,8906,25020
2004/11/18,8970,24874
2004/11/19,8908,24349
2004/11/22,8835,23903
2004/11/23,8570,23606
2004/11/24,8230,23100
2004/11/25,8251,22750
2004/11/26,8300,23000
2004/11/29,8086,23400
2004/11/30,8220,23345
2004/12/01,8175,23151
2004/12/02,8215,22995
2004/12/03,8090,22600
2004/12/06,7765,21750
2004/12/07,7782,21999
2004/12/08,7462,21599
2004/12/09,7528,21212
2004/12/10,7450,21160
2004/12/13,7429,20901
2004/12/14,7400,20975
2004/12/15,7498,21160
2004/12/17,7405,20840
2004/12/20,7349,20840
2004/12/21,7132,20790
2004/12/22,7150,20989
2004/12/23,7000,20999
2004/12/24,7000,20700
2004/12/28,7005,20800
2004/12/29,6978,20600
2004/12/30,6910,20427
2004/12/31,6950,19901
2005/01/03,7000,20325
2005/01/04,6990,20254
2005/01/05,7095,20250
2005/01/06,7700,20850
2005/01/07,7575,20601
2005/01/10,7521,20500
2005/01/11,7431,20352
2005/01/12,7553,20651
2005/01/13,7401,20101
2005/01/14,7300,19990
2005/01/17,7010,19502
2005/01/18,7091,19890
2005/01/19,6950,19703
2005/01/20,7116,19850
2005/01/21,7100,19771
2005/01/24,7085,19900
2005/01/25,6950,19306
2005/01/26,6742,19200
2005/01/27,6602,18711
2005/01/28,6631,19350
2005/01/31,6840,19569
2005/02/01,7010,19900
2005/02/02,6889,20394
2005/02/03,6800,20299
2005/02/04,6790,20001
2005/02/07,6790,20049
2005/02/08,6730,19552
2005/02/09,6791,19680
2005/02/10,6822,20501
2005/02/11,7025,21130
2005/02/14,7175,21005
2005/02/15,7040,21085
2005/02/16,6832,20930
2005/02/17,6763,20702
2005/02/18,6899,21055
2005/02/21,6926,21799
2005/02/22,6900,21100
2005/02/23,6781,21110
2005/02/24,6950,21150
2005/02/25,6900,20989
2005/02/28,6905,20800
2005/03/01,7000,20702
2005/03/02,6936,20820
2005/03/03,7150,21699
2005/03/04,7060,22000
2005/03/07,7051,21636
2005/03/08,7100,22000
2005/03/09,7255,22370
2005/03/10,7360,22649
2005/03/11,7352,22605
2005/03/14,7425,22645
2005/03/15,7525,22845
2005/03/16,7750,23350
2005/03/17,8141,23701
2005/03/18,7851,22900
2005/03/22,7670,22469
2005/03/23,7637,22300
2005/03/24,7475,21900
2005/03/29,7335,22060
2005/03/30,7125,21400
2005/03/31,7250,21600
2005/04/01,7165,21549
2005/04/04,7025,21700
2005/04/05,6955,21510
2005/04/06,6981,21406
2005/04/07,6856,21400
2005/04/08,6925,21511
2005/04/11,6930,21500
2005/04/12,6731,21300
2005/04/13,6605,21445
2005/04/14,6650,21649
2005/04/15,6710,21450
2005/04/18,6600,21150
2005/04/19,6755,21300
2005/04/20,6822,21720
2005/04/21,6645,21100
2005/04/22,6600,20700
2005/04/25,6230,20027
2005/04/26,6170,20770
2005/04/28,5935,19450
2005/04/29,6100,19500
2005/05/03,5988,19750
2005/05/04,5900,19695
2005/05/05,5795,19700
2005/05/06,5815,19270
2005/05/09,6100,19679
2005/05/10,6185,20005
2005/05/11,6090,19650
2005/05/12,6170,19800
2005/05/13,6150,19305
2005/05/16,6139,19740
2005/05/17,6301,20450
2005/05/18,6691,20875
2005/05/19,6381,20331
2005/05/20,6389,20500
2005/05/23,6630,20700
2005/05/24,6715,20661
2005/05/25,6909,20802
2005/05/26,7070,21427
2005/05/27,7285,21700
2005/05/30,7698,23000
2005/05/31,7401,22599
2005/06/01,7750,23801
2005/06/02,7790,24005
2005/06/03,7275,23775
2005/06/06,7220,23294
2005/06/07,6800,22479
2005/06/08,6860,22500
2005/06/09,6851,22390
2005/06/10,6985,22505
2005/06/13,7400,23995
2005/06/14,7366,23880
2005/06/15,7250,23749
2005/06/17,7390,23768
2005/06/20,7279,23580
2005/06/21,7197,23051
2005/06/22,7101,22651
2005/06/23,7304,23400
2005/06/24,7447,23700
2005/06/27,7260,23605
2005/06/28,7120,23525
2005/06/29,7460,24299
2005/06/30,7620,23950
2005/07/01,7700,24140
2005/07/04,7870,24320
2005/07/05,7870,24401
2005/07/06,7750,24601
2005/07/07,7880,24630
2005/07/08,7899,24600
2005/07/11,7900,24380
2005/07/12,7675,24219
2005/07/13,7805,24449
2005/07/14,7625,24330
2005/07/15,7299,24000
2005/07/18,7350,23824
2005/07/19,7338,23650
2005/07/20,7370,23803
2005/07/21,7210,23199
2005/07/22,7290,23900
2005/07/25,7310,23849
2005/07/26,7107,23299
2005/07/27,7099,22729
2005/07/28,7210,22800
2005/07/29,7199,22703
2005/08/01,7000,22524
2005/08/02,7000,22450
2005/08/03,7031,22600
2005/08/04,7302,23045
2005/08/05,7260,22559
2005/08/08,7067,22270
2005/08/10,6901,21951
2005/08/11,7075,22051
2005/08/12,7371,23010
2005/08/15,7637,23337
2005/08/16,7621,23501
2005/08/17,7496,23520
2005/08/18,7300,23155
2005/08/19,7290,23310
2005/08/22,7320,23125
2005/08/23,7251,23090
2005/08/24,7269,22925
2005/08/25,7060,22875
2005/08/26,7130,22701
2005/08/29,7189,22995
2005/08/30,7130,22652
2005/08/31,7370,22650
2005/09/01,7371,22780
2005/09/02,7300,23000
2005/09/05,7200,22751
2005/09/06,7345,23050
2005/09/07,7350,23000
2005/09/08,7325,23200
2005/09/09,7549,23905
2005/09/12,7600,24600
2005/09/13,7460,24550
2005/09/14,7704,24995
2005/09/15,8205,25527
2005/09/16,8700,27000
2005/09/19,8997,27870
2005/09/20,8881,27400
2005/09/21,9050,27785
2005/09/22,8674,27300
2005/09/23,8490,26850
2005/09/26,8685,27045
2005/09/27,8935,27501
2005/09/28,8845,26770
2005/09/29,9372,27600
2005/09/30,9532,27590
2005/10/03,9261,26840
2005/10/04,9385,27125
2005/10/05,9110,26815
2005/10/06,9419,27100
2005/10/07,9550,27615
2005/10/10,9600,28500
2005/10/11,9450,28600
2005/10/12,9560,28390
2005/10/13,8901,27100
2005/10/14,8800,26520
2005/10/17,9234,27720
2005/10/18,9400,27810
2005/10/19,8960,27410
2005/10/20,8820,27050
2005/10/21,8660,26480
2005/10/24,9093,27500
2005/10/25,9255,28545
2005/10/26,9235,28785
2005/10/27,8800,27545
2005/10/28,8860,26305
2005/10/31,9030,26750
2005/11/01,8798,26290
2005/11/02,8840,26190
2005/11/03,8995,26595
2005/11/04,8900,26295
2005/11/07,9156,26414
2005/11/08,8900,26110
2005/11/09,9150,26590
2005/11/10,9790,27795
2005/11/11,9585,27595
2005/11/14,9897,28440
2005/11/15,9600,28348
2005/11/16,9571,28450
2005/11/17,10000,29300
2005/11/18,10190,28975
2005/11/21,10445,29160
2005/11/22,10550,29505
2005/11/23,10106,28435
2005/11/24,10339,27949
2005/11/25,10318,28606
2005/11/28,10310,28405
2005/11/29,10101,27806
2005/11/30,9925,27845
2005/12/01,9930,27735
2005/12/02,10094,27895
2005/12/05,9810,27401
2005/12/06,9644,27444
2005/12/07,10201,28739
2005/12/08,10475,29600
2005/12/09,10890,30355
2005/12/12,11189,30595
2005/12/13,10520,29006
2005/12/14,10710,29197
2005/12/15,10680,29889
2005/12/19,11099,30750
2005/12/20,10809,29700
2005/12/21,10465,29500
2005/12/22,10769,30695
2005/12/23,10805,31200
2005/12/27,11000,30945
2005/12/28,10921,30600
2005/12/29,11115,31099
2005/12/30,11180,31400
2006/01/03,11780,31790
2006/01/04,11925,32125
2006/01/05,11250,31545
2006/01/06,11735,32010
2006/01/09,11800,32945
2006/01/10,11644,32500
2006/01/11,11700,32500
2006/01/12,11336,32306
2006/01/13,11690,32445
2006/01/16,12030,32715
2006/01/17,12149,33205
2006/01/18,12117,33095
2006/01/19,12440,33500
2006/01/20,12620,34000
2006/01/23,12455,33700
2006/01/24,12490,34400
2006/01/25,12974,35070
2006/01/26,13215,35205
2006/01/27,13650,37100
2006/01/30,13500,36900
2006/01/31,14200,37100
2006/02/01,14610,37545
2006/02/02,14680,37840
2006/02/03,14100,36380
2006/02/06,14210,37050
2006/02/07,14200,36375
2006/02/08,13645,35400
2006/02/09,14190,37175
2006/02/10,14050,36794
2006/02/13,13601,35600
2006/02/14,13250,34525
2006/02/15,13150,34000
2006/02/16,12702,32850
2006/02/17,13549,33600
2006/02/20,13750,32699
2006/02/21,13910,33025
2006/02/22,13861,33240
2006/02/23,14040,33100
2006/02/24,13850,32655
2006/02/27,14149,33200
2006/02/28,13500,31801
2006/03/02,13050,31206
2006/03/03,12750,32051
2006/03/06,12621,31450
2006/03/07,11950,30800
2006/03/08,11725,30800
2006/03/09,12000,30850
2006/03/10,11675,29500
2006/03/13,11940,30395
2006/03/14,12280,31000
2006/03/15,12500,31500
2006/03/16,12350,31500
2006/03/17,12400,31000
2006/03/20,12650,31300
2006/03/22,12550,30770
2006/03/23,12340,30400
2006/03/24,12590,30425
2006/03/27,12950,32300
2006/03/28,12900,32700
2006/03/29,12899,32500
2006/03/30,13549,33200
2006/03/31,13439,32800
2006/04/03,13775,33750
2006/04/04,13650,32595
2006/04/05,13720,32321
2006/04/06,13945,32550
2006/04/07,13798,32290
2006/04/10,13600,31502
2006/04/11,13955,31700
2006/04/12,13735,30605
2006/04/13,14120,30900
2006/04/18,14771,31900
2006/04/19,15001,32277
2006/04/20,14825,31999
2006/04/21,14999,31960
2006/04/24,15000,31900
2006/04/25,15135,32250
2006/04/26,15361,32800
2006/04/28,15126,32601
2006/05/02,15321,33109
2006/05/03,15140,32920
2006/05/04,15099,34017
2006/05/05,14610,33700
2006/05/08,13970,32389
2006/05/09,14375,33600
2006/05/10,15100,34600
2006/05/11,15900,34595
2006/05/12,15994,34400
2006/05/15,14606,32205
2006/05/16,14500,31500
2006/05/17,14910,32200
2006/05/18,14700,31980
2006/05/19,13790,30580
2006/05/22,13051,30000
2006/05/23,13735,31040
2006/05/24,13305,30000
2006/05/25,13440,30422
2006/05/26,13780,30500
2006/05/29,13900,30800
2006/05/30,14314,31006
2006/05/31,14750,30900
2006/06/01,13940,30225
2006/06/02,13925,31400
2006/06/05,14051,31650
2006/06/06,13070,29651
2006/06/07,12717,28801
2006/06/08,11800,27420
2006/06/09,12491,28143
2006/06/12,12250,27702
2006/06/13,11081,25751
2006/06/14,11599,27474
2006/06/15,11975,27675
2006/06/19,12311,29799
2006/06/20,12510,29910
2006/06/21,13680,30855
2006/06/22,14700,31750
2006/06/23,14760,32575
2006/06/26,15250,33350
2006/06/27,15160,33250
2006/06/28,14900,32299
2006/06/29,15490,32625
2006/06/30,16200,35499
2006/07/03,16700,34910
2006/07/04,17160,35000
2006/07/05,16560,34000
2006/07/06,16800,34900
2006/07/07,17000,34880
2006/07/10,16746,34440
2006/07/11,16815,34925
2006/07/12,17380,36040
2006/07/13,16276,34101
2006/07/14,16561,34100
2006/07/17,16950,33800
2006/07/18,16660,33600
2006/07/19,16700,34750
2006/07/20,15900,34089
2006/07/21,14999,33154
2006/07/24,14200,32225
2006/07/25,14300,32425
2006/07/26,14450,33490
2006/07/27,14584,33500
2006/07/28,14200,32700
2006/07/31,14311,33175
2006/08/01,14405,33300
2006/08/02,15305,34800
2006/08/03,15233,34500
2006/08/04,14811,34511
2006/08/07,14500,33802
2006/08/08,14410,34300
2006/08/10,14495,34200
2006/08/11,14425,34240
2006/08/14,13632,33475
2006/08/15,13600,33499
2006/08/16,13785,34231
2006/08/17,13505,34100
2006/08/18,13125,33295
2006/08/21,14051,34600
2006/08/22,14700,35055
2006/08/23,14700,34401
2006/08/24,14750,34450
2006/08/25,14605,34000
2006/08/28,14250,33625
2006/08/29,13780,32425
2006/08/30,14146,32680
2006/08/31,14000,32689
2006/09/01,14575,33050
2006/09/04,14680,33600
2006/09/05,15240,33950
2006/09/06,15926,35053
2006/09/07,15020,33050
2006/09/08,14500,32375
2006/09/11,13490,29916
2006/09/12,13100,29680
2006/09/13,12901,29300
2006/09/14,13075,29532
2006/09/15,12779,29000
2006/09/18,12611,29000
2006/09/19,13120,28700
2006/09/20,13280,28700
2006/09/21,13121,28990
2006/09/22,13710,29475
2006/09/26,13940,29699
2006/09/27,14098,29550
2006/09/28,14015,29495
2006/09/29,13749,29120
2006/10/02,14325,29690
2006/10/03,13702,28422
2006/10/04,13772,28506
2006/10/05,13900,29125
2006/10/06,13829,29075
2006/10/09,13896,29500
2006/10/10,13636,29295
2006/10/11,13340,29200
2006/10/12,12906,28650
2006/10/13,12940,29200
2006/10/16,12919,29000
2006/10/17,12880,29216
2006/10/18,12980,29625
2006/10/19,12765,29260
2006/10/20,12801,30300
2006/10/23,12880,30740
2006/10/24,13052,31465
2006/10/25,13353,32041
2006/10/26,12961,31690
2006/10/27,12465,31074
2006/10/30,12720,31975
2006/10/31,12200,31260
2006/11/01,12540,31475
2006/11/02,12610,31600
2006/11/03,12899,31800
2006/11/06,13185,32250
2006/11/07,13173,31725
2006/11/08,13088,32100
2006/11/09,12790,31825
2006/11/10,13020,32250
2006/11/13,12746,31460
2006/11/14,12936,32225
2006/11/15,12513,31740
2006/11/16,12260,31605
2006/11/17,11940,30251
2006/11/20,12349,31699
2006/11/21,12450,32200
2006/11/22,12502,32701
2006/11/23,12075,32600
2006/11/24,12610,33550
2006/11/27,12550,33695
2006/11/28,12925,33750
2006/11/29,12850,33566
2006/11/30,13285,34350
2006/12/01,13502,34555
2006/12/04,13801,34100
2006/12/05,13600,33700
2006/12/06,13145,32999
2006/12/07,12888,32374
2006/12/08,12850,33398
2006/12/11,12600,33000
2006/12/12,12449,32280
2006/12/13,12470,32300
2006/12/14,12598,32587
2006/12/15,12400,32500
2006/12/18,12801,32450
2006/12/19,12810,32202
2006/12/20,13055,32280
2006/12/21,13169,32450
2006/12/22,12866,31845
2006/12/27,13150,33010
2006/12/28,13350,33399
2006/12/29,13275,32999
2007/01/02,13499,33600
2007/01/03,13150,32800
2007/01/04,12570,32130
2007/01/05,12310,31750
2007/01/09,12475,32551
2007/01/10,12300,32301
2007/01/11,12405,32440
2007/01/12,12310,32201
2007/01/15,12380,32610
2007/01/16,12199,32609
2007/01/17,12155,32801
2007/01/18,12205,33451
2007/01/19,11900,32199
2007/01/22,11950,32500
2007/01/23,12375,33170
2007/01/24,12600,34130
2007/01/25,12626,34699
2007/01/26,12106,33880
2007/01/29,11850,34140
2007/01/30,11700,33650
2007/01/31,12121,34200
2007/02/01,12199,34500
2007/02/02,12000,34200
2007/02/05,12016,33850
2007/02/06,12241,34000
2007/02/07,12199,34000
2007/02/08,11950,33850
2007/02/09,12450,34850
2007/02/12,12625,35230
2007/02/13,12413,34899
2007/02/14,12550,34650
2007/02/15,12575,34300
2007/02/16,12560,33950
2007/02/19,12500,33741
2007/02/20,12255,33105
2007/02/21,12300,33105
2007/02/22,12875,33500
2007/02/23,13250,33400
2007/02/26,13250,33500
2007/02/27,12785,32300
2007/02/28,12496,31500
2007/03/01,12406,31201
2007/03/02,12420,31780
2007/03/05,12306,30600
2007/03/06,12500,31412
2007/03/07,12475,31200
2007/03/08,12580,31425
2007/03/09,12550,31700
2007/03/12,12625,31700
2007/03/13,12685,32050
2007/03/14,12500,31350
2007/03/15,12675,32199
2007/03/16,12780,32800
2007/03/19,12950,33400
2007/03/20,13100,33090
2007/03/22,13055,33038
2007/03/23,13020,33016
2007/03/26,12950,32700
2007/03/27,13100,32422
2007/03/28,13430,33010
2007/03/29,13333,32479
2007/03/30,13450,32500
2007/04/02,13670,32611
2007/04/03,13750,33352
2007/04/04,13700,33200
2007/04/05,13700,32975
2007/04/10,13720,33200
2007/04/11,14200,33461
2007/04/12,14000,33600
2007/04/13,14200,34600
2007/04/16,14174,34924
2007/04/17,14000,34095
2007/04/18,13630,33750
2007/04/19,13330,33189
2007/04/20,13400,33599
2007/04/23,13305,33385
2007/04/24,13035,32575
2007/04/25,13060,31990
2007/04/26,12924,31998
2007/04/30,12801,31531
2007/05/02,12800,31606
2007/05/03,12600,31100
2007/05/04,12650,31100
2007/05/07,12515,30975
2007/05/08,12250,30302
2007/05/09,12220,30400
2007/05/10,12175,30500
2007/05/11,12100,30026
2007/05/14,11682,29601
2007/05/15,12000,30099
2007/05/16,11950,29700
2007/05/17,11925,29501
2007/05/18,12145,30200
2007/05/21,12200,30500
2007/05/22,12200,30475
2007/05/23,12400,30455
2007/05/24,12525,30500
2007/05/25,12300,29921
2007/05/28,12050,29400
2007/05/29,12100,29525
2007/05/30,12090,29100
2007/05/31,12052,29205
2007/06/01,12227,30100
2007/06/04,12200,30725
2007/06/05,12150,30700
2007/06/06,11895,30106
2007/06/07,11775,29750
2007/06/08,11425,29006
2007/06/11,11685,29624
2007/06/12,11352,29075
2007/06/13,11510,29175
2007/06/14,11580,29160
2007/06/15,11721,29025
2007/06/18,11575,29100
2007/06/19,11450,28630
2007/06/20,11700,28661
2007/06/21,11750,28099
2007/06/22,11700,27700
2007/06/25,11699,27405
2007/06/26,11472,26926
2007/06/27,11150,26800
2007/06/28,11000,26585
2007/06/29,10940,26710
2007/07/02,11050,26700
2007/07/03,11000,26655
2007/07/04,10720,26599
2007/07/05,10900,26600
2007/07/06,11090,27875
2007/07/09,11425,28638
2007/07/10,11460,29220
2007/07/11,11360,29095
2007/07/12,11725,29875
2007/07/13,12000,30110
2007/07/16,12155,30087
2007/07/17,12100,30101
2007/07/18,12275,30799
2007/07/19,12389,30654
2007/07/20,12500,31450
2007/07/23,12241,31050
2007/07/24,12150,31045
2007/07/25,11875,30040
2007/07/26,11810,29992
2007/07/27,11572,29101
2007/07/30,11680,29620
2007/07/31,11739,30122
2007/08/01,11209,29271
2007/08/02,11250,29250
2007/08/03,11145,28800
2007/08/06,10600,27250
2007/08/07,10465,27000
2007/08/08,11005,27200
2007/08/10,10914,26600
2007/08/13,10730,26980
2007/08/14,10625,26867
2007/08/15,10890,26900
2007/08/16,10575,26349
2007/08/17,10434,26175
2007/08/20,10400,26900
2007/08/21,10345,26900
2007/08/22,10560,26950
2007/08/23,10625,27598
2007/08/24,10655,27076
2007/08/27,10580,27332
2007/08/28,10750,27005
2007/08/29,10675,27050
2007/08/30,10678,27549
2007/08/31,10950,27921
2007/09/03,11100,28950
2007/09/04,11190,29205
2007/09/05,11240,29095
2007/09/06,11400,29300
2007/09/07,11860,30701
2007/09/10,11811,30000
2007/09/11,12025,30000
2007/09/12,12145,31169
2007/09/13,12060,31795
2007/09/14,12038,32000
2007/09/17,11950,32200
2007/09/18,11940,32499
2007/09/19,12399,33033
2007/09/20,12875,33330
2007/09/21,12700,33249
2007/09/25,12200,32599
2007/09/26,12400,31825
2007/09/27,12490,32190
2007/09/28,12415,32620
2007/10/01,12126,30350
2007/10/02,12070,30201
2007/10/03,12025,29955
2007/10/04,12060,30699
2007/10/05,12298,30350
2007/10/08,12130,30320
2007/10/09,12376,30200
2007/10/10,12595,30111
2007/10/11,12700,30300
2007/10/12,12640,30280
2007/10/15,12779,30374
2007/10/16,12650,29601
2007/10/17,12400,29875
2007/10/18,12090,29775
2007/10/19,12201,29795
2007/10/22,11710,29125
2007/10/23,11980,29625
2007/10/24,11760,29470
2007/10/25,11850,30249
2007/10/26,11640,29525
2007/10/29,11800,29700
2007/10/30,11655,29540
2007/10/31,11688,30399
2007/11/01,11301,29270
2007/11/02,11250,27910
2007/11/05,11385,28000
2007/11/06,11500,29210
2007/11/07,11902,30000
2007/11/08,12500,30649
2007/11/09,12550,31180
2007/11/12,12290,31291
2007/11/13,12101,31400
2007/11/14,12300,31515
2007/11/15,11899,30500
2007/11/16,11740,29900
2007/11/19,11659,28950
2007/11/20,11600,29500
2007/11/21,11550,29700
2007/11/22,11500,30299
2007/11/23,11700,30399
2007/11/26,11905,31497
2007/11/27,12000,31850
2007/11/28,11550,31583
2007/11/29,11600,31895
2007/11/30,11509,33800
2007/12/03,11215,33190
2007/12/04,11448,32825
2007/12/05,11422,32755
2007/12/06,10967,31290
2007/12/07,10639,30599
2007/12/10,10470,29601
2007/12/11,10742,30748
2007/12/12,10600,29800
2007/12/13,10390,29530
2007/12/14,10031,29300
2007/12/18,9890,29117
2007/12/19,9800,28200
2007/12/20,9358,28500
2007/12/21,9881,29356
2007/12/24,10190,30099
2007/12/27,10111,29800
2007/12/28,9867,29149
2007/12/31,9900,29300
2008/01/02,10150,29810
2008/01/03,10880,31852
2008/01/04,11206,31575
2008/01/07,11080,31650
2008/01/08,11550,33449
2008/01/09,11725,33700
2008/01/10,11820,33824
2008/01/11,11975,34699
2008/01/14,12100,34400
2008/01/15,11800,33610
2008/01/16,11425,32450
2008/01/17,11900,33599
2008/01/18,11550,31010
2008/01/21,10601,29800
2008/01/22,11132,30510
2008/01/23,11000,29901
2008/01/24,11788,31400
2008/01/25,10788,30299
2008/01/28,10380,29900
2008/01/29,10700,29890
2008/01/30,11075,30800
2008/01/31,11219,31190
2008/02/01,10900,31290
2008/02/04,10050,30051
2008/02/05,10200,29699
2008/02/06,10695,30400
2008/02/07,10600,29899
2008/02/08,10605,28300
2008/02/11,10520,26850
2008/02/12,10500,26850
2008/02/13,10285,26500
2008/02/14,10290,26250
2008/02/15,10201,25700
2008/02/18,10400,25800
2008/02/19,10465,26600
2008/02/20,11000,27005
2008/02/21,11900,28200
2008/02/22,11556,28050
2008/02/25,10875,26700
2008/02/26,10625,26060
2008/02/27,10650,25801
2008/02/28,10768,26705
2008/02/29,10950,28350
2008/03/03,11625,28800
2008/03/04,11800,29200
2008/03/05,11785,28900
2008/03/06,12250,29575
2008/03/07,12763,29500
2008/03/10,12250,28200
2008/03/11,12200,28050
2008/03/12,12225,27500
2008/03/13,13087,27201
2008/03/14,13165,27405
2008/03/17,13500,27745
2008/03/18,12900,27230
2008/03/19,12415,26750
2008/03/20,11925,25200
2008/03/25,11598,25650
2008/03/26,11705,26282
2008/03/27,11780,26600
2008/03/28,11840,27020
2008/03/31,11500,27201
2008/04/01,10699,26512
2008/04/02,10763,26401
2008/04/03,10675,27600
2008/04/04,10654,27575
2008/04/07,10670,28130
2008/04/08,10675,27950
2008/04/09,11015,28102
2008/04/10,11260,28200
2008/04/11,11400,28890
2008/04/14,11485,29205
2008/04/15,11425,29000
2008/04/16,11850,29750
2008/04/17,11680,28900
2008/04/18,11520,28800
2008/04/21,11294,28990
2008/04/22,11070,28410
2008/04/23,10755,28136
2008/04/24,10580,27890
2008/04/25,10500,27204
2008/04/29,10100,26000
2008/04/30,10000,25300
2008/05/05,9970,26300
2008/05/06,10300,28700
2008/05/07,10210,29110
2008/05/08,10467,29500
2008/05/09,10545,30300
2008/05/12,10426,31050
2008/05/13,10431,29550
2008/05/14,10421,29680
2008/05/15,10500,29832
2008/05/16,10452,29600
2008/05/19,10680,29550
2008/05/20,10700,30379
2008/05/21,10785,30745
2008/05/22,10851,30250
2008/05/23,10870,30395
2008/05/26,10620,30740
2008/05/27,10393,30200
2008/05/28,10170,29100
2008/05/29,9926,27400
2008/05/30,9775,28650
2008/06/02,9855,26710
2008/06/03,9800,26667
2008/06/04,9470,26890
2008/06/05,9612,27075
2008/06/06,9850,27400
2008/06/09,9920,27599
2008/06/10,9490,27285
2008/06/11,9249,26455
2008/06/12,9140,26324
2008/06/13,8860,25400
2008/06/17,8860,25305
2008/06/18,8701,25200
2008/06/19,8750,24651
2008/06/20,8802,23975
2008/06/23,8705,23201
2008/06/24,8900,23221
2008/06/25,8980,23850
2008/06/26,9350,25348
2008/06/27,9900,26000
2008/06/30,9950,26885
2008/07/01,10095,26040
2008/07/02,9800,26790
2008/07/03,9400,26000
2008/07/04,9126,25500
2008/07/07,9350,25110
2008/07/08,9130,25010
2008/07/09,9230,25389
2008/07/10,9200,25300
2008/07/11,9600,25780
2008/07/14,9700,25650
2008/07/15,10200,27551
2008/07/16,10150,26600
2008/07/17,10100,27450
2008/07/18,9825,27200
2008/07/21,9662,26000
2008/07/22,9590,25950
2008/07/23,8935,25100
2008/07/24,9060,25026
2008/07/25,8926,25325
2008/07/28,9300,25251
2008/07/29,8900,24500
2008/07/30,8570,23800
2008/07/31,8847,24125
2008/08/01,7900,23101
2008/08/04,7030,22651
2008/08/05,7349,23100
2008/08/06,7500,23050
2008/08/07,7513,22931
2008/08/08,7083,22900
2008/08/11,6950,21751
2008/08/12,6870,20649
2008/08/13,7350,22076
2008/08/14,7280,22300
2008/08/15,6950,20820
2008/08/18,6600,20351
2008/08/19,6825,20216
2008/08/20,6725,20701
2008/08/21,6906,21124
2008/08/22,6850,20660
2008/08/25,6725,20300
2008/08/26,6900,20500
2008/08/27,7300,20980
2008/08/28,7445,21350
2008/08/29,7100,20850
2008/09/01,6560,19800
2008/09/02,6592,19400
2008/09/03,6800,19100
2008/09/04,6647,18820
2008/09/05,6590,18700
2008/09/08,6440,19000
2008/09/09,5895,17544
2008/09/10,5810,17300
2008/09/11,5950,18600
2008/09/12,6240,19500
2008/09/15,6383,19300
2008/09/16,6095,18780
2008/09/17,6875,20300
2008/09/18,7300,21000
2008/09/19,6925,19625
2008/09/22,7520,20000
2008/09/23,7675,20700
2008/09/25,7890,19800
2008/09/26,7972,20000
2008/09/29,7780,19101
2008/09/30,8050,19200
2008/10/01,8120,19100
2008/10/02,7025,17100
2008/10/03,6855,17269
2008/10/06,6750,16825
2008/10/07,6697,16181
2008/10/08,7200,16200
2008/10/09,7774,16312
2008/10/10,8655,18149
2008/10/13,7885,18125
2008/10/14,7382,19899
2008/10/15,7275,19425
2008/10/16,7200,20200
2008/10/17,6775,19099
2008/10/20,6850,19200
2008/10/21,7001,20820
2008/10/22,6403,19602
2008/10/23,6325,18099
2008/10/24,5400,16000
2008/10/27,5540,16400
2008/10/28,5425,15200
2008/10/29,6300,16500
2008/10/30,7005,18000
2008/10/31,6900,18849
2008/11/03,6525,18340
2008/11/04,7000,18700
2008/11/05,7076,19250
2008/11/06,6900,18860
2008/11/07,6490,18400
2008/11/10,6950,18925
2008/11/11,6649,17851
2008/11/12,6565,18200
2008/11/13,5900,16984
2008/11/14,6450,17900
2008/11/17,6340,16650
2008/11/18,6380,16355
2008/11/19,6400,16301
2008/11/20,5800,15499
2008/11/21,6425,18475
2008/11/24,7800,21075
2008/11/25,8040,20100
2008/11/26,8050,20995
2008/11/27,8620,23000
2008/11/28,8370,21900
2008/12/01,7650,21099
2008/12/02,7870,22500
2008/12/03,7740,21995
2008/12/04,7775,22500
2008/12/05,7422,22699
2008/12/08,8500,24700
2008/12/09,8695,24396
2008/12/10,9100,27100
2008/12/11,9305,27220
2008/12/12,9250,27330
2008/12/15,9580,27002
2008/12/17,9635,27000
2008/12/18,8692,24825
2008/12/19,8020,24050
2008/12/22,8192,25108
2008/12/23,8500,25000
2008/12/24,8500,24825
2008/12/29,9040,25700
2008/12/30,9020,24800
2008/12/31,9190,25200
2009/01/02,9051,25775
2009/01/05,8550,24400
2009/01/06,8855,24845
2009/01/07,9205,25451
2009/01/08,9098,25870
2009/01/09,8875,25150
2009/01/12,8497,24800
2009/01/13,8550,24705
2009/01/14,8520,24341
2009/01/15,7737,23750
2009/01/16,8200,25698
2009/01/19,8061,25700
2009/01/20,8340,26179
2009/01/21,8644,26000
2009/01/22,8890,26400
2009/01/23,9155,27100
2009/01/26,10300,29085
2009/01/27,10150,28500
2009/01/28,9575,26990
2009/01/29,10498,27850
2009/01/30,10839,28625
2009/02/02,10900,28400
2009/02/03,10966,27600
2009/02/04,10500,26945
2009/02/05,10410,25406
2009/02/06,10789,26150
2009/02/09,10320,27174
2009/02/10,10540,27406
2009/02/11,11005,28900
2009/02/12,11350,29800
2009/02/13,11201,29800
2009/02/16,11199,29399
2009/02/17,11805,31990
2009/02/18,11766,31499
2009/02/19,11590,31545
2009/02/20,11535,32499
2009/02/23,11195,32600
2009/02/24,10856,30790
2009/02/25,10688,29999
2009/02/26,10095,28849
2009/02/27,10450,29750
2009/03/02,10399,30855
2009/03/03,9450,30000
2009/03/04,10360,30700
2009/03/05,10370,30000
2009/03/06,11401,31350
2009/03/09,11500,31685
2009/03/10,11130,31240
2009/03/11,11215,32300
2009/03/12,12350,33950
2009/03/13,12310,34194
2009/03/16,12280,33701
2009/03/17,11890,32800
2009/03/18,11200,33231
2009/03/19,11905,35976
2009/03/20,11861,35601
2009/03/23,11720,35500
2009/03/24,11045,34299
2009/03/25,11150,35900
2009/03/26,11165,35700
2009/03/27,10820,35700
2009/03/30,11050,35820
2009/03/31,10450,34500
2009/04/01,11190,35000
2009/04/02,10445,32229
2009/04/03,9850,29300
2009/04/06,9476,27400
2009/04/07,10020,29275
2009/04/08,10068,30194
2009/04/09,9860,28790
2009/04/14,9764,28904
2009/04/15,9850,28610
2009/04/16,9510,27899
2009/04/17,9242,27170
2009/04/20,9810,28000
2009/04/21,9670,27712
2009/04/23,9750,28370
2009/04/24,10000,28859
2009/04/28,9718,28380
2009/04/29,9450,27950
2009/04/30,8835,26180
2009/05/04,9162,26800
2009/05/05,9450,27600
2009/05/06,9950,30000
2009/05/07,9701,29296
2009/05/08,9990,29610
2009/05/11,10340,30540
2009/05/12,10500,31450
2009/05/13,10770,31941
2009/05/14,10500,31221
2009/05/15,10745,32400
2009/05/18,10250,30250
2009/05/19,10275,30050
2009/05/20,10862,30960
2009/05/21,10560,30650
2009/05/22,11060,31521
2009/05/25,11060,32417
2009/05/26,10801,31501
2009/05/27,10620,31290
2009/05/28,10640,32500
2009/05/29,11001,34600
2009/06/01,10700,33405
2009/06/02,10860,33800
2009/06/03,10400,33298
2009/06/04,10390,33099
2009/06/05,10000,31500
2009/06/08,9575,31450
2009/06/09,9912,31953
2009/06/10,9620,31820
2009/06/11,9335,30451
2009/06/12,9500,29600
2009/06/15,9200,29350
2009/06/17,9351,29600
2009/06/18,9800,29800
2009/06/19,9876,30790
2009/06/22,9399,28901
2009/06/23,9336,28420
2009/06/24,9700,29550
2009/06/25,9810,30000
2009/06/26,9800,29825
2009/06/29,9690,29500
2009/06/30,9352,28302
2009/07/01,9674,29250
2009/07/02,9301,28295
2009/07/03,9366,28700
2009/07/06,9020,27600
2009/07/07,9215,27700
2009/07/08,9190,28285
2009/07/09,9051,28200
2009/07/10,9180,28300
2009/07/13,8999,27250
2009/07/14,9400,28850
2009/07/15,9769,30000
2009/07/16,9350,29501
2009/07/17,9300,29655
2009/07/20,9394,30852
2009/07/21,9200,30700
2009/07/22,9150,30130
2009/07/23,9201,30705
2009/07/24,9197,30589
2009/07/27,9175,30099
2009/07/28,9054,28742
2009/07/29,9050,28800
2009/07/30,9185,29260
2009/07/31,9245,29600
2009/08/03,9650,30900
2009/08/04,9930,31100
2009/08/05,9950,30215
2009/08/06,10203,30900
2009/08/07,9898,30526
2009/08/11,9601,29001
2009/08/12,9725,29150
2009/08/13,10175,30426
2009/08/14,9900,30589
2009/08/17,9575,29425
2009/08/18,9651,29050
2009/08/19,9595,28950
2009/08/20,9580,29109
2009/08/21,9550,29417
2009/08/24,9499,29199
2009/08/25,9443,29941
2009/08/26,9150,29890
2009/08/27,9200,29350
2009/08/28,9280,30375
2009/08/31,9473,29805
2009/09/01,9372,28340
2009/09/02,9906,29501
2009/09/03,10399,31505
2009/09/04,10400,32100
2009/09/07,10615,32400
2009/09/08,10950,32800
2009/09/09,10600,31265
2009/09/10,10650,31915
2009/09/11,10900,32790
2009/09/14,10652,31905
2009/09/15,10550,31900
2009/09/16,10878,33133
2009/09/17,10804,33226
2009/09/18,10495,32660
2009/09/21,10215,30924
2009/09/22,10400,31150
2009/09/23,10228,30496
2009/09/25,10000,29200
2009/09/28,10001,29311
2009/09/29,9950,29500
2009/09/30,10150,30150
2009/10/01,10550,30788
2009/10/02,10395,30000
2009/10/05,10300,30519
2009/10/06,11058,32361
2009/10/07,11100,33100
2009/10/08,11020,32952
2009/10/09,10900,33050
2009/10/12,10950,33100
2009/10/13,10980,33550
2009/10/14,10880,33403
2009/10/15,10674,32499
2009/10/16,10720,33200
2009/10/19,10450,32950
2009/10/20,10400,32563
2009/10/21,10510,32505
2009/10/22,10650,32650
2009/10/23,10670,32500
2009/10/26,10725,32594
2009/10/27,10435,31499
2009/10/28,10300,30689
2009/10/29,10225,30099
2009/10/30,10050,28990
2009/11/02,10179,30010
2009/11/03,10150,30290
2009/11/04,10750,31526
2009/11/05,10410,30131
2009/11/06,10602,31201
2009/11/09,10690,31290
2009/11/10,10730,31505
2009/11/11,10900,32216
2009/11/12,10850,32795
2009/11/13,10560,32700
2009/11/16,10895,33360
2009/11/17,10875,33410
2009/11/18,10705,33600
2009/11/19,10695,32499
2009/11/20,10940,32900
2009/11/23,11100,34075
2009/11/24,10900,33000
2009/11/25,11000,33300
2009/11/26,11160,33300
2009/11/27,10799,33050
2009/11/30,10810,32401
2009/12/01,11300,33995
2009/12/02,11450,34500
2009/12/03,11474,33800
2009/12/04,11100,32800
2009/12/07,10638,31600
2009/12/08,10590,31550
2009/12/09,10401,31700
2009/12/10,10689,31950
2009/12/11,10555,31720
2009/12/14,10499,31550
2009/12/15,10525,31300
2009/12/17,10504,30711
2009/12/18,10480,30600
2009/12/21,10179,30905
2009/12/22,10190,30750
2009/12/23,10087,30749
2009/12/24,10135,30900
2009/12/28,10074,30970
2009/12/29,9710,30125
2009/12/30,9650,29950
2009/12/31,9798,30629
2010/01/04,9935,30707
2010/01/05,9900,30895
2010/01/06,10026,32065
2010/01/07,9985,31900
2010/01/08,10035,32200
2010/01/11,10170,32451
2010/01/12,10100,31700
2010/01/13,9850,31005
2010/01/14,9980,30960
2010/01/15,9800,30050
2010/01/18,9670,30370
2010/01/19,9800,29830
2010/01/20,9570,29285
2010/01/21,9560,29300
2010/01/22,9225,29200
2010/01/25,9556,29360
2010/01/26,9300,28701
2010/01/27,9200,28601
2010/01/28,9150,28496
2010/01/29,8905,27895
2010/02/01,9000,27410
2010/02/02,9085,28095
2010/02/03,8900,28100
2010/02/04,8330,26912
2010/02/05,8640,27325
2010/02/08,8830,28100
2010/02/09,8755,28600
2010/02/10,8880,28515
2010/02/11,8850,28725
2010/02/12,9048,28900
2010/02/15,9333,29100
2010/02/16,9460,29760
2010/02/17,9385,29500
2010/02/18,9320,28610
2010/02/19,9175,28100
2010/02/22,9100,28090
2010/02/23,8941,27450
2010/02/24,8784,27225
2010/02/25,8789,27268
2010/02/26,8885,27699
2010/03/01,8754,27360
2010/03/02,8998,27800
2010/03/03,9180,28100
2010/03/04,9160,28199
2010/03/05,9245,28315
2010/03/08,9200,27880
2010/03/09,9050,27719
2010/03/10,9000,27805
2010/03/11,8800,27500
2010/03/12,9035,28000
2010/03/15,8845,27800
2010/03/16,9050,28100
2010/03/17,9050,28480
2010/03/18,9165,28499
2010/03/19,9120,28350
2010/03/23,9178,28150
2010/03/24,9100,27700
2010/03/25,9090,27500
2010/03/26,8950,27485
2010/03/29,9200,28149
2010/03/30,9084,27661
2010/03/31,9220,27795
2010/04/01,9290,28360
2010/04/06,9515,29500
2010/04/07,9502,29675
2010/04/08,9600,29699
2010/04/09,9705,30120
2010/04/12,9550,29725
2010/04/13,9325,28800
2010/04/14,9599,29444
2010/04/15,9601,29400
2010/04/16,9361,28700
2010/04/19,9400,29030
2010/04/20,9425,29050
2010/04/21,9450,28850
2010/04/22,9550,28900
2010/04/23,9720,29250
2010/04/26,9601,29686
2010/04/28,9655,30285
2010/04/29,9849,30695
2010/04/30,9868,31149
2010/05/03,9843,30812
2010/05/04,9942,31020
2010/05/05,9900,31300
2010/05/06,10000,31150
2010/05/07,9848,32000
2010/05/10,9699,31080
2010/05/11,10275,32494
2010/05/12,10445,32899
2010/05/13,10399,32599
2010/05/14,10325,31845
2010/05/17,10350,32290
2010/05/18,10119,32159
2010/05/19,10000,31820
2010/05/20,10180,31400
2010/05/21,9946,30810
2010/05/24,10002,30875
2010/05/25,10261,31861
2010/05/26,10550,33699
2010/05/27,10500,32689
2010/05/28,10450,31994
2010/05/31,10774,32799
2010/06/01,10831,32778
2010/06/02,10600,32472
2010/06/03,10545,32510
2010/06/04,10420,32210
2010/06/07,10500,32900
2010/06/08,10504,33280
2010/06/09,10450,32800
2010/06/10,10400,32670
2010/06/11,10305,32418
2010/06/14,10331,32695
2010/06/15,10368,32905
2010/06/17,10660,33700
2010/06/18,10534,33900
2010/06/21,10325,33575
2010/06/22,10250,33580
2010/06/23,10250,33200
2010/06/24,10301,33594
2010/06/25,10450,33685
2010/06/28,10605,33700
2010/06/29,10418,33100
2010/06/30,10380,33195
2010/07/01,9985,32100
2010/07/02,10054,31900
2010/07/05,10150,31425
2010/07/06,9765,31184
2010/07/07,9921,30995
2010/07/08,9750,30670
2010/07/09,9950,31218
2010/07/12,10040,31333
2010/07/13,10102,31590
2010/07/14,10050,31351
2010/07/15,10100,31100
2010/07/16,9952,30964
2010/07/19,9600,30200
2010/07/20,9600,30040
2010/07/21,9680,30150
2010/07/22,9742,30199
2010/07/23,9785,29700
2010/07/26,9630,29599
2010/07/27,9490,28900
2010/07/28,9630,29162
2010/07/29,9680,29100
2010/07/30,9835,29480
2010/08/02,9800,29350
2010/08/03,10177,30098
2010/08/04,10349,30400
2010/08/05,10230,30500
2010/08/06,10139,30861
2010/08/10,10125,30959
2010/08/11,10456,31420
2010/08/12,10423,31500
2010/08/13,10223,31323
2010/08/16,10275,31800
2010/08/17,10345,31900
2010/08/18,10193,31680
2010/08/19,10330,31931
2010/08/20,10243,31765
2010/08/23,10220,31748
2010/08/24,10222,31329
2010/08/25,10115,31000
2010/08/26,10349,31382
2010/08/27,10420,31000
2010/08/30,10445,31268
2010/08/31,10600,31640
2010/09/01,10399,30840
2010/09/02,10488,31401
2010/09/03,10405,31290
2010/09/06,10657,31785
2010/09/07,10715,32050
2010/09/08,10815,32207
2010/09/09,10640,31615
2010/09/10,10652,32100
2010/09/13,10750,32190
2010/09/14,11199,33220
2010/09/15,10995,31600
2010/09/16,10910,32150
2010/09/17,10659,31700
2010/09/20,10712,31599
2010/09/21,10600,31490
2010/09/22,10760,31868
2010/09/23,10700,32348
2010/09/27,10435,31792
2010/09/28,10434,32195
2010/09/29,10480,32199
2010/09/30,10560,32335
2010/10/01,10605,32700
2010/10/04,10610,32250
2010/10/05,10979,32720
2010/10/06,10820,32350
2010/10/07,10662,31985
2010/10/08,10630,32173
2010/10/11,10673,31970
2010/10/12,10850,32000
2010/10/13,11045,32490
2010/10/14,10918,32275
2010/10/15,10700,32200
2010/10/18,10750,32492
2010/10/19,10600,31949
2010/10/20,10686,32110
2010/10/21,10570,31950
2010/10/22,10500,31578
2010/10/25,10650,32179
2010/10/26,10593,32160
2010/10/27,10565,31540
2010/10/28,10699,32225
2010/10/29,10962,32649
2010/11/01,10960,32657
2010/11/02,10878,32350
2010/11/03,10795,32318
2010/11/04,11100,33000
2010/11/05,11595,33780
2010/11/08,11602,33799
2010/11/09,12075,35010
2010/11/10,11985,34987
2010/11/11,12300,35700
2010/11/12,12356,34800
2010/11/15,12166,34525
2010/11/16,11899,33750
2010/11/17,11800,33519
2010/11/18,11800,33749
2010/11/19,11750,33439
2010/11/22,11725,33484
2010/11/23,11830,33685
2010/11/24,11900,33249
2010/11/25,11729,33445
2010/11/26,11652,32999
2010/11/29,11700,33050
2010/11/30,11566,32837
2010/12/01,11758,32990
2010/12/02,12099,33699
2010/12/03,12200,33940
2010/12/06,12470,34479
2010/12/07,12465,33990
2010/12/08,12285,33749
2010/12/09,12285,33435
2010/12/10,12160,33234
2010/12/13,12399,34029
2010/12/14,12545,34600
2010/12/15,12590,34600
2010/12/17,12172,32932
2010/12/20,12279,33282
2010/12/21,11975,32849
2010/12/22,11903,32600
2010/12/23,11851,32290
2010/12/24,11941,32680
2010/12/28,11921,32550
2010/12/29,11997,33040
2010/12/30,12020,32772
2010/12/31,12060,32690
2011/01/03,12150,32900
2011/01/04,11800,31500
2011/01/05,11600,31400
2011/01/06,11600,31250
2011/01/07,11605,30690
2011/01/10,11629,30489
2011/01/11,11849,31048
2011/01/12,11800,30979
2011/01/13,11666,30999
2011/01/14,11640,30800
2011/01/17,11500,31100
2011/01/18,11565,31000
2011/01/19,11665,31430
2011/01/20,11580,31150
2011/01/21,11625,31700
2011/01/24,11520,31450
2011/01/25,11141,30765
2011/01/26,11250,30815
2011/01/27,11365,31195
2011/01/28,11182,30970
2011/01/31,11284,30637
2011/02/01,11350,31069
2011/02/02,11574,31949
2011/02/03,11500,32100
2011/02/04,11799,32875
2011/02/07,11605,32624
2011/02/08,11798,32750
2011/02/09,11711,32802
2011/02/10,11434,32251
2011/02/11,11630,32825
2011/02/14,11536,32924
2011/02/15,11799,33300
2011/02/16,11881,33230
2011/02/17,12053,33595
2011/02/18,12374,34000
2011/02/21,12840,35174
2011/02/22,12600,34655
2011/02/23,12520,34700
2011/02/24,12385,34377
2011/02/25,12201,33845
2011/02/28,12479,33949
2011/03/01,12425,34000
2011/03/02,12450,33840
2011/03/03,12399,34190
2011/03/04,12197,33400
2011/03/07,12100,32900
2011/03/08,12115,32550
2011/03/09,12200,32788
2011/03/10,11825,31452
2011/03/11,11900,32199
2011/03/14,11960,31901
2011/03/15,11725,31550
2011/03/16,11799,31650
2011/03/17,11565,31050
2011/03/18,11500,31200
2011/03/22,11300,31150
2011/03/23,11575,31899
2011/03/24,11970,32600
2011/03/25,11650,32150
2011/03/28,11434,31610
2011/03/29,11725,32000
2011/03/30,11775,32400
2011/03/31,11845,32450
2011/04/01,11877,33050
2011/04/04,11925,32870
2011/04/05,12075,33124
2011/04/06,12350,33800
2011/04/07,12250,33210
2011/04/08,12270,33700
2011/04/11,12190,33050
2011/04/12,12125,32700
2011/04/13,12161,33200
2011/04/14,12270,33700
2011/04/15,12200,33450
2011/04/18,11982,32990
2011/04/19,11950,33165
2011/04/20,12291,34050
2011/04/21,12125,33701
2011/04/26,11890,33300
2011/04/28,11680,32900
2011/04/29,11728,33278
2011/05/03,11311,32200
2011/05/04,11000,31420
2011/05/05,10850,31250
2011/05/06,10900,31090
2011/05/09,10785,30800
2011/05/10,10901,31100
2011/05/11,10732,30999
2011/05/12,10660,30470
2011/05/13,10899,31040
2011/05/16,10925,30901
2011/05/17,10674,30880
2011/05/19,10680,31183
2011/05/20,10705,31100
2011/05/23,10950,31300
2011/05/24,11040,31380
2011/05/25,11202,31480
2011/05/26,11096,30910
2011/05/27,11015,31340
2011/05/30,11250,31600
2011/05/31,11300,31400
2011/06/01,11179,31275
2011/06/02,10851,30550
2011/06/03,10725,30382
2011/06/06,10405,30330
2011/06/07,10135,29930
2011/06/08,9875,28999
2011/06/09,10001,29640
2011/06/10,9899,29105
2011/06/13,9901,29050
2011/06/14,9845,29215
2011/06/15,9920,29250
2011/06/17,9629,28727
2011/06/20,9810,28801
2011/06/21,9842,28836
2011/06/22,9860,29143
2011/06/23,9568,28213
2011/06/24,9560,27849
2011/06/27,9634,27700
2011/06/28,9751,28100
2011/06/29,9946,28799
2011/06/30,9919,28550
2011/07/01,9580,27880
2011/07/04,9874,27840
2011/07/05,9700,27935
2011/07/06,9998,28695
2011/07/07,10000,28675
2011/07/08,9844,28500
2011/07/11,9935,28650
2011/07/12,10243,29035
2011/07/13,10675,30200
2011/07/14,10490,30140
2011/07/15,10703,30650
2011/07/18,10901,31400
2011/07/19,10830,31276
2011/07/20,10749,30522
2011/07/21,10645,30100
2011/07/22,10579,30320
2011/07/25,10698,30275
2011/07/26,10420,29327
2011/07/27,10350,29008
2011/07/28,10350,28111
2011/07/29,10360,28100
2011/08/01,10571,28538
2011/08/02,10799,29000
2011/08/03,10907,30071
2011/08/04,10816,29784
2011/08/05,10550,29470
2011/08/08,10567,30189
2011/08/10,11250,31896
2011/08/11,11800,32200
2011/08/12,11499,31650
2011/08/15,11754,31795
2011/08/16,12100,32720
2011/08/17,11901,32650
2011/08/18,11875,32705
2011/08/19,12060,32472
2011/08/22,12465,33300
2011/08/23,11925,32521
2011/08/24,11382,31201
2011/08/25,11399,31550
2011/08/26,11368,31650
2011/08/29,11390,31400
2011/08/30,11531,31752
2011/08/31,11700,31800
2011/09/01,11593,31757
2011/09/02,11890,32213
2011/09/05,11800,32895
2011/09/06,11702,32903
2011/09/07,11619,32549
2011/09/08,11925,33700
2011/09/09,12325,34202
2011/09/12,12350,34000
2011/09/13,12232,33350
2011/09/14,12525,33710
2011/09/15,12327,33720
2011/09/16,12500,34440
2011/09/19,13255,36150
2011/09/20,13500,36470
2011/09/21,14101,37714
2011/09/22,13932,37150
2011/09/23,13100,35510
2011/09/26,12840,34950
2011/09/27,12725,34680
2011/09/28,12455,33850
2011/09/29,12030,32480
2011/09/30,12486,33890
2011/10/03,12777,34525
2011/10/04,12201,33137
2011/10/05,11921,32791
2011/10/06,11900,32850
2011/10/07,11799,32399
2011/10/10,11860,32199
2011/10/11,11800,32200
2011/10/12,12040,32347
2011/10/13,11999,32445
2011/10/14,11901,32850
2011/10/17,12330,33945
2011/10/18,12200,33292
2011/10/19,12430,33480
2011/10/20,12371,33049
2011/10/21,12550,32899
2011/10/24,12700,33400
2011/10/25,13111,34144
2011/10/26,13440,34750
2011/10/27,13575,35079
2011/10/28,13675,36159
2011/10/31,13720,35850
2011/11/01,13765,36200
2011/11/02,13827,36815
2011/11/03,13825,36990
2011/11/04,13702,36829
2011/11/07,14300,38020
2011/11/08,14300,38025
2011/11/09,14286,38000
2011/11/10,13838,37800
2011/11/11,13800,38000
2011/11/14,13920,38014
2011/11/15,14100,38002
2011/11/16,14025,38250
2011/11/17,13998,37950
2011/11/18,13300,37380
2011/11/21,12958,36600
2011/11/22,13401,37485
2011/11/23,13130,36766
2011/12/02,13130,36766
2011/12/05,13130,36766
2011/12/06,13130,36766
2011/12/07,13130,36766
2011/12/08,13130,36766
2011/12/09,13130,36766
2011/12/12,13130,36766
2011/12/13,13106,36700
2011/12/14,12670,35710
2011/12/15,12713,35475
2011/12/19,12854,34800
2011/12/20,12947,35179
2011/12/21,12791,34947
2011/12/22,12674,34650
2011/12/23,13049,35288
2011/12/28,12599,34339
2011/12/29,12437,33799
2011/12/30,12460,34340
2012/01/03,12654,35026
2012/01/04,12899,36022
2012/01/05,12550,35375
2012/01/06,12900,36000
2012/01/09,12820,35550
2012/01/10,12820,35452
2012/01/11,12550,34974
2012/01/12,12680,35299
2012/01/13,12701,35200
2012/01/16,12820,35510
2012/01/17,12900,35861
2012/01/18,12841,35838
2012/01/19,12615,35099
2012/01/20,12379,34603
2012/01/23,12505,34962
2012/01/24,12572,35000
2012/01/25,12370,34016
2012/01/26,13000,35669
2012/01/27,13106,35848
2012/01/30,13131,36040
2012/01/31,12900,35900
2012/02/01,12755,35725
2012/02/02,12800,35589
2012/02/03,12519,34950
2012/02/06,12700,35104
2012/02/07,12540,34200
2012/02/08,12666,34700
2012/02/09,12799,35198
2012/02/10,12819,34864
2012/02/13,12716,34950
2012/02/14,12796,35005
2012/02/15,12700,33990
2012/02/16,12592,32614
2012/02/17,12598,32975
2012/02/20,12299,32859
2012/02/21,12285,32931
2012/02/22,12222,33194
2012/02/23,12285,33181
2012/02/24,12146,33000
2012/02/27,12015,32382
2012/02/28,11990,32670
2012/02/29,11880,32574
2012/03/01,11583,31775
2012/03/02,11550,31400
2012/03/05,11230,30950
2012/03/06,11107,30010
2012/03/07,11160,30550
2012/03/08,11062,30256
2012/03/09,10916,30218
2012/03/12,11000,30150
2012/03/13,11000,30005
2012/03/14,10883,29173
2012/03/15,10890,29241
2012/03/16,10750,29170
2012/03/19,10623,29025
2012/03/20,10601,28761
2012/03/22,10609,28790
2012/03/23,10705,29249
2012/03/26,10644,29016
2012/03/27,10650,29229
2012/03/28,10499,28571
2012/03/29,10448,28236
2012/03/30,10500,28240
2012/04/02,10759,28449
2012/04/03,10600,28143
2012/04/04,10073,26950
2012/04/05,10198,26869
2012/04/10,10132,26029
2012/04/11,10330,26823
2012/04/12,10300,26772
2012/04/13,10150,26705
2012/04/16,10200,26863
2012/04/17,10000,26440
2012/04/18,9919,26313
2012/04/19,9935,26267
2012/04/20,9845,25701
2012/04/23,9716,25543
2012/04/24,9700,25550
2012/04/25,9802,26057
2012/04/26,10139,27025
2012/04/30,9890,26458
2012/05/02,9961,26335
2012/05/03,9762,25806
2012/05/04,9952,25950
2012/05/07,10015,25859
2012/05/08,9960,25672
2012/05/09,10261,26245
2012/05/10,10600,27200
2012/05/11,10745,27500
2012/05/14,10290,26700
2012/05/15,9965,26054
2012/05/16,9880,26300
2012/05/17,10068,26900
2012/05/18,10365,28593
2012/05/21,10401,28550
2012/05/22,10655,29295
2012/05/23,10473,29110
2012/05/24,11006,30190
2012/05/25,11010,30000
2012/05/28,10967,29998
2012/05/29,11083,30254
2012/05/30,11059,29461
2012/05/31,11419,30850
2012/06/01,11745,31196
2012/06/04,11550,31360
2012/06/05,11674,31500
2012/06/06,11700,31950
2012/06/07,11057,30350
2012/06/08,11186,30260
2012/06/11,11334,30536
2012/06/12,11535,31011
2012/06/13,11393,30799
2012/06/14,11200,30347
2012/06/15,11239,30350
2012/06/18,11254,30308
2012/06/19,11341,30500
2012/06/20,11125,30174
2012/06/21,11071,29900
2012/06/22,10693,28689
2012/06/25,10596,28821
2012/06/26,10760,28975
2012/06/27,10529,28419
2012/06/28,10376,28310
2012/06/29,10385,27900
2012/07/02,10225,27776
2012/07/03,10203,27597
2012/07/04,10140,27621
2012/07/05,10349,28076
2012/07/06,10149,27693
2012/07/09,10011,27100
2012/07/10,10250,27364
2012/07/11,10009,26631
2012/07/12,9963,26401
2012/07/13,10074,26876
2012/07/16,9986,26690
2012/07/17,9843,26301
2012/07/18,9753,25600
2012/07/19,9600,25250
2012/07/20,9917,25725
2012/07/23,10092,26550
2012/07/24,10366,27175
2012/07/25,10431,27600
2012/07/26,10453,27632
2012/07/27,10816,28650
2012/07/30,10802,28500
2012/07/31,10714,28290
2012/08/01,10715,27997
2012/08/02,10900,28341
2012/08/03,10862,27750
2012/08/06,11050,28176
2012/08/07,10849,27900
2012/08/08,10930,27600
2012/08/10,11262,28100
2012/08/13,11219,28272
2012/08/14,11201,28087
2012/08/15,11188,27810
2012/08/16,11375,28577
2012/08/17,11454,28907
2012/08/20,11212,28175
2012/08/21,11147,28795
2012/08/22,11095,28350
2012/08/23,11230,28150
2012/08/24,11005,28304
2012/08/27,10873,27846
2012/08/28,10574,26550
2012/08/29,10523,26400
2012/08/30,10396,26263
2012/08/31,10103,26289
2012/09/03,10160,26928
2012/09/04,10100,26147
2012/09/05,10394,26915
2012/09/06,10699,27401
2012/09/07,10839,28086
2012/09/10,10600,27892
2012/09/11,10511,28139
2012/09/12,10270,28162
2012/09/13,10099,28152
2012/09/14,10544,29385
2012/09/17,10450,29371
2012/09/18,10600,29791
2012/09/19,10993,30118
2012/09/20,11024,30000
2012/09/21,10700,30224
2012/09/25,10543,29865
2012/09/26,10298,28329
2012/09/27,10466,28575
2012/09/28,10675,29242
2012/10/01,10825,29471
2012/10/02,10612,28995
2012/10/03,10563,28508
2012/10/04,10456,28462
2012/10/05,10750,29617
2012/10/08,10898,30299
2012/10/09,10834,30031
2012/10/10,10676,29783
2012/10/11,10782,30100
2012/10/12,10664,29936
2012/10/15,10595,29850
2012/10/16,10776,30450
2012/10/17,10650,30066
2012/10/18,10357,28800
2012/10/19,10200,28137
2012/10/22,10410,28300
2012/10/23,10470,28486
2012/10/24,10519,28575
2012/10/25,10505,28430
2012/10/26,10364,28051
2012/10/29,10300,28075
2012/10/30,10270,27873
2012/10/31,10705,28847
2012/11/01,10913,29337
2012/11/02,10801,28829
2012/11/05,10829,28800
2012/11/06,10730,28841
2012/11/07,11238,30000
2012/11/08,11162,28894
2012/11/09,11095,29600
2012/11/12,11089,29500
2012/11/13,10920,29040
2012/11/14,10623,28041
2012/11/15,10384,27430
2012/11/16,10378,27114
2012/11/19,10494,27220
2012/11/21,10445,27150
2012/11/22,10621,27557
2012/11/23,10500,27428
2012/11/24,10500,27428
2012/11/25,10500,27428
2012/11/26,10662,27642
2012/11/27,10536,27132
2012/11/28,10273,26470
2012/11/29,10860,27500
2012/11/30,11021,27808
2012/12/03,10563,27011
2012/12/04,10375,26718
2012/12/05,10181,26873
2012/12/06,9958,26291
2012/12/07,9793,26223
2012/12/10,10121,26798
2012/12/11,9915,26504
2012/12/12,10028,26302
2012/12/13,10138,26280
2012/12/14,10100,25892
2012/12/18,10000,26289
2012/12/19,10065,26100
2012/12/20,9892,25732
2012/12/21,10000,25700
2012/12/24,10170,25920
2012/12/27,10229,26100
2012/12/28,10400,26412
2012/12/31,10375,26234
2013/01/02,10639,27009
2013/01/03,10653,26905
2013/01/04,10326,26000
2013/01/07,10389,25830
2013/01/08,10188,25100
2013/01/09,10278,24950
2013/01/10,10375,24740
2013/01/11,10500,25288
2013/01/14,10600,25539
2013/01/15,10699,25743
2013/01/16,10685,26099
2013/01/17,10535,25544
2013/01/18,10796,25952
2013/01/21,10700,26146
2013/01/22,10770,25952
2013/01/23,10930,26391
2013/01/24,10985,26180
2013/01/25,10700,25140
2013/01/28,10719,24809
2013/01/29,10560,24979
2013/01/30,10588,25200
2013/01/31,10376,24900
2013/02/01,10600,25312
2013/02/04,10800,25998
2013/02/05,10687,25610
2013/02/06,10548,25635
2013/02/07,10464,25505
2013/02/08,10580,25566
2013/02/11,9150,25185
2013/02/12,9125,25400
2013/02/13,9204,25800
2013/02/14,9026,25466
2013/02/15,8539,24150
2013/02/18,8300,24199
2013/02/19,8312,24090
2013/02/20,8064,23220
2013/02/21,7790,22302
2013/02/22,7800,22369
2013/02/25,7765,22390
2013/02/26,7771,22426
2013/02/27,7624,22330
2013/02/28,7643,22041
2013/03/01,7450,21775
2013/03/04,7268,21745
2013/03/05,7275,21527
2013/03/06,6945,21070
2013/03/07,7472,22407
2013/03/08,7250,22355
2013/03/11,7260,22646
2013/03/12,7345,23025
2013/03/13,7418,23121
2013/03/14,7261,22739
2013/03/15,7433,22860
2013/03/18,7451,22572
2013/03/19,7446,22325
2013/03/20,7412,22109
2013/03/22,7451,22370
2013/03/25,7193,22037
2013/03/26,7100,21800
2013/03/27,7073,21701
2013/03/28,7030,21509
2013/04/02,6854,21100
2013/04/03,6491,20449
2013/04/04,6416,20054
2013/04/05,6542,19900
2013/04/08,6422,19772
2013/04/09,6761,20492
2013/04/10,6606,20073
2013/04/11,6482,19449
2013/04/12,6163,18869
2013/04/15,5882,17500
2013/04/16,5940,17242
2013/04/17,5980,16800
2013/04/18,5861,16333
2013/04/19,6098,17183
2013/04/22,6250,17230
2013/04/23,6186,16892
2013/04/24,6450,17215
2013/04/25,7014,17715
2013/04/26,6785,17355
2013/04/29,6658,16991
2013/04/30,6387,16740
2013/05/02,6480,17127
2013/05/03,6397,16959
2013/05/06,6381,17156
2013/05/07,6153,16694
2013/05/08,6085,16966
2013/05/09,6264,17117
2013/05/10,6010,16821
2013/05/13,6026,16914
2013/05/14,5995,17050
2013/05/15,5732,16523
2013/05/16,5864,16450
2013/05/17,5534,16200
2013/05/20,5415,15528
2013/05/21,5508,15801
2013/05/22,5600,15781
2013/05/23,5658,15899
2013/05/24,5538,15862
2013/05/27,5640,15780
2013/05/28,5531,15900
2013/05/29,5640,15905
2013/05/30,6220,17650
2013/05/31,6144,18205
2013/06/03,6061,18159
2013/06/04,5934,17392
2013/06/05,6128,17779
2013/06/06,6229,17578
2013/06/07,6155,16996
2013/06/10,6275,17375
2013/06/11,6027,16760
2013/06/12,5988,16701
2013/06/13,5817,16100
2013/06/14,5957,16213
2013/06/18,5919,15905
2013/06/19,5777,15380
2013/06/20,5535,14924
2013/06/21,5333,14552
2013/06/24,5172,14536
2013/06/25,5033,14070
2013/06/26,4825,13313
2013/06/27,4761,13421
2013/06/28,5077,13998
2013/07/01,5150,14450
2013/07/02,5150,14615
2013/07/03,4873,13900
2013/07/04,4960,13770
2013/07/05,4890,12800
2013/07/08,4983,13032
2013/07/09,4950,12780
2013/07/10,4960,12867
2013/07/11,5218,13047
2013/07/12,5264,12750
2013/07/15,5144,12542
2013/07/16,5240,12230
2013/07/17,5245,12600
2013/07/18,5245,12721
2013/07/19,5290,12700
2013/07/22,5670,13735
2013/07/23,5720,13857
2013/07/24,5846,13728
2013/07/25,5786,13698
2013/07/26,5623,13129
2013/07/29,5916,13305
2013/07/30,5910,12845
2013/07/31,5850,12832
2013/08/01,5981,12969
2013/08/02,5670,12744
2013/08/05,5545,12612
2013/08/06,5300,12198
2013/08/07,5188,11750
2013/08/08,5275,11799
2013/08/12,5982,13199
2013/08/13,5908,13187
2013/08/14,6153,13400
2013/08/15,6164,13550
2013/08/16,6450,14498
2013/08/19,6380,14170
2013/08/20,6468,14451
2013/08/21,6591,14909
2013/08/22,5989,14266
2013/08/23,5520,14441
2013/08/26,5770,14797
2013/08/27,6040,15415
2013/08/28,5697,14480
2013/08/29,5250,13369
2013/08/30,5391,14000
2013/09/02,5332,13839
2013/09/03,5326,14070
2013/09/04,5291,13520
2013/09/05,5290,13922
2013/09/06,5253,13825
2013/09/09,5225,14180
2013/09/10,5170,13753
2013/09/11,5040,13445
2013/09/12,4813,12980
2013/09/13,4740,12755
2013/09/16,4655,12581
2013/09/17,4679,12749
2013/09/18,4700,12510
2013/09/19,4914,13800
2013/09/20,4646,13348
2013/09/23,4756,13188
2013/09/25,4700,13215
2013/09/26,4702,13412
2013/09/27,4700,13457
2013/09/30,4609,13442
2013/10/01,4480,12951
2013/10/02,4537,13178
2013/10/03,4539,12935
2013/10/04,4506,12753
2013/10/07,4496,13020
2013/10/08,4462,13026
2013/10/09,4391,12579
2013/10/10,4453,13150
2013/10/11,4347,12918
2013/10/14,4410,13375
2013/10/15,4347,13342
2013/10/16,4380,13540
2013/10/17,4435,14324
2013/10/18,4437,14413
2013/10/21,4443,14716
2013/10/22,4632,15882
2013/10/23,4646,15776
2013/10/24,4623,15532
2013/10/25,4658,15438
2013/10/28,4886,15944
2013/10/29,4800,16229
2013/10/30,4796,16116
2013/10/31,4710,15270
2013/11/01,4601,15372
2013/11/04,4557,15075
2013/11/05,4455,14901
2013/11/06,4565,15820
2013/11/07,4673,16089
2013/11/08,4610,15475
2013/11/11,4515,15475
2013/11/12,4660,15831
2013/11/13,4555,15620
2013/11/14,4653,16035
2013/11/15,4769,16038
2013/11/18,4605,15580
2013/11/19,4582,14945
2013/11/20,4402,14569
2013/11/21,4187,13930
2013/11/22,4085,14005
2013/11/25,4034,13430
2013/11/26,4057,13309
2013/11/27,4034,13348
2013/11/28,4124,13468
2013/11/29,4072,13552
2013/12/02,3970,13701
2013/12/03,3920,12850
2013/12/04,3792,12921
2013/12/05,3681,12758
2013/12/06,3729,12737
2013/12/09,3726,12550
2013/12/10,3814,13420
2013/12/11,3807,13139
2013/12/12,3576,12185
2013/12/13,3532,12142
2013/12/17,3529,12372
2013/12/18,3375,12200
2013/12/19,3231,11680
2013/12/20,3140,11756
2013/12/23,3172,11614
2013/12/24,3194,11590
2013/12/27,3299,12240
2013/12/30,3325,12388
2013/12/31,3289,12292
2014/01/02,3450,13032
2014/01/03,3477,13096
2014/01/06,3404,13045
2014/01/07,3345,12453
2014/01/08,3320,12493
2014/01/09,3290,12417
2014/01/10,3235,12340
2014/01/13,3341,13015
2014/01/14,3442,13701
2014/01/15,3435,13550
2014/01/16,3545,13834
2014/01/17,3650,14450
2014/01/20,3745,15121
2014/01/21,3625,14400
2014/01/22,3659,14665
2014/01/23,3750,14800
2014/01/24,3899,15800
2014/01/27,3925,15800
2014/01/28,3840,15255
2014/01/29,3939,16310
2014/01/30,3788,15963
2014/01/31,3925,16276
2014/02/03,3850,16530
2014/02/04,3824,15982
2014/02/05,3880,16280
2014/02/06,3880,16235
2014/02/07,3800,16433
2014/02/10,4041,17574
2014/02/11,4163,17922
2014/02/12,4317,18550
2014/02/13,4093,18499
2014/02/14,4442,19223
2014/02/17,4495,19241
2014/02/18,4344,19001
2014/02/19,4389,19431
2014/02/20,4247,19190
2014/02/21,4318,19572
2014/02/24,4339,19805
2014/02/25,4186,19562
2014/02/26,4024,18940
2014/02/27,4035,18924
2014/02/28,4091,19055
2014/03/03,4111,19838
2014/03/04,3911,19067
2014/03/05,3777,18800
2014/03/06,4010,19512
2014/03/07,4045,19691
2014/03/10,4070,20218
2014/03/11,4236,20257
2014/03/12,4387,20395
2014/03/13,4459,20309
2014/03/14,4565,20900
2014/03/17,4595,20760
2014/03/18,4385,20300
2014/03/19,4346,20016
2014/03/20,4564,19700
2014/03/24,4390,18785
2014/03/25,4407,19117
2014/03/26,4297,18450
2014/03/27,4119,17955
2014/03/28,4174,18628
2014/03/31,4053,18290
2014/04/01,3970,18261
2014/04/02,4101,18543
2014/04/03,4085,18267
2014/04/04,4133,18503
2014/04/07,4091,18629
2014/04/08,4135,18987
2014/04/09,4228,19017
2014/04/10,4295,19293
2014/04/11,4350,19060
2014/04/14,4339,19149
2014/04/15,4225,18425
2014/04/16,4316,18263
2014/04/17,4274,18373
2014/04/22,4220,18265
2014/04/23,4282,18670
2014/04/24,4390,19025
2014/04/25,4441,19301
2014/04/29,4379,19141
2014/04/30,4411,18987
2014/05/02,4391,18993
2014/05/05,4485,19200
2014/05/06,4390,19044
2014/05/08,4256,18485
2014/05/09,4189,18082
2014/05/12,4160,18047
2014/05/13,4105,17739
2014/05/14,4104,17860
2014/05/15,4130,17584
2014/05/16,4138,17594
2014/05/19,4172,17650
2014/05/20,4135,17700
2014/05/21,4150,17647
2014/05/22,4160,17573
2014/05/23,4053,17450
2014/05/26,4060,17420
2014/05/27,3925,16541
2014/05/28,3805,16086
2014/05/29,3690,16359
2014/05/30,3715,16489
2014/06/02,3735,16760
2014/06/03,3802,16832
2014/06/04,3798,16781
2014/06/05,3816,16981
2014/06/06,3773,16640
2014/06/09,3825,16950
2014/06/10,3984,17100
2014/06/11,3952,17134
2014/06/12,3885,17206
2014/06/13,3856,17050
2014/06/17,3890,17241
2014/06/18,3880,17273
2014/06/19,3956,18000
2014/06/20,4000,18330
2014/06/23,3990,18058
2014/06/24,3996,18094
2014/06/25,3910,17537
2014/06/26,3887,17681
2014/06/27,3864,17823
2014/06/30,3840,17785
2014/07/01,4004,18500
2014/07/02,4081,18577
2014/07/03,3981,18227
2014/07/04,4030,18357
2014/07/07,4023,18496
2014/07/08,4002,18400
2014/07/09,4242,19297
2014/07/10,4357,19636
2014/07/11,4300,19282
2014/07/14,4199,19393
2014/07/15,4183,19029
2014/07/16,4140,18939
2014/07/17,4116,18704
2014/07/18,4195,18830
2014/07/21,4190,19251
2014/07/22,4146,19200
2014/07/23,4175,19165
2014/07/24,4060,18400
2014/07/25,4150,18743
2014/07/28,4278,19068
2014/07/29,4250,19092
2014/07/30,4281,18736
2014/07/31,4220,18305
2014/08/01,4200,18165
2014/08/04,4252,18333
2014/08/05,4282,18212
2014/08/06,4337,18894
2014/08/07,4269,18600
2014/08/08,4295,18933
2014/08/11,4438,19161
2014/08/12,4503,18880
2014/08/13,4390,18575
2014/08/14,4427,18578
2014/08/15,4402,18210
2014/08/18,4399,18279
2014/08/19,4405,18250
2014/08/20,4525,18250
2014/08/21,4459,18200
2014/08/22,4477,18032
2014/08/25,4530,17800
2014/08/26,4625,18020
2014/08/27,4800,18045
2014/08/28,4895,18028
2014/08/29,5041,18105
2014/09/01,5075,18175
2014/09/02,5144,18026
2014/09/03,5070,17626
2014/09/04,4976,17350
2014/09/05,4710,16616
2014/09/08,4665,16641
2014/09/09,4755,16866
2014/09/10,4719,14398
2014/09/11,4637,14280
2014/09/12,4704,14600
2014/09/15,4799,14900
2014/09/16,4775,14902
2014/09/17,4760,14700
2014/09/18,4668,14600
2014/09/19,4605,14475
2014/09/22,4556,14341
2014/09/23,4580,14223
2014/09/25,4575,13902
2014/09/26,4545,14016
2014/09/29,4528,13900
2014/09/30,4421,13849
2014/10/01,4415,13450
2014/10/02,4543,13196
2014/10/03,4351,12730
2014/10/06,4258,12904
2014/10/07,4225,12850
2014/10/08,4122,12140
2014/10/09,4307,12785
2014/10/10,4254,12070
2014/10/13,4321,12187
2014/10/14,4452,12099
2014/10/15,4420,11705
2014/10/16,4396,11610
2014/10/17,4249,11378
2014/10/20,4120,10935
2014/10/21,4105,11200
2014/10/22,4015,10935
2014/10/23,3860,10550
2014/10/24,4000,10461
2014/10/27,4061,10351
2014/10/28,4007,10390
2014/10/29,4015,10284
2014/10/30,3850,9600
2014/10/31,3640,9350
2014/11/03,3660,10437
2014/11/04,3692,10524
2014/11/05,3599,9904
2014/11/06,3730,10058
2014/11/07,3967,10528
2014/11/10,4054,10648
2014/11/11,4103,10270
2014/11/12,4181,10264
2014/11/13,4148,9957
2014/11/14,4143,9625
2014/11/17,4252,10300
2014/11/18,4600,10765
2014/11/19,4936,11041
2014/11/20,4825,10495
2014/11/21,4810,11020
2014/11/24,4800,10600
2014/11/25,4847,10742
2014/11/26,4979,10733
2014/11/27,4876,10607
2014/11/28,4742,9879
2014/12/01,4617,9924
2014/12/02,4775,9899
2014/12/03,4900,10158
2014/12/04,4887,10070
2014/12/05,4843,9695
2014/12/08,4796,9829
2014/12/09,4967,10124
2014/12/10,5293,10381
2014/12/11,5066,9552
2014/12/12,5052,9485
2014/12/15,5079,9490
2014/12/17,4908,9195
2014/12/18,5105,10000
2014/12/19,4952,10031
2014/12/22,5120,9860
2014/12/23,4963,9572
2014/12/24,4914,9415
2014/12/29,5174,9920
2014/12/30,5309,10227
2014/12/31,5231,10170
2015/01/02,5220,9841
2015/01/05,5554,10274
2015/01/06,6040,10972
2015/01/07,6071,11104
2015/01/08,6205,11368
2015/01/09,6161,11300
2015/01/12,6745,11939
2015/01/13,6719,12470
2015/01/14,6368,12008
2015/01/15,6571,12700
2015/01/16,6633,12879
2015/01/19,6693,12918
2015/01/20,6710,13440
2015/01/21,6526,13386
2015/01/22,6529,13040
2015/01/23,6306,12757
2015/01/26,6036,12270
2015/01/27,6513,12941
2015/01/28,6589,13230
2015/01/29,6427,13061
2015/01/30,6526,13679
2015/02/02,6694,14130
2015/02/03,6740,14492
2015/02/04,6700,14370
2015/02/05,6578,14375
2015/02/06,6600,14195
2015/02/09,6589,14190
2015/02/10,6500,14100
2015/02/11,6626,14138
2015/02/12,6078,14115
2015/02/13,5770,14460
2015/02/16,5546,14487
2015/02/17,5321,13830
2015/02/18,5136,13800
2015/02/19,5236,13793
2015/02/20,5115,13671
2015/02/23,4994,13260
2015/02/24,5065,12990
2015/02/25,5138,12890
2015/02/26,5387,12872
2015/02/27,5426,13112
2015/03/02,5343,13150
2015/03/03,5124,12883
2015/03/04,5000,12500
2015/03/05,5000,12261
2015/03/06,4800,11800
2015/03/09,4430,11200
2015/03/10,4679,11233
2015/03/11,4637,11041
2015/03/12,4720,11087
2015/03/13,4570,10499
2015/03/16,4559,10600
2015/03/17,4840,10983
2015/03/18,4925,10964
2015/03/19,5254,11650
2015/03/20,5286,11990
2015/03/23,5309,11970
2015/03/24,5307,11870
2015/03/25,5300,11816
2015/03/26,5465,12298
2015/03/27,5259,11839
2015/03/30,5260,11611
2015/03/31,5132,11669
2015/04/01,4980,11356
2015/04/02,5055,11550
2015/04/07,5184,11900
2015/04/08,4960,11635
2015/04/09,4873,11546
2015/04/10,5050,12171
2015/04/13,5198,12442
2015/04/14,5281,12984
2015/04/15,5339,13272
2015/04/16,5129,13623
2015/04/17,5006,13781
2015/04/20,5135,13755
2015/04/21,5285,13986
2015/04/22,5289,13724
2015/04/23,5250,13301
2015/04/24,5141,13000
2015/04/28,5420,13580
2015/04/29,5413,13730
2015/04/30,5428,13484
2015/05/04,5337,13889
2015/05/05,5445,14060
2015/05/06,5096,13550
2015/05/07,4428,13049
2015/05/08,4386,13332
2015/05/11,4325,13421
2015/05/12,4359,13341
2015/05/13,4533,13279
2015/05/14,4508,13570
2015/05/15,4544,13045
2015/05/18,4557,13026
2015/05/19,4340,12533
2015/05/20,4175,12227
2015/05/21,4165,12165
2015/05/22,4114,12056
2015/05/25,4108,11891
2015/05/26,4025,11596
2015/05/27,4030,11395
2015/05/28,4055,11309
2015/05/29,4227,11765
2015/06/01,4156,11660
2015/06/02,4201,11535
2015/06/03,4160,11334
2015/06/04,3987,10800
2015/06/05,3938,11027
2015/06/08,3912,10638
2015/06/09,4000,11846
2015/06/10,4039,11798
2015/06/11,3992,11383
2015/06/12,3899,11310
2015/06/15,3891,11030
2015/06/17,3764,10867
2015/06/18,3863,11650
2015/06/19,3919,11778
2015/06/22,3797,10950
2015/06/23,3812,10935
2015/06/24,3822,10793
2015/06/25,3774,10943
2015/06/26,3900,11036
2015/06/29,4032,11400
2015/06/30,3896,10965
2015/07/01,3817,10588
2015/07/02,3706,10471
2015/07/03,3820,10650
2015/07/06,3915,10791
2015/07/07,4048,10504
2015/07/08,4000,10439
2015/07/09,3801,10221
2015/07/10,3803,10148
2015/07/13,3904,9816
2015/07/14,3866,10206
2015/07/15,3981,10324
2015/07/16,3929,9999
2015/07/17,3788,9451
2015/07/20,3435,8534
2015/07/21,3615,8632
2015/07/22,3650,8408
2015/07/23,3610,8242
2015/07/24,3455,7820
2015/07/27,3722,8400
2015/07/28,3427,7915
2015/07/29,3407,7880
2015/07/30,3445,7900
2015/07/31,3426,7616
2015/08/03,3245,7540
2015/08/04,3182,7400
2015/08/05,3228,7376
2015/08/06,3141,7380
2015/08/07,3272,7502
2015/08/11,3372,7761
2015/08/12,3771,8675
2015/08/13,3537,8299
2015/08/14,3451,8059
2015/08/17,3463,8408
2015/08/18,3618,8688
2015/08/19,3795,9330
2015/08/20,4365,10506
2015/08/21,4521,10690
2015/08/24,4740,11500
2015/08/25,4038,10281
2015/08/26,3699,9684
2015/08/27,3740,9750
2015/08/28,4140,10523
2015/08/31,4259,10679
2015/09/01,4016,10500
2015/09/02,3726,10011
2015/09/03,4040,10734
2015/09/04,3886,10228
2015/09/07,3898,10340
2015/09/08,3985,10755
2015/09/09,3935,10470
2015/09/10,4000,10680
2015/09/11,3575,9675
2015/09/14,3638,10112
2015/09/15,3638,10352
2015/09/16,3615,10500
2015/09/17,3680,10740
2015/09/18,3732,11268
2015/09/21,3663,11384
2015/09/22,3609,11351
2015/09/23,3521,11127
2015/09/25,3765,11161
2015/09/28,3570,10710
2015/09/29,3588,10900
2015/09/30,3605,10949
2015/10/01,3602,11302
2015/10/02,3778,11619
2015/10/05,3930,11650
2015/10/06,4055,12481
2015/10/07,3917,11900
2015/10/08,3921,12278
2015/10/09,3976,12700
2015/10/12,4080,12984
2015/10/13,4059,12915
2015/10/14,4130,12720
2015/10/15,4085,12694
2015/10/16,4070,12724
2015/10/19,3835,12047
2015/10/20,3868,12080
2015/10/21,3781,11653
2015/10/22,3801,11960
2015/10/23,3860,12107
2015/10/26,3930,12349
2015/10/27,3980,12276
2015/10/28,3969,12521
2015/10/29,3760,12068
2015/10/30,3676,11773
2015/11/02,3660,11698
2015/11/03,3770,11611
2015/11/04,3755,11670
2015/11/05,3645,10740
2015/11/06,3450,9785
2015/11/09,3516,9883
2015/11/10,3475,9940
2015/11/11,3393,9823
2015/11/12,3468,9940
2015/11/13,3329,9609
2015/11/16,3350,9860
2015/11/17,3160,9438
2015/11/18,3100,9194
2015/11/19,3626,9700
2015/11/20,3645,9636
2015/11/23,3488,9333
