Date,Group5,PPC
2004/05/12,975,1402
2004/05/13,975,1440
2004/05/14,975,1410
2004/05/17,985,1465
2004/05/18,950,1423
2004/05/19,950,1410.5
2004/05/20,950,1417
2004/05/21,950,1417.5
2004/05/24,942,1410
2004/05/25,950,1408
2004/05/26,950,1420
2004/05/27,950,1415
2004/05/28,954,1424
2004/05/31,950,1410.5
2004/06/01,955,1426.5
2004/06/02,965,1417
2004/06/03,965,1417
2004/06/04,967,1417.1
2004/06/07,976,1418
2004/06/08,971,1417.3
2004/06/09,985,1421
2004/06/10,985,1423.1
2004/06/11,975,1430
2004/06/14,990,1480.1
2004/06/15,1000,1475
2004/06/17,1025,1524
2004/06/18,1032,1500
2004/06/21,1060,1490
2004/06/22,1055,1456
2004/06/23,1055,1495
2004/06/24,1055,1502.5
2004/06/25,1065,1502.5
2004/06/28,1080,1507.5
2004/06/29,1090,1544
2004/06/30,1100,1560
2004/07/01,1090,1570
2004/07/02,1080,1580
2004/07/05,1100,1570
2004/07/06,1085,1551
2004/07/07,1075,1531
2004/07/08,1050,1510.5
2004/07/09,1050,1540
2004/07/12,1050,1530
2004/07/13,1035,1534.5
2004/07/14,1025,1510
2004/07/15,1040,1542.5
2004/07/16,1060,1555
2004/07/19,1050,1600
2004/07/20,1050,1598
2004/07/21,1070,1650
2004/07/22,1070,1648
2004/07/23,1050,1660
2004/07/26,1050,1663
2004/07/27,1049,1740.1
2004/07/28,1050,1732.5
2004/07/29,1050,1690
2004/07/30,1040,1689.9
2004/08/02,1010,1660
2004/08/03,1010,1670
2004/08/04,1025,1655
2004/08/05,1030,1652.5
2004/08/06,1030,1622.5
2004/08/10,1030,1614.9
2004/08/11,1050,1586
2004/08/12,1050,1600
2004/08/13,1080,1640
2004/08/16,1169,1635
2004/08/17,1122,1660
2004/08/18,1040,1670
2004/08/19,1035,1680
2004/08/20,1050,1748
2004/08/23,1081,1739.9
2004/08/24,1080,1699.9
2004/08/25,1060,1661
2004/08/26,1050,1665
2004/08/27,1050,1655
2004/08/30,1057,1680
2004/08/31,1075,1730
2004/09/01,1085,1730
2004/09/02,1090,1750
2004/09/03,1090,1800
2004/09/06,1085,1815
2004/09/07,1056,1785
2004/09/08,1060,1780
2004/09/09,1090,1790
2004/09/10,1125,1794.9
2004/09/13,1150,1776
2004/09/14,1145,1776
2004/09/15,1140,1780
2004/09/16,1140,1785
2004/09/17,1139,1790
2004/09/20,1140,1814.6
2004/09/21,1150,1810
2004/09/22,1143,1805
2004/09/23,1120,1800
2004/09/27,1120,1810
2004/09/28,1132,1810
2004/09/29,1140,1800
2004/09/30,1141,1810
2004/10/01,1150,1820
2004/10/04,1160,1822.7
2004/10/05,1180,1870
2004/10/06,1180,1910
2004/10/07,1180,1928
2004/10/08,1180,1900
2004/10/11,1200,1848
2004/10/12,1205,1855
2004/10/13,1207,1880
2004/10/14,1190,1880
2004/10/15,1250,1890
2004/10/18,1220,1905
2004/10/19,1270,1910
2004/10/20,1280,1880
2004/10/21,1310,1900
2004/10/22,1300,1940
2004/10/25,1310,1960
2004/10/26,1355,2036.5
2004/10/27,1410,2040
2004/10/28,1400,2015
2004/10/29,1380,2014
2004/11/01,1375,2020
2004/11/02,1410,2040
2004/11/03,1460,2075
2004/11/04,1501,2175
2004/11/05,1540,2175
2004/11/08,1550,2175
2004/11/09,1560,2180
2004/11/10,1560,2240
2004/11/11,1520,2400
2004/11/12,1472,2460
2004/11/15,1400,2565
2004/11/16,1365,2570
2004/11/17,1400,2500
2004/11/18,1450,2400
2004/11/19,1450,2380
2004/11/22,1470,2350
2004/11/23,1480,2290
2004/11/24,1470,2290
2004/11/25,1480,2400
2004/11/26,1482,2384.9
2004/11/29,1480,2370
2004/11/30,1425,2400
2004/12/01,1460,2430
2004/12/02,1460,2435
2004/12/03,1425,2430
2004/12/06,1360,2440
2004/12/07,1350,2445
2004/12/08,1375,2449
2004/12/09,1390,2500.1
2004/12/10,1390,2580
2004/12/13,1390,2660
2004/12/14,1400,2700
2004/12/15,1390,2720
2004/12/17,1390,2700
2004/12/20,1400,2700
2004/12/21,1408,2735
2004/12/22,1420,2710.5
2004/12/23,1500,2730
2004/12/24,1500,2730
2004/12/28,1495,2800
2004/12/29,1500,2800
2004/12/30,1500,2850
2004/12/31,1515,2850
2005/01/03,1526,2600
2005/01/04,1540,2587.5
2005/01/05,1550,2560
2005/01/06,1600,2500
2005/01/07,1600,2470
2005/01/10,1650,2410
2005/01/11,1650,2420
2005/01/12,1690,2400
2005/01/13,1688,2380
2005/01/14,1680,2269
2005/01/17,1650,2220
2005/01/18,1580,2180
2005/01/19,1540,2285
2005/01/20,1570,2270
2005/01/21,1555,2265
2005/01/24,1511,2260
2005/01/25,1530,2298.9
2005/01/26,1541,2339.7
2005/01/27,1557,2379.9
2005/01/28,1576,2380
2005/01/31,1590,2370
2005/02/01,1615,2320
2005/02/02,1590,2308.3
2005/02/03,1569,2280
2005/02/04,1540,2260
2005/02/07,1550,2260
2005/02/08,1550,2255.1
2005/02/09,1545,2280
2005/02/10,1550,2161.1
2005/02/11,1580,2240
2005/02/14,1570,2270
2005/02/15,1550,2289.3
2005/02/16,1495,2277.5
2005/02/17,1471,2276
2005/02/18,1485,2270
2005/02/21,1505,2275
2005/02/22,1506,2270
2005/02/23,1490,2289.9
2005/02/24,1490,2310
2005/02/25,1470,2310
2005/02/28,1476,2301
2005/03/01,1465,2340
2005/03/02,1480,2345
2005/03/03,1465,2370
2005/03/04,1460,2375
2005/03/07,1447,2357
2005/03/08,1448,2320.1
2005/03/09,1424,2334
2005/03/10,1425,2330
2005/03/11,1425,2350
2005/03/14,1400,2387
2005/03/15,1400,2400
2005/03/16,1415,2310
2005/03/17,1430,2330.5
2005/03/18,1441,2296
2005/03/22,1460,2240
2005/03/23,1459,2165.2
2005/03/24,1460,2280.1
2005/03/29,1445,2300
2005/03/30,1430,2250
2005/03/31,1445,2212
2005/04/01,1435,2289
2005/04/04,1420,2260
2005/04/05,1415,2279
2005/04/06,1375,2265
2005/04/07,1340,2220.1
2005/04/08,1330,2210
2005/04/11,1315,2202
2005/04/12,1320,2180
2005/04/13,1330,2165
2005/04/14,1355,2200
2005/04/15,1390,2200
2005/04/18,1390,2175
2005/04/19,1420,2160
2005/04/20,1430,2190
2005/04/21,1400,2200
2005/04/22,1370,2180
2005/04/25,1380,2180.1
2005/04/26,1380,2210
2005/04/28,1370,2205
2005/04/29,1370,2230
2005/05/03,1379,2290
2005/05/04,1470,2334
2005/05/05,1440,2400
2005/05/06,1415,2339
2005/05/09,1420,2310
2005/05/10,1425,2300
2005/05/11,1424,2250
2005/05/12,1420,2240
2005/05/13,1420,2202.5
2005/05/16,1420,2250
2005/05/17,1399,2235
2005/05/18,1385,2240
2005/05/19,1400,2229.7
2005/05/20,1400,2225
2005/05/23,1379,2225
2005/05/24,1375,2240
2005/05/25,1360,2236
2005/05/26,1370,2240
2005/05/27,1370,2237.5
2005/05/30,1370,2200.5
2005/05/31,1360,2180
2005/06/01,1359,2110.5
2005/06/02,1370,2130
2005/06/03,1370,2170
2005/06/06,1440,2185
2005/06/07,1427,2175.6
2005/06/08,1425,2190
2005/06/09,1450,2150
2005/06/10,1465,2150
2005/06/13,1455,2150
2005/06/14,1475,2160
2005/06/15,1490,2149.9
2005/06/17,1520,2150
2005/06/20,1535,2150
2005/06/21,1535,2150
2005/06/22,1610,2155
2005/06/23,1550,2223
2005/06/24,1535,2220
2005/06/27,1530,2220
2005/06/28,1520,2260.8
2005/06/29,1520,2260
2005/06/30,1539,2299.5
2005/07/01,1525,2420
2005/07/04,1540,2390.1
2005/07/05,1570,2350
2005/07/06,1610,2360
2005/07/07,1620,2355
2005/07/08,1613,2360
2005/07/11,1625,2400
2005/07/12,1630,2410
2005/07/13,1645,2417
2005/07/14,1675,2490.1
2005/07/15,1670,2531
2005/07/18,1665,2539.9
2005/07/19,1660,2531
2005/07/20,1635,2505
2005/07/21,1694,2480
2005/07/22,1697,2500
2005/07/25,1705,2500
2005/07/26,1705,2490
2005/07/27,1705,2520
2005/07/28,1710,2530
2005/07/29,1720,2520
2005/08/01,1740,2550
2005/08/02,1765,2530
2005/08/03,1765,2560
2005/08/04,1775,2572
2005/08/05,1774,2650
2005/08/08,1775,2600.5
2005/08/10,1735,2570
2005/08/11,1660,2520
2005/08/12,1655,2520
2005/08/15,1661,2500
2005/08/16,1680,2549.7
2005/08/17,1710,2500
2005/08/18,1700,2500
2005/08/19,1710,2559.9
2005/08/22,1745,2570
2005/08/23,1780,2590
2005/08/24,1780,2581.5
2005/08/25,1780,2585
2005/08/26,1770,2559.9
2005/08/29,1720,2570
2005/08/30,1721,2560
2005/08/31,1780,2595
2005/09/01,1800,2640
2005/09/02,1830,2640
2005/09/05,1875,2669
2005/09/06,1880,2720
2005/09/07,1875,2800.8
2005/09/08,1870,2834.9
2005/09/09,1820,2850
2005/09/12,1845,2880
2005/09/13,1850,2874
2005/09/14,1850,2858.4
2005/09/15,1865,2829
2005/09/16,1890,2800
2005/09/19,1890,2830
2005/09/20,1880,2820
2005/09/21,1870,2815
2005/09/22,1875,2790
2005/09/23,1800,2750
2005/09/26,1850,2755
2005/09/27,1889,2790
2005/09/28,1975,2850
2005/09/29,1985,2854.9
2005/09/30,2000,2910
2005/10/03,2040,3011
2005/10/04,2010,2995
2005/10/05,1955,2980
2005/10/06,1919,2987.2
2005/10/07,1900,2998
2005/10/10,1921,3130
2005/10/11,1961,3130
2005/10/12,1990,3100
2005/10/13,1940,3020
2005/10/14,1920,2900
2005/10/17,1950,2900
2005/10/18,1940,2900
2005/10/19,1935,2800
2005/10/20,1940,2820
2005/10/21,1950,2820
2005/10/24,1950,2900
2005/10/25,1960,2950
2005/10/26,2000,2970
2005/10/27,2050,2841.7
2005/10/28,2100,2900
2005/10/31,2100,3000
2005/11/01,2110,3000
2005/11/02,2094,3000.6
2005/11/03,2090,3100
2005/11/04,2050,3060
2005/11/07,2056,3099
2005/11/08,2085,3125
2005/11/09,2085,3100
2005/11/10,2070,3060
2005/11/11,2075,3118
2005/11/14,1999,3185
2005/11/15,2005,3160
2005/11/16,2020,3140
2005/11/17,2019,3190
2005/11/18,1990,3210
2005/11/21,1990,3270
2005/11/22,2011,3200
2005/11/23,2000,3275
2005/11/24,1975,3278
2005/11/25,1969,3250
2005/11/28,1939,3243.6
2005/11/29,1905,3168.5
2005/11/30,1868,3100
2005/12/01,1875,3130
2005/12/02,1900,3100.1
2005/12/05,1940,3133
2005/12/06,1980,3139.8
2005/12/07,2025,3159.8
2005/12/08,2050,3180
2005/12/09,2035,3170
2005/12/12,2010,3194
2005/12/13,1980,3193
2005/12/14,2005,3220
2005/12/15,2085,3180
2005/12/19,2120,3220
2005/12/20,2130,3205
2005/12/21,2150,3231.7
2005/12/22,2150,3199.6
2005/12/23,2150,3201
2005/12/27,2149,3249
2005/12/28,2130,3230
2005/12/29,2150,3250
2005/12/30,2105,3067.5
2006/01/03,2150,3070
2006/01/04,2250,3062.5
2006/01/05,2300,3012.6
2006/01/06,2355,3030
2006/01/09,2371,3069.9
2006/01/10,2400,3102
2006/01/11,2427,3165
2006/01/12,2410,3205.4
2006/01/13,2420,3350
2006/01/16,2410,3206.1
2006/01/17,2410,3226
2006/01/18,2411,3280
2006/01/19,2500,3264.9
2006/01/20,2500,3329
2006/01/23,2520,3355
2006/01/24,2500,3326.5
2006/01/25,2470,3315
2006/01/26,2470,3297.5
2006/01/27,2475,3290
2006/01/30,2425,3320
2006/01/31,2475,3340
2006/02/01,2475,3449.8
2006/02/02,2485,3526
2006/02/03,2460,3375
2006/02/06,2475,3448.9
2006/02/07,2470,3540
2006/02/08,2440,3600
2006/02/09,2457,3605
2006/02/10,2500,3750
2006/02/13,2484,3630.2
2006/02/14,2449,3550
2006/02/15,2430,3560
2006/02/16,2300,3520
2006/02/17,2450,3660
2006/02/20,2440,3730
2006/02/21,2450,3722.1
2006/02/22,2580,3794
2006/02/23,2656,3702
2006/02/24,2650,3758.8
2006/02/27,2690,3901.1
2006/02/28,2700,3809.2
2006/03/02,2705,3874.2
2006/03/03,2701,3850
2006/03/06,2775,3882.8
2006/03/07,2800,3610
2006/03/08,2750,3640
2006/03/09,2800,3780
2006/03/10,2800,3902
2006/03/13,2800,4050
2006/03/14,2860,4120
2006/03/15,2850,4117.5
2006/03/16,2850,4119
2006/03/17,2900,4037.5
2006/03/20,2950,4040
2006/03/22,3040,4099
2006/03/23,3115,4150
2006/03/24,3160,4145
2006/03/27,3180,4150
2006/03/28,3200,4101
2006/03/29,3180,4170.2
2006/03/30,3145,4191.3
2006/03/31,3040,4190
2006/04/03,3030,4100
2006/04/04,3025,4080
2006/04/05,2930,4099.9
2006/04/06,3000,4101
2006/04/07,3000,4199.4
2006/04/10,2998,4170
2006/04/11,2942,4200
2006/04/12,2900,4135
2006/04/13,2870,4036
2006/04/18,2900,4020
2006/04/19,2999,4106.4
2006/04/20,3000,4107.5
2006/04/21,3002,4144.9
2006/04/24,3016,4136
2006/04/25,3030,4144.9
2006/04/26,3050,4150
2006/04/28,3050,4190
2006/05/02,3015,4165
2006/05/03,3050,4190.1
2006/05/04,3060,4196.1
2006/05/05,3065,4260
2006/05/08,3110,4270.7
2006/05/09,3130,4300.1
2006/05/10,3130,4330
2006/05/11,3140,4259.1
2006/05/12,3200,4070
2006/05/15,3066,3920
2006/05/16,3065,4015
2006/05/17,3050,3965
2006/05/18,3040,3900
2006/05/19,3010,3950
2006/05/22,2950,3750
2006/05/23,2940,4000
2006/05/24,2850,3830
2006/05/25,2845,3780.2
2006/05/26,2830,3825
2006/05/29,2825,3789.5
2006/05/30,2850,3700
2006/05/31,2850,3570.5
2006/06/01,2851,3600.4
2006/06/02,2865,3650
2006/06/05,3000,3750
2006/06/06,2890,3605.1
2006/06/07,2805,3550
2006/06/08,2590,3405.7
2006/06/09,2589,3500
2006/06/12,2700,3549.9
2006/06/13,2649,3458.8
2006/06/14,2600,3579.9
2006/06/15,2677,3730
2006/06/19,2753,3779.8
2006/06/20,2730,3749
2006/06/21,2730,3750
2006/06/22,2751,3680
2006/06/23,2625,3699.9
2006/06/26,2651,3474.6
2006/06/27,2651,3570.1
2006/06/28,2750,3569
2006/06/29,2750,3599.9
2006/06/30,2875,3674.9
2006/07/03,2839,3727.5
2006/07/04,2900,3706
2006/07/05,2901,3650
2006/07/06,2915,3637.5
2006/07/07,2900,3600
2006/07/10,2900,3635
2006/07/11,2924,3668.5
2006/07/12,3000,3710
2006/07/13,2960,3698.1
2006/07/14,2950,3710
2006/07/17,2726,3675
2006/07/18,2815,3623.5
2006/07/19,2900,3734.5
2006/07/20,2950,3740
2006/07/21,2850,3650
2006/07/24,2900,3670
2006/07/25,2910,3710
2006/07/26,2915,3710
2006/07/27,2914,3704
2006/07/28,2900,3699.5
2006/07/31,2950,3700
2006/08/01,2900,3687.6
2006/08/02,2900,3654.5
2006/08/03,2869,3669.5
2006/08/04,2900,3750
2006/08/07,2910,3710
2006/08/08,2935,3725
2006/08/10,3050,3670
2006/08/11,3175,3750
2006/08/14,3180,3820
2006/08/15,3180,3900
2006/08/16,3170,3915
2006/08/17,3180,3969.5
2006/08/18,3210,3920
2006/08/21,3205,3880
2006/08/22,3200,3869.5
2006/08/23,3199,3833.8
2006/08/24,3101,3820
2006/08/25,3100,3834
2006/08/28,3120,3850
2006/08/29,3115,3888.9
2006/08/30,3100,3875
2006/08/31,3115,3890
2006/09/01,3115,4004.8
2006/09/04,3050,4000
2006/09/05,3120,3945.1
2006/09/06,3109,3912.6
2006/09/07,3100,3741.8
2006/09/08,3090,3795
2006/09/11,3030,3675.4
2006/09/12,3070,3810
2006/09/13,3150,3810
2006/09/14,3315,3820
2006/09/15,3325,3800
2006/09/18,3425,3730
2006/09/19,3430,3832.5
2006/09/20,3425,3729
2006/09/21,3450,3574.3
2006/09/22,3400,3626.6
2006/09/26,3550,3670
2006/09/27,3509,3600
2006/09/28,3500,3570
2006/09/29,3500,3478.8
2006/10/02,3505,3510
2006/10/03,3512,3450
2006/10/04,3520,3390
2006/10/05,3650,3440
2006/10/06,3680,3490
2006/10/09,3660,3570
2006/10/10,3650,3630
2006/10/11,3640,3630
2006/10/12,3650,3615
2006/10/13,3700,3635
2006/10/16,3690,3720
2006/10/17,3620,3683
2006/10/18,3583,3685
2006/10/19,3500,3690
2006/10/20,3530,3630
2006/10/23,3650,3637.5
2006/10/24,3685,3709.1
2006/10/25,3725,3605
2006/10/26,3785,3720
2006/10/27,3900,3760
2006/10/30,3798,3770
2006/10/31,3777,3800
2006/11/01,3900,3770
2006/11/02,3960,3775
2006/11/03,4100,3845
2006/11/06,4090,3849.9
2006/11/07,4080,3800
2006/11/08,4100,3860
2006/11/09,4050,3750
2006/11/10,4000,3724
2006/11/13,3950,3705
2006/11/14,4095,3720
2006/11/15,4050,3750
2006/11/16,4100,3780
2006/11/17,4100,3730
2006/11/20,4125,3745
2006/11/21,4200,3730
2006/11/22,4225,3732.1
2006/11/23,4234,3760
2006/11/24,4150,3791.5
2006/11/27,4093,3720
2006/11/28,4085,3710
2006/11/29,4050,3750
2006/11/30,4050,3784.9
2006/12/01,4220,3819.9
2006/12/04,4200,3861.9
2006/12/05,4200,3920
2006/12/06,4190,3918
2006/12/07,4104,3838.1
2006/12/08,4110,3820
2006/12/11,4100,3786.2
2006/12/12,4110,3735
2006/12/13,4110,3760
2006/12/14,4200,3762.7
2006/12/15,4261,3840
2006/12/18,4300,3859
2006/12/19,4280,3860
2006/12/20,4300,3950.1
2006/12/21,4331,4020
2006/12/22,4357,3920
2006/12/27,4434,4018
2006/12/28,4485,4026
2006/12/29,4550,3880
2007/01/02,4550,3860
2007/01/03,4440,3800
2007/01/04,4300,3738.6
2007/01/05,4380,3735
2007/01/09,4385,3830
2007/01/10,4390,3847.1
2007/01/11,4350,3902
2007/01/12,4465,3820
2007/01/15,4580,3898
2007/01/16,4600,3917.5
2007/01/17,4875,3910
2007/01/18,4980,3967.4
2007/01/19,4900,3925
2007/01/22,4890,4000
2007/01/23,4925,4070
2007/01/24,4975,4231
2007/01/25,4949,4200
2007/01/26,4940,4199
2007/01/29,4900,4141
2007/01/30,4845,4230
2007/01/31,4920,4220
2007/02/01,4850,4220.1
2007/02/02,4890,4250
2007/02/05,4850,4220.5
2007/02/06,4870,4279
2007/02/07,4830,4220.5
2007/02/08,4780,4170
2007/02/09,4750,4175
2007/02/12,4825,4150
2007/02/13,4840,4140
2007/02/14,4975,4170
2007/02/15,5000,4295
2007/02/16,4899,4359.8
2007/02/19,4988,4450
2007/02/20,5000,4400
2007/02/21,5090,4271
2007/02/22,5500,4328
2007/02/23,5325,4310.1
2007/02/26,5300,4260
2007/02/27,5180,4200
2007/02/28,5100,4208.8
2007/03/01,5070,4190
2007/03/02,5000,4210
2007/03/05,4798,4075
2007/03/06,4901,4065
2007/03/07,5000,4115
2007/03/08,5102,4190
2007/03/09,5175,4350
2007/03/12,5164,4361
2007/03/13,5151,4410
2007/03/14,4980,4299.9
2007/03/15,4970,4400
2007/03/16,5000,4370
2007/03/19,5150,4495
2007/03/20,5300,4400
2007/03/22,5500,4500
2007/03/23,5700,4549
2007/03/26,5680,4549.9
2007/03/27,5599,4622
2007/03/28,5570,4560
2007/03/29,5670,4595
2007/03/30,5660,4720
2007/04/02,5740,4590
2007/04/03,5700,4619
2007/04/04,5595,4590
2007/04/05,5631,4630
2007/04/10,5680,4735
2007/04/11,5675,4650
2007/04/12,5650,4679.9
2007/04/13,5588,4690
2007/04/16,5580,4700
2007/04/17,5599,4752.4
2007/04/18,5599,4750.5
2007/04/19,5590,4735
2007/04/20,5575,4831.3
2007/04/23,5465,4900
2007/04/24,5310,4865
2007/04/25,5240,4880
2007/04/26,5270,4850
2007/04/30,5245,4841
2007/05/02,5244,4870.2
2007/05/03,5170,4897.5
2007/05/04,5400,4900
2007/05/07,5469,4898
2007/05/08,5300,4829.9
2007/05/09,5380,4765
2007/05/10,5425,4750
2007/05/11,5449,4917
2007/05/14,5470,4940
2007/05/15,5400,4910
2007/05/16,5545,4980
2007/05/17,5425,4920
2007/05/18,5600,5000
2007/05/21,5740,5085
2007/05/22,5749,5000
2007/05/23,5820,5080
2007/05/24,5950,5055
2007/05/25,5870,5100
2007/05/28,5800,5085
2007/05/29,5800,5080
2007/05/30,5740,5045
2007/05/31,5800,5050
2007/06/01,5950,5030
2007/06/04,5900,4979
2007/06/05,5719,5030.1
2007/06/06,5675,5050
2007/06/07,5730,5128
2007/06/08,5500,4980
2007/06/11,5675,4969.5
2007/06/12,5650,4925
2007/06/13,5789,4875
2007/06/14,5701,4949.9
2007/06/15,5845,4940
2007/06/18,5750,4930
2007/06/19,5700,4927
2007/06/20,5700,4910
2007/06/21,5555,4821.5
2007/06/22,5485,4810
2007/06/25,5310,4800
2007/06/26,5440,4810
2007/06/27,5300,4840
2007/06/28,5315,4880
2007/06/29,5440,4900
2007/07/02,5501,5000
2007/07/03,5625,5075
2007/07/04,5750,5150
2007/07/05,5925,5170
2007/07/06,5990,5110
2007/07/09,6161,5200
2007/07/10,6150,4985
2007/07/11,6160,4940
2007/07/12,6275,5040
2007/07/13,6398,5125
2007/07/16,6355,5210
2007/07/17,6430,5130
2007/07/18,6465,4890
2007/07/19,6610,4850
2007/07/20,6550,4840
2007/07/23,6539,4840
2007/07/24,6300,4698
2007/07/25,6299,4525
2007/07/26,6200,4360
2007/07/27,6010,4225
2007/07/30,6100,4210
2007/07/31,6400,4250
2007/08/01,6250,4140
2007/08/02,6180,4349
2007/08/03,6200,4305
2007/08/06,5890,4255
2007/08/07,5850,4420
2007/08/08,5845,4379
2007/08/10,5690,4111
2007/08/13,5700,4130
2007/08/14,5808,4150
2007/08/15,5720,4021
2007/08/16,5420,3805
2007/08/17,5400,3799
2007/08/20,5525,3975
2007/08/21,5475,4182
2007/08/22,5500,4350
2007/08/23,5548,4445
2007/08/24,5449,4450
2007/08/27,5419,4450
2007/08/28,5390,4419
2007/08/29,5330,4300
2007/08/30,5390,4449
2007/08/31,5539,4525
2007/09/03,5690,4560
2007/09/04,5640,4530
2007/09/05,5565,4560
2007/09/06,5498,4601
2007/09/07,5300,4599
2007/09/10,5285,4530
2007/09/11,5500,4700
2007/09/12,5590,4700
2007/09/13,5549,4651
2007/09/14,5389,4600
2007/09/17,5200,4528
2007/09/18,5400,4500
2007/09/19,5550,4605
2007/09/20,5370,4565
2007/09/21,5300,4490
2007/09/25,5295,4646
2007/09/26,5330,4840
2007/09/27,5500,4840
2007/09/28,5540,4780
2007/10/01,5530,4535
2007/10/02,5649,4650
2007/10/03,5825,4715
2007/10/04,5915,4796
2007/10/05,5905,4700
2007/10/08,6077,4630
2007/10/09,6120,4552
2007/10/10,6000,4580
2007/10/11,6170,4480
2007/10/12,6101,4400
2007/10/15,6215,4399
2007/10/16,6251,4450
2007/10/17,6290,4400
2007/10/18,6420,4428
2007/10/19,6451,4415
2007/10/22,6403,4460
2007/10/23,6600,4540
2007/10/24,6635,4500
2007/10/25,6855,4579
2007/10/26,6900,4600
2007/10/29,6830,4725
2007/10/30,6600,4790
2007/10/31,6450,4730
2007/11/01,6330,4800
2007/11/02,6350,4900
2007/11/05,6320,4700
2007/11/06,6520,4890
2007/11/07,6560,4877
2007/11/08,6475,4727
2007/11/09,6365,4740
2007/11/12,6180,4741
2007/11/13,6070,4735
2007/11/14,6325,4965
2007/11/15,6200,5000
2007/11/16,6240,4880
2007/11/19,6000,4616
2007/11/20,5895,4780
2007/11/21,5950,4689
2007/11/22,6050,4750
2007/11/23,5999,4786
2007/11/26,5850,4750
2007/11/27,5656,4670
2007/11/28,5650,4620
2007/11/29,5679,4700
2007/11/30,5650,4530
2007/12/03,5650,4770
2007/12/04,5790,4700
2007/12/05,5820,4750
2007/12/06,5800,4820
2007/12/07,5780,4881
2007/12/10,5740,4713
2007/12/11,5700,4762
2007/12/12,5750,4700
2007/12/13,5725,4650
2007/12/14,5690,4600
2007/12/18,5400,4620
2007/12/19,5190,4500
2007/12/20,5400,4600
2007/12/21,5500,4600
2007/12/24,5650,4720
2007/12/27,5650,4790
2007/12/28,5500,4529
2007/12/31,5500,4372
2008/01/02,5550,4550
2008/01/03,5480,4390
2008/01/04,5450,4420
2008/01/07,5316,4350
2008/01/08,5450,4371
2008/01/09,5300,4289
2008/01/10,5310,4210
2008/01/11,5101,4160
2008/01/14,4990,4199
2008/01/15,4959,4101
2008/01/16,4800,4000
2008/01/17,4925,4200
2008/01/18,4840,4058
2008/01/21,4700,3950
2008/01/22,4799,3940
2008/01/23,4700,3900
2008/01/24,4848,4118
2008/01/25,4752,3988
2008/01/28,4520,3710
2008/01/29,4505,3723
2008/01/30,4450,3750
2008/01/31,4549,3750
2008/02/01,4600,4000
2008/02/04,4600,3833
2008/02/05,4463,3699
2008/02/06,4601,3880
2008/02/07,4600,3770
2008/02/08,4558,3761
2008/02/11,4469,3650
2008/02/12,4500,3750
2008/02/13,4350,3800
2008/02/14,4500,3820
2008/02/15,4750,3916
2008/02/18,4930,4180
2008/02/19,5125,4160
2008/02/20,5150,4060
2008/02/21,5225,4025
2008/02/22,5150,4170
2008/02/25,5170,4160
2008/02/26,5237,4380
2008/02/27,5230,4275
2008/02/28,5435,4201
2008/02/29,5400,4280
2008/03/03,5390,4100
2008/03/04,5303,3955
2008/03/05,5150,3980
2008/03/06,5080,4000
2008/03/07,5000,3860
2008/03/10,4995,3810
2008/03/11,5106,3930
2008/03/12,5280,4001
2008/03/13,5230,4000
2008/03/14,5231,3951
2008/03/17,4899,3831
2008/03/18,5100,4050
2008/03/19,5250,3990
2008/03/20,5107,3900
2008/03/25,5100,4249
2008/03/26,5150,4250
2008/03/27,5200,4150
2008/03/28,5250,4120
2008/03/31,5175,4005
2008/04/01,5179,4220
2008/04/02,5450,4411
2008/04/03,5500,4299
2008/04/04,5400,4120
2008/04/07,5465,4180
2008/04/08,5380,4179
2008/04/09,5500,4130
2008/04/10,5425,4000
2008/04/11,5400,3900
2008/04/14,5400,3820
2008/04/15,5390,3800
2008/04/16,5225,3825
2008/04/17,5202,3870
2008/04/18,5230,3931
2008/04/21,5260,3884
2008/04/22,5250,3860
2008/04/23,5300,3859
2008/04/24,5200,3825
2008/04/25,5220,3790
2008/04/29,5199,3950
2008/04/30,5030,4000
2008/05/05,4999,4000
2008/05/06,5005,3895
2008/05/07,5000,3850
2008/05/08,4926,3826
2008/05/09,4950,3819
2008/05/12,4800,3800
2008/05/13,4790,3755
2008/05/14,4840,3749
2008/05/15,4905,3760
2008/05/16,5000,3760
2008/05/19,5316,3780
2008/05/20,5375,3750
2008/05/21,5260,3805
2008/05/22,5230,3790
2008/05/23,5200,3730
2008/05/26,5185,3615
2008/05/27,5200,3574
2008/05/28,5200,3600
2008/05/29,5210,3549
2008/05/30,5264,3545
2008/06/02,5200,3460
2008/06/03,5040,3370
2008/06/04,4900,3344
2008/06/05,5080,3475
2008/06/06,5045,3445
2008/06/09,5000,3350
2008/06/10,4845,3175
2008/06/11,4851,3150
2008/06/12,5005,3270
2008/06/13,4801,3200
2008/06/17,4701,3099
2008/06/18,4650,3101
2008/06/19,4800,3225
2008/06/20,4670,3270
2008/06/23,4595,3136
2008/06/24,4400,3010
2008/06/25,4400,3040
2008/06/26,4399,3007
2008/06/27,4406,2950
2008/06/30,4490,2869
2008/07/01,4485,2780
2008/07/02,4500,2820
2008/07/03,4200,2738
2008/07/04,4160,2711
2008/07/07,4220,2690
2008/07/08,4160,2679
2008/07/09,3930,2730
2008/07/10,3980,2738
2008/07/11,4130,2755
2008/07/14,3950,2725
2008/07/15,3789,2715
2008/07/16,3870,2745
2008/07/17,4265,2979
2008/07/18,4245,3008
2008/07/21,4280,2955
2008/07/22,4252,3000
2008/07/23,4261,3100
2008/07/24,4375,3190
2008/07/25,4350,3150
2008/07/28,4400,3150
2008/07/29,4350,3200
2008/07/30,4415,3270
2008/07/31,4460,3400
2008/08/01,4375,3250
2008/08/04,4365,3155
2008/08/05,4400,3140
2008/08/06,4420,3299
2008/08/07,4270,3155
2008/08/08,4310,3150
2008/08/11,4620,3350
2008/08/12,4998,3340
2008/08/13,5060,3325
2008/08/14,5130,3280
2008/08/15,5205,3240
2008/08/18,5240,3210
2008/08/19,5150,3200
2008/08/20,5201,3200
2008/08/21,5200,3200
2008/08/22,5300,3190
2008/08/25,5345,3170
2008/08/26,5300,3120
2008/08/27,5521,3120
2008/08/28,5825,3390
2008/08/29,5600,3398
2008/09/01,5600,3260
2008/09/02,5600,3370
2008/09/03,5805,3370
2008/09/04,5760,3375
2008/09/05,5575,3120
2008/09/08,5640,3191
2008/09/09,5770,3198
2008/09/10,5750,3250
2008/09/11,5650,3250
2008/09/12,5700,3120
2008/09/15,5601,3130
2008/09/16,5690,3200
2008/09/17,5650,3000
2008/09/18,5501,2944
2008/09/19,5650,3010
2008/09/22,5650,3126
2008/09/23,5505,3010
2008/09/25,5550,3050
2008/09/26,5655,3075
2008/09/29,5490,2930
2008/09/30,5650,3125
2008/10/01,5650,3020
2008/10/02,5490,3015
2008/10/03,5335,3010
2008/10/06,5080,2820
2008/10/07,5215,3040
2008/10/08,4900,2890
2008/10/09,4900,2800
2008/10/10,4800,2745
2008/10/13,5050,2717
2008/10/14,4833,2940
2008/10/15,4350,2829
2008/10/16,4335,2452
2008/10/17,3950,2405
2008/10/20,3950,2475
2008/10/21,3970,2670
2008/10/22,4101,2699
2008/10/23,3861,2461
2008/10/24,3800,2500
2008/10/27,3800,2500
2008/10/28,3850,2575
2008/10/29,4000,2758
2008/10/30,4090,2792
2008/10/31,4150,3000
2008/11/03,4325,3025
2008/11/04,4130,3100
2008/11/05,4200,2940
2008/11/06,3980,2710
2008/11/07,3745,2820
2008/11/10,3611,2937
2008/11/11,3474,2810
2008/11/12,3305,2764
2008/11/13,3085,2760
2008/11/14,2820,2887
2008/11/17,2800,2840
2008/11/18,2712,2750
2008/11/19,2720,2850
2008/11/20,2700,2770
2008/11/21,2670,2840
2008/11/24,2805,2870
2008/11/25,2956,3055
2008/11/26,2900,3100
2008/11/27,3090,3100
2008/11/28,3210,3075
2008/12/01,3125,2962
2008/12/02,3065,2990
2008/12/03,3000,2858
2008/12/04,3100,2900
2008/12/05,3125,2990
2008/12/08,3250,3201
2008/12/09,3375,3080
2008/12/10,3346,3098
2008/12/11,3482,3050
2008/12/12,3450,3000
2008/12/15,3375,2981
2008/12/17,3388,3001
2008/12/18,3550,2984
2008/12/19,3617,2900
2008/12/22,3510,3100
2008/12/23,3600,3100
2008/12/24,3550,3000
2008/12/29,3650,3050
2008/12/30,3550,3199
2008/12/31,3550,3135
2009/01/02,3530,3170
2009/01/05,3611,3000
2009/01/06,3781,3050
2009/01/07,3667,3000
2009/01/08,3650,2950
2009/01/09,3650,2950
2009/01/12,3600,2948
2009/01/13,3532,2771
2009/01/14,3474,2845
2009/01/15,3370,2891
2009/01/16,3371,2900
2009/01/19,3395,2865
2009/01/20,3366,2810
2009/01/21,3420,2751
2009/01/22,3230,2795
2009/01/23,3035,2800
2009/01/26,3130,2785
2009/01/27,3197,2840
2009/01/28,3280,2875
2009/01/29,3300,2890
2009/01/30,3230,2960
2009/02/02,3230,2825
2009/02/03,2980,2890
2009/02/04,2905,2875
2009/02/05,2871,2885
2009/02/06,2974,3069
2009/02/09,3090,3100
2009/02/10,3110,3225
2009/02/11,3180,3290
2009/02/12,3070,3200
2009/02/13,2970,3145
2009/02/16,2899,3100
2009/02/17,2750,3061
2009/02/18,2700,3105
2009/02/19,2700,3260
2009/02/20,2675,3100
2009/02/23,2714,3030
2009/02/24,2725,3000
2009/02/25,2850,2970
2009/02/26,2925,3049
2009/02/27,2751,2970
2009/03/02,2875,2975
2009/03/03,2750,2905
2009/03/04,2925,2975
2009/03/05,2902,2817
2009/03/06,2850,2740
2009/03/09,2830,2718
2009/03/10,2820,2609
2009/03/11,2919,2750
2009/03/12,2900,2795
2009/03/13,2970,2835
2009/03/16,2950,2900
2009/03/17,2847,2850
2009/03/18,2960,2801
2009/03/19,2978,2825
2009/03/20,2915,2905
2009/03/23,2950,3000
2009/03/24,2900,3126
2009/03/25,2900,3190
2009/03/26,2870,3148
2009/03/27,2824,3155
2009/03/30,2775,3199
2009/03/31,2825,3139
2009/04/01,2969,3330
2009/04/02,2950,3541
2009/04/03,2859,3450
2009/04/06,2850,3450
2009/04/07,2840,3310
2009/04/08,2800,3190
2009/04/09,2817,3300
2009/04/14,2855,3300
2009/04/15,2850,3300
2009/04/16,2850,3243
2009/04/17,2750,3300
2009/04/20,2703,3150
2009/04/21,2800,3190
2009/04/23,2987,3248
2009/04/24,2864,3150
2009/04/28,2868,3300
2009/04/29,3021,3235
2009/04/30,3183,3275
2009/05/04,3365,3225
2009/05/05,3300,3300
2009/05/06,3200,3280
2009/05/07,3100,3248
2009/05/08,3175,3285
2009/05/11,3165,3174
2009/05/12,3225,3038
2009/05/13,3200,2970
2009/05/14,3200,2985
2009/05/15,3170,3060
2009/05/18,3165,3050
2009/05/19,3350,3090
2009/05/20,3435,3085
2009/05/21,3300,3070
2009/05/22,3300,3100
2009/05/25,3300,3100
2009/05/26,3240,3145
2009/05/27,3261,3100
2009/05/28,3280,3120
2009/05/29,3300,3060
2009/06/01,3394,3035
2009/06/02,3449,3080
2009/06/03,3512,2975
2009/06/04,3445,3050
2009/06/05,3435,3000
2009/06/08,3396,3000
2009/06/09,3400,3000
2009/06/10,3450,2979
2009/06/11,3420,2860
2009/06/12,3396,2900
2009/06/15,3380,2876
2009/06/17,3275,2868
2009/06/18,3350,2950
2009/06/19,3375,2900
2009/06/22,3350,2878
2009/06/23,3250,2816
2009/06/24,3170,2943
2009/06/25,3160,2843
2009/06/26,3175,2885
2009/06/29,3350,2850
2009/06/30,3470,2902
2009/07/01,3450,3051
2009/07/02,3435,3046
2009/07/03,3450,3000
2009/07/06,3400,2925
2009/07/07,3400,2960
2009/07/08,3315,2960
2009/07/09,3400,2987
2009/07/10,3325,2980
2009/07/13,3400,2965
2009/07/14,3385,2914
2009/07/15,3420,2898
2009/07/16,3500,2875
2009/07/17,3550,2890
2009/07/20,3550,2899
2009/07/21,3560,2877
2009/07/22,3480,2850
2009/07/23,3500,2800
2009/07/24,3590,2840
2009/07/27,3600,2874
2009/07/28,3490,2970
2009/07/29,3470,2956
2009/07/30,3485,2857
2009/07/31,3490,2904
2009/08/03,3545,2960
2009/08/04,3550,3000
2009/08/05,3565,2950
2009/08/06,3700,2927
2009/08/07,3715,2970
2009/08/11,3650,2930
2009/08/12,3547,2875
2009/08/13,3690,2840
2009/08/14,3689,2854
2009/08/17,3617,2825
2009/08/18,3600,2810
2009/08/19,3600,2830
2009/08/20,3595,2866
2009/08/21,3745,2905
2009/08/24,3735,3010
2009/08/25,3739,2900
2009/08/26,3760,3000
2009/08/27,3871,3090
2009/08/28,4100,3182
2009/08/31,4170,3213
2009/09/01,4045,3290
2009/09/02,3880,3210
2009/09/03,4030,3319
2009/09/04,4017,3390
2009/09/07,3970,3360
2009/09/08,3930,3310
2009/09/09,4050,3298
2009/09/10,4099,3362
2009/09/11,4200,3480
2009/09/14,4140,3330
2009/09/15,4100,3325
2009/09/16,4306,3335
2009/09/17,4520,3549
2009/09/18,4499,3600
2009/09/21,4290,3500
2009/09/22,4270,3521
2009/09/23,4300,3549
2009/09/25,4260,3489
2009/09/28,4248,3450
2009/09/29,4310,3388
2009/09/30,4395,3390
2009/10/01,4395,3300
2009/10/02,4292,3255
2009/10/05,4295,3329
2009/10/06,4260,3385
2009/10/07,4290,3400
2009/10/08,4250,3300
2009/10/09,4299,3370
2009/10/12,4280,3400
2009/10/13,4165,3380
2009/10/14,4220,3410
2009/10/15,4159,3385
2009/10/16,4124,3254
2009/10/19,4140,3220
2009/10/20,4073,3330
2009/10/21,3950,3290
2009/10/22,4000,3430
2009/10/23,4040,3416
2009/10/26,4020,3319
2009/10/27,3964,3300
2009/10/28,4002,3232
2009/10/29,4030,3350
2009/10/30,4030,3295
2009/11/02,3955,3200
2009/11/03,3890,3170
2009/11/04,3790,3250
2009/11/05,3720,3200
2009/11/06,3800,3134
2009/11/09,3850,3220
2009/11/10,3910,3250
2009/11/11,4029,3360
2009/11/12,4000,3300
2009/11/13,3955,3290
2009/11/16,3900,3300
2009/11/17,4035,3338
2009/11/18,3875,3243
2009/11/19,3890,3225
2009/11/20,3900,3199
2009/11/23,3936,3200
2009/11/24,3900,3199
2009/11/25,3835,3170
2009/11/26,3674,3135
2009/11/27,3690,3105
2009/11/30,3700,3102
2009/12/01,3700,3170
2009/12/02,3715,3145
2009/12/03,3685,3140
2009/12/04,3600,3180
2009/12/07,3500,3148
2009/12/08,3360,3210
2009/12/09,3450,3240
2009/12/10,3440,3340
2009/12/11,3450,3418
2009/12/14,3450,3424
2009/12/15,3450,3443
2009/12/17,3470,3500
2009/12/18,3689,3416
2009/12/21,3560,3475
2009/12/22,3590,3428
2009/12/23,3700,3485
2009/12/24,3760,3499
2009/12/28,3763,3482
2009/12/29,3759,3493
2009/12/30,3819,3439
2009/12/31,3850,3473
2010/01/04,3792,3480
2010/01/05,3768,3501
2010/01/06,3757,3540
2010/01/07,3745,3490
2010/01/08,3771,3542
2010/01/11,3749,3330
2010/01/12,3650,3305
2010/01/13,3575,3250
2010/01/14,3525,3375
2010/01/15,3500,3316
2010/01/18,3550,3338
2010/01/19,3523,3301
2010/01/20,3500,3400
2010/01/21,3395,3359
2010/01/22,3325,3425
2010/01/25,3349,3370
2010/01/26,3320,3360
2010/01/27,3260,3400
2010/01/28,3315,3405
2010/01/29,3200,3355
2010/02/01,3150,3327
2010/02/02,3160,3280
2010/02/03,3260,3310
2010/02/04,3300,3372
2010/02/05,3200,3289
2010/02/08,3205,3345
2010/02/09,3300,3328
2010/02/10,3365,3317
2010/02/11,3399,3285
2010/02/12,3320,3246
2010/02/15,3290,3296
2010/02/16,3279,3290
2010/02/17,3382,3400
2010/02/18,3325,3390
2010/02/19,3203,3230
2010/02/22,3200,3231
2010/02/23,3202,3287
2010/02/24,3220,3220
2010/02/25,3235,3235
2010/02/26,3234,3250
2010/03/01,3255,3239
2010/03/02,3260,3219
2010/03/03,3345,3220
2010/03/04,3504,3235
2010/03/05,3500,3236
2010/03/08,3460,3290
2010/03/09,3370,3300
2010/03/10,3299,3321
2010/03/11,3375,3250
2010/03/12,3525,3275
2010/03/15,3465,3225
2010/03/16,3500,3265
2010/03/17,3500,3300
2010/03/18,3450,3315
2010/03/19,3440,3275
2010/03/23,3438,3270
2010/03/24,3437,3275
2010/03/25,3600,3400
2010/03/26,3549,3352
2010/03/29,3680,3340
2010/03/30,3725,3350
2010/03/31,3710,3420
2010/04/01,3707,3370
2010/04/06,3800,3400
2010/04/07,3848,3400
2010/04/08,3843,3320
2010/04/09,3879,3335
2010/04/12,3820,3322
2010/04/13,3803,3297
2010/04/14,3834,3282
2010/04/15,3792,3294
2010/04/16,3800,3250
2010/04/19,3662,3247
2010/04/20,3639,3259
2010/04/21,3760,3269
2010/04/22,3700,3219
2010/04/23,3731,3320
2010/04/26,3780,3315
2010/04/28,3701,3315
2010/04/29,3761,3330
2010/04/30,3722,3315
2010/05/03,3780,3350
2010/05/04,3760,3300
2010/05/05,3700,3280
2010/05/06,3700,3330
2010/05/07,3700,3250
2010/05/10,3663,3317
2010/05/11,3637,3349
2010/05/12,3715,3430
2010/05/13,3718,3300
2010/05/14,3590,3240
2010/05/17,3600,3225
2010/05/18,3550,3244
2010/05/19,3540,3214
2010/05/20,3477,3160
2010/05/21,3500,3092
2010/05/24,3500,3122
2010/05/25,3461,3061
2010/05/26,3486,3200
2010/05/27,3485,3189
2010/05/28,3515,3230
2010/05/31,3480,3200
2010/06/01,3575,3206
2010/06/02,3554,3194
2010/06/03,3599,3187
2010/06/04,3530,3124
2010/06/07,3475,3065
2010/06/08,3475,3105
2010/06/09,3475,3137
2010/06/10,3500,3179
2010/06/11,3450,3134
2010/06/14,3440,3175
2010/06/15,3441,3250
2010/06/17,3500,3323
2010/06/18,3445,3335
2010/06/21,3433,3337
2010/06/22,3450,3295
2010/06/23,3450,3300
2010/06/24,3475,3287
2010/06/25,3475,3258
2010/06/28,3400,3235
2010/06/29,3405,3229
2010/06/30,3450,3180
2010/07/01,3400,3091
2010/07/02,3444,3116
2010/07/05,3501,3127
2010/07/06,3448,3120
2010/07/07,3389,3100
2010/07/08,3340,3094
2010/07/09,3305,3091
2010/07/12,3348,3080
2010/07/13,3354,3100
2010/07/14,3350,3148
2010/07/15,3350,3185
2010/07/16,3300,3117
2010/07/19,3321,3055
2010/07/20,3300,3062
2010/07/21,3305,3080
2010/07/22,3360,3144
2010/07/23,3422,3127
2010/07/26,3520,3150
2010/07/27,3530,3185
2010/07/28,3598,3208
2010/07/29,3620,3180
2010/07/30,3502,3225
2010/08/02,3560,3165
2010/08/03,3545,3150
2010/08/04,3548,3125
2010/08/05,3598,3125
2010/08/06,3555,3150
2010/08/10,3464,3085
2010/08/11,3420,3076
2010/08/12,3425,3080
2010/08/13,3475,3080
2010/08/16,3486,3068
2010/08/17,3490,3065
2010/08/18,3429,3032
2010/08/19,3467,3019
2010/08/20,3375,2970
2010/08/23,3402,2973
2010/08/24,3321,2967
2010/08/25,3290,2954
2010/08/26,3460,2945
2010/08/27,3392,2939
2010/08/30,3358,2934
2010/08/31,3339,3003
2010/09/01,3348,3001
2010/09/02,3350,2910
2010/09/03,3429,2940
2010/09/06,3463,2958
2010/09/07,3411,2943
2010/09/08,3301,2900
2010/09/09,3353,2886
2010/09/10,3310,2920
2010/09/13,3358,2969
2010/09/14,3381,2969
2010/09/15,3380,2992
2010/09/16,3402,2994
2010/09/17,3440,3000
2010/09/20,3490,2978
2010/09/21,3551,3020
2010/09/22,3512,3004
2010/09/23,3526,3000
2010/09/27,3515,3045
2010/09/28,3565,3058
2010/09/29,3600,3130
2010/09/30,3650,3196
2010/10/01,3690,3161
2010/10/04,3690,3174
2010/10/05,3682,3172
2010/10/06,3682,3190
2010/10/07,3645,3180
2010/10/08,3642,3200
2010/10/11,3643,3200
2010/10/12,3669,3200
2010/10/13,3670,3250
2010/10/14,3637,3228
2010/10/15,3700,3209
2010/10/18,3700,3250
2010/10/19,3663,3218
2010/10/20,3642,3290
2010/10/21,3708,3325
2010/10/22,3724,3312
2010/10/25,3771,3300
2010/10/26,3825,3319
2010/10/27,3900,3327
2010/10/28,3924,3311
2010/10/29,3920,3340
2010/11/01,3983,3370
2010/11/02,4008,3370
2010/11/03,4070,3444
2010/11/04,4065,3470
2010/11/05,4030,3430
2010/11/08,3999,3430
2010/11/09,3984,3386
2010/11/10,3991,3425
2010/11/11,3877,3394
2010/11/12,3900,3330
2010/11/15,3957,3350
2010/11/16,3816,3399
2010/11/17,3860,3387
2010/11/18,3929,3400
2010/11/19,3860,3394
2010/11/22,3840,3369
2010/11/23,3825,3325
2010/11/24,3790,3318
2010/11/25,3800,3327
2010/11/26,3775,3321
2010/11/29,3670,3335
2010/11/30,3611,3251
2010/12/01,3642,3293
2010/12/02,3655,3338
2010/12/03,3700,3283
2010/12/06,3681,3335
2010/12/07,3660,3332
2010/12/08,3690,3275
2010/12/09,3680,3297
2010/12/10,3626,3260
2010/12/13,3650,3280
2010/12/14,3660,3300
2010/12/15,3675,3325
2010/12/17,3811,3405
2010/12/20,3750,3333
2010/12/21,3711,3370
2010/12/22,3727,3375
2010/12/23,3735,3365
2010/12/24,3700,3353
2010/12/28,3746,3378
2010/12/29,3720,3425
2010/12/30,3715,3450
2010/12/31,3650,3495
2011/01/03,3660,3490
2011/01/04,3695,3510
2011/01/05,3690,3488
2011/01/06,3701,3490
2011/01/07,3700,3500
2011/01/10,3690,3313
2011/01/11,3835,3305
2011/01/12,3732,3280
2011/01/13,3660,3270
2011/01/14,3695,3279
2011/01/17,3657,3259
2011/01/18,3515,3200
2011/01/19,3600,3185
2011/01/20,3597,3200
2011/01/21,3539,3252
2011/01/24,3481,3260
2011/01/25,3439,3314
2011/01/26,3447,3350
2011/01/27,3472,3375
2011/01/28,3355,3265
2011/01/31,3211,3120
2011/02/01,3035,3013
2011/02/02,3010,3075
2011/02/03,3000,3040
2011/02/04,3022,3030
2011/02/07,3070,3010
2011/02/08,3100,2987
2011/02/09,3052,2984
2011/02/10,3085,2920
2011/02/11,3057,2900
2011/02/14,3095,2918
2011/02/15,3100,2880
2011/02/16,3137,2880
2011/02/17,3130,2875
2011/02/18,3146,2850
2011/02/21,3080,2845
2011/02/22,3031,2780
2011/02/23,3025,2750
2011/02/24,2901,2700
2011/02/25,2857,2735
2011/02/28,2840,2782
2011/03/01,2820,2746
2011/03/02,2756,2650
2011/03/03,2765,2695
2011/03/04,2716,2655
2011/03/07,2694,2610
2011/03/08,2698,2685
2011/03/09,2719,2718
2011/03/10,2650,2655
2011/03/11,2703,2566
2011/03/14,2638,2637
2011/03/15,2568,2600
2011/03/16,2625,2571
2011/03/17,2563,2534
2011/03/18,2600,2597
2011/03/22,2650,2500
2011/03/23,2670,2428
2011/03/24,2608,2427
2011/03/25,2623,2455
2011/03/28,2630,2405
2011/03/29,2651,2375
2011/03/30,2718,2395
2011/03/31,2730,2400
2011/04/01,2769,2418
2011/04/04,2827,2475
2011/04/05,2873,2583
2011/04/06,2965,2590
2011/04/07,3050,2610
2011/04/08,3083,2624
2011/04/11,3000,2577
2011/04/12,3015,2549
2011/04/13,3041,2544
2011/04/14,3000,2577
2011/04/15,2966,2585
2011/04/18,2949,2579
2011/04/19,2923,2549
2011/04/20,2925,2450
2011/04/21,2927,2450
2011/04/26,2915,2495
2011/04/28,2910,2529
2011/04/29,2891,2500
2011/05/03,2876,2516
2011/05/04,2860,2515
2011/05/05,2810,2521
2011/05/06,2836,2534
2011/05/09,2810,2520
2011/05/10,2805,2555
2011/05/11,2815,2570
2011/05/12,2822,2504
2011/05/13,2838,2509
2011/05/16,2850,2530
2011/05/17,2854,2575
2011/05/19,2935,2570
2011/05/20,2850,2520
2011/05/23,2830,2554
2011/05/24,2830,2625
2011/05/25,2870,2650
2011/05/26,2888,2675
2011/05/27,2915,2725
2011/05/30,2979,2730
2011/05/31,3000,2740
2011/06/01,3048,2748
2011/06/02,2985,2690
2011/06/03,3030,2685
2011/06/06,3010,2626
2011/06/07,3100,2674
2011/06/08,3112,2640
2011/06/09,3100,2652
2011/06/10,3060,2660
2011/06/13,3000,2677
2011/06/14,2990,2635
2011/06/15,2921,2663
2011/06/17,3000,2700
2011/06/20,2932,2660
2011/06/21,3014,2699
2011/06/22,3030,2686
2011/06/23,2960,2626
2011/06/24,2950,2620
2011/06/27,2949,2621
2011/06/28,2970,2650
2011/06/29,2990,2670
2011/06/30,2990,2680
2011/07/01,3000,2690
2011/07/04,3046,2677
2011/07/05,3020,2686
2011/07/06,3003,2719
2011/07/07,3020,2700
2011/07/08,3017,2719
2011/07/11,2943,2761
2011/07/12,2920,2688
2011/07/13,2925,2790
2011/07/14,2942,2785
2011/07/15,2979,2755
2011/07/18,2925,2700
2011/07/19,2946,2727
2011/07/20,2950,2682
2011/07/21,2930,2656
2011/07/22,2930,2638
2011/07/25,2910,2600
2011/07/26,2905,2588
2011/07/27,2902,2610
2011/07/28,2921,2570
2011/07/29,2950,2580
2011/08/01,2918,2560
2011/08/02,2900,2560
2011/08/03,2939,2542
2011/08/04,2894,2500
2011/08/05,2836,2440
2011/08/08,2757,2310
2011/08/10,2770,2330
2011/08/11,2801,2330
2011/08/12,2851,2376
2011/08/15,2832,2425
2011/08/16,2800,2390
2011/08/17,2870,2412
2011/08/18,2770,2425
2011/08/19,2765,2364
2011/08/22,2731,2355
2011/08/23,2730,2369
2011/08/24,2700,2345
2011/08/25,2619,2340
2011/08/26,2585,2360
2011/08/29,2585,2346
2011/08/30,2588,2337
2011/08/31,2653,2360
2011/09/01,2600,2336
2011/09/02,2589,2335
2011/09/05,2553,2315
2011/09/06,2480,2333
2011/09/07,2490,2336
2011/09/08,2485,2340
2011/09/09,2550,2350
2011/09/12,2560,2330
2011/09/13,2560,2302
2011/09/14,2595,2377
2011/09/15,2596,2400
2011/09/16,2690,2389
2011/09/19,2600,2364
2011/09/20,2582,2376
2011/09/21,2600,2420
2011/09/22,2559,2370
2011/09/23,2630,2347
2011/09/26,2664,2340
2011/09/27,2673,2330
2011/09/28,2627,2335
2011/09/29,2573,2302
2011/09/30,2585,2325
2011/10/03,2572,2340
2011/10/04,2530,2310
2011/10/05,2542,2300
2011/10/06,2540,2314
2011/10/07,2550,2310
2011/10/10,2466,2310
2011/10/11,2483,2330
2011/10/12,2515,2360
2011/10/13,2475,2390
2011/10/14,2484,2402
2011/10/17,2511,2370
2011/10/18,2505,2394
2011/10/19,2465,2350
2011/10/20,2373,2360
2011/10/21,2400,2368
2011/10/24,2405,2365
2011/10/25,2300,2360
2011/10/26,2237,2325
2011/10/27,2270,2360
2011/10/28,2304,2400
2011/10/31,2306,2406
2011/11/01,2325,2380
2011/11/02,2405,2410
2011/11/03,2390,2430
2011/11/04,2350,2435
2011/11/07,2310,2488
2011/11/08,2363,2563
2011/11/09,2352,2585
2011/11/10,2309,2612
2011/11/11,2271,2618
2011/11/14,2285,2628
2011/11/15,2302,2676
2011/11/16,2300,2639
2011/11/17,2285,2640
2011/11/18,2253,2610
2011/11/21,2230,2610
2011/11/22,2252,2635
2011/11/23,2205,2621
2011/12/02,2205,2621
2011/12/05,2205,2621
2011/12/06,2205,2621
2011/12/07,2205,2621
2011/12/08,2205,2621
2011/12/09,2205,2621
2011/12/12,2205,2621
2011/12/13,2300,2748
2011/12/14,2280,2668
2011/12/15,2260,2680
2011/12/19,2251,2650
2011/12/20,2263,2645
2011/12/21,2270,2697
2011/12/22,2300,2730
2011/12/23,2310,2724
2011/12/28,2324,2720
2011/12/29,2349,2725
2011/12/30,2271,2739
2012/01/03,2340,2760
2012/01/04,2332,2780
2012/01/05,2315,2782
2012/01/06,2300,2800
2012/01/09,2300,2700
2012/01/10,2300,2690
2012/01/11,2305,2690
2012/01/12,2329,2671
2012/01/13,2305,2699
2012/01/16,2323,2721
2012/01/17,2325,2750
2012/01/18,2356,2808
2012/01/19,2340,2800
2012/01/20,2383,2814
2012/01/23,2380,2820
2012/01/24,2355,2799
2012/01/25,2370,2780
2012/01/26,2460,2805
2012/01/27,2460,2828
2012/01/30,2500,2830
2012/01/31,2501,2828
2012/02/01,2550,2855
2012/02/02,2600,2900
2012/02/03,2615,2905
2012/02/06,2600,2910
2012/02/07,2564,2908
2012/02/08,2590,2936
2012/02/09,2615,2968
2012/02/10,2596,2999
2012/02/13,2599,3050
2012/02/14,2600,3041
2012/02/15,2650,3073
2012/02/16,2675,3040
2012/02/17,2675,3069
2012/02/20,2686,3082
2012/02/21,2678,3085
2012/02/22,2709,3120
2012/02/23,2675,3150
2012/02/24,2720,3163
2012/02/27,2800,3150
2012/02/28,2741,3156
2012/02/29,2751,3160
2012/03/01,2761,3150
2012/03/02,2800,3170
2012/03/05,2769,3135
2012/03/06,2693,3104
2012/03/07,2725,3042
2012/03/08,2725,3012
2012/03/09,2772,3135
2012/03/12,2770,3174
2012/03/13,2840,3190
2012/03/14,2900,3285
2012/03/15,2900,3304
2012/03/16,2850,3220
2012/03/19,2870,3190
2012/03/20,2908,3184
2012/03/22,2910,3151
2012/03/23,2930,3160
2012/03/26,2930,3200
2012/03/27,2930,3256
2012/03/28,2930,3215
2012/03/29,2934,3235
2012/03/30,2921,3280
2012/04/02,2997,3288
2012/04/03,2987,3271
2012/04/04,3021,3275
2012/04/05,3043,3314
2012/04/10,3050,3305
2012/04/11,3110,3305
2012/04/12,3118,3278
2012/04/13,3135,3297
2012/04/16,3075,3181
2012/04/17,3100,3176
2012/04/18,3081,3159
2012/04/19,3035,3147
2012/04/20,2995,3149
2012/04/23,2995,3113
2012/04/24,2958,3080
2012/04/25,2902,3050
2012/04/26,2900,3098
2012/04/30,2965,3098
2012/05/02,2975,3105
2012/05/03,2945,3125
2012/05/04,2960,3131
2012/05/07,2953,3110
2012/05/08,2936,3091
2012/05/09,2825,3051
2012/05/10,2800,3048
2012/05/11,2750,3014
2012/05/14,2655,2955
2012/05/15,2650,2914
2012/05/16,2570,2900
2012/05/17,2550,2906
2012/05/18,2473,2934
2012/05/21,2425,2866
2012/05/22,2400,2870
2012/05/23,2350,2880
2012/05/24,2350,2811
2012/05/25,2360,2815
2012/05/28,2403,2824
2012/05/29,2400,2886
2012/05/30,2360,2800
2012/05/31,2410,2787
2012/06/01,2452,2785
2012/06/04,2400,2752
2012/06/05,2426,2700
2012/06/06,2401,2702
2012/06/07,2400,2735
2012/06/08,2350,2718
2012/06/11,2325,2685
2012/06/12,2330,2700
2012/06/13,2330,2760
2012/06/14,2320,2701
2012/06/15,2388,2816
2012/06/18,2350,2760
2012/06/19,2350,2765
2012/06/20,2316,2803
2012/06/21,2305,2800
2012/06/22,2305,2740
2012/06/25,2300,2679
2012/06/26,2300,2660
2012/06/27,2280,2666
2012/06/28,2279,2640
2012/06/29,2276,2675
2012/07/02,2311,2642
2012/07/03,2350,2685
2012/07/04,2340,2700
2012/07/05,2350,2767
2012/07/06,2342,2751
2012/07/09,2340,2691
2012/07/10,2310,2700
2012/07/11,2285,2659
2012/07/12,2275,2569
2012/07/13,2285,2551
2012/07/16,2293,2561
2012/07/17,2319,2570
2012/07/18,2318,2550
2012/07/19,2320,2500
2012/07/20,2261,2450
2012/07/23,2281,2460
2012/07/24,2294,2460
2012/07/25,2300,2470
2012/07/26,2260,2450
2012/07/27,2283,2500
2012/07/30,2265,2515
2012/07/31,2278,2588
2012/08/01,2293,2655
2012/08/02,2270,2682
2012/08/03,2290,2725
2012/08/06,2289,2665
2012/08/07,2268,2670
2012/08/08,2285,2645
2012/08/10,2285,2649
2012/08/13,2285,2627
2012/08/14,2450,2662
2012/08/15,2530,2640
2012/08/16,2535,2629
2012/08/17,2570,2690
2012/08/20,2630,2702
2012/08/21,2668,2755
2012/08/22,2655,2726
2012/08/23,2682,2792
2012/08/24,2650,2820
2012/08/27,2567,2790
2012/08/28,2640,2815
2012/08/29,2670,2782
2012/08/30,2665,2671
2012/08/31,2650,2660
2012/09/03,2660,2700
2012/09/04,2650,2700
2012/09/05,2690,2674
2012/09/06,2650,2650
2012/09/07,2700,2650
2012/09/10,2725,2774
2012/09/11,2655,2717
2012/09/12,2749,2824
2012/09/13,2735,2828
2012/09/14,2830,2875
2012/09/17,2900,2899
2012/09/18,2908,2975
2012/09/19,2935,2981
2012/09/20,2885,2950
2012/09/21,2655,3046
2012/09/25,2650,2990
2012/09/26,2580,2885
2012/09/27,2560,2925
2012/09/28,2540,2900
2012/10/01,2645,2893
2012/10/02,2700,2883
2012/10/03,2687,2835
2012/10/04,2605,2821
2012/10/05,2570,2813
2012/10/08,2470,2800
2012/10/09,2500,2775
2012/10/10,2480,2805
2012/10/11,2480,2776
2012/10/12,2499,2844
2012/10/15,2471,2838
2012/10/16,2494,2910
2012/10/17,2485,2987
2012/10/18,2500,3000
2012/10/19,2486,2980
2012/10/22,2450,2973
2012/10/23,2465,2890
2012/10/24,2514,2896
2012/10/25,2530,2936
2012/10/26,2550,2932
2012/10/29,2450,2880
2012/10/30,2451,2830
2012/10/31,2455,2899
2012/11/01,2478,2885
2012/11/02,2485,2979
2012/11/05,2500,3006
2012/11/06,2580,2929
2012/11/07,2574,2930
2012/11/08,2600,2870
2012/11/09,2640,2880
2012/11/12,2646,2820
2012/11/13,2631,2866
2012/11/14,2600,2860
2012/11/15,2460,2868
2012/11/16,2460,2846
2012/11/19,2450,2839
2012/11/21,2450,2850
2012/11/22,2487,2860
2012/11/23,2450,2900
2012/11/24,2450,2900
2012/11/25,2450,2900
2012/11/26,2500,2915
2012/11/27,2510,2929
2012/11/28,2502,2898
2012/11/29,2500,2920
2012/11/30,2500,2926
2012/12/03,2522,2870
2012/12/04,2568,2960
2012/12/05,2686,3010
2012/12/06,2705,3020
2012/12/07,2857,3061
2012/12/10,2827,3175
2012/12/11,2845,3285
2012/12/12,2900,3261
2012/12/13,2845,3350
2012/12/14,2788,3315
2012/12/18,2840,3420
2012/12/19,2825,3549
2012/12/20,2820,3494
2012/12/21,2820,3476
2012/12/24,2820,3450
2012/12/27,2815,3477
2012/12/28,2815,3455
2012/12/31,2810,3420
2013/01/02,2835,3520
2013/01/03,2800,3460
2013/01/04,2750,3486
2013/01/07,2780,3317
2013/01/08,2800,3340
2013/01/09,2820,3350
2013/01/10,2872,3300
2013/01/11,2980,3227
2013/01/14,3000,3275
2013/01/15,2946,3268
2013/01/16,2950,3296
2013/01/17,2903,3294
2013/01/18,3030,3300
2013/01/21,3000,3270
2013/01/22,3050,3265
2013/01/23,3150,3275
2013/01/24,3150,3345
2013/01/25,3150,3319
2013/01/28,3150,3200
2013/01/29,3075,3194
2013/01/30,3075,3200
2013/01/31,3120,3275
2013/02/01,3165,3287
2013/02/04,3050,3261
2013/02/05,2875,3209
2013/02/06,2930,3210
2013/02/07,2908,3212
2013/02/08,2989,3259
2013/02/11,2950,3300
2013/02/12,2928,3330
2013/02/13,3200,3355
2013/02/14,3285,3382
2013/02/15,3290,3289
2013/02/18,3300,3335
2013/02/19,3340,3296
2013/02/20,3365,3329
2013/02/21,3379,3315
2013/02/22,3377,3307
2013/02/25,3400,3368
2013/02/26,3460,3400
2013/02/27,3475,3390
2013/02/28,3500,3451
2013/03/01,3556,3504
2013/03/04,3520,3550
2013/03/05,3550,3615
2013/03/06,3550,3620
2013/03/07,3560,3588
2013/03/08,3600,3585
2013/03/11,3648,3597
2013/03/12,3727,3626
2013/03/13,3670,3525
2013/03/14,3670,3440
2013/03/15,3750,3350
2013/03/18,3680,3319
2013/03/19,3696,3280
2013/03/20,3675,3287
2013/03/22,3682,3255
2013/03/25,3625,3200
2013/03/26,3650,3250
2013/03/27,3575,3200
2013/03/28,3600,3205
2013/04/02,3610,3300
2013/04/03,3580,3339
2013/04/04,3518,3349
2013/04/05,3540,3341
2013/04/08,3496,3394
2013/04/09,3400,3335
2013/04/10,3400,3410
2013/04/11,3411,3425
2013/04/12,3448,3480
2013/04/15,3365,3366
2013/04/16,3370,3390
2013/04/17,3383,3395
2013/04/18,3375,3360
2013/04/19,3390,3385
2013/04/22,3533,3420
2013/04/23,3579,3425
2013/04/24,3500,3399
2013/04/25,3490,3460
2013/04/26,3460,3350
2013/04/29,3450,3370
2013/04/30,3400,3281
2013/05/02,3422,3336
2013/05/03,3450,3402
2013/05/06,3473,3352
2013/05/07,3525,3395
2013/05/08,3640,3430
2013/05/09,3599,3450
2013/05/10,3581,3500
2013/05/13,3600,3525
2013/05/14,3560,3476
2013/05/15,3564,3474
2013/05/16,3600,3285
2013/05/17,3596,3234
2013/05/20,3600,3145
2013/05/21,3735,3108
2013/05/22,3804,3150
2013/05/23,3729,3088
2013/05/24,3775,3169
2013/05/27,3730,3188
2013/05/28,3727,3275
2013/05/29,3750,3229
2013/05/30,3701,3180
2013/05/31,3733,3235
2013/06/03,3705,3105
2013/06/04,3700,3080
2013/06/05,3761,3030
2013/06/06,3740,3078
2013/06/07,3780,3050
2013/06/10,3788,3050
2013/06/11,3760,3030
2013/06/12,3710,3000
2013/06/13,3700,2960
2013/06/14,3631,2940
2013/06/18,3665,2938
2013/06/19,3700,2949
2013/06/20,3620,2876
2013/06/21,3700,2990
2013/06/24,3580,2895
2013/06/25,3500,2875
2013/06/26,3500,2851
2013/06/27,3560,2800
2013/06/28,3670,2979
2013/07/01,3672,3037
2013/07/02,3821,3025
2013/07/03,3830,2950
2013/07/04,3850,3000
2013/07/05,3890,2995
2013/07/08,3935,2914
2013/07/09,3937,2900
2013/07/10,3972,2868
2013/07/11,3950,2918
2013/07/12,3999,2952
2013/07/15,3967,2934
2013/07/16,4000,2886
2013/07/17,3924,2853
2013/07/18,3800,2835
2013/07/19,3617,2847
2013/07/22,3960,2883
2013/07/23,3899,2970
2013/07/24,3800,2948
2013/07/25,3730,2862
2013/07/26,3755,2852
2013/07/29,3729,2891
2013/07/30,3945,2922
2013/07/31,3940,2900
2013/08/01,3999,2859
2013/08/02,4090,2855
2013/08/05,4060,2860
2013/08/06,4050,2880
2013/08/07,3954,2917
2013/08/08,4000,3063
2013/08/12,3950,3050
2013/08/13,4002,3219
2013/08/14,4105,3109
2013/08/15,4159,3047
2013/08/16,4250,3037
2013/08/19,4399,3027
2013/08/20,4390,2977
2013/08/21,4300,2992
2013/08/22,4229,3022
2013/08/23,4205,3020
2013/08/26,4230,3031
2013/08/27,4190,2975
2013/08/28,4182,2968
2013/08/29,4202,3010
2013/08/30,4176,2963
2013/09/02,4300,2941
2013/09/03,4485,2925
2013/09/04,4470,2965
2013/09/05,4500,2940
2013/09/06,4495,2900
2013/09/09,4485,2930
2013/09/10,4535,2950
2013/09/11,4548,2950
2013/09/12,4550,2973
2013/09/13,4474,2979
2013/09/16,4430,3020
2013/09/17,4365,3100
2013/09/18,4377,3020
2013/09/19,4329,3110
2013/09/20,4325,3100
2013/09/23,4331,3074
2013/09/25,4434,3046
2013/09/26,4350,3061
2013/09/27,4365,3095
2013/09/30,4400,3020
2013/10/01,4300,3056
2013/10/02,4367,3100
2013/10/03,4383,3152
2013/10/04,4354,3162
2013/10/07,4324,3155
2013/10/08,4450,3115
2013/10/09,4345,3100
2013/10/10,4427,3133
2013/10/11,4500,3121
2013/10/14,4500,3111
2013/10/15,4406,3120
2013/10/16,4405,3129
2013/10/17,4300,3100
2013/10/18,4235,3120
2013/10/21,4400,3174
2013/10/22,4341,3146
2013/10/23,4342,3153
2013/10/24,4234,3137
2013/10/25,4340,3115
2013/10/28,4450,3121
2013/10/29,4430,3155
2013/10/30,4479,3190
2013/10/31,4500,3175
2013/11/01,4499,3165
2013/11/04,4500,3165
2013/11/05,4478,3150
2013/11/06,4475,3225
2013/11/07,4476,3225
2013/11/08,4470,3155
2013/11/11,4505,3170
2013/11/12,4468,3150
2013/11/13,4420,3140
2013/11/14,4420,3162
2013/11/15,4433,3201
2013/11/18,4240,3190
2013/11/19,4350,3239
2013/11/20,4350,3200
2013/11/21,4345,3200
2013/11/22,4267,3154
2013/11/25,4180,3180
2013/11/26,4100,3155
2013/11/27,3950,3084
2013/11/28,3904,3090
2013/11/29,4000,3130
2013/12/02,3990,3125
2013/12/03,3954,3095
2013/12/04,3968,3104
2013/12/05,3991,3044
2013/12/06,3964,3023
2013/12/09,3999,3130
2013/12/10,3991,3149
2013/12/11,3960,3134
2013/12/12,3855,3149
2013/12/13,3840,3101
2013/12/17,3885,3090
2013/12/18,3870,3070
2013/12/19,3900,3060
2013/12/20,3840,3081
2013/12/23,3800,3073
2013/12/24,3796,3085
2013/12/27,3805,3038
2013/12/30,3947,3099
2013/12/31,4054,3140
2014/01/02,4057,3143
2014/01/03,4000,3150
2014/01/06,3990,2938
2014/01/07,3990,2941
2014/01/08,4035,2940
2014/01/09,4025,2961
2014/01/10,3975,2940
2014/01/13,3975,2940
2014/01/14,3968,2945
2014/01/15,4030,3077
2014/01/16,4150,3060
2014/01/17,4200,2960
2014/01/20,4100,2995
2014/01/21,4057,2961
2014/01/22,4063,3040
2014/01/23,4081,3024
2014/01/24,3975,3033
2014/01/27,3990,2951
2014/01/28,4000,2942
2014/01/29,3965,2930
2014/01/30,3960,2945
2014/01/31,3980,2981
2014/02/03,4015,2940
2014/02/04,4055,2913
2014/02/05,4090,2915
2014/02/06,4154,3015
2014/02/07,4150,2931
2014/02/10,4310,2948
2014/02/11,4420,2972
2014/02/12,4341,2940
2014/02/13,4390,2932
2014/02/14,4355,2929
2014/02/17,4565,2960
2014/02/18,4492,2937
2014/02/19,4474,2968
2014/02/20,4472,2917
2014/02/21,4500,2930
2014/02/24,4420,2935
2014/02/25,4430,2926
2014/02/26,4400,2923
2014/02/27,4400,2917
2014/02/28,4300,2940
2014/03/03,4249,2910
2014/03/04,4300,2915
2014/03/05,4300,2940
2014/03/06,4202,2920
2014/03/07,4250,2890
2014/03/10,4260,2850
2014/03/11,4251,2865
2014/03/12,4325,2884
2014/03/13,4282,2850
2014/03/14,4355,2877
2014/03/17,4300,2903
2014/03/18,4428,2929
2014/03/19,4484,2955
2014/03/20,4300,2860
2014/03/24,4300,2970
2014/03/25,4264,2970
2014/03/26,4355,2960
2014/03/27,4410,2930
2014/03/28,4341,2955
2014/03/31,4424,2924
2014/04/01,4412,2939
2014/04/02,4400,2920
2014/04/03,4447,2897
2014/04/04,4425,2958
2014/04/07,4400,2985
2014/04/08,4353,3010
2014/04/09,4358,3016
2014/04/10,4320,3000
2014/04/11,4216,3060
2014/04/14,4211,3067
2014/04/15,4261,3020
2014/04/16,4335,3094
2014/04/17,4325,3040
2014/04/22,4330,3061
2014/04/23,4320,3050
2014/04/24,4340,3040
2014/04/25,4340,3080
2014/04/29,4350,3060
2014/04/30,4328,3060
2014/05/02,4340,3101
2014/05/05,4340,3105
2014/05/06,4325,3139
2014/05/08,4370,3248
2014/05/09,4369,3310
2014/05/12,4360,3290
2014/05/13,4365,3320
2014/05/14,4385,3193
2014/05/15,4323,3235
2014/05/16,4300,3209
2014/05/19,4317,3295
2014/05/20,4350,3135
2014/05/21,4340,3175
2014/05/22,4340,3220
2014/05/23,4340,3225
2014/05/26,4316,3239
2014/05/27,4289,3228
2014/05/28,4311,3255
2014/05/29,4320,3218
2014/05/30,4325,3250
2014/06/02,4320,3175
2014/06/03,4300,3268
2014/06/04,4145,3204
2014/06/05,4058,3245
2014/06/06,4070,3230
2014/06/09,4045,3160
2014/06/10,4050,3170
2014/06/11,4184,3200
2014/06/12,4200,3185
2014/06/13,4200,3160
2014/06/17,4199,3165
2014/06/18,4170,3144
2014/06/19,4074,3177
2014/06/20,4160,3260
2014/06/23,4168,3227
2014/06/24,4195,3226
2014/06/25,4160,3195
2014/06/26,4190,3141
2014/06/27,4100,3160
2014/06/30,4100,3135
2014/07/01,4104,3200
2014/07/02,4085,3183
2014/07/03,4060,3173
2014/07/04,4057,3163
2014/07/07,4000,3121
2014/07/08,4028,3135
2014/07/09,3980,3171
2014/07/10,3935,3080
2014/07/11,3920,3109
2014/07/14,3930,3191
2014/07/15,3870,3179
2014/07/16,3800,3159
2014/07/17,3759,3150
2014/07/18,3739,3169
2014/07/21,3720,3194
2014/07/22,3739,3275
2014/07/23,3862,3286
2014/07/24,3870,3306
2014/07/25,3899,3261
2014/07/28,3860,3280
2014/07/29,3885,3295
2014/07/30,3978,3256
2014/07/31,4000,3216
2014/08/01,4000,3280
2014/08/04,3995,3287
2014/08/05,3999,3250
2014/08/06,4000,3238
2014/08/07,4025,3225
2014/08/08,4020,3270
2014/08/11,4059,3260
2014/08/12,4057,3265
2014/08/13,4070,3270
2014/08/14,4130,3280
2014/08/15,4139,3229
2014/08/18,4144,3317
2014/08/19,4077,3275
2014/08/20,4126,3270
2014/08/21,4150,3250
2014/08/22,4122,3287
2014/08/25,4149,3325
2014/08/26,4120,3310
2014/08/27,4140,3311
2014/08/28,4110,3325
2014/08/29,4075,3311
2014/09/01,4066,3400
2014/09/02,4120,3350
2014/09/03,4145,3385
2014/09/04,4112,3373
2014/09/05,4200,3390
2014/09/08,4209,3450
2014/09/09,4193,3396
2014/09/10,4100,3398
2014/09/11,4113,3395
2014/09/12,4049,3305
2014/09/15,4131,3308
2014/09/16,4137,3295
2014/09/17,4140,3247
2014/09/18,4140,3263
2014/09/19,4125,3250
2014/09/22,4069,3000
2014/09/23,4057,3000
2014/09/25,4089,3000
2014/09/26,4019,2990
2014/09/29,3985,3020
2014/09/30,4000,2956
2014/10/01,3984,2860
2014/10/02,3965,2866
2014/10/03,3965,2900
2014/10/06,3960,2900
2014/10/07,3945,2844
2014/10/08,3900,2807
2014/10/09,3988,2847
2014/10/10,3897,2830
2014/10/13,3855,2810
2014/10/14,3831,2917
2014/10/15,3785,2790
2014/10/16,3850,2771
2014/10/17,3990,2775
2014/10/20,3941,2840
2014/10/21,3878,2812
2014/10/22,3850,2846
2014/10/23,3795,2801
2014/10/24,3765,2790
2014/10/27,3750,2803
2014/10/28,3758,2797
2014/10/29,3729,2804
2014/10/30,3633,2795
2014/10/31,3773,2960
2014/11/03,3860,2871
2014/11/04,3820,2818
2014/11/05,3756,2841
2014/11/06,3685,2790
2014/11/07,3683,2745
2014/11/10,3629,2740
2014/11/11,3678,2700
2014/11/12,3715,2768
2014/11/13,3590,2781
2014/11/14,3500,2700
2014/11/17,2891,2695
2014/11/18,2910,2581
2014/11/19,2910,2603
2014/11/20,2952,2605
2014/11/21,2950,2558
2014/11/24,2956,2615
2014/11/25,2910,2571
2014/11/26,2790,2602
2014/11/27,2775,2580
2014/11/28,2677,2557
2014/12/01,2699,2510
2014/12/02,2780,2508
2014/12/03,2834,2512
2014/12/04,2762,2528
2014/12/05,2741,2500
2014/12/08,2772,2454
2014/12/09,2819,2400
2014/12/10,2830,2454
2014/12/11,2814,2453
2014/12/12,2805,2502
2014/12/15,2650,2500
2014/12/17,2715,2432
2014/12/18,2840,2490
2014/12/19,2973,2550
2014/12/22,2936,2625
2014/12/23,2980,2728
2014/12/24,2975,2700
2014/12/29,2978,2740
2014/12/30,2900,2760
2014/12/31,2923,2750
2015/01/02,2948,2721
2015/01/05,2905,2550
2015/01/06,2900,2565
2015/01/07,2834,2603
2015/01/08,2831,2511
2015/01/09,2786,2485
2015/01/12,2760,2354
2015/01/13,2720,2335
2015/01/14,2615,2380
2015/01/15,2580,2320
2015/01/16,2565,2350
2015/01/19,2579,2417
2015/01/20,2611,2398
2015/01/21,2645,2391
2015/01/22,2646,2352
2015/01/23,2671,2369
2015/01/26,2670,2220
2015/01/27,2660,2189
2015/01/28,2633,2160
2015/01/29,2630,2045
2015/01/30,2636,2140
2015/02/02,2593,2141
2015/02/03,2665,2180
2015/02/04,2589,2150
2015/02/05,2563,2126
2015/02/06,2622,2085
2015/02/09,2581,2112
2015/02/10,2540,2050
2015/02/11,2490,2030
2015/02/12,2475,1991
2015/02/13,2563,1863
2015/02/16,2560,1840
2015/02/17,2575,1851
2015/02/18,2630,1889
2015/02/19,2584,1895
2015/02/20,2640,1915
2015/02/23,2640,1915
2015/02/24,2545,1857
2015/02/25,2510,1818
2015/02/26,2490,1840
2015/02/27,2500,1812
2015/03/02,2514,1831
2015/03/03,2556,1847
2015/03/04,2559,1836
2015/03/05,2580,1781
2015/03/06,2580,1790
2015/03/09,2550,1820
2015/03/10,2520,1800
2015/03/11,2575,1742
2015/03/12,2566,1754
2015/03/13,2550,1716
2015/03/16,2530,1690
2015/03/17,2430,1744
2015/03/18,2365,1744
2015/03/19,2325,1803
2015/03/20,2455,1855
2015/03/23,2463,1908
2015/03/24,2360,1935
2015/03/25,2262,1851
2015/03/26,2237,1796
2015/03/27,2300,1899
2015/03/30,2471,1890
2015/03/31,2514,1833
2015/04/01,2490,1830
2015/04/02,2475,1799
2015/04/07,2475,1742
2015/04/08,2515,1772
2015/04/09,2612,1785
2015/04/10,2660,1825
2015/04/13,2638,1835
2015/04/14,2635,1785
2015/04/15,2639,1783
2015/04/16,2620,1801
2015/04/17,2600,1796
2015/04/20,2550,1777
2015/04/21,2547,1785
2015/04/22,2583,1707
2015/04/23,2560,1723
2015/04/24,2540,1713
2015/04/28,2585,1746
2015/04/29,2750,1713
2015/04/30,2740,1702
2015/05/04,2715,1730
2015/05/05,2809,1778
2015/05/06,2915,1810
2015/05/07,2915,1728
2015/05/08,3100,1672
2015/05/11,3110,1630
2015/05/12,3100,1683
2015/05/13,3025,1720
2015/05/14,3100,1719
2015/05/15,3000,1766
2015/05/18,2846,1767
2015/05/19,2869,1895
2015/05/20,2900,1960
2015/05/21,2960,2116
2015/05/22,2881,2060
2015/05/25,2850,2015
2015/05/26,2800,1870
2015/05/27,2918,1881
2015/05/28,2924,1967
2015/05/29,2800,2030
2015/06/01,2816,2002
2015/06/02,2840,2000
2015/06/03,2802,1976
2015/06/04,2886,2005
2015/06/05,2863,1995
2015/06/08,2800,1939
2015/06/09,2695,1902
2015/06/10,2720,1944
2015/06/11,2727,1920
2015/06/12,2690,1940
2015/06/15,2675,1980
2015/06/17,2710,1985
2015/06/18,2800,1945
2015/06/19,2880,1913
2015/06/22,2884,1898
2015/06/23,2899,1840
2015/06/24,2765,1834
2015/06/25,2800,1833
2015/06/26,2880,1790
2015/06/29,2800,1793
2015/06/30,2844,1765
2015/07/01,2810,1759
2015/07/02,2782,1797
2015/07/03,2783,1820
2015/07/06,2623,1857
2015/07/07,2670,1835
2015/07/08,2626,1855
2015/07/09,2485,1969
2015/07/10,2498,2000
2015/07/13,2450,1926
2015/07/14,2490,1930
2015/07/15,2515,1944
2015/07/16,2500,2012
2015/07/17,2482,2044
2015/07/20,2475,1989
2015/07/21,2490,2035
2015/07/22,2550,2060
2015/07/23,2523,2084
2015/07/24,2520,2030
2015/07/27,2200,2070
2015/07/28,2250,2000
2015/07/29,2250,2113
2015/07/30,2334,2234
2015/07/31,2350,2251
2015/08/03,2300,2230
2015/08/04,2285,2210
2015/08/05,2290,2210
2015/08/06,2260,2204
2015/08/07,2179,2204
2015/08/11,2200,2248
2015/08/12,2185,2228
2015/08/13,2123,2204
2015/08/14,2100,2180
2015/08/17,2175,2200
2015/08/18,2200,2213
2015/08/19,2249,2139
2015/08/20,2300,2200
2015/08/21,2290,2180
2015/08/24,2210,2060
2015/08/25,2200,2117
2015/08/26,2200,2051
2015/08/27,2224,2075
2015/08/28,2255,2139
2015/08/31,2230,2170
2015/09/01,2270,2104
2015/09/02,2227,2130
2015/09/03,2230,2125
2015/09/04,2198,2139
2015/09/07,2149,2060
2015/09/08,2143,2065
2015/09/09,2102,2036
2015/09/10,2055,2035
2015/09/11,2059,2070
2015/09/14,2149,2103
2015/09/15,2190,2085
2015/09/16,2147,2085
2015/09/17,2165,2060
2015/09/18,2055,1998
2015/09/21,2079,1905
2015/09/22,2000,1950
2015/09/23,2040,1840
2015/09/25,1990,1806
2015/09/28,1966,1733
2015/09/29,1950,1716
2015/09/30,1880,1710
2015/10/01,1910,1741
2015/10/02,1950,1783
2015/10/05,1975,1801
2015/10/06,2040,1752
2015/10/07,1951,1725
2015/10/08,2000,1743
2015/10/09,2050,1769
2015/10/12,2019,1770
2015/10/13,2000,1751
2015/10/14,2009,1762
2015/10/15,2008,1765
2015/10/16,2017,1765
2015/10/19,2085,1758
2015/10/20,2050,1737
2015/10/21,2104,1728
2015/10/22,2123,1697
2015/10/23,2120,1763
2015/10/26,2149,1809
2015/10/27,2170,1733
2015/10/28,2160,1730
2015/10/29,2165,1680
2015/10/30,2200,1665
2015/11/02,2159,1650
2015/11/03,2238,1691
2015/11/04,2245,1691
2015/11/05,2250,1685
2015/11/06,2318,1639
2015/11/09,2250,1573
2015/11/10,2125,1600
2015/11/11,2200,1606
2015/11/12,2143,1575
2015/11/13,2101,1605
2015/11/16,2045,1565
2015/11/17,2070,1525
2015/11/18,2119,1602
2015/11/19,2070,1690
2015/11/20,2100,1675
2015/11/23,2119,1668
