Date,Group5,WHBO
2004/05/12,975,1690
2004/05/13,975,1700
2004/05/14,975,1700
2004/05/17,985,1680
2004/05/18,950,1720
2004/05/19,950,1750
2004/05/20,950,1800
2004/05/21,950,1796
2004/05/24,942,1800
2004/05/25,950,1795
2004/05/26,950,1785
2004/05/27,950,1770
2004/05/28,954,1750
2004/05/31,950,1750
2004/06/01,955,1775
2004/06/02,965,1800
2004/06/03,965,1790
2004/06/04,967,1790
2004/06/07,976,1810
2004/06/08,971,1815
2004/06/09,985,1810
2004/06/10,985,1810
2004/06/11,975,1810
2004/06/14,990,1840
2004/06/15,1000,1825
2004/06/17,1025,1825
2004/06/18,1032,1830
2004/06/21,1060,1830
2004/06/22,1055,1830
2004/06/23,1055,1841
2004/06/24,1055,1860
2004/06/25,1065,1870
2004/06/28,1080,1895
2004/06/29,1090,1900
2004/06/30,1100,1900
2004/07/01,1090,1900
2004/07/02,1080,1886
2004/07/05,1100,1887
2004/07/06,1085,1882
2004/07/07,1075,1880
2004/07/08,1050,1880
2004/07/09,1050,1850
2004/07/12,1050,1830
2004/07/13,1035,1825
2004/07/14,1025,1850
2004/07/15,1040,1830
2004/07/16,1060,1850
2004/07/19,1050,1850
2004/07/20,1050,1880
2004/07/21,1070,1889
2004/07/22,1070,1885
2004/07/23,1050,1901
2004/07/26,1050,1950
2004/07/27,1049,1930
2004/07/28,1050,1930
2004/07/29,1050,1940
2004/07/30,1040,1940
2004/08/02,1010,1940
2004/08/03,1010,1905
2004/08/04,1025,1900
2004/08/05,1030,1900
2004/08/06,1030,1900
2004/08/10,1030,1920
2004/08/11,1050,1940
2004/08/12,1050,1975
2004/08/13,1080,1980
2004/08/16,1169,1990
2004/08/17,1122,1970
2004/08/18,1040,2000
2004/08/19,1035,2000
2004/08/20,1050,2010
2004/08/23,1081,2000
2004/08/24,1080,2000
2004/08/25,1060,2000
2004/08/26,1050,2000
2004/08/27,1050,2000
2004/08/30,1057,2000
2004/08/31,1075,1975
2004/09/01,1085,1960
2004/09/02,1090,1955
2004/09/03,1090,1940
2004/09/06,1085,1939
2004/09/07,1056,1940
2004/09/08,1060,1990
2004/09/09,1090,1990
2004/09/10,1125,1970
2004/09/13,1150,1990
2004/09/14,1145,1965
2004/09/15,1140,1980
2004/09/16,1140,1966
2004/09/17,1139,1975
2004/09/20,1140,1980
2004/09/21,1150,1980
2004/09/22,1143,2000
2004/09/23,1120,2020
2004/09/27,1120,2010
2004/09/28,1132,2010
2004/09/29,1140,2030
2004/09/30,1141,2100
2004/10/01,1150,2100
2004/10/04,1160,2100
2004/10/05,1180,2129
2004/10/06,1180,2130
2004/10/07,1180,2155
2004/10/08,1180,2141
2004/10/11,1200,2200
2004/10/12,1205,2200
2004/10/13,1207,2180
2004/10/14,1190,2140
2004/10/15,1250,2180
2004/10/18,1220,2190
2004/10/19,1270,2220
2004/10/20,1280,2275
2004/10/21,1310,2320
2004/10/22,1300,2350
2004/10/25,1310,2350
2004/10/26,1355,2425
2004/10/27,1410,2460
2004/10/28,1400,2485
2004/10/29,1380,2495
2004/11/01,1375,2500
2004/11/02,1410,2500
2004/11/03,1460,2500
2004/11/04,1501,2540
2004/11/05,1540,2500
2004/11/08,1550,2550
2004/11/09,1560,2550
2004/11/10,1560,2500
2004/11/11,1520,2550
2004/11/12,1472,2510
2004/11/15,1400,2550
2004/11/16,1365,2510
2004/11/17,1400,2512
2004/11/18,1450,2515
2004/11/19,1450,2600
2004/11/22,1470,2600
2004/11/23,1480,2600
2004/11/24,1470,2600
2004/11/25,1480,2600
2004/11/26,1482,2550
2004/11/29,1480,2600
2004/11/30,1425,2560
2004/12/01,1460,2550
2004/12/02,1460,2580
2004/12/03,1425,2580
2004/12/06,1360,2572
2004/12/07,1350,2520
2004/12/08,1375,2550
2004/12/09,1390,2520
2004/12/10,1390,2520
2004/12/13,1390,2545
2004/12/14,1400,2635
2004/12/15,1390,2669
2004/12/17,1390,2700
2004/12/20,1400,2650
2004/12/21,1408,2650
2004/12/22,1420,2635
2004/12/23,1500,2700
2004/12/24,1500,2700
2004/12/28,1495,2750
2004/12/29,1500,2800
2004/12/30,1500,2750
2004/12/31,1515,2650
2005/01/03,1526,2750
2005/01/04,1540,2750
2005/01/05,1550,2800
2005/01/06,1600,2800
2005/01/07,1600,2799
2005/01/10,1650,2798
2005/01/11,1650,2799
2005/01/12,1690,2775
2005/01/13,1688,2740
2005/01/14,1680,2749
2005/01/17,1650,2750
2005/01/18,1580,2650
2005/01/19,1540,2639
2005/01/20,1570,2700
2005/01/21,1555,2650
2005/01/24,1511,2645
2005/01/25,1530,2645
2005/01/26,1541,2645
2005/01/27,1557,2700
2005/01/28,1576,2700
2005/01/31,1590,2750
2005/02/01,1615,2740
2005/02/02,1590,2700
2005/02/03,1569,2700
2005/02/04,1540,2699
2005/02/07,1550,2699
2005/02/08,1550,2650
2005/02/09,1545,2650
2005/02/10,1550,2650
2005/02/11,1580,2700
2005/02/14,1570,2700
2005/02/15,1550,2750
2005/02/16,1495,2750
2005/02/17,1471,2700
2005/02/18,1485,2700
2005/02/21,1505,2700
2005/02/22,1506,2725
2005/02/23,1490,2725
2005/02/24,1490,2800
2005/02/25,1470,2820
2005/02/28,1476,2872
2005/03/01,1465,2875
2005/03/02,1480,2896
2005/03/03,1465,2801
2005/03/04,1460,2900
2005/03/07,1447,2830
2005/03/08,1448,2830
2005/03/09,1424,2840
2005/03/10,1425,2850
2005/03/11,1425,2875
2005/03/14,1400,2850
2005/03/15,1400,2870
2005/03/16,1415,2845
2005/03/17,1430,2850
2005/03/18,1441,2845
2005/03/22,1460,2845
2005/03/23,1459,2845
2005/03/24,1460,2835
2005/03/29,1445,2750
2005/03/30,1430,2740
2005/03/31,1445,2750
2005/04/01,1435,2750
2005/04/04,1420,2740
2005/04/05,1415,2740
2005/04/06,1375,2700
2005/04/07,1340,2701
2005/04/08,1330,2730
2005/04/11,1315,2750
2005/04/12,1320,2725
2005/04/13,1330,2700
2005/04/14,1355,2700
2005/04/15,1390,2700
2005/04/18,1390,2650
2005/04/19,1420,2650
2005/04/20,1430,2650
2005/04/21,1400,2670
2005/04/22,1370,2670
2005/04/25,1380,2670
2005/04/26,1380,2650
2005/04/28,1370,2640
2005/04/29,1370,2650
2005/05/03,1379,2650
2005/05/04,1470,2650
2005/05/05,1440,2750
2005/05/06,1415,2800
2005/05/09,1420,2800
2005/05/10,1425,2850
2005/05/11,1424,2856
2005/05/12,1420,2875
2005/05/13,1420,2875
2005/05/16,1420,2875
2005/05/17,1399,2875
2005/05/18,1385,2860
2005/05/19,1400,2860
2005/05/20,1400,2845
2005/05/23,1379,2835
2005/05/24,1375,2700
2005/05/25,1360,2700
2005/05/26,1370,2700
2005/05/27,1370,2695
2005/05/30,1370,2700
2005/05/31,1360,2700
2005/06/01,1359,2650
2005/06/02,1370,2675
2005/06/03,1370,2680
2005/06/06,1440,2700
2005/06/07,1427,2700
2005/06/08,1425,2750
2005/06/09,1450,2800
2005/06/10,1465,2800
2005/06/13,1455,2820
2005/06/14,1475,2850
2005/06/15,1490,2850
2005/06/17,1520,2850
2005/06/20,1535,2850
2005/06/21,1535,3100
2005/06/22,1610,3090
2005/06/23,1550,3050
2005/06/24,1535,3050
2005/06/27,1530,3000
2005/06/28,1520,2990
2005/06/29,1520,2960
2005/06/30,1539,2980
2005/07/01,1525,2978
2005/07/04,1540,2980
2005/07/05,1570,2990
2005/07/06,1610,3020
2005/07/07,1620,3000
2005/07/08,1613,3060
2005/07/11,1625,3070
2005/07/12,1630,3110
2005/07/13,1645,3120
2005/07/14,1675,3150
2005/07/15,1670,3150
2005/07/18,1665,3150
2005/07/19,1660,3150
2005/07/20,1635,3200
2005/07/21,1694,3221
2005/07/22,1697,3250
2005/07/25,1705,3190
2005/07/26,1705,3200
2005/07/27,1705,3200
2005/07/28,1710,3190
2005/07/29,1720,3200
2005/08/01,1740,3265
2005/08/02,1765,3300
2005/08/03,1765,3306
2005/08/04,1775,3340
2005/08/05,1774,3340
2005/08/08,1775,3375
2005/08/10,1735,3380
2005/08/11,1660,3400
2005/08/12,1655,3390
2005/08/15,1661,3450
2005/08/16,1680,3450
2005/08/17,1710,3450
2005/08/18,1700,3440
2005/08/19,1710,3450
2005/08/22,1745,3430
2005/08/23,1780,3450
2005/08/24,1780,3450
2005/08/25,1780,3450
2005/08/26,1770,3490
2005/08/29,1720,3550
2005/08/30,1721,3545
2005/08/31,1780,3545
2005/09/01,1800,3550
2005/09/02,1830,3466
2005/09/05,1875,3450
2005/09/06,1880,3500
2005/09/07,1875,3570
2005/09/08,1870,3570
2005/09/09,1820,3600
2005/09/12,1845,3650
2005/09/13,1850,3650
2005/09/14,1850,3650
2005/09/15,1865,3666
2005/09/16,1890,3666
2005/09/19,1890,3800
2005/09/20,1880,3775
2005/09/21,1870,3760
2005/09/22,1875,3700
2005/09/23,1800,3745
2005/09/26,1850,3760
2005/09/27,1889,3795
2005/09/28,1975,3800
2005/09/29,1985,3825
2005/09/30,2000,3840
2005/10/03,2040,3850
2005/10/04,2010,3875
2005/10/05,1955,3850
2005/10/06,1919,3825
2005/10/07,1900,3800
2005/10/10,1921,3801
2005/10/11,1961,3900
2005/10/12,1990,3950
2005/10/13,1940,3900
2005/10/14,1920,3800
2005/10/17,1950,3750
2005/10/18,1940,3790
2005/10/19,1935,3800
2005/10/20,1940,3900
2005/10/21,1950,3950
2005/10/24,1950,3960
2005/10/25,1960,3980
2005/10/26,2000,4050
2005/10/27,2050,4000
2005/10/28,2100,4000
2005/10/31,2100,4030
2005/11/01,2110,4180
2005/11/02,2094,4180
2005/11/03,2090,4175
2005/11/04,2050,4140
2005/11/07,2056,4110
2005/11/08,2085,4100
2005/11/09,2085,4100
2005/11/10,2070,4150
2005/11/11,2075,4140
2005/11/14,1999,4180
2005/11/15,2005,4120
2005/11/16,2020,4170
2005/11/17,2019,4160
2005/11/18,1990,4170
2005/11/21,1990,4115
2005/11/22,2011,4000
2005/11/23,2000,4075
2005/11/24,1975,4080
2005/11/25,1969,4080
2005/11/28,1939,4079
2005/11/29,1905,4050
2005/11/30,1868,4029
2005/12/01,1875,4027
2005/12/02,1900,3950
2005/12/05,1940,3960
2005/12/06,1980,4000
2005/12/07,2025,4050
2005/12/08,2050,4039
2005/12/09,2035,4035
2005/12/12,2010,4057
2005/12/13,1980,4085
2005/12/14,2005,4200
2005/12/15,2085,4300
2005/12/19,2120,4300
2005/12/20,2130,4250
2005/12/21,2150,4290
2005/12/22,2150,4325
2005/12/23,2150,4300
2005/12/27,2149,4350
2005/12/28,2130,4425
2005/12/29,2150,4425
2005/12/30,2105,4400
2006/01/03,2150,4420
2006/01/04,2250,4525
2006/01/05,2300,4575
2006/01/06,2355,4600
2006/01/09,2371,4650
2006/01/10,2400,4740
2006/01/11,2427,4850
2006/01/12,2410,5000
2006/01/13,2420,4800
2006/01/16,2410,4990
2006/01/17,2410,4950
2006/01/18,2411,4945
2006/01/19,2500,5000
2006/01/20,2500,5000
2006/01/23,2520,5000
2006/01/24,2500,4988
2006/01/25,2470,4985
2006/01/26,2470,5000
2006/01/27,2475,4985
2006/01/30,2425,4980
2006/01/31,2475,4850
2006/02/01,2475,4860
2006/02/02,2485,4900
2006/02/03,2460,4900
2006/02/06,2475,4925
2006/02/07,2470,4850
2006/02/08,2440,4800
2006/02/09,2457,4900
2006/02/10,2500,4840
2006/02/13,2484,4845
2006/02/14,2449,4850
2006/02/15,2430,4850
2006/02/16,2300,4880
2006/02/17,2450,4900
2006/02/20,2440,4950
2006/02/21,2450,4950
2006/02/22,2580,5010
2006/02/23,2656,5020
2006/02/24,2650,5010
2006/02/27,2690,5180
2006/02/28,2700,5250
2006/03/02,2705,5500
2006/03/03,2701,5511
2006/03/06,2775,5620
2006/03/07,2800,5500
2006/03/08,2750,5499
2006/03/09,2800,5389
2006/03/10,2800,5400
2006/03/13,2800,5590
2006/03/14,2860,5620
2006/03/15,2850,5700
2006/03/16,2850,5680
2006/03/17,2900,5627
2006/03/20,2950,5630
2006/03/22,3040,5800
2006/03/23,3115,5970
2006/03/24,3160,5990
2006/03/27,3180,5970
2006/03/28,3200,5900
2006/03/29,3180,5900
2006/03/30,3145,5800
2006/03/31,3040,5650
2006/04/03,3030,5700
2006/04/04,3025,5700
2006/04/05,2930,5690
2006/04/06,3000,5600
2006/04/07,3000,5600
2006/04/10,2998,5570
2006/04/11,2942,5500
2006/04/12,2900,5450
2006/04/13,2870,5565
2006/04/18,2900,5799
2006/04/19,2999,5780
2006/04/20,3000,5800
2006/04/21,3002,5950
2006/04/24,3016,5980
2006/04/25,3030,6002
2006/04/26,3050,6000
2006/04/28,3050,6000
2006/05/02,3015,6000
2006/05/03,3050,6000
2006/05/04,3060,5975
2006/05/05,3065,5975
2006/05/08,3110,5930
2006/05/09,3130,5930
2006/05/10,3130,5900
2006/05/11,3140,5830
2006/05/12,3200,5830
2006/05/15,3066,5525
2006/05/16,3065,5490
2006/05/17,3050,5500
2006/05/18,3040,5550
2006/05/19,3010,5575
2006/05/22,2950,5350
2006/05/23,2940,5244
2006/05/24,2850,5130
2006/05/25,2845,5070
2006/05/26,2830,5200
2006/05/29,2825,5300
2006/05/30,2850,5290
2006/05/31,2850,5290
2006/06/01,2851,5290
2006/06/02,2865,5360
2006/06/05,3000,5390
2006/06/06,2890,5340
2006/06/07,2805,5150
2006/06/08,2590,4950
2006/06/09,2589,4930
2006/06/12,2700,4897
2006/06/13,2649,4780
2006/06/14,2600,4762
2006/06/15,2677,5000
2006/06/19,2753,5200
2006/06/20,2730,5300
2006/06/21,2730,5390
2006/06/22,2751,5350
2006/06/23,2625,5050
2006/06/26,2651,5002
2006/06/27,2651,5000
2006/06/28,2750,5060
2006/06/29,2750,5100
2006/06/30,2875,5200
2006/07/03,2839,5174
2006/07/04,2900,5300
2006/07/05,2901,5290
2006/07/06,2915,5248
2006/07/07,2900,5245
2006/07/10,2900,5245
2006/07/11,2924,5220
2006/07/12,3000,5400
2006/07/13,2960,5300
2006/07/14,2950,5300
2006/07/17,2726,5200
2006/07/18,2815,5150
2006/07/19,2900,5150
2006/07/20,2950,5200
2006/07/21,2850,5225
2006/07/24,2900,5300
2006/07/25,2910,5398
2006/07/26,2915,5400
2006/07/27,2914,5499
2006/07/28,2900,5499
2006/07/31,2950,5450
2006/08/01,2900,5330
2006/08/02,2900,5350
2006/08/03,2869,5350
2006/08/04,2900,5302
2006/08/07,2910,5350
2006/08/08,2935,5350
2006/08/10,3050,5500
2006/08/11,3175,5701
2006/08/14,3180,5845
2006/08/15,3180,5800
2006/08/16,3170,5805
2006/08/17,3180,5840
2006/08/18,3210,5790
2006/08/21,3205,5785
2006/08/22,3200,5785
2006/08/23,3199,5800
2006/08/24,3101,5800
2006/08/25,3100,5800
2006/08/28,3120,5850
2006/08/29,3115,5850
2006/08/30,3100,5875
2006/08/31,3115,5840
2006/09/01,3115,5850
2006/09/04,3050,5850
2006/09/05,3120,5950
2006/09/06,3109,5930
2006/09/07,3100,5970
2006/09/08,3090,5975
2006/09/11,3030,5965
2006/09/12,3070,6073
2006/09/13,3150,6000
2006/09/14,3315,6030
2006/09/15,3325,6100
2006/09/18,3425,6051
2006/09/19,3430,6175
2006/09/20,3425,6143
2006/09/21,3450,6130
2006/09/22,3400,6150
2006/09/26,3550,6200
2006/09/27,3509,6250
2006/09/28,3500,6350
2006/09/29,3500,6390
2006/10/02,3505,6300
2006/10/03,3512,6300
2006/10/04,3520,6300
2006/10/05,3650,6330
2006/10/06,3680,6340
2006/10/09,3660,6300
2006/10/10,3650,6280
2006/10/11,3640,6329
2006/10/12,3650,6300
2006/10/13,3700,6300
2006/10/16,3690,6300
2006/10/17,3620,6250
2006/10/18,3583,6350
2006/10/19,3500,6300
2006/10/20,3530,6350
2006/10/23,3650,6350
2006/10/24,3685,6350
2006/10/25,3725,6500
2006/10/26,3785,6800
2006/10/27,3900,7000
2006/10/30,3798,6900
2006/10/31,3777,6920
2006/11/01,3900,7000
2006/11/02,3960,6975
2006/11/03,4100,6950
2006/11/06,4090,6950
2006/11/07,4080,7006
2006/11/08,4100,7011
2006/11/09,4050,7035
2006/11/10,4000,7035
2006/11/13,3950,6925
2006/11/14,4095,7000
2006/11/15,4050,6970
2006/11/16,4100,7000
2006/11/17,4100,7008
2006/11/20,4125,7020
2006/11/21,4200,7169
2006/11/22,4225,7325
2006/11/23,4234,7310
2006/11/24,4150,7325
2006/11/27,4093,7320
2006/11/28,4085,7293
2006/11/29,4050,7200
2006/11/30,4050,7305
2006/12/01,4220,7400
2006/12/04,4200,7375
2006/12/05,4200,7400
2006/12/06,4190,7450
2006/12/07,4104,7450
2006/12/08,4110,7350
2006/12/11,4100,7300
2006/12/12,4110,7300
2006/12/13,4110,7300
2006/12/14,4200,7340
2006/12/15,4261,7340
2006/12/18,4300,7300
2006/12/19,4280,7200
2006/12/20,4300,7300
2006/12/21,4331,7300
2006/12/22,4357,7300
2006/12/27,4434,7299
2006/12/28,4485,7300
2006/12/29,4550,7300
2007/01/02,4550,7295
2007/01/03,4440,7250
2007/01/04,4300,7203
2007/01/05,4380,7100
2007/01/09,4385,7100
2007/01/10,4390,7100
2007/01/11,4350,7100
2007/01/12,4465,7200
2007/01/15,4580,7256
2007/01/16,4600,7311
2007/01/17,4875,7530
2007/01/18,4980,7600
2007/01/19,4900,7600
2007/01/22,4890,7550
2007/01/23,4925,7550
2007/01/24,4975,7620
2007/01/25,4949,7700
2007/01/26,4940,7650
2007/01/29,4900,7650
2007/01/30,4845,7725
2007/01/31,4920,7850
2007/02/01,4850,7800
2007/02/02,4890,7820
2007/02/05,4850,7950
2007/02/06,4870,8004
2007/02/07,4830,8000
2007/02/08,4780,8050
2007/02/09,4750,8100
2007/02/12,4825,8050
2007/02/13,4840,8102
2007/02/14,4975,8250
2007/02/15,5000,8225
2007/02/16,4899,8230
2007/02/19,4988,8295
2007/02/20,5000,8250
2007/02/21,5090,8200
2007/02/22,5500,8402
2007/02/23,5325,8500
2007/02/26,5300,8600
2007/02/27,5180,8450
2007/02/28,5100,8500
2007/03/01,5070,8300
2007/03/02,5000,8350
2007/03/05,4798,8145
2007/03/06,4901,8200
2007/03/07,5000,8350
2007/03/08,5102,8299
2007/03/09,5175,8250
2007/03/12,5164,8160
2007/03/13,5151,7960
2007/03/14,4980,7840
2007/03/15,4970,7900
2007/03/16,5000,7995
2007/03/19,5150,7901
2007/03/20,5300,8080
2007/03/22,5500,8201
2007/03/23,5700,8269
2007/03/26,5680,8300
2007/03/27,5599,8270
2007/03/28,5570,8245
2007/03/29,5670,8250
2007/03/30,5660,8779
2007/04/02,5740,8500
2007/04/03,5700,8500
2007/04/04,5595,8799
2007/04/05,5631,8535
2007/04/10,5680,8700
2007/04/11,5675,8600
2007/04/12,5650,8600
2007/04/13,5588,8650
2007/04/16,5580,8600
2007/04/17,5599,8700
2007/04/18,5599,8700
2007/04/19,5590,8695
2007/04/20,5575,8950
2007/04/23,5465,9425
2007/04/24,5310,9185
2007/04/25,5240,9200
2007/04/26,5270,9200
2007/04/30,5245,9250
2007/05/02,5244,9250
2007/05/03,5170,9035
2007/05/04,5400,9068
2007/05/07,5469,9120
2007/05/08,5300,9150
2007/05/09,5380,9200
2007/05/10,5425,9205
2007/05/11,5449,9200
2007/05/14,5470,9150
2007/05/15,5400,9122
2007/05/16,5545,9200
2007/05/17,5425,9100
2007/05/18,5600,9150
2007/05/21,5740,9100
2007/05/22,5749,9201
2007/05/23,5820,9280
2007/05/24,5950,9350
2007/05/25,5870,9467
2007/05/28,5800,9498
2007/05/29,5800,9650
2007/05/30,5740,9484
2007/05/31,5800,9550
2007/06/01,5950,9705
2007/06/04,5900,9735
2007/06/05,5719,9900
2007/06/06,5675,10000
2007/06/07,5730,9900
2007/06/08,5500,9700
2007/06/11,5675,9838
2007/06/12,5650,9980
2007/06/13,5789,10109
2007/06/14,5701,10200
2007/06/15,5845,10850
2007/06/18,5750,10955
2007/06/19,5700,10720
2007/06/20,5700,10900
2007/06/21,5555,10900
2007/06/22,5485,10740
2007/06/25,5310,10600
2007/06/26,5440,10470
2007/06/27,5300,10400
2007/06/28,5315,10222
2007/06/29,5440,10335
2007/07/02,5501,10360
2007/07/03,5625,10415
2007/07/04,5750,10500
2007/07/05,5925,10675
2007/07/06,5990,10700
2007/07/09,6161,10850
2007/07/10,6150,10850
2007/07/11,6160,10850
2007/07/12,6275,10850
2007/07/13,6398,10900
2007/07/16,6355,10755
2007/07/17,6430,10800
2007/07/18,6465,10500
2007/07/19,6610,10700
2007/07/20,6550,10700
2007/07/23,6539,10700
2007/07/24,6300,10700
2007/07/25,6299,10850
2007/07/26,6200,10799
2007/07/27,6010,10500
2007/07/30,6100,10300
2007/07/31,6400,10250
2007/08/01,6250,9970
2007/08/02,6180,9982
2007/08/03,6200,9895
2007/08/06,5890,9790
2007/08/07,5850,9869
2007/08/08,5845,9900
2007/08/10,5690,9360
2007/08/13,5700,9370
2007/08/14,5808,9602
2007/08/15,5720,9605
2007/08/16,5420,9597
2007/08/17,5400,9599
2007/08/20,5525,9400
2007/08/21,5475,9300
2007/08/22,5500,9450
2007/08/23,5548,9600
2007/08/24,5449,9451
2007/08/27,5419,9580
2007/08/28,5390,9950
2007/08/29,5330,9950
2007/08/30,5390,10133
2007/08/31,5539,10200
2007/09/03,5690,10289
2007/09/04,5640,10250
2007/09/05,5565,10225
2007/09/06,5498,10410
2007/09/07,5300,10855
2007/09/10,5285,10900
2007/09/11,5500,11150
2007/09/12,5590,11530
2007/09/13,5549,11890
2007/09/14,5389,11820
2007/09/17,5200,11810
2007/09/18,5400,11800
2007/09/19,5550,11820
2007/09/20,5370,11860
2007/09/21,5300,11860
2007/09/25,5295,11767
2007/09/26,5330,11600
2007/09/27,5500,11650
2007/09/28,5540,11900
2007/10/01,5530,12120
2007/10/02,5649,12245
2007/10/03,5825,12250
2007/10/04,5915,12600
2007/10/05,5905,12850
2007/10/08,6077,12908
2007/10/09,6120,12905
2007/10/10,6000,12471
2007/10/11,6170,12800
2007/10/12,6101,12495
2007/10/15,6215,12500
2007/10/16,6251,12470
2007/10/17,6290,12410
2007/10/18,6420,12500
2007/10/19,6451,12688
2007/10/22,6403,12520
2007/10/23,6600,12509
2007/10/24,6635,12500
2007/10/25,6855,12615
2007/10/26,6900,13050
2007/10/29,6830,13149
2007/10/30,6600,13101
2007/10/31,6450,13101
2007/11/01,6330,13250
2007/11/02,6350,13265
2007/11/05,6320,13550
2007/11/06,6520,13867
2007/11/07,6560,13800
2007/11/08,6475,13700
2007/11/09,6365,13575
2007/11/12,6180,13550
2007/11/13,6070,13085
2007/11/14,6325,13490
2007/11/15,6200,12999
2007/11/16,6240,13000
2007/11/19,6000,12890
2007/11/20,5895,12999
2007/11/21,5950,13075
2007/11/22,6050,12904
2007/11/23,5999,12850
2007/11/26,5850,12700
2007/11/27,5656,12562
2007/11/28,5650,12501
2007/11/29,5679,12550
2007/11/30,5650,12550
2007/12/03,5650,12550
2007/12/04,5790,12800
2007/12/05,5820,13050
2007/12/06,5800,13250
2007/12/07,5780,13334
2007/12/10,5740,13816
2007/12/11,5700,13500
2007/12/12,5750,13400
2007/12/13,5725,12955
2007/12/14,5690,13140
2007/12/18,5400,12800
2007/12/19,5190,12600
2007/12/20,5400,13000
2007/12/21,5500,13000
2007/12/24,5650,13000
2007/12/27,5650,13151
2007/12/28,5500,13800
2007/12/31,5500,13802
2008/01/02,5550,13546
2008/01/03,5480,13600
2008/01/04,5450,13595
2008/01/07,5316,13000
2008/01/08,5450,12850
2008/01/09,5300,12900
2008/01/10,5310,12750
2008/01/11,5101,12135
2008/01/14,4990,11900
2008/01/15,4959,11513
2008/01/16,4800,11015
2008/01/17,4925,11415
2008/01/18,4840,11440
2008/01/21,4700,11200
2008/01/22,4799,11307
2008/01/23,4700,11400
2008/01/24,4848,11450
2008/01/25,4752,11398
2008/01/28,4520,11256
2008/01/29,4505,11400
2008/01/30,4450,12000
2008/01/31,4549,12100
2008/02/01,4600,12346
2008/02/04,4600,13000
2008/02/05,4463,12065
2008/02/06,4601,12206
2008/02/07,4600,12302
2008/02/08,4558,12560
2008/02/11,4469,12710
2008/02/12,4500,12800
2008/02/13,4350,12805
2008/02/14,4500,12953
2008/02/15,4750,13086
2008/02/18,4930,13700
2008/02/19,5125,13850
2008/02/20,5150,13500
2008/02/21,5225,13534
2008/02/22,5150,12600
2008/02/25,5170,13200
2008/02/26,5237,13300
2008/02/27,5230,13450
2008/02/28,5435,13551
2008/02/29,5400,13975
2008/03/03,5390,13470
2008/03/04,5303,13200
2008/03/05,5150,12989
2008/03/06,5080,13100
2008/03/07,5000,12900
2008/03/10,4995,13101
2008/03/11,5106,13993
2008/03/12,5280,14000
2008/03/13,5230,14098
2008/03/14,5231,13775
2008/03/17,4899,13100
2008/03/18,5100,13200
2008/03/19,5250,13410
2008/03/20,5107,13200
2008/03/25,5100,13305
2008/03/26,5150,13500
2008/03/27,5200,13536
2008/03/28,5250,13525
2008/03/31,5175,13100
2008/04/01,5179,13100
2008/04/02,5450,13201
2008/04/03,5500,13550
2008/04/04,5400,13420
2008/04/07,5465,13600
2008/04/08,5380,13750
2008/04/09,5500,13610
2008/04/10,5425,13434
2008/04/11,5400,13200
2008/04/14,5400,13200
2008/04/15,5390,13400
2008/04/16,5225,13100
2008/04/17,5202,12660
2008/04/18,5230,13000
2008/04/21,5260,13000
2008/04/22,5250,12900
2008/04/23,5300,12900
2008/04/24,5200,12800
2008/04/25,5220,12920
2008/04/29,5199,12700
2008/04/30,5030,12700
2008/05/05,4999,12549
2008/05/06,5005,12329
2008/05/07,5000,12992
2008/05/08,4926,12500
2008/05/09,4950,12100
2008/05/12,4800,11700
2008/05/13,4790,11920
2008/05/14,4840,12301
2008/05/15,4905,12452
2008/05/16,5000,12452
2008/05/19,5316,12900
2008/05/20,5375,13000
2008/05/21,5260,12701
2008/05/22,5230,12500
2008/05/23,5200,12419
2008/05/26,5185,12450
2008/05/27,5200,12898
2008/05/28,5200,12472
2008/05/29,5210,12250
2008/05/30,5264,12100
2008/06/02,5200,11980
2008/06/03,5040,11800
2008/06/04,4900,11700
2008/06/05,5080,11700
2008/06/06,5045,11800
2008/06/09,5000,11715
2008/06/10,4845,11800
2008/06/11,4851,11801
2008/06/12,5005,11985
2008/06/13,4801,11803
2008/06/17,4701,11775
2008/06/18,4650,11500
2008/06/19,4800,11320
2008/06/20,4670,11700
2008/06/23,4595,11450
2008/06/24,4400,11200
2008/06/25,4400,11200
2008/06/26,4399,11050
2008/06/27,4406,11000
2008/06/30,4490,11050
2008/07/01,4485,11200
2008/07/02,4500,11050
2008/07/03,4200,10855
2008/07/04,4160,10500
2008/07/07,4220,10550
2008/07/08,4160,10150
2008/07/09,3930,10300
2008/07/10,3980,10200
2008/07/11,4130,10260
2008/07/14,3950,10000
2008/07/15,3789,9500
2008/07/16,3870,9600
2008/07/17,4265,10377
2008/07/18,4245,10700
2008/07/21,4280,10800
2008/07/22,4252,10650
2008/07/23,4261,11000
2008/07/24,4375,11305
2008/07/25,4350,11200
2008/07/28,4400,11500
2008/07/29,4350,11295
2008/07/30,4415,11350
2008/07/31,4460,11600
2008/08/01,4375,11200
2008/08/04,4365,11200
2008/08/05,4400,11250
2008/08/06,4420,11470
2008/08/07,4270,11235
2008/08/08,4310,11200
2008/08/11,4620,11171
2008/08/12,4998,11600
2008/08/13,5060,12800
2008/08/14,5130,12800
2008/08/15,5205,12800
2008/08/18,5240,13000
2008/08/19,5150,12800
2008/08/20,5201,12499
2008/08/21,5200,12799
2008/08/22,5300,13000
2008/08/25,5345,12835
2008/08/26,5300,12800
2008/08/27,5521,13675
2008/08/28,5825,14000
2008/08/29,5600,13700
2008/09/01,5600,14350
2008/09/02,5600,14650
2008/09/03,5805,14400
2008/09/04,5760,14900
2008/09/05,5575,14500
2008/09/08,5640,15000
2008/09/09,5770,14600
2008/09/10,5750,14301
2008/09/11,5650,14500
2008/09/12,5700,14650
2008/09/15,5601,14210
2008/09/16,5690,14100
2008/09/17,5650,14100
2008/09/18,5501,14055
2008/09/19,5650,14375
2008/09/22,5650,14600
2008/09/23,5505,14500
2008/09/25,5550,14400
2008/09/26,5655,14450
2008/09/29,5490,14200
2008/09/30,5650,14500
2008/10/01,5650,14400
2008/10/02,5490,14050
2008/10/03,5335,14249
2008/10/06,5080,13800
2008/10/07,5215,13700
2008/10/08,4900,13261
2008/10/09,4900,13395
2008/10/10,4800,13100
2008/10/13,5050,12970
2008/10/14,4833,13048
2008/10/15,4350,12051
2008/10/16,4335,12050
2008/10/17,3950,12000
2008/10/20,3950,11700
2008/10/21,3970,12000
2008/10/22,4101,12500
2008/10/23,3861,11949
2008/10/24,3800,11450
2008/10/27,3800,10800
2008/10/28,3850,11350
2008/10/29,4000,11917
2008/10/30,4090,12000
2008/10/31,4150,11500
2008/11/03,4325,11550
2008/11/04,4130,11600
2008/11/05,4200,11800
2008/11/06,3980,11500
2008/11/07,3745,10905
2008/11/10,3611,10973
2008/11/11,3474,10990
2008/11/12,3305,10476
2008/11/13,3085,9900
2008/11/14,2820,10000
2008/11/17,2800,9676
2008/11/18,2712,9300
2008/11/19,2720,9260
2008/11/20,2700,8917
2008/11/21,2670,8750
2008/11/24,2805,9336
2008/11/25,2956,9400
2008/11/26,2900,9500
2008/11/27,3090,9718
2008/11/28,3210,9700
2008/12/01,3125,9700
2008/12/02,3065,9460
2008/12/03,3000,9000
2008/12/04,3100,9250
2008/12/05,3125,9075
2008/12/08,3250,9199
2008/12/09,3375,9777
2008/12/10,3346,9800
2008/12/11,3482,10240
2008/12/12,3450,10454
2008/12/15,3375,10600
2008/12/17,3388,10501
2008/12/18,3550,10550
2008/12/19,3617,10650
2008/12/22,3510,10751
2008/12/23,3600,10990
2008/12/24,3550,11000
2008/12/29,3650,11000
2008/12/30,3550,10700
2008/12/31,3550,10751
2009/01/02,3530,10969
2009/01/05,3611,11000
2009/01/06,3781,11500
2009/01/07,3667,11400
2009/01/08,3650,11300
2009/01/09,3650,11505
2009/01/12,3600,11800
2009/01/13,3532,11800
2009/01/14,3474,11440
2009/01/15,3370,10900
2009/01/16,3371,10538
2009/01/19,3395,10750
2009/01/20,3366,10498
2009/01/21,3420,10330
2009/01/22,3230,9900
2009/01/23,3035,9500
2009/01/26,3130,9750
2009/01/27,3197,10150
2009/01/28,3280,10100
2009/01/29,3300,9950
2009/01/30,3230,9718
2009/02/02,3230,9700
2009/02/03,2980,9080
2009/02/04,2905,9208
2009/02/05,2871,9300
2009/02/06,2974,9350
2009/02/09,3090,9445
2009/02/10,3110,9499
2009/02/11,3180,9480
2009/02/12,3070,9390
2009/02/13,2970,9250
2009/02/16,2899,9100
2009/02/17,2750,8801
2009/02/18,2700,9000
2009/02/19,2700,9000
2009/02/20,2675,8600
2009/02/23,2714,8699
2009/02/24,2725,8500
2009/02/25,2850,8620
2009/02/26,2925,8635
2009/02/27,2751,8500
2009/03/02,2875,8700
2009/03/03,2750,8650
2009/03/04,2925,8600
2009/03/05,2902,8658
2009/03/06,2850,8600
2009/03/09,2830,8350
2009/03/10,2820,8200
2009/03/11,2919,8450
2009/03/12,2900,8400
2009/03/13,2970,8449
2009/03/16,2950,8550
2009/03/17,2847,8550
2009/03/18,2960,8798
2009/03/19,2978,8700
2009/03/20,2915,8554
2009/03/23,2950,8545
2009/03/24,2900,8550
2009/03/25,2900,8500
2009/03/26,2870,8500
2009/03/27,2824,8500
2009/03/30,2775,8425
2009/03/31,2825,8509
2009/04/01,2969,8700
2009/04/02,2950,9025
2009/04/03,2859,9250
2009/04/06,2850,9050
2009/04/07,2840,8995
2009/04/08,2800,8799
2009/04/09,2817,9000
2009/04/14,2855,9200
2009/04/15,2850,9199
2009/04/16,2850,9300
2009/04/17,2750,9100
2009/04/20,2703,9082
2009/04/21,2800,9100
2009/04/23,2987,9300
2009/04/24,2864,9450
2009/04/28,2868,9423
2009/04/29,3021,9826
2009/04/30,3183,10001
2009/05/04,3365,10360
2009/05/05,3300,10450
2009/05/06,3200,10350
2009/05/07,3100,10546
2009/05/08,3175,10600
2009/05/11,3165,10550
2009/05/12,3225,10350
2009/05/13,3200,10270
2009/05/14,3200,10020
2009/05/15,3170,10001
2009/05/18,3165,10250
2009/05/19,3350,10400
2009/05/20,3435,10400
2009/05/21,3300,10057
2009/05/22,3300,9815
2009/05/25,3300,10200
2009/05/26,3240,10200
2009/05/27,3261,10330
2009/05/28,3280,10300
2009/05/29,3300,10355
2009/06/01,3394,11045
2009/06/02,3449,11400
2009/06/03,3512,10900
2009/06/04,3445,10950
2009/06/05,3435,10850
2009/06/08,3396,10650
2009/06/09,3400,10551
2009/06/10,3450,10700
2009/06/11,3420,10645
2009/06/12,3396,10620
2009/06/15,3380,10650
2009/06/17,3275,10650
2009/06/18,3350,10661
2009/06/19,3375,10750
2009/06/22,3350,10900
2009/06/23,3250,10600
2009/06/24,3170,10550
2009/06/25,3160,10490
2009/06/26,3175,10470
2009/06/29,3350,10450
2009/06/30,3470,10620
2009/07/01,3450,10650
2009/07/02,3435,10900
2009/07/03,3450,10899
2009/07/06,3400,10826
2009/07/07,3400,10800
2009/07/08,3315,10700
2009/07/09,3400,10900
2009/07/10,3325,10775
2009/07/13,3400,10651
2009/07/14,3385,10880
2009/07/15,3420,11015
2009/07/16,3500,11070
2009/07/17,3550,10951
2009/07/20,3550,11095
2009/07/21,3560,11300
2009/07/22,3480,11300
2009/07/23,3500,11395
2009/07/24,3590,11493
2009/07/27,3600,11499
2009/07/28,3490,11500
2009/07/29,3470,11311
2009/07/30,3485,11355
2009/07/31,3490,11300
2009/08/03,3545,11300
2009/08/04,3550,11300
2009/08/05,3565,11799
2009/08/06,3700,11700
2009/08/07,3715,11700
2009/08/11,3650,11646
2009/08/12,3547,11250
2009/08/13,3690,11200
2009/08/14,3689,11250
2009/08/17,3617,11000
2009/08/18,3600,11200
2009/08/19,3600,11050
2009/08/20,3595,11177
2009/08/21,3745,11210
2009/08/24,3735,11300
2009/08/25,3739,11200
2009/08/26,3760,11105
2009/08/27,3871,11150
2009/08/28,4100,11450
2009/08/31,4170,11500
2009/09/01,4045,11690
2009/09/02,3880,11116
2009/09/03,4030,11400
2009/09/04,4017,11521
2009/09/07,3970,11805
2009/09/08,3930,11699
2009/09/09,4050,11850
2009/09/10,4099,11820
2009/09/11,4200,12250
2009/09/14,4140,12050
2009/09/15,4100,11930
2009/09/16,4306,12450
2009/09/17,4520,12490
2009/09/18,4499,12795
2009/09/21,4290,12550
2009/09/22,4270,12512
2009/09/23,4300,12508
2009/09/25,4260,12840
2009/09/28,4248,12764
2009/09/29,4310,12509
2009/09/30,4395,12619
2009/10/01,4395,12314
2009/10/02,4292,11860
2009/10/05,4295,12000
2009/10/06,4260,12140
2009/10/07,4290,12072
2009/10/08,4250,12100
2009/10/09,4299,12200
2009/10/12,4280,12220
2009/10/13,4165,12099
2009/10/14,4220,11900
2009/10/15,4159,12075
2009/10/16,4124,12230
2009/10/19,4140,12031
2009/10/20,4073,12000
2009/10/21,3950,11651
2009/10/22,4000,11600
2009/10/23,4040,11600
2009/10/26,4020,11650
2009/10/27,3964,11200
2009/10/28,4002,11200
2009/10/29,4030,11250
2009/10/30,4030,11400
2009/11/02,3955,11200
2009/11/03,3890,11160
2009/11/04,3790,11270
2009/11/05,3720,11259
2009/11/06,3800,11350
2009/11/09,3850,11406
2009/11/10,3910,11410
2009/11/11,4029,11704
2009/11/12,4000,11761
2009/11/13,3955,11623
2009/11/16,3900,11550
2009/11/17,4035,11800
2009/11/18,3875,11799
2009/11/19,3890,11500
2009/11/20,3900,11350
2009/11/23,3936,11399
2009/11/24,3900,11300
2009/11/25,3835,11005
2009/11/26,3674,10500
2009/11/27,3690,10600
2009/11/30,3700,10455
2009/12/01,3700,10400
2009/12/02,3715,10390
2009/12/03,3685,10407
2009/12/04,3600,10130
2009/12/07,3500,9945
2009/12/08,3360,10000
2009/12/09,3450,10099
2009/12/10,3440,10250
2009/12/11,3450,10400
2009/12/14,3450,10448
2009/12/15,3450,10376
2009/12/17,3470,10900
2009/12/18,3689,11000
2009/12/21,3560,11193
2009/12/22,3590,10870
2009/12/23,3700,10800
2009/12/24,3760,10950
2009/12/28,3763,10950
2009/12/29,3759,10900
2009/12/30,3819,10655
2009/12/31,3850,10749
2010/01/04,3792,10632
2010/01/05,3768,10850
2010/01/06,3757,10865
2010/01/07,3745,10668
2010/01/08,3771,10679
2010/01/11,3749,10700
2010/01/12,3650,10767
2010/01/13,3575,10600
2010/01/14,3525,10500
2010/01/15,3500,10340
2010/01/18,3550,10299
2010/01/19,3523,10248
2010/01/20,3500,10200
2010/01/21,3395,10016
2010/01/22,3325,9800
2010/01/25,3349,9750
2010/01/26,3320,9600
2010/01/27,3260,9758
2010/01/28,3315,9800
2010/01/29,3200,9798
2010/02/01,3150,9800
2010/02/02,3160,9860
2010/02/03,3260,10150
2010/02/04,3300,9999
2010/02/05,3200,9800
2010/02/08,3205,9760
2010/02/09,3300,10059
2010/02/10,3365,10200
2010/02/11,3399,10200
2010/02/12,3320,10195
2010/02/15,3290,10000
2010/02/16,3279,10050
2010/02/17,3382,10400
2010/02/18,3325,10280
2010/02/19,3203,10100
2010/02/22,3200,10140
2010/02/23,3202,10340
2010/02/24,3220,10500
2010/02/25,3235,10700
2010/02/26,3234,10846
2010/03/01,3255,10841
2010/03/02,3260,10823
2010/03/03,3345,10820
2010/03/04,3504,10800
2010/03/05,3500,10900
2010/03/08,3460,11000
2010/03/09,3370,10950
2010/03/10,3299,11090
2010/03/11,3375,11500
2010/03/12,3525,11799
2010/03/15,3465,11450
2010/03/16,3500,11445
2010/03/17,3500,11451
2010/03/18,3450,11512
2010/03/19,3440,11403
2010/03/23,3438,11360
2010/03/24,3437,11700
2010/03/25,3600,12009
2010/03/26,3549,12000
2010/03/29,3680,12300
2010/03/30,3725,12100
2010/03/31,3710,11855
2010/04/01,3707,11456
2010/04/06,3800,11763
2010/04/07,3848,11865
2010/04/08,3843,11799
2010/04/09,3879,11840
2010/04/12,3820,11588
2010/04/13,3803,11590
2010/04/14,3834,11680
2010/04/15,3792,11760
2010/04/16,3800,11780
2010/04/19,3662,11700
2010/04/20,3639,11669
2010/04/21,3760,11745
2010/04/22,3700,11835
2010/04/23,3731,11750
2010/04/26,3780,12000
2010/04/28,3701,12000
2010/04/29,3761,12000
2010/04/30,3722,12000
2010/05/03,3780,12100
2010/05/04,3760,12000
2010/05/05,3700,11700
2010/05/06,3700,11600
2010/05/07,3700,11450
2010/05/10,3663,11984
2010/05/11,3637,11700
2010/05/12,3715,12234
2010/05/13,3718,11750
2010/05/14,3590,11750
2010/05/17,3600,11717
2010/05/18,3550,11600
2010/05/19,3540,11451
2010/05/20,3477,11250
2010/05/21,3500,11344
2010/05/24,3500,11360
2010/05/25,3461,11200
2010/05/26,3486,11302
2010/05/27,3485,11550
2010/05/28,3515,11620
2010/05/31,3480,11600
2010/06/01,3575,11500
2010/06/02,3554,11400
2010/06/03,3599,11250
2010/06/04,3530,10999
2010/06/07,3475,10651
2010/06/08,3475,10684
2010/06/09,3475,10726
2010/06/10,3500,10850
2010/06/11,3450,10860
2010/06/14,3440,10897
2010/06/15,3441,11200
2010/06/17,3500,11500
2010/06/18,3445,11490
2010/06/21,3433,11450
2010/06/22,3450,11100
2010/06/23,3450,10951
2010/06/24,3475,11200
2010/06/25,3475,10899
2010/06/28,3400,10900
2010/06/29,3405,11200
2010/06/30,3450,10930
2010/07/01,3400,10600
2010/07/02,3444,10800
2010/07/05,3501,10701
2010/07/06,3448,10850
2010/07/07,3389,10777
2010/07/08,3340,10883
2010/07/09,3305,10997
2010/07/12,3348,11092
2010/07/13,3354,11001
2010/07/14,3350,10760
2010/07/15,3350,11000
2010/07/16,3300,10900
2010/07/19,3321,10741
2010/07/20,3300,10650
2010/07/21,3305,10550
2010/07/22,3360,10900
2010/07/23,3422,10662
2010/07/26,3520,11000
2010/07/27,3530,11269
2010/07/28,3598,11199
2010/07/29,3620,11250
2010/07/30,3502,11295
2010/08/02,3560,11076
2010/08/03,3545,10994
2010/08/04,3548,11000
2010/08/05,3598,11051
2010/08/06,3555,11200
2010/08/10,3464,11100
2010/08/11,3420,10850
2010/08/12,3425,11394
2010/08/13,3475,11670
2010/08/16,3486,11470
2010/08/17,3490,11399
2010/08/18,3429,11257
2010/08/19,3467,11287
2010/08/20,3375,11210
2010/08/23,3402,10820
2010/08/24,3321,10923
2010/08/25,3290,10500
2010/08/26,3460,11260
2010/08/27,3392,11250
2010/08/30,3358,11260
2010/08/31,3339,11300
2010/09/01,3348,11150
2010/09/02,3350,11047
2010/09/03,3429,11249
2010/09/06,3463,11197
2010/09/07,3411,11051
2010/09/08,3301,10700
2010/09/09,3353,11075
2010/09/10,3310,11290
2010/09/13,3358,11450
2010/09/14,3381,11449
2010/09/15,3380,11550
2010/09/16,3402,11665
2010/09/17,3440,11875
2010/09/20,3490,11872
2010/09/21,3551,11885
2010/09/22,3512,11900
2010/09/23,3526,11900
2010/09/27,3515,12090
2010/09/28,3565,12180
2010/09/29,3600,12225
2010/09/30,3650,12500
2010/10/01,3690,12400
2010/10/04,3690,12680
2010/10/05,3682,12550
2010/10/06,3682,12590
2010/10/07,3645,12553
2010/10/08,3642,12560
2010/10/11,3643,12700
2010/10/12,3669,12700
2010/10/13,3670,12885
2010/10/14,3637,12900
2010/10/15,3700,12900
2010/10/18,3700,12700
2010/10/19,3663,12700
2010/10/20,3642,12746
2010/10/21,3708,12999
2010/10/22,3724,12900
2010/10/25,3771,13300
2010/10/26,3825,13247
2010/10/27,3900,13500
2010/10/28,3924,13480
2010/10/29,3920,13538
2010/11/01,3983,13400
2010/11/02,4008,13503
2010/11/03,4070,13490
2010/11/04,4065,13384
2010/11/05,4030,13300
2010/11/08,3999,13150
2010/11/09,3984,13200
2010/11/10,3991,13500
2010/11/11,3877,13205
2010/11/12,3900,13400
2010/11/15,3957,13261
2010/11/16,3816,13375
2010/11/17,3860,13250
2010/11/18,3929,13745
2010/11/19,3860,13651
2010/11/22,3840,13351
2010/11/23,3825,13539
2010/11/24,3790,13500
2010/11/25,3800,13355
2010/11/26,3775,13251
2010/11/29,3670,13250
2010/11/30,3611,13226
2010/12/01,3642,13282
2010/12/02,3655,13313
2010/12/03,3700,13440
2010/12/06,3681,13505
2010/12/07,3660,13400
2010/12/08,3690,13446
2010/12/09,3680,13420
2010/12/10,3626,13550
2010/12/13,3650,13560
2010/12/14,3660,13550
2010/12/15,3675,13460
2010/12/17,3811,13675
2010/12/20,3750,13664
2010/12/21,3711,13740
2010/12/22,3727,13800
2010/12/23,3735,13885
2010/12/24,3700,13749
2010/12/28,3746,13898
2010/12/29,3720,13989
2010/12/30,3715,13950
2010/12/31,3650,13900
2011/01/03,3660,13900
2011/01/04,3695,13950
2011/01/05,3690,13949
2011/01/06,3701,13925
2011/01/07,3700,14086
2011/01/10,3690,13911
2011/01/11,3835,14000
2011/01/12,3732,13805
2011/01/13,3660,13800
2011/01/14,3695,13880
2011/01/17,3657,13800
2011/01/18,3515,13650
2011/01/19,3600,13500
2011/01/20,3597,13400
2011/01/21,3539,13300
2011/01/24,3481,13170
2011/01/25,3439,12980
2011/01/26,3447,12900
2011/01/27,3472,12990
2011/01/28,3355,12649
2011/01/31,3211,12300
2011/02/01,3035,11993
2011/02/02,3010,11829
2011/02/03,3000,12000
2011/02/04,3022,12000
2011/02/07,3070,12075
2011/02/08,3100,12090
2011/02/09,3052,12100
2011/02/10,3085,12101
2011/02/11,3057,12200
2011/02/14,3095,12425
2011/02/15,3100,12280
2011/02/16,3137,12400
2011/02/17,3130,12400
2011/02/18,3146,12400
2011/02/21,3080,12023
2011/02/22,3031,11761
2011/02/23,3025,11747
2011/02/24,2901,11588
2011/02/25,2857,11570
2011/02/28,2840,11600
2011/03/01,2820,11590
2011/03/02,2756,11480
2011/03/03,2765,11600
2011/03/04,2716,11540
2011/03/07,2694,11353
2011/03/08,2698,11350
2011/03/09,2719,11339
2011/03/10,2650,11200
2011/03/11,2703,11190
2011/03/14,2638,11100
2011/03/15,2568,11000
2011/03/16,2625,10897
2011/03/17,2563,10700
2011/03/18,2600,10801
2011/03/22,2650,10620
2011/03/23,2670,10800
2011/03/24,2608,10650
2011/03/25,2623,10570
2011/03/28,2630,10750
2011/03/29,2651,10555
2011/03/30,2718,10600
2011/03/31,2730,10800
2011/04/01,2769,10900
2011/04/04,2827,10900
2011/04/05,2873,11179
2011/04/06,2965,11497
2011/04/07,3050,11650
2011/04/08,3083,11700
2011/04/11,3000,11450
2011/04/12,3015,11351
2011/04/13,3041,11491
2011/04/14,3000,11439
2011/04/15,2966,11500
2011/04/18,2949,11401
2011/04/19,2923,11301
2011/04/20,2925,11500
2011/04/21,2927,11346
2011/04/26,2915,11386
2011/04/28,2910,11295
2011/04/29,2891,11400
2011/05/03,2876,11461
2011/05/04,2860,11000
2011/05/05,2810,11139
2011/05/06,2836,11031
2011/05/09,2810,10776
2011/05/10,2805,10816
2011/05/11,2815,10935
2011/05/12,2822,10850
2011/05/13,2838,10876
2011/05/16,2850,10878
2011/05/17,2854,10900
2011/05/19,2935,10900
2011/05/20,2850,10700
2011/05/23,2830,10686
2011/05/24,2830,10675
2011/05/25,2870,10660
2011/05/26,2888,10505
2011/05/27,2915,10630
2011/05/30,2979,10900
2011/05/31,3000,10889
2011/06/01,3048,10791
2011/06/02,2985,10744
2011/06/03,3030,10700
2011/06/06,3010,10699
2011/06/07,3100,10887
2011/06/08,3112,11050
2011/06/09,3100,10940
2011/06/10,3060,11052
2011/06/13,3000,11025
2011/06/14,2990,10940
2011/06/15,2921,10925
2011/06/17,3000,10900
2011/06/20,2932,10929
2011/06/21,3014,11015
2011/06/22,3030,11063
2011/06/23,2960,11040
2011/06/24,2950,10925
2011/06/27,2949,10832
2011/06/28,2970,10900
2011/06/29,2990,10839
2011/06/30,2990,11000
2011/07/01,3000,11000
2011/07/04,3046,11050
2011/07/05,3020,11274
2011/07/06,3003,11201
2011/07/07,3020,11184
2011/07/08,3017,11225
2011/07/11,2943,10965
2011/07/12,2920,10980
2011/07/13,2925,10906
2011/07/14,2942,10920
2011/07/15,2979,10963
2011/07/18,2925,10860
2011/07/19,2946,11000
2011/07/20,2950,11040
2011/07/21,2930,10870
2011/07/22,2930,10900
2011/07/25,2910,10745
2011/07/26,2905,10800
2011/07/27,2902,10700
2011/07/28,2921,11000
2011/07/29,2950,10800
2011/08/01,2918,10600
2011/08/02,2900,10375
2011/08/03,2939,10500
2011/08/04,2894,10400
2011/08/05,2836,10545
2011/08/08,2757,10250
2011/08/10,2770,10400
2011/08/11,2801,10190
2011/08/12,2851,10140
2011/08/15,2832,10150
2011/08/16,2800,9850
2011/08/17,2870,10180
2011/08/18,2770,10000
2011/08/19,2765,9800
2011/08/22,2731,9790
2011/08/23,2730,9596
2011/08/24,2700,9451
2011/08/25,2619,9670
2011/08/26,2585,9651
2011/08/29,2585,9625
2011/08/30,2588,9699
2011/08/31,2653,10188
2011/09/01,2600,9980
2011/09/02,2589,9770
2011/09/05,2553,9801
2011/09/06,2480,9723
2011/09/07,2490,9905
2011/09/08,2485,9995
2011/09/09,2550,10000
2011/09/12,2560,9900
2011/09/13,2560,9900
2011/09/14,2595,9997
2011/09/15,2596,10100
2011/09/16,2690,10262
2011/09/19,2600,10156
2011/09/20,2582,10398
2011/09/21,2600,10300
2011/09/22,2559,10018
2011/09/23,2630,10027
2011/09/26,2664,10300
2011/09/27,2673,10355
2011/09/28,2627,10370
2011/09/29,2573,10344
2011/09/30,2585,10400
2011/10/03,2572,10300
2011/10/04,2530,10379
2011/10/05,2542,10275
2011/10/06,2540,10009
2011/10/07,2550,10175
2011/10/10,2466,10225
2011/10/11,2483,10399
2011/10/12,2515,10450
2011/10/13,2475,10450
2011/10/14,2484,10700
2011/10/17,2511,10445
2011/10/18,2505,10266
2011/10/19,2465,10400
2011/10/20,2373,10505
2011/10/21,2400,10544
2011/10/24,2405,10700
2011/10/25,2300,10625
2011/10/26,2237,10625
2011/10/27,2270,10650
2011/10/28,2304,10844
2011/10/31,2306,10850
2011/11/01,2325,10800
2011/11/02,2405,11050
2011/11/03,2390,11090
2011/11/04,2350,10995
2011/11/07,2310,10700
2011/11/08,2363,10770
2011/11/09,2352,10794
2011/11/10,2309,10650
2011/11/11,2271,10700
2011/11/14,2285,10700
2011/11/15,2302,10700
2011/11/16,2300,10580
2011/11/17,2285,10700
2011/11/18,2253,10500
2011/11/21,2230,10516
2011/11/22,2252,10550
2011/11/23,2205,10259
2011/12/02,2205,10259
2011/12/05,2205,10259
2011/12/06,2205,10259
2011/12/07,2205,10259
2011/12/08,2205,10259
2011/12/09,2205,10259
2011/12/12,2205,10259
2011/12/13,2300,10317
2011/12/14,2280,10322
2011/12/15,2260,10400
2011/12/19,2251,10407
2011/12/20,2263,10635
2011/12/21,2270,10600
2011/12/22,2300,10630
2011/12/23,2310,10600
2011/12/28,2324,10600
2011/12/29,2349,10500
2011/12/30,2271,10519
2012/01/03,2340,10500
2012/01/04,2332,10700
2012/01/05,2315,10600
2012/01/06,2300,10700
2012/01/09,2300,10670
2012/01/10,2300,10750
2012/01/11,2305,10680
2012/01/12,2329,10911
2012/01/13,2305,10940
2012/01/16,2323,10856
2012/01/17,2325,10870
2012/01/18,2356,10880
2012/01/19,2340,10945
2012/01/20,2383,10995
2012/01/23,2380,11030
2012/01/24,2355,10950
2012/01/25,2370,10932
2012/01/26,2460,10795
2012/01/27,2460,10880
2012/01/30,2500,10850
2012/01/31,2501,11000
2012/02/01,2550,11000
2012/02/02,2600,11200
2012/02/03,2615,11100
2012/02/06,2600,11050
2012/02/07,2564,10795
2012/02/08,2590,10900
2012/02/09,2615,10960
2012/02/10,2596,11333
2012/02/13,2599,11520
2012/02/14,2600,11499
2012/02/15,2650,11502
2012/02/16,2675,11500
2012/02/17,2675,11620
2012/02/20,2686,11780
2012/02/21,2678,11799
2012/02/22,2709,11820
2012/02/23,2675,11799
2012/02/24,2720,11740
2012/02/27,2800,11800
2012/02/28,2741,11800
2012/02/29,2751,11830
2012/03/01,2761,11885
2012/03/02,2800,11905
2012/03/05,2769,11950
2012/03/06,2693,11935
2012/03/07,2725,11951
2012/03/08,2725,12285
2012/03/09,2772,12450
2012/03/12,2770,12477
2012/03/13,2840,12558
2012/03/14,2900,12670
2012/03/15,2900,12468
2012/03/16,2850,12500
2012/03/19,2870,12665
2012/03/20,2908,12550
2012/03/22,2910,12800
2012/03/23,2930,13000
2012/03/26,2930,12890
2012/03/27,2930,12931
2012/03/28,2930,13000
2012/03/29,2934,13000
2012/03/30,2921,13000
2012/04/02,2997,13050
2012/04/03,2987,13344
2012/04/04,3021,13440
2012/04/05,3043,13500
2012/04/10,3050,13600
2012/04/11,3110,13780
2012/04/12,3118,13800
2012/04/13,3135,13738
2012/04/16,3075,13700
2012/04/17,3100,13699
2012/04/18,3081,13600
2012/04/19,3035,13617
2012/04/20,2995,13560
2012/04/23,2995,13375
2012/04/24,2958,13306
2012/04/25,2902,13321
2012/04/26,2900,13320
2012/04/30,2965,13595
2012/05/02,2975,13551
2012/05/03,2945,13565
2012/05/04,2960,13250
2012/05/07,2953,13335
2012/05/08,2936,13133
2012/05/09,2825,12945
2012/05/10,2800,12673
2012/05/11,2750,12621
2012/05/14,2655,12540
2012/05/15,2650,12452
2012/05/16,2570,12500
2012/05/17,2550,12700
2012/05/18,2473,12300
2012/05/21,2425,12420
2012/05/22,2400,12700
2012/05/23,2350,12557
2012/05/24,2350,12424
2012/05/25,2360,12650
2012/05/28,2403,12787
2012/05/29,2400,12870
2012/05/30,2360,12782
2012/05/31,2410,13300
2012/06/01,2452,13340
2012/06/04,2400,13155
2012/06/05,2426,13205
2012/06/06,2401,13199
2012/06/07,2400,13016
2012/06/08,2350,13199
2012/06/11,2325,13180
2012/06/12,2330,13153
2012/06/13,2330,13619
2012/06/14,2320,13400
2012/06/15,2388,13250
2012/06/18,2350,13498
2012/06/19,2350,13350
2012/06/20,2316,13057
2012/06/21,2305,13076
2012/06/22,2305,12956
2012/06/25,2300,12861
2012/06/26,2300,12990
2012/06/27,2280,12890
2012/06/28,2279,12825
2012/06/29,2276,12924
2012/07/02,2311,12653
2012/07/03,2350,12884
2012/07/04,2340,12800
2012/07/05,2350,12799
2012/07/06,2342,12699
2012/07/09,2340,12700
2012/07/10,2310,12590
2012/07/11,2285,12426
2012/07/12,2275,12322
2012/07/13,2285,12556
2012/07/16,2293,12638
2012/07/17,2319,12837
2012/07/18,2318,12700
2012/07/19,2320,12685
2012/07/20,2261,12615
2012/07/23,2281,12620
2012/07/24,2294,12600
2012/07/25,2300,13300
2012/07/26,2260,13097
2012/07/27,2283,13150
2012/07/30,2265,13000
2012/07/31,2278,13061
2012/08/01,2293,12800
2012/08/02,2270,12801
2012/08/03,2290,12860
2012/08/06,2289,12800
2012/08/07,2268,12760
2012/08/08,2285,12440
2012/08/10,2285,12565
2012/08/13,2285,12457
2012/08/14,2450,12700
2012/08/15,2530,12601
2012/08/16,2535,12690
2012/08/17,2570,13082
2012/08/20,2630,12950
2012/08/21,2668,13100
2012/08/22,2655,13002
2012/08/23,2682,13150
2012/08/24,2650,13000
2012/08/27,2567,13036
2012/08/28,2640,13000
2012/08/29,2670,13251
2012/08/30,2665,13170
2012/08/31,2650,13179
2012/09/03,2660,13800
2012/09/04,2650,14200
2012/09/05,2690,14150
2012/09/06,2650,14375
2012/09/07,2700,14428
2012/09/10,2725,14745
2012/09/11,2655,14462
2012/09/12,2749,14729
2012/09/13,2735,14681
2012/09/14,2830,14640
2012/09/17,2900,14400
2012/09/18,2908,14570
2012/09/19,2935,14600
2012/09/20,2885,14350
2012/09/21,2655,13821
2012/09/25,2650,13881
2012/09/26,2580,13800
2012/09/27,2560,13781
2012/09/28,2540,13775
2012/10/01,2645,13875
2012/10/02,2700,13960
2012/10/03,2687,14310
2012/10/04,2605,14233
2012/10/05,2570,14210
2012/10/08,2470,13975
2012/10/09,2500,13650
2012/10/10,2480,13700
2012/10/11,2480,13758
2012/10/12,2499,13810
2012/10/15,2471,13641
2012/10/16,2494,14083
2012/10/17,2485,14180
2012/10/18,2500,14095
2012/10/19,2486,13855
2012/10/22,2450,13834
2012/10/23,2465,13875
2012/10/24,2514,14000
2012/10/25,2530,14152
2012/10/26,2550,14150
2012/10/29,2450,14021
2012/10/30,2451,14154
2012/10/31,2455,14210
2012/11/01,2478,14210
2012/11/02,2485,14360
2012/11/05,2500,14700
2012/11/06,2580,14895
2012/11/07,2574,14990
2012/11/08,2600,15126
2012/11/09,2640,15199
2012/11/12,2646,15250
2012/11/13,2631,14867
2012/11/14,2600,14900
2012/11/15,2460,14889
2012/11/16,2460,14900
2012/11/19,2450,14900
2012/11/21,2450,14927
2012/11/22,2487,14933
2012/11/23,2450,14535
2012/11/24,2450,14535
2012/11/25,2450,14535
2012/11/26,2500,14650
2012/11/27,2510,14660
2012/11/28,2502,14350
2012/11/29,2500,14300
2012/11/30,2500,14300
2012/12/03,2522,14550
2012/12/04,2568,14700
2012/12/05,2686,14699
2012/12/06,2705,14580
2012/12/07,2857,14440
2012/12/10,2827,14400
2012/12/11,2845,14640
2012/12/12,2900,14800
2012/12/13,2845,15301
2012/12/14,2788,15150
2012/12/18,2840,15700
2012/12/19,2825,15700
2012/12/20,2820,15449
2012/12/21,2820,15300
2012/12/24,2820,15185
2012/12/27,2815,15500
2012/12/28,2815,15500
2012/12/31,2810,15700
2013/01/02,2835,15550
2013/01/03,2800,15800
2013/01/04,2750,16170
2013/01/07,2780,16250
2013/01/08,2800,16340
2013/01/09,2820,16361
2013/01/10,2872,16188
2013/01/11,2980,16400
2013/01/14,3000,16600
2013/01/15,2946,16610
2013/01/16,2950,16750
2013/01/17,2903,16454
2013/01/18,3030,16237
2013/01/21,3000,16000
2013/01/22,3050,15550
2013/01/23,3150,15498
2013/01/24,3150,15500
2013/01/25,3150,15450
2013/01/28,3150,15500
2013/01/29,3075,15450
2013/01/30,3075,15500
2013/01/31,3120,15500
2013/02/01,3165,15451
2013/02/04,3050,14550
2013/02/05,2875,14600
2013/02/06,2930,14508
2013/02/07,2908,14555
2013/02/08,2989,14840
2013/02/11,2950,14900
2013/02/12,2928,15033
2013/02/13,3200,15260
2013/02/14,3285,15496
2013/02/15,3290,15300
2013/02/18,3300,15169
2013/02/19,3340,15400
2013/02/20,3365,14950
2013/02/21,3379,15000
2013/02/22,3377,14889
2013/02/25,3400,15250
2013/02/26,3460,15200
2013/02/27,3475,15210
2013/02/28,3500,15500
2013/03/01,3556,15495
2013/03/04,3520,15700
2013/03/05,3550,15700
2013/03/06,3550,15900
2013/03/07,3560,16215
2013/03/08,3600,16320
2013/03/11,3648,16500
2013/03/12,3727,16150
2013/03/13,3670,16050
2013/03/14,3670,16000
2013/03/15,3750,16100
2013/03/18,3680,15846
2013/03/19,3696,15806
2013/03/20,3675,15700
2013/03/22,3682,15306
2013/03/25,3625,15350
2013/03/26,3650,15300
2013/03/27,3575,15250
2013/03/28,3600,15426
2013/04/02,3610,15350
2013/04/03,3580,15300
2013/04/04,3518,15300
2013/04/05,3540,15300
2013/04/08,3496,15300
2013/04/09,3400,15300
2013/04/10,3400,15500
2013/04/11,3411,15625
2013/04/12,3448,15600
2013/04/15,3365,15320
2013/04/16,3370,15450
2013/04/17,3383,15450
2013/04/18,3375,15450
2013/04/19,3390,15400
2013/04/22,3533,15251
2013/04/23,3579,15400
2013/04/24,3500,15361
2013/04/25,3490,15346
2013/04/26,3460,15300
2013/04/29,3450,15396
2013/04/30,3400,15450
2013/05/02,3422,15514
2013/05/03,3450,15507
2013/05/06,3473,15593
2013/05/07,3525,15400
2013/05/08,3640,15968
2013/05/09,3599,16400
2013/05/10,3581,16400
2013/05/13,3600,16292
2013/05/14,3560,15900
2013/05/15,3564,15976
2013/05/16,3600,16000
2013/05/17,3596,15900
2013/05/20,3600,15780
2013/05/21,3735,15900
2013/05/22,3804,15890
2013/05/23,3729,15600
2013/05/24,3775,15745
2013/05/27,3730,15855
2013/05/28,3727,15800
2013/05/29,3750,15751
2013/05/30,3701,15527
2013/05/31,3733,15629
2013/06/03,3705,15550
2013/06/04,3700,15355
2013/06/05,3761,15000
2013/06/06,3740,14546
2013/06/07,3780,14450
2013/06/10,3788,14950
2013/06/11,3760,14550
2013/06/12,3710,14868
2013/06/13,3700,14900
2013/06/14,3631,14990
2013/06/18,3665,14865
2013/06/19,3700,15248
2013/06/20,3620,14810
2013/06/21,3700,15000
2013/06/24,3580,15291
2013/06/25,3500,15200
2013/06/26,3500,15649
2013/06/27,3560,15515
2013/06/28,3670,15399
2013/07/01,3672,15176
2013/07/02,3821,15019
2013/07/03,3830,14797
2013/07/04,3850,14709
2013/07/05,3890,14792
2013/07/08,3935,14650
2013/07/09,3937,14600
2013/07/10,3972,14700
2013/07/11,3950,14848
2013/07/12,3999,14950
2013/07/15,3967,14700
2013/07/16,4000,14893
2013/07/17,3924,14860
2013/07/18,3800,14700
2013/07/19,3617,14600
2013/07/22,3960,15000
2013/07/23,3899,15040
2013/07/24,3800,15079
2013/07/25,3730,15257
2013/07/26,3755,15429
2013/07/29,3729,15400
2013/07/30,3945,15600
2013/07/31,3940,15610
2013/08/01,3999,15784
2013/08/02,4090,15900
2013/08/05,4060,15600
2013/08/06,4050,15050
2013/08/07,3954,15400
2013/08/08,4000,15238
2013/08/12,3950,15300
2013/08/13,4002,15182
2013/08/14,4105,15207
2013/08/15,4159,15196
2013/08/16,4250,15150
2013/08/19,4399,15350
2013/08/20,4390,15424
2013/08/21,4300,15500
2013/08/22,4229,14900
2013/08/23,4205,14899
2013/08/26,4230,14795
2013/08/27,4190,14689
2013/08/28,4182,14250
2013/08/29,4202,14280
2013/08/30,4176,14141
2013/09/02,4300,14767
2013/09/03,4485,15456
2013/09/04,4470,15971
2013/09/05,4500,16299
2013/09/06,4495,16309
2013/09/09,4485,16300
2013/09/10,4535,16200
2013/09/11,4548,16300
2013/09/12,4550,16302
2013/09/13,4474,16300
2013/09/16,4430,16378
2013/09/17,4365,16180
2013/09/18,4377,15940
2013/09/19,4329,15750
2013/09/20,4325,16095
2013/09/23,4331,15949
2013/09/25,4434,16000
2013/09/26,4350,15900
2013/09/27,4365,15996
2013/09/30,4400,16000
2013/10/01,4300,16000
2013/10/02,4367,15900
2013/10/03,4383,16145
2013/10/04,4354,16309
2013/10/07,4324,16275
2013/10/08,4450,16650
2013/10/09,4345,16524
2013/10/10,4427,16475
2013/10/11,4500,16300
2013/10/14,4500,16240
2013/10/15,4406,16040
2013/10/16,4405,15991
2013/10/17,4300,15800
2013/10/18,4235,16124
2013/10/21,4400,16525
2013/10/22,4341,16334
2013/10/23,4342,16450
2013/10/24,4234,16582
2013/10/25,4340,16493
2013/10/28,4450,16840
2013/10/29,4430,16988
2013/10/30,4479,17100
2013/10/31,4500,17599
2013/11/01,4499,17150
2013/11/04,4500,17174
2013/11/05,4478,17000
2013/11/06,4475,17105
2013/11/07,4476,17100
2013/11/08,4470,17075
2013/11/11,4505,17000
2013/11/12,4468,16800
2013/11/13,4420,16400
2013/11/14,4420,16470
2013/11/15,4433,16890
2013/11/18,4240,16650
2013/11/19,4350,16549
2013/11/20,4350,16508
2013/11/21,4345,16549
2013/11/22,4267,16395
2013/11/25,4180,15944
2013/11/26,4100,15201
2013/11/27,3950,15300
2013/11/28,3904,15312
2013/11/29,4000,15488
2013/12/02,3990,15305
2013/12/03,3954,15240
2013/12/04,3968,15200
2013/12/05,3991,14999
2013/12/06,3964,15099
2013/12/09,3999,15144
2013/12/10,3991,15325
2013/12/11,3960,15285
2013/12/12,3855,15150
2013/12/13,3840,15162
2013/12/17,3885,15000
2013/12/18,3870,14980
2013/12/19,3900,14850
2013/12/20,3840,14679
2013/12/23,3800,14528
2013/12/24,3796,14580
2013/12/27,3805,14600
2013/12/30,3947,14600
2013/12/31,4054,14600
2014/01/02,4057,14600
2014/01/03,4000,14510
2014/01/06,3990,14425
2014/01/07,3990,14620
2014/01/08,4035,14655
2014/01/09,4025,14750
2014/01/10,3975,14750
2014/01/13,3975,14800
2014/01/14,3968,14700
2014/01/15,4030,14825
2014/01/16,4150,14800
2014/01/17,4200,14860
2014/01/20,4100,14800
2014/01/21,4057,14600
2014/01/22,4063,14560
2014/01/23,4081,14550
2014/01/24,3975,14543
2014/01/27,3990,14400
2014/01/28,4000,14400
2014/01/29,3965,14344
2014/01/30,3960,14408
2014/01/31,3980,14722
2014/02/03,4015,14505
2014/02/04,4055,14723
2014/02/05,4090,15235
2014/02/06,4154,15220
2014/02/07,4150,15200
2014/02/10,4310,15439
2014/02/11,4420,15500
2014/02/12,4341,15461
2014/02/13,4390,14600
2014/02/14,4355,14599
2014/02/17,4565,14500
2014/02/18,4492,14249
2014/02/19,4474,14300
2014/02/20,4472,14134
2014/02/21,4500,14100
2014/02/24,4420,14132
2014/02/25,4430,13651
2014/02/26,4400,13665
2014/02/27,4400,13649
2014/02/28,4300,13201
2014/03/03,4249,12725
2014/03/04,4300,13150
2014/03/05,4300,13100
2014/03/06,4202,13075
2014/03/07,4250,13100
2014/03/10,4260,13180
2014/03/11,4251,13050
2014/03/12,4325,13000
2014/03/13,4282,13026
2014/03/14,4355,13045
2014/03/17,4300,13014
2014/03/18,4428,13028
2014/03/19,4484,12855
2014/03/20,4300,12850
2014/03/24,4300,12957
2014/03/25,4264,12900
2014/03/26,4355,13400
2014/03/27,4410,13450
2014/03/28,4341,13600
2014/03/31,4424,13780
2014/04/01,4412,14079
2014/04/02,4400,14050
2014/04/03,4447,14100
2014/04/04,4425,14208
2014/04/07,4400,14022
2014/04/08,4353,13989
2014/04/09,4358,14030
2014/04/10,4320,13801
2014/04/11,4216,13600
2014/04/14,4211,14195
2014/04/15,4261,13710
2014/04/16,4335,13834
2014/04/17,4325,13900
2014/04/22,4330,13889
2014/04/23,4320,13970
2014/04/24,4340,13900
2014/04/25,4340,13890
2014/04/29,4350,13872
2014/04/30,4328,13598
2014/05/02,4340,13900
2014/05/05,4340,13850
2014/05/06,4325,13800
2014/05/08,4370,13548
2014/05/09,4369,13600
2014/05/12,4360,13547
2014/05/13,4365,13650
2014/05/14,4385,13620
2014/05/15,4323,13538
2014/05/16,4300,13575
2014/05/19,4317,13595
2014/05/20,4350,13564
2014/05/21,4340,13585
2014/05/22,4340,13809
2014/05/23,4340,13732
2014/05/26,4316,13684
2014/05/27,4289,13700
2014/05/28,4311,13700
2014/05/29,4320,13672
2014/05/30,4325,13401
2014/06/02,4320,13495
2014/06/03,4300,13489
2014/06/04,4145,13481
2014/06/05,4058,13309
2014/06/06,4070,13299
2014/06/09,4045,13250
2014/06/10,4050,12950
2014/06/11,4184,12950
2014/06/12,4200,13200
2014/06/13,4200,13200
2014/06/17,4199,13300
2014/06/18,4170,13268
2014/06/19,4074,13198
2014/06/20,4160,13060
2014/06/23,4168,12925
2014/06/24,4195,13287
2014/06/25,4160,13014
2014/06/26,4190,12930
2014/06/27,4100,12798
2014/06/30,4100,12700
2014/07/01,4104,12570
2014/07/02,4085,12351
2014/07/03,4060,12100
2014/07/04,4057,12205
2014/07/07,4000,12111
2014/07/08,4028,12575
2014/07/09,3980,12425
2014/07/10,3935,12400
2014/07/11,3920,12401
2014/07/14,3930,12756
2014/07/15,3870,12995
2014/07/16,3800,12950
2014/07/17,3759,12940
2014/07/18,3739,12900
2014/07/21,3720,12810
2014/07/22,3739,12900
2014/07/23,3862,12900
2014/07/24,3870,12900
2014/07/25,3899,12899
2014/07/28,3860,12890
2014/07/29,3885,12874
2014/07/30,3978,12844
2014/07/31,4000,12809
2014/08/01,4000,12820
2014/08/04,3995,12800
2014/08/05,3999,12825
2014/08/06,4000,12700
2014/08/07,4025,12671
2014/08/08,4020,12520
2014/08/11,4059,12516
2014/08/12,4057,12910
2014/08/13,4070,12892
2014/08/14,4130,13033
2014/08/15,4139,13076
2014/08/18,4144,13281
2014/08/19,4077,13741
2014/08/20,4126,13750
2014/08/21,4150,13476
2014/08/22,4122,13478
2014/08/25,4149,13777
2014/08/26,4120,13615
2014/08/27,4140,13700
2014/08/28,4110,13700
2014/08/29,4075,13838
2014/09/01,4066,13838
2014/09/02,4120,14200
2014/09/03,4145,14471
2014/09/04,4112,14604
2014/09/05,4200,14861
2014/09/08,4209,15301
2014/09/09,4193,15423
2014/09/10,4100,15255
2014/09/11,4113,14940
2014/09/12,4049,14450
2014/09/15,4131,14390
2014/09/16,4137,14018
2014/09/17,4140,14111
2014/09/18,4140,13917
2014/09/19,4125,14109
2014/09/22,4069,14142
2014/09/23,4057,13923
2014/09/25,4089,13921
2014/09/26,4019,13886
2014/09/29,3985,13891
2014/09/30,4000,13999
2014/10/01,3984,13815
2014/10/02,3965,13747
2014/10/03,3965,13765
2014/10/06,3960,13883
2014/10/07,3945,13768
2014/10/08,3900,13417
2014/10/09,3988,13624
2014/10/10,3897,13313
2014/10/13,3855,13550
2014/10/14,3831,13457
2014/10/15,3785,13391
2014/10/16,3850,13647
2014/10/17,3990,13700
2014/10/20,3941,13464
2014/10/21,3878,13352
2014/10/22,3850,13352
2014/10/23,3795,13280
2014/10/24,3765,13205
2014/10/27,3750,13329
2014/10/28,3758,13150
2014/10/29,3729,12855
2014/10/30,3633,12850
2014/10/31,3773,13001
2014/11/03,3860,13050
2014/11/04,3820,12915
2014/11/05,3756,12885
2014/11/06,3685,12450
2014/11/07,3683,12251
2014/11/10,3629,12210
2014/11/11,3678,12252
2014/11/12,3715,12090
2014/11/13,3590,12111
2014/11/14,3500,12200
2014/11/17,2891,12090
2014/11/18,2910,11892
2014/11/19,2910,12150
2014/11/20,2952,11909
2014/11/21,2950,11995
2014/11/24,2956,12050
2014/11/25,2910,12060
2014/11/26,2790,12022
2014/11/27,2775,12039
2014/11/28,2677,12030
2014/12/01,2699,12250
2014/12/02,2780,12300
2014/12/03,2834,11950
2014/12/04,2762,11850
2014/12/05,2741,11850
2014/12/08,2772,11958
2014/12/09,2819,12398
2014/12/10,2830,11994
2014/12/11,2814,11900
2014/12/12,2805,11993
2014/12/15,2650,11770
2014/12/17,2715,11501
2014/12/18,2840,11770
2014/12/19,2973,12420
2014/12/22,2936,12032
2014/12/23,2980,12186
2014/12/24,2975,12124
2014/12/29,2978,12039
2014/12/30,2900,12000
2014/12/31,2923,12076
2015/01/02,2948,12400
2015/01/05,2905,12329
2015/01/06,2900,12000
2015/01/07,2834,12014
2015/01/08,2831,12100
2015/01/09,2786,12000
2015/01/12,2760,12100
2015/01/13,2720,11974
2015/01/14,2615,12114
2015/01/15,2580,12070
2015/01/16,2565,12210
2015/01/19,2579,12280
2015/01/20,2611,12417
2015/01/21,2645,12588
2015/01/22,2646,12500
2015/01/23,2671,12463
2015/01/26,2670,12343
2015/01/27,2660,12156
2015/01/28,2633,12133
2015/01/29,2630,12044
2015/01/30,2636,12050
2015/02/02,2593,12095
2015/02/03,2665,12360
2015/02/04,2589,12250
2015/02/05,2563,12100
2015/02/06,2622,12247
2015/02/09,2581,12050
2015/02/10,2540,11850
2015/02/11,2490,11501
2015/02/12,2475,11444
2015/02/13,2563,11360
2015/02/16,2560,11481
2015/02/17,2575,11658
2015/02/18,2630,11700
2015/02/19,2584,11975
2015/02/20,2640,12500
2015/02/23,2640,12040
2015/02/24,2545,11855
2015/02/25,2510,11812
2015/02/26,2490,11550
2015/02/27,2500,11422
2015/03/02,2514,11350
2015/03/03,2556,11360
2015/03/04,2559,11400
2015/03/05,2580,11500
2015/03/06,2580,11475
2015/03/09,2550,11350
2015/03/10,2520,11050
2015/03/11,2575,11000
2015/03/12,2566,10881
2015/03/13,2550,10800
2015/03/16,2530,10795
2015/03/17,2430,11175
2015/03/18,2365,10523
2015/03/19,2325,10850
2015/03/20,2455,10800
2015/03/23,2463,11001
2015/03/24,2360,11100
2015/03/25,2262,11100
2015/03/26,2237,10943
2015/03/27,2300,10925
2015/03/30,2471,11220
2015/03/31,2514,11267
2015/04/01,2490,11418
2015/04/02,2475,11688
2015/04/07,2475,11400
2015/04/08,2515,11400
2015/04/09,2612,11399
2015/04/10,2660,11400
2015/04/13,2638,11245
2015/04/14,2635,11073
2015/04/15,2639,11020
2015/04/16,2620,11055
2015/04/17,2600,11050
2015/04/20,2550,11031
2015/04/21,2547,10980
2015/04/22,2583,10917
2015/04/23,2560,10888
2015/04/24,2540,11100
2015/04/28,2585,11051
2015/04/29,2750,11101
2015/04/30,2740,11135
2015/05/04,2715,11250
2015/05/05,2809,11483
2015/05/06,2915,11378
2015/05/07,2915,11429
2015/05/08,3100,11496
2015/05/11,3110,11541
2015/05/12,3100,11634
2015/05/13,3025,11689
2015/05/14,3100,11753
2015/05/15,3000,11622
2015/05/18,2846,11560
2015/05/19,2869,11647
2015/05/20,2900,12047
2015/05/21,2960,11882
2015/05/22,2881,11905
2015/05/25,2850,11634
2015/05/26,2800,11436
2015/05/27,2918,11400
2015/05/28,2924,11451
2015/05/29,2800,11521
2015/06/01,2816,11365
2015/06/02,2840,11300
2015/06/03,2802,11250
2015/06/04,2886,11258
2015/06/05,2863,11083
2015/06/08,2800,11069
2015/06/09,2695,10990
2015/06/10,2720,10965
2015/06/11,2727,11000
2015/06/12,2690,10980
2015/06/15,2675,10923
2015/06/17,2710,10945
2015/06/18,2800,10801
2015/06/19,2880,10531
2015/06/22,2884,10200
2015/06/23,2899,10250
2015/06/24,2765,10000
2015/06/25,2800,10040
2015/06/26,2880,9936
2015/06/29,2800,9920
2015/06/30,2844,9900
2015/07/01,2810,9755
2015/07/02,2782,9797
2015/07/03,2783,10000
2015/07/06,2623,9834
2015/07/07,2670,9828
2015/07/08,2626,9900
2015/07/09,2485,9921
2015/07/10,2498,9900
2015/07/13,2450,9688
2015/07/14,2490,9800
2015/07/15,2515,9700
2015/07/16,2500,9990
2015/07/17,2482,10090
2015/07/20,2475,10000
2015/07/21,2490,10354
2015/07/22,2550,10038
2015/07/23,2523,9811
2015/07/24,2520,9750
2015/07/27,2200,9600
2015/07/28,2250,9500
2015/07/29,2250,9635
2015/07/30,2334,9525
2015/07/31,2350,9548
2015/08/03,2300,9453
2015/08/04,2285,9500
2015/08/05,2290,9400
2015/08/06,2260,9230
2015/08/07,2179,9318
2015/08/11,2200,9315
2015/08/12,2185,9104
2015/08/13,2123,9050
2015/08/14,2100,9300
2015/08/17,2175,9403
2015/08/18,2200,9550
2015/08/19,2249,9500
2015/08/20,2300,9500
2015/08/21,2290,9500
2015/08/24,2210,9271
2015/08/25,2200,9300
2015/08/26,2200,9318
2015/08/27,2224,9415
2015/08/28,2255,9462
2015/08/31,2230,9500
2015/09/01,2270,9640
2015/09/02,2227,9859
2015/09/03,2230,9900
2015/09/04,2198,9950
2015/09/07,2149,9839
2015/09/08,2143,9880
2015/09/09,2102,9950
2015/09/10,2055,9910
2015/09/11,2059,10000
2015/09/14,2149,10249
2015/09/15,2190,10293
2015/09/16,2147,11114
2015/09/17,2165,10982
2015/09/18,2055,11330
2015/09/21,2079,11360
2015/09/22,2000,11326
2015/09/23,2040,11051
2015/09/25,1990,11050
2015/09/28,1966,10921
2015/09/29,1950,11065
2015/09/30,1880,11099
2015/10/01,1910,11177
2015/10/02,1950,11596
2015/10/05,1975,11861
2015/10/06,2040,11900
2015/10/07,1951,11831
2015/10/08,2000,12084
2015/10/09,2050,12500
2015/10/12,2019,12300
2015/10/13,2000,12035
2015/10/14,2009,12120
2015/10/15,2008,12034
2015/10/16,2017,12293
2015/10/19,2085,12791
2015/10/20,2050,12600
2015/10/21,2104,12801
2015/10/22,2123,12994
2015/10/23,2120,12890
2015/10/26,2149,13255
2015/10/27,2170,13100
2015/10/28,2160,13000
2015/10/29,2165,13090
2015/10/30,2200,12951
2015/11/02,2159,13350
2015/11/03,2238,13480
2015/11/04,2245,13425
2015/11/05,2250,12659
2015/11/06,2318,12386
2015/11/09,2250,12272
2015/11/10,2125,12332
2015/11/11,2200,12440
2015/11/12,2143,12052
2015/11/13,2101,12192
2015/11/16,2045,12000
2015/11/17,2070,12000
2015/11/18,2119,12255
2015/11/19,2070,12166
2015/11/20,2100,12500
2015/11/23,2119,12325
