Date,Harmony,AngloGold
2004/05/12,7300,22102
2004/05/13,7175,21800
2004/05/14,7055,21402
2004/05/17,7175,21697
2004/05/18,6980,20800
2004/05/19,7250,21800
2004/05/20,7375,22100
2004/05/21,7550,22400
2004/05/24,7451,22000
2004/05/25,7690,22620
2004/05/26,7724,22900
2004/05/27,7939,23363
2004/05/28,7775,23110
2004/05/31,7850,22800
2004/06/01,7610,22501
2004/06/02,7390,22100
2004/06/03,7151,21950
2004/06/04,7013,21550
2004/06/07,7180,22101
2004/06/08,7200,22150
2004/06/09,6929,21401
2004/06/10,6775,21100
2004/06/11,6480,20055
2004/06/14,6439,20401
2004/06/15,6100,20050
2004/06/17,6320,19626
2004/06/18,6569,20385
2004/06/21,6503,19798
2004/06/22,6662,20100
2004/06/23,6550,19999
2004/06/24,6750,20550
2004/06/25,6801,20500
2004/06/28,6833,20199
2004/06/29,6500,20000
2004/06/30,6525,20249
2004/07/01,6620,20199
2004/07/02,6510,20000
2004/07/05,6531,20300
2004/07/06,6555,20201
2004/07/07,6650,20300
2004/07/08,6651,20318
2004/07/09,6715,20620
2004/07/12,6705,20430
2004/07/13,6743,20388
2004/07/14,6690,20400
2004/07/15,6522,20400
2004/07/16,6216,20010
2004/07/19,5920,19100
2004/07/20,5850,18801
2004/07/21,6239,19395
2004/07/22,6250,19345
2004/07/23,6400,19550
2004/07/26,6380,19248
2004/07/27,6401,19330
2004/07/28,6600,19795
2004/07/29,6800,20399
2004/07/30,6900,20660
2004/08/02,6875,20900
2004/08/03,7000,21009
2004/08/04,6901,20800
2004/08/05,6775,20700
2004/08/06,6700,20580
2004/08/10,6615,20475
2004/08/11,6594,19900
2004/08/12,7170,20879
2004/08/13,7629,21600
2004/08/16,8060,22599
2004/08/17,7830,22350
2004/08/18,7785,22020
2004/08/19,8231,23300
2004/08/20,8379,24174
2004/08/23,8300,24320
2004/08/24,8022,23300
2004/08/25,8144,23600
2004/08/26,8180,23295
2004/08/27,8250,23406
2004/08/30,8397,23821
2004/08/31,8198,23500
2004/09/01,8141,23367
2004/09/02,8040,23110
2004/09/03,7930,23200
2004/09/06,7800,23300
2004/09/07,7466,22990
2004/09/08,7630,23100
2004/09/09,7800,23349
2004/09/10,8090,23695
2004/09/13,8059,23416
2004/09/14,8150,23685
2004/09/15,8200,24219
2004/09/16,8200,24159
2004/09/17,8280,24038
2004/09/20,8250,23733
2004/09/21,8497,24250
2004/09/22,8750,24405
2004/09/23,8540,24539
2004/09/27,8155,24055
2004/09/28,8450,24536
2004/09/29,8510,24650
2004/09/30,8810,24922
2004/10/01,8600,24750
2004/10/04,8433,23899
2004/10/05,8600,24200
2004/10/06,8929,24805
2004/10/07,9060,24863
2004/10/08,9250,25020
2004/10/11,8915,24875
2004/10/12,8820,24800
2004/10/13,8500,23580
2004/10/14,8441,23626
2004/10/15,8350,23900
2004/10/18,7548,23850
2004/10/19,7350,23551
2004/10/20,7215,23701
2004/10/21,7481,23301
2004/10/22,7700,23299
2004/10/25,7698,24049
2004/10/26,7749,24289
2004/10/27,7728,23979
2004/10/28,7258,22550
2004/10/29,7145,22650
2004/11/01,7200,22888
2004/11/02,7300,22400
2004/11/03,7160,22149
2004/11/04,7000,22848
2004/11/05,7000,22820
2004/11/08,6948,23895
2004/11/09,7000,23900
2004/11/10,6940,23800
2004/11/11,7050,24060
2004/11/12,6570,24499
2004/11/15,6616,25100
2004/11/16,6595,25100
2004/11/17,6920,25020
2004/11/18,6995,24874
2004/11/19,6865,24349
2004/11/22,6803,23903
2004/11/23,6700,23606
2004/11/24,6275,23100
2004/11/25,6350,22750
2004/11/26,6225,23000
2004/11/29,6177,23400
2004/11/30,6200,23345
2004/12/01,6150,23151
2004/12/02,6160,22995
2004/12/03,6100,22600
2004/12/06,6050,21750
2004/12/07,5749,21999
2004/12/08,5511,21599
2004/12/09,5500,21212
2004/12/10,5584,21160
2004/12/13,5489,20901
2004/12/14,5470,20975
2004/12/15,5450,21160
2004/12/17,5435,20840
2004/12/20,5475,20840
2004/12/21,5250,20790
2004/12/22,5291,20989
2004/12/23,5248,20999
2004/12/24,5200,20700
2004/12/28,5220,20800
2004/12/29,5185,20600
2004/12/30,5150,20427
2004/12/31,5120,19901
2005/01/03,5175,20325
2005/01/04,5165,20254
2005/01/05,5210,20250
2005/01/06,5675,20850
2005/01/07,5699,20601
2005/01/10,5675,20500
2005/01/11,5562,20352
2005/01/12,5599,20651
2005/01/13,5597,20101
2005/01/14,5525,19990
2005/01/17,5290,19502
2005/01/18,5268,19890
2005/01/19,5190,19703
2005/01/20,5250,19850
2005/01/21,5302,19771
2005/01/24,5339,19900
2005/01/25,5264,19306
2005/01/26,5024,19200
2005/01/27,4890,18711
2005/01/28,4894,19350
2005/01/31,4930,19569
2005/02/01,4960,19900
2005/02/02,4949,20394
2005/02/03,4940,20299
2005/02/04,4960,20001
2005/02/07,4920,20049
2005/02/08,4838,19552
2005/02/09,4925,19680
2005/02/10,4950,20501
2005/02/11,5090,21130
2005/02/14,5075,21005
2005/02/15,4963,21085
2005/02/16,4924,20930
2005/02/17,4815,20702
2005/02/18,4827,21055
2005/02/21,5074,21799
2005/02/22,4950,21100
2005/02/23,4946,21110
2005/02/24,4959,21150
2005/02/25,4980,20989
2005/02/28,5000,20800
2005/03/01,4900,20702
2005/03/02,4858,20820
2005/03/03,4926,21699
2005/03/04,4870,22000
2005/03/07,4880,21636
2005/03/08,4907,22000
2005/03/09,4980,22370
2005/03/10,5140,22649
2005/03/11,5100,22605
2005/03/14,5230,22645
2005/03/15,5230,22845
2005/03/16,5350,23350
2005/03/17,5660,23701
2005/03/18,5525,22900
2005/03/22,5350,22469
2005/03/23,5325,22300
2005/03/24,5200,21900
2005/03/29,5033,22060
2005/03/30,4899,21400
2005/03/31,4970,21600
2005/04/01,4894,21549
2005/04/04,4750,21700
2005/04/05,4750,21510
2005/04/06,4800,21406
2005/04/07,4756,21400
2005/04/08,4790,21511
2005/04/11,4750,21500
2005/04/12,4575,21300
2005/04/13,4374,21445
2005/04/14,4400,21649
2005/04/15,4401,21450
2005/04/18,4480,21150
2005/04/19,4460,21300
2005/04/20,4525,21720
2005/04/21,4395,21100
2005/04/22,4351,20700
2005/04/25,4000,20027
2005/04/26,3900,20770
2005/04/28,3700,19450
2005/04/29,3880,19500
2005/05/03,3748,19750
2005/05/04,3700,19695
2005/05/05,3700,19700
2005/05/06,3650,19270
2005/05/09,3750,19679
2005/05/10,3850,20005
2005/05/11,3869,19650
2005/05/12,4000,19800
2005/05/13,3890,19305
2005/05/16,3930,19740
2005/05/17,4026,20450
2005/05/18,4380,20875
2005/05/19,4300,20331
2005/05/20,4400,20500
2005/05/23,4830,20700
2005/05/24,4850,20661
2005/05/25,4850,20802
2005/05/26,4845,21427
2005/05/27,4925,21700
2005/05/30,5350,23000
2005/05/31,4970,22599
2005/06/01,5340,23801
2005/06/02,5374,24005
2005/06/03,5321,23775
2005/06/06,5230,23294
2005/06/07,4845,22479
2005/06/08,4900,22500
2005/06/09,4806,22390
2005/06/10,4950,22505
2005/06/13,5375,23995
2005/06/14,5400,23880
2005/06/15,5230,23749
2005/06/17,5429,23768
2005/06/20,5548,23580
2005/06/21,5520,23051
2005/06/22,5538,22651
2005/06/23,5600,23400
2005/06/24,5670,23700
2005/06/27,5550,23605
2005/06/28,5490,23525
2005/06/29,5665,24299
2005/06/30,5825,23950
2005/07/01,5790,24140
2005/07/04,5962,24320
2005/07/05,6000,24401
2005/07/06,5830,24601
2005/07/07,5950,24630
2005/07/08,5950,24600
2005/07/11,6000,24380
2005/07/12,5845,24219
2005/07/13,5790,24449
2005/07/14,5650,24330
2005/07/15,5486,24000
2005/07/18,5545,23824
2005/07/19,5499,23650
2005/07/20,5475,23803
2005/07/21,5366,23199
2005/07/22,5554,23900
2005/07/25,5530,23849
2005/07/26,5353,23299
2005/07/27,5401,22729
2005/07/28,5525,22800
2005/07/29,5500,22703
2005/08/01,5300,22524
2005/08/02,5153,22450
2005/08/03,5049,22600
2005/08/04,5350,23045
2005/08/05,5370,22559
2005/08/08,5200,22270
2005/08/10,5150,21951
2005/08/11,5301,22051
2005/08/12,5520,23010
2005/08/15,5740,23337
2005/08/16,5740,23501
2005/08/17,5680,23520
2005/08/18,5508,23155
2005/08/19,5584,23310
2005/08/22,5550,23125
2005/08/23,5340,23090
2005/08/24,5134,22925
2005/08/25,5000,22875
2005/08/26,4776,22701
2005/08/29,4880,22995
2005/08/30,4679,22652
2005/08/31,4730,22650
2005/09/01,4827,22780
2005/09/02,4980,23000
2005/09/05,4900,22751
2005/09/06,5099,23050
2005/09/07,5094,23000
2005/09/08,5041,23200
2005/09/09,5224,23905
2005/09/12,5355,24600
2005/09/13,5345,24550
2005/09/14,5495,24995
2005/09/15,5816,25527
2005/09/16,6474,27000
2005/09/19,6859,27870
2005/09/20,6461,27400
2005/09/21,6612,27785
2005/09/22,6580,27300
2005/09/23,6400,26850
2005/09/26,6450,27045
2005/09/27,6600,27501
2005/09/28,6602,26770
2005/09/29,6971,27600
2005/09/30,7150,27590
2005/10/03,6940,26840
2005/10/04,6930,27125
2005/10/05,6750,26815
2005/10/06,7001,27100
2005/10/07,7165,27615
2005/10/10,7429,28500
2005/10/11,7265,28600
2005/10/12,7354,28390
2005/10/13,6999,27100
2005/10/14,6940,26520
2005/10/17,7045,27720
2005/10/18,7249,27810
2005/10/19,6721,27410
2005/10/20,6700,27050
2005/10/21,6600,26480
2005/10/24,6960,27500
2005/10/25,7110,28545
2005/10/26,7293,28785
2005/10/27,6748,27545
2005/10/28,6950,26305
2005/10/31,7120,26750
2005/11/01,6900,26290
2005/11/02,6900,26190
2005/11/03,7000,26595
2005/11/04,6975,26295
2005/11/07,7100,26414
2005/11/08,7075,26110
2005/11/09,7170,26590
2005/11/10,7600,27795
2005/11/11,7625,27595
2005/11/14,7961,28440
2005/11/15,7985,28348
2005/11/16,8199,28450
2005/11/17,8500,29300
2005/11/18,8398,28975
2005/11/21,8625,29160
2005/11/22,8675,29505
2005/11/23,8320,28435
2005/11/24,8545,27949
2005/11/25,8406,28606
2005/11/28,8350,28405
2005/11/29,8216,27806
2005/11/30,7985,27845
2005/12/01,7930,27735
2005/12/02,8000,27895
2005/12/05,7869,27401
2005/12/06,7700,27444
2005/12/07,8070,28739
2005/12/08,8475,29600
2005/12/09,8550,30355
2005/12/12,8594,30595
2005/12/13,8100,29006
2005/12/14,8250,29197
2005/12/15,8269,29889
2005/12/19,8575,30750
2005/12/20,8289,29700
2005/12/21,7965,29500
2005/12/22,8300,30695
2005/12/23,8400,31200
2005/12/27,8588,30945
2005/12/28,8350,30600
2005/12/29,8376,31099
2005/12/30,8490,31400
2006/01/03,8651,31790
2006/01/04,8710,32125
2006/01/05,8381,31545
2006/01/06,8710,32010
2006/01/09,8650,32945
2006/01/10,8536,32500
2006/01/11,8750,32500
2006/01/12,8655,32306
2006/01/13,8800,32445
2006/01/16,9100,32715
2006/01/17,9001,33205
2006/01/18,8850,33095
2006/01/19,9224,33500
2006/01/20,9500,34000
2006/01/23,9590,33700
2006/01/24,9698,34400
2006/01/25,9960,35070
2006/01/26,10121,35205
2006/01/27,10600,37100
2006/01/30,10599,36900
2006/01/31,11075,37100
2006/02/01,11473,37545
2006/02/02,11400,37840
2006/02/03,11140,36380
2006/02/06,11150,37050
2006/02/07,11100,36375
2006/02/08,10595,35400
2006/02/09,10994,37175
2006/02/10,10450,36794
2006/02/13,9700,35600
2006/02/14,9175,34525
2006/02/15,9030,34000
2006/02/16,8735,32850
2006/02/17,9459,33600
2006/02/20,9595,32699
2006/02/21,9500,33025
2006/02/22,9535,33240
2006/02/23,9394,33100
2006/02/24,9118,32655
2006/02/27,9230,33200
2006/02/28,8445,31801
2006/03/02,8795,31206
2006/03/03,8761,32051
2006/03/06,8725,31450
2006/03/07,8220,30800
2006/03/08,7930,30800
2006/03/09,8245,30850
2006/03/10,7735,29500
2006/03/13,8200,30395
2006/03/14,8545,31000
2006/03/15,8845,31500
2006/03/16,8850,31500
2006/03/17,8900,31000
2006/03/20,9060,31300
2006/03/22,9011,30770
2006/03/23,9059,30400
2006/03/24,9420,30425
2006/03/27,9806,32300
2006/03/28,9600,32700
2006/03/29,9650,32500
2006/03/30,10250,33200
2006/03/31,10000,32800
2006/04/03,10150,33750
2006/04/04,9995,32595
2006/04/05,9761,32321
2006/04/06,9639,32550
2006/04/07,9185,32290
2006/04/10,9474,31502
2006/04/11,9650,31700
2006/04/12,9285,30605
2006/04/13,9564,30900
2006/04/18,9850,31900
2006/04/19,10050,32277
2006/04/20,9960,31999
2006/04/21,9912,31960
2006/04/24,9950,31900
2006/04/25,9765,32250
2006/04/26,9910,32800
2006/04/28,9900,32601
2006/05/02,10200,33109
2006/05/03,10140,32920
2006/05/04,10155,34017
2006/05/05,9850,33700
2006/05/08,9405,32389
2006/05/09,9799,33600
2006/05/10,10000,34600
2006/05/11,10100,34595
2006/05/12,9981,34400
2006/05/15,9255,32205
2006/05/16,8975,31500
2006/05/17,9201,32200
2006/05/18,9000,31980
2006/05/19,8749,30580
2006/05/22,8695,30000
2006/05/23,9350,31040
2006/05/24,9020,30000
2006/05/25,9100,30422
2006/05/26,9348,30500
2006/05/29,9498,30800
2006/05/30,9600,31006
2006/05/31,9420,30900
2006/06/01,9200,30225
2006/06/02,9510,31400
2006/06/05,9849,31650
2006/06/06,9649,29651
2006/06/07,9150,28801
2006/06/08,8660,27420
2006/06/09,9350,28143
2006/06/12,9000,27702
2006/06/13,8499,25751
2006/06/14,8690,27474
2006/06/15,8912,27675
2006/06/19,9000,29799
2006/06/20,9000,29910
2006/06/21,9600,30855
2006/06/22,10403,31750
2006/06/23,10625,32575
2006/06/26,10900,33350
2006/06/27,10802,33250
2006/06/28,10370,32299
2006/06/29,10755,32625
2006/06/30,11410,35499
2006/07/03,11900,34910
2006/07/04,11975,35000
2006/07/05,11700,34000
2006/07/06,11800,34900
2006/07/07,11685,34880
2006/07/10,11400,34440
2006/07/11,11382,34925
2006/07/12,11690,36040
2006/07/13,11199,34101
2006/07/14,11200,34100
2006/07/17,11100,33800
2006/07/18,10901,33600
2006/07/19,10989,34750
2006/07/20,10293,34089
2006/07/21,10010,33154
2006/07/24,9656,32225
2006/07/25,9669,32425
2006/07/26,10049,33490
2006/07/27,10100,33500
2006/07/28,9950,32700
2006/07/31,9850,33175
2006/08/01,9650,33300
2006/08/02,9885,34800
2006/08/03,9750,34500
2006/08/04,9899,34511
2006/08/07,9399,33802
2006/08/08,9310,34300
2006/08/10,9157,34200
2006/08/11,9300,34240
2006/08/14,9055,33475
2006/08/15,9210,33499
2006/08/16,9580,34231
2006/08/17,9500,34100
2006/08/18,9350,33295
2006/08/21,9950,34600
2006/08/22,10302,35055
2006/08/23,10250,34401
2006/08/24,10120,34450
2006/08/25,10030,34000
2006/08/28,9999,33625
2006/08/29,9599,32425
2006/08/30,9750,32680
2006/08/31,9800,32689
2006/09/01,9980,33050
2006/09/04,10110,33600
2006/09/05,10203,33950
2006/09/06,10500,35053
2006/09/07,9821,33050
2006/09/08,9545,32375
2006/09/11,9150,29916
2006/09/12,9099,29680
2006/09/13,9025,29300
2006/09/14,9060,29532
2006/09/15,8990,29000
2006/09/18,8960,29000
2006/09/19,8957,28700
2006/09/20,8980,28700
2006/09/21,9051,28990
2006/09/22,9500,29475
2006/09/26,9926,29699
2006/09/27,10110,29550
2006/09/28,10300,29495
2006/09/29,10059,29120
2006/10/02,10499,29690
2006/10/03,10260,28422
2006/10/04,10351,28506
2006/10/05,10780,29125
2006/10/06,10820,29075
2006/10/09,10995,29500
2006/10/10,10866,29295
2006/10/11,10800,29200
2006/10/12,10599,28650
2006/10/13,10675,29200
2006/10/16,10750,29000
2006/10/17,10715,29216
2006/10/18,10870,29625
2006/10/19,10705,29260
2006/10/20,10900,30300
2006/10/23,10826,30740
2006/10/24,11247,31465
2006/10/25,11475,32041
2006/10/26,11300,31690
2006/10/27,10962,31074
2006/10/30,11100,31975
2006/10/31,11169,31260
2006/11/01,11660,31475
2006/11/02,11560,31600
2006/11/03,11630,31800
2006/11/06,11634,32250
2006/11/07,11520,31725
2006/11/08,11500,32100
2006/11/09,11200,31825
2006/11/10,11470,32250
2006/11/13,11199,31460
2006/11/14,11340,32225
2006/11/15,11150,31740
2006/11/16,11000,31605
2006/11/17,10556,30251
2006/11/20,11140,31699
2006/11/21,11210,32200
2006/11/22,11400,32701
2006/11/23,11312,32600
2006/11/24,11939,33550
2006/11/27,12025,33695
2006/11/28,12100,33750
2006/11/29,12065,33566
2006/11/30,12126,34350
2006/12/01,12125,34555
2006/12/04,11950,34100
2006/12/05,11900,33700
2006/12/06,11450,32999
2006/12/07,11200,32374
2006/12/08,11085,33398
2006/12/11,10775,33000
2006/12/12,10700,32280
2006/12/13,10796,32300
2006/12/14,11000,32587
2006/12/15,11040,32500
2006/12/18,11100,32450
2006/12/19,11005,32202
2006/12/20,11225,32280
2006/12/21,11027,32450
2006/12/22,10771,31845
2006/12/27,11000,33010
2006/12/28,11180,33399
2006/12/29,11120,32999
2007/01/02,11299,33600
2007/01/03,11075,32800
2007/01/04,10560,32130
2007/01/05,10400,31750
2007/01/09,9763,32551
2007/01/10,9490,32301
2007/01/11,9575,32440
2007/01/12,9580,32201
2007/01/15,9795,32610
2007/01/16,9477,32609
2007/01/17,9350,32801
2007/01/18,9650,33451
2007/01/19,9511,32199
2007/01/22,9431,32500
2007/01/23,9607,33170
2007/01/24,9850,34130
2007/01/25,10200,34699
2007/01/26,9901,33880
2007/01/29,9880,34140
2007/01/30,9735,33650
2007/01/31,9797,34200
2007/02/01,9799,34500
2007/02/02,9440,34200
2007/02/05,9401,33850
2007/02/06,9695,34000
2007/02/07,9370,34000
2007/02/08,9200,33850
2007/02/09,9501,34850
2007/02/12,9575,35230
2007/02/13,9700,34899
2007/02/14,9695,34650
2007/02/15,9702,34300
2007/02/16,9599,33950
2007/02/19,9350,33741
2007/02/20,9330,33105
2007/02/21,9499,33105
2007/02/22,9898,33500
2007/02/23,10190,33400
2007/02/26,10062,33500
2007/02/27,9860,32300
2007/02/28,9679,31500
2007/03/01,9920,31201
2007/03/02,9950,31780
2007/03/05,9600,30600
2007/03/06,9900,31412
2007/03/07,9750,31200
2007/03/08,10000,31425
2007/03/09,9912,31700
2007/03/12,9949,31700
2007/03/13,9950,32050
2007/03/14,9875,31350
2007/03/15,10071,32199
2007/03/16,10354,32800
2007/03/19,10599,33400
2007/03/20,10555,33090
2007/03/22,10447,33038
2007/03/23,10440,33016
2007/03/26,10290,32700
2007/03/27,10200,32422
2007/03/28,10190,33010
2007/03/29,9900,32479
2007/03/30,10125,32500
2007/04/02,10200,32611
2007/04/03,10600,33352
2007/04/04,11032,33200
2007/04/05,11185,32975
2007/04/10,11388,33200
2007/04/11,11345,33461
2007/04/12,11259,33600
2007/04/13,11498,34600
2007/04/16,11600,34924
2007/04/17,11597,34095
2007/04/18,11500,33750
2007/04/19,11300,33189
2007/04/20,11390,33599
2007/04/23,11550,33385
2007/04/24,11400,32575
2007/04/25,11450,31990
2007/04/26,11331,31998
2007/04/30,11297,31531
2007/05/02,11250,31606
2007/05/03,11120,31100
2007/05/04,11390,31100
2007/05/07,11379,30975
2007/05/08,11060,30302
2007/05/09,11055,30400
2007/05/10,10910,30500
2007/05/11,10850,30026
2007/05/14,10700,29601
2007/05/15,10705,30099
2007/05/16,10500,29700
2007/05/17,10360,29501
2007/05/18,10499,30200
2007/05/21,10730,30500
2007/05/22,10884,30475
2007/05/23,11011,30455
2007/05/24,10872,30500
2007/05/25,10650,29921
2007/05/28,10400,29400
2007/05/29,10648,29525
2007/05/30,10450,29100
2007/05/31,10388,29205
2007/06/01,10600,30100
2007/06/04,10497,30725
2007/06/05,10499,30700
2007/06/06,10190,30106
2007/06/07,10200,29750
2007/06/08,9900,29006
2007/06/11,9851,29624
2007/06/12,9580,29075
2007/06/13,9700,29175
2007/06/14,9730,29160
2007/06/15,10050,29025
2007/06/18,10199,29100
2007/06/19,10140,28630
2007/06/20,10400,28661
2007/06/21,10500,28099
2007/06/22,10460,27700
2007/06/25,10425,27405
2007/06/26,10225,26926
2007/06/27,10135,26800
2007/06/28,10200,26585
2007/06/29,10027,26710
2007/07/02,10120,26700
2007/07/03,10000,26655
2007/07/04,9900,26599
2007/07/05,9870,26600
2007/07/06,10197,27875
2007/07/09,10180,28638
2007/07/10,10230,29220
2007/07/11,10199,29095
2007/07/12,10190,29875
2007/07/13,10303,30110
2007/07/16,10349,30087
2007/07/17,10300,30101
2007/07/18,10190,30799
2007/07/19,10225,30654
2007/07/20,10256,31450
2007/07/23,10350,31050
2007/07/24,10226,31045
2007/07/25,9805,30040
2007/07/26,9755,29992
2007/07/27,9411,29101
2007/07/30,9796,29620
2007/07/31,9825,30122
2007/08/01,9576,29271
2007/08/02,9800,29250
2007/08/03,9580,28800
2007/08/06,8060,27250
2007/08/07,6850,27000
2007/08/08,6999,27200
2007/08/10,6900,26600
2007/08/13,7040,26980
2007/08/14,6905,26867
2007/08/15,7000,26900
2007/08/16,6631,26349
2007/08/17,6680,26175
2007/08/20,6650,26900
2007/08/21,6469,26900
2007/08/22,6440,26950
2007/08/23,6175,27598
2007/08/24,6369,27076
2007/08/27,6560,27332
2007/08/28,6700,27005
2007/08/29,6500,27050
2007/08/30,6499,27549
2007/08/31,6410,27921
2007/09/03,6440,28950
2007/09/04,6711,29205
2007/09/05,6855,29095
2007/09/06,6912,29300
2007/09/07,7410,30701
2007/09/10,7580,30000
2007/09/11,7515,30000
2007/09/12,7900,31169
2007/09/13,8025,31795
2007/09/14,8050,32000
2007/09/17,8105,32200
2007/09/18,8049,32499
2007/09/19,8385,33033
2007/09/20,8600,33330
2007/09/21,8400,33249
2007/09/25,8475,32599
2007/09/26,8320,31825
2007/09/27,8329,32190
2007/09/28,8159,32620
2007/10/01,7952,30350
2007/10/02,7706,30201
2007/10/03,7624,29955
2007/10/04,7406,30699
2007/10/05,7422,30350
2007/10/08,7199,30320
2007/10/09,7119,30200
2007/10/10,7002,30111
2007/10/11,6949,30300
2007/10/12,6882,30280
2007/10/15,6775,30374
2007/10/16,6790,29601
2007/10/17,6694,29875
2007/10/18,6525,29775
2007/10/19,6525,29795
2007/10/22,6571,29125
2007/10/23,6715,29625
2007/10/24,6670,29470
2007/10/25,6749,30249
2007/10/26,6781,29525
2007/10/29,6980,29700
2007/10/30,7018,29540
2007/10/31,7355,30399
2007/11/01,7250,29270
2007/11/02,7140,27910
2007/11/05,7275,28000
2007/11/06,7324,29210
2007/11/07,7500,30000
2007/11/08,7610,30649
2007/11/09,7298,31180
2007/11/12,7230,31291
2007/11/13,7075,31400
2007/11/14,7250,31515
2007/11/15,7054,30500
2007/11/16,6924,29900
2007/11/19,6780,28950
2007/11/20,6850,29500
2007/11/21,6690,29700
2007/11/22,6880,30299
2007/11/23,6880,30399
2007/11/26,7030,31497
2007/11/27,7030,31850
2007/11/28,6945,31583
2007/11/29,7210,31895
2007/11/30,7300,33800
2007/12/03,7270,33190
2007/12/04,7275,32825
2007/12/05,7240,32755
2007/12/06,7283,31290
2007/12/07,7256,30599
2007/12/10,7145,29601
2007/12/11,7439,30748
2007/12/12,7180,29800
2007/12/13,6900,29530
2007/12/14,6680,29300
2007/12/18,6700,29117
2007/12/19,6645,28200
2007/12/20,6660,28500
2007/12/21,6844,29356
2007/12/24,7145,30099
2007/12/27,7353,29800
2007/12/28,7265,29149
2007/12/31,7046,29300
2008/01/02,7050,29810
2008/01/03,7650,31852
2008/01/04,7906,31575
2008/01/07,8090,31650
2008/01/08,8400,33449
2008/01/09,8275,33700
2008/01/10,8300,33824
2008/01/11,8701,34699
2008/01/14,8665,34400
2008/01/15,8649,33610
2008/01/16,8260,32450
2008/01/17,8075,33599
2008/01/18,7782,31010
2008/01/21,7400,29800
2008/01/22,7825,30510
2008/01/23,7950,29901
2008/01/24,8198,31400
2008/01/25,7600,30299
2008/01/28,7300,29900
2008/01/29,7500,29890
2008/01/30,7500,30800
2008/01/31,7450,31190
2008/02/01,7274,31290
2008/02/04,7290,30051
2008/02/05,7180,29699
2008/02/06,7400,30400
2008/02/07,7721,29899
2008/02/08,7700,28300
2008/02/11,7530,26850
2008/02/12,7601,26850
2008/02/13,7216,26500
2008/02/14,7500,26250
2008/02/15,7800,25700
2008/02/18,8006,25800
2008/02/19,8375,26600
2008/02/20,8980,27005
2008/02/21,9500,28200
2008/02/22,9400,28050
2008/02/25,9365,26700
2008/02/26,9205,26060
2008/02/27,9480,25801
2008/02/28,9568,26705
2008/02/29,9620,28350
2008/03/03,10315,28800
2008/03/04,10600,29200
2008/03/05,10399,28900
2008/03/06,10800,29575
2008/03/07,11069,29500
2008/03/10,10600,28200
2008/03/11,10609,28050
2008/03/12,10650,27500
2008/03/13,11234,27201
2008/03/14,11500,27405
2008/03/17,11500,27745
2008/03/18,10980,27230
2008/03/19,10206,26750
2008/03/20,9850,25200
2008/03/25,9726,25650
2008/03/26,9890,26282
2008/03/27,10000,26600
2008/03/28,9955,27020
2008/03/31,9725,27201
2008/04/01,9180,26512
2008/04/02,9320,26401
2008/04/03,9364,27600
2008/04/04,9210,27575
2008/04/07,9000,28130
2008/04/08,8775,27950
2008/04/09,8900,28102
2008/04/10,8778,28200
2008/04/11,9000,28890
2008/04/14,8995,29205
2008/04/15,8900,29000
2008/04/16,9250,29750
2008/04/17,9300,28900
2008/04/18,9330,28800
2008/04/21,9225,28990
2008/04/22,9475,28410
2008/04/23,9250,28136
2008/04/24,9250,27890
2008/04/25,9060,27204
2008/04/29,8601,26000
2008/04/30,8630,25300
2008/05/05,8930,26300
2008/05/06,9110,28700
2008/05/07,8890,29110
2008/05/08,9200,29500
2008/05/09,9549,30300
2008/05/12,9500,31050
2008/05/13,9599,29550
2008/05/14,9625,29680
2008/05/15,9500,29832
2008/05/16,9399,29600
2008/05/19,9799,29550
2008/05/20,9650,30379
2008/05/21,9750,30745
2008/05/22,10049,30250
2008/05/23,10045,30395
2008/05/26,9801,30740
2008/05/27,9475,30200
2008/05/28,9366,29100
2008/05/29,9250,27400
2008/05/30,9050,28650
2008/06/02,8960,26710
2008/06/03,9000,26667
2008/06/04,8945,26890
2008/06/05,9140,27075
2008/06/06,9300,27400
2008/06/09,9680,27599
2008/06/10,9170,27285
2008/06/11,8875,26455
2008/06/12,8990,26324
2008/06/13,8849,25400
2008/06/17,9001,25305
2008/06/18,8850,25200
2008/06/19,9050,24651
2008/06/20,8870,23975
2008/06/23,8610,23201
2008/06/24,8578,23221
2008/06/25,8400,23850
2008/06/26,9000,25348
2008/06/27,9649,26000
2008/06/30,9500,26885
2008/07/01,9700,26040
2008/07/02,9530,26790
2008/07/03,9400,26000
2008/07/04,9126,25500
2008/07/07,8950,25110
2008/07/08,8676,25010
2008/07/09,8882,25389
2008/07/10,8750,25300
2008/07/11,9151,25780
2008/07/14,9475,25650
2008/07/15,9650,27551
2008/07/16,9285,26600
2008/07/17,9400,27450
2008/07/18,8975,27200
2008/07/21,8950,26000
2008/07/22,8715,25950
2008/07/23,8000,25100
2008/07/24,7900,25026
2008/07/25,7806,25325
2008/07/28,7890,25251
2008/07/29,7710,24500
2008/07/30,7665,23800
2008/07/31,8025,24125
2008/08/01,7640,23101
2008/08/04,7180,22651
2008/08/05,6925,23100
2008/08/06,6900,23050
2008/08/07,6830,22931
2008/08/08,6501,22900
2008/08/11,6200,21751
2008/08/12,5930,20649
2008/08/13,6330,22076
2008/08/14,6350,22300
2008/08/15,5980,20820
2008/08/18,5751,20351
2008/08/19,5755,20216
2008/08/20,6085,20701
2008/08/21,6300,21124
2008/08/22,6350,20660
2008/08/25,6430,20300
2008/08/26,6525,20500
2008/08/27,6670,20980
2008/08/28,6895,21350
2008/08/29,6750,20850
2008/09/01,6261,19800
2008/09/02,6250,19400
2008/09/03,6125,19100
2008/09/04,6080,18820
2008/09/05,6100,18700
2008/09/08,6150,19000
2008/09/09,5499,17544
2008/09/10,5500,17300
2008/09/11,5600,18600
2008/09/12,5775,19500
2008/09/15,6320,19300
2008/09/16,6300,18780
2008/09/17,7101,20300
2008/09/18,7855,21000
2008/09/19,7415,19625
2008/09/22,7971,20000
2008/09/23,8370,20700
2008/09/25,8349,19800
2008/09/26,8500,20000
2008/09/29,8000,19101
2008/09/30,8275,19200
2008/10/01,7801,19100
2008/10/02,7000,17100
2008/10/03,7000,17269
2008/10/06,7300,16825
2008/10/07,7599,16181
2008/10/08,8700,16200
2008/10/09,8700,16312
2008/10/10,9350,18149
2008/10/13,9115,18125
2008/10/14,9274,19899
2008/10/15,9325,19425
2008/10/16,9100,20200
2008/10/17,8200,19099
2008/10/20,8250,19200
2008/10/21,8050,20820
2008/10/22,7900,19602
2008/10/23,7375,18099
2008/10/24,6600,16000
2008/10/27,6900,16400
2008/10/28,6985,15200
2008/10/29,7300,16500
2008/10/30,7726,18000
2008/10/31,7370,18849
2008/11/03,7298,18340
2008/11/04,7300,18700
2008/11/05,6940,19250
2008/11/06,7073,18860
2008/11/07,6800,18400
2008/11/10,7000,18925
2008/11/11,6800,17851
2008/11/12,6650,18200
2008/11/13,6250,16984
2008/11/14,6675,17900
2008/11/17,6320,16650
2008/11/18,6500,16355
2008/11/19,6700,16301
2008/11/20,6250,15499
2008/11/21,6650,18475
2008/11/24,8120,21075
2008/11/25,8202,20100
2008/11/26,8500,20995
2008/11/27,8800,23000
2008/11/28,8600,21900
2008/12/01,8063,21099
2008/12/02,8300,22500
2008/12/03,8400,21995
2008/12/04,8900,22500
2008/12/05,8645,22699
2008/12/08,9500,24700
2008/12/09,9605,24396
2008/12/10,10200,27100
2008/12/11,10375,27220
2008/12/12,10100,27330
2008/12/15,10070,27002
2008/12/17,10201,27000
2008/12/18,9499,24825
2008/12/19,8446,24050
2008/12/22,9000,25108
2008/12/23,9130,25000
2008/12/24,9361,24825
2008/12/29,10000,25700
2008/12/30,9600,24800
2008/12/31,9770,25200
2009/01/02,10101,25775
2009/01/05,9600,24400
2009/01/06,9606,24845
2009/01/07,10100,25451
2009/01/08,10200,25870
2009/01/09,10049,25150
2009/01/12,9900,24800
2009/01/13,9700,24705
2009/01/14,9525,24341
2009/01/15,9250,23750
2009/01/16,9900,25698
2009/01/19,10015,25700
2009/01/20,10200,26179
2009/01/21,9800,26000
2009/01/22,10189,26400
2009/01/23,10550,27100
2009/01/26,11600,29085
2009/01/27,11600,28500
2009/01/28,10850,26990
2009/01/29,11200,27850
2009/01/30,12045,28625
2009/02/02,11756,28400
2009/02/03,11901,27600
2009/02/04,11580,26945
2009/02/05,11460,25406
2009/02/06,11401,26150
2009/02/09,11100,27174
2009/02/10,11245,27406
2009/02/11,11550,28900
2009/02/12,12030,29800
2009/02/13,11801,29800
2009/02/16,11690,29399
2009/02/17,12300,31990
2009/02/18,12670,31499
2009/02/19,12730,31545
2009/02/20,12950,32499
2009/02/23,12790,32600
2009/02/24,12600,30790
2009/02/25,12410,29999
2009/02/26,12200,28849
2009/02/27,12275,29750
2009/03/02,12350,30855
2009/03/03,11642,30000
2009/03/04,11800,30700
2009/03/05,11250,30000
2009/03/06,11950,31350
2009/03/09,11670,31685
2009/03/10,10870,31240
2009/03/11,11175,32300
2009/03/12,11350,33950
2009/03/13,11100,34194
2009/03/16,11399,33701
2009/03/17,11100,32800
2009/03/18,10600,33231
2009/03/19,11271,35976
2009/03/20,11373,35601
2009/03/23,11490,35500
2009/03/24,10925,34299
2009/03/25,10775,35900
2009/03/26,10950,35700
2009/03/27,10900,35700
2009/03/30,10799,35820
2009/03/31,10041,34500
2009/04/01,10440,35000
2009/04/02,10150,32229
2009/04/03,9102,29300
2009/04/06,8390,27400
2009/04/07,8521,29275
2009/04/08,8600,30194
2009/04/09,8400,28790
2009/04/14,8170,28904
2009/04/15,8530,28610
2009/04/16,7900,27899
2009/04/17,7550,27170
2009/04/20,7910,28000
2009/04/21,7800,27712
2009/04/23,8200,28370
2009/04/24,8600,28859
2009/04/28,8490,28380
2009/04/29,8445,27950
2009/04/30,7901,26180
2009/05/04,8031,26800
2009/05/05,7900,27600
2009/05/06,8425,30000
2009/05/07,8350,29296
2009/05/08,8380,29610
2009/05/11,8699,30540
2009/05/12,9040,31450
2009/05/13,9300,31941
2009/05/14,9086,31221
2009/05/15,9300,32400
2009/05/18,8999,30250
2009/05/19,8939,30050
2009/05/20,9100,30960
2009/05/21,8875,30650
2009/05/22,9710,31521
2009/05/25,9880,32417
2009/05/26,9824,31501
2009/05/27,9400,31290
2009/05/28,9670,32500
2009/05/29,9719,34600
2009/06/01,9535,33405
2009/06/02,9600,33800
2009/06/03,9415,33298
2009/06/04,9400,33099
2009/06/05,9000,31500
2009/06/08,8686,31450
2009/06/09,8800,31953
2009/06/10,8710,31820
2009/06/11,8585,30451
2009/06/12,8451,29600
2009/06/15,8450,29350
2009/06/17,8370,29600
2009/06/18,8609,29800
2009/06/19,8871,30790
2009/06/22,8450,28901
2009/06/23,8125,28420
2009/06/24,8500,29550
2009/06/25,8680,30000
2009/06/26,8700,29825
2009/06/29,8350,29500
2009/06/30,8000,28302
2009/07/01,7900,29250
2009/07/02,7500,28295
2009/07/03,7300,28700
2009/07/06,7172,27600
2009/07/07,7302,27700
2009/07/08,7250,28285
2009/07/09,7118,28200
2009/07/10,7108,28300
2009/07/13,7060,27250
2009/07/14,7350,28850
2009/07/15,7525,30000
2009/07/16,7360,29501
2009/07/17,7286,29655
2009/07/20,7600,30852
2009/07/21,7250,30700
2009/07/22,7250,30130
2009/07/23,7350,30705
2009/07/24,7274,30589
2009/07/27,7099,30099
2009/07/28,6980,28742
2009/07/29,6905,28800
2009/07/30,6975,29260
2009/07/31,7020,29600
2009/08/03,7315,30900
2009/08/04,7400,31100
2009/08/05,7499,30215
2009/08/06,7640,30900
2009/08/07,7500,30526
2009/08/11,7275,29001
2009/08/12,7399,29150
2009/08/13,7650,30426
2009/08/14,7500,30589
2009/08/17,7350,29425
2009/08/18,7414,29050
2009/08/19,7465,28950
2009/08/20,7290,29109
2009/08/21,7341,29417
2009/08/24,7205,29199
2009/08/25,7242,29941
2009/08/26,7080,29890
2009/08/27,7150,29350
2009/08/28,7250,30375
2009/08/31,7299,29805
2009/09/01,7160,28340
2009/09/02,7605,29501
2009/09/03,8000,31505
2009/09/04,8150,32100
2009/09/07,8399,32400
2009/09/08,8751,32800
2009/09/09,8464,31265
2009/09/10,8423,31915
2009/09/11,8750,32790
2009/09/14,8414,31905
2009/09/15,8450,31900
2009/09/16,8679,33133
2009/09/17,8650,33226
2009/09/18,8500,32660
2009/09/21,8330,30924
2009/09/22,8350,31150
2009/09/23,8160,30496
2009/09/25,7801,29200
2009/09/28,7923,29311
2009/09/29,7843,29500
2009/09/30,8000,30150
2009/10/01,8230,30788
2009/10/02,8016,30000
2009/10/05,8000,30519
2009/10/06,8601,32361
2009/10/07,8538,33100
2009/10/08,8675,32952
2009/10/09,8625,33050
2009/10/12,8640,33100
2009/10/13,8700,33550
2009/10/14,8600,33403
2009/10/15,8479,32499
2009/10/16,8350,33200
2009/10/19,8340,32950
2009/10/20,8493,32563
2009/10/21,8400,32505
2009/10/22,8375,32650
2009/10/23,8300,32500
2009/10/26,8424,32594
2009/10/27,8178,31499
2009/10/28,8090,30689
2009/10/29,8080,30099
2009/10/30,7850,28990
2009/11/02,7885,30010
2009/11/03,7641,30290
2009/11/04,8200,31526
2009/11/05,7999,30131
2009/11/06,8219,31201
2009/11/09,8141,31290
2009/11/10,8050,31505
2009/11/11,8050,32216
2009/11/12,7897,32795
2009/11/13,7728,32700
2009/11/16,8005,33360
2009/11/17,8038,33410
2009/11/18,8078,33600
2009/11/19,7855,32499
2009/11/20,7900,32900
2009/11/23,8070,34075
2009/11/24,7975,33000
2009/11/25,8150,33300
2009/11/26,8399,33300
2009/11/27,8150,33050
2009/11/30,8200,32401
2009/12/01,8610,33995
2009/12/02,8630,34500
2009/12/03,8516,33800
2009/12/04,8310,32800
2009/12/07,8040,31600
2009/12/08,7800,31550
2009/12/09,7671,31700
2009/12/10,7899,31950
2009/12/11,7840,31720
2009/12/14,7749,31550
2009/12/15,7870,31300
2009/12/17,7500,30711
2009/12/18,7700,30600
2009/12/21,7579,30905
2009/12/22,7649,30750
2009/12/23,7560,30749
2009/12/24,7620,30900
2009/12/28,7631,30970
2009/12/29,7400,30125
2009/12/30,7400,29950
2009/12/31,7579,30629
2010/01/04,7646,30707
2010/01/05,7849,30895
2010/01/06,7930,32065
2010/01/07,7930,31900
2010/01/08,7990,32200
2010/01/11,8077,32451
2010/01/12,8000,31700
2010/01/13,7777,31005
2010/01/14,7820,30960
2010/01/15,7560,30050
2010/01/18,7605,30370
2010/01/19,7600,29830
2010/01/20,7500,29285
2010/01/21,7465,29300
2010/01/22,7425,29200
2010/01/25,7570,29360
2010/01/26,7426,28701
2010/01/27,7390,28601
2010/01/28,7340,28496
2010/01/29,7200,27895
2010/02/01,7151,27410
2010/02/02,7435,28095
2010/02/03,7522,28100
2010/02/04,7133,26912
2010/02/05,7149,27325
2010/02/08,7200,28100
2010/02/09,7250,28600
2010/02/10,7175,28515
2010/02/11,6998,28725
2010/02/12,7090,28900
2010/02/15,7155,29100
2010/02/16,7362,29760
2010/02/17,7245,29500
2010/02/18,7158,28610
2010/02/19,7025,28100
2010/02/22,7065,28090
2010/02/23,6930,27450
2010/02/24,6901,27225
2010/02/25,6980,27268
2010/02/26,6905,27699
2010/03/01,7100,27360
2010/03/02,7315,27800
2010/03/03,7450,28100
2010/03/04,7500,28199
2010/03/05,7400,28315
2010/03/08,7380,27880
2010/03/09,7150,27719
2010/03/10,7152,27805
2010/03/11,7070,27500
2010/03/12,7248,28000
2010/03/15,7075,27800
2010/03/16,7150,28100
2010/03/17,7085,28480
2010/03/18,7175,28499
2010/03/19,7110,28350
2010/03/23,6956,28150
2010/03/24,6960,27700
2010/03/25,7000,27500
2010/03/26,6980,27485
2010/03/29,7150,28149
2010/03/30,6969,27661
2010/03/31,6880,27795
2010/04/01,7100,28360
2010/04/06,7400,29500
2010/04/07,7340,29675
2010/04/08,7300,29699
2010/04/09,7341,30120
2010/04/12,7329,29725
2010/04/13,7000,28800
2010/04/14,7100,29444
2010/04/15,7185,29400
2010/04/16,6950,28700
2010/04/19,6915,29030
2010/04/20,6951,29050
2010/04/21,6950,28850
2010/04/22,6865,28900
2010/04/23,7036,29250
2010/04/26,7030,29686
2010/04/28,7040,30285
2010/04/29,7061,30695
2010/04/30,7210,31149
2010/05/03,7214,30812
2010/05/04,7192,31020
2010/05/05,7156,31300
2010/05/06,7300,31150
2010/05/07,7200,32000
2010/05/10,7113,31080
2010/05/11,7550,32494
2010/05/12,7875,32899
2010/05/13,7850,32599
2010/05/14,7685,31845
2010/05/17,7900,32290
2010/05/18,7730,32159
2010/05/19,7515,31820
2010/05/20,7445,31400
2010/05/21,7155,30810
2010/05/24,7345,30875
2010/05/25,7450,31861
2010/05/26,7710,33699
2010/05/27,7524,32689
2010/05/28,7425,31994
2010/05/31,7709,32799
2010/06/01,7720,32778
2010/06/02,7615,32472
2010/06/03,7580,32510
2010/06/04,7499,32210
2010/06/07,7621,32900
2010/06/08,7799,33280
2010/06/09,7600,32800
2010/06/10,7568,32670
2010/06/11,7530,32418
2010/06/14,7480,32695
2010/06/15,7570,32905
2010/06/17,7699,33700
2010/06/18,7708,33900
2010/06/21,7810,33575
2010/06/22,7901,33580
2010/06/23,7795,33200
2010/06/24,7845,33594
2010/06/25,7975,33685
2010/06/28,8006,33700
2010/06/29,7950,33100
2010/06/30,8140,33195
2010/07/01,7980,32100
2010/07/02,8000,31900
2010/07/05,8110,31425
2010/07/06,7950,31184
2010/07/07,8101,30995
2010/07/08,7990,30670
2010/07/09,8050,31218
2010/07/12,8034,31333
2010/07/13,7993,31590
2010/07/14,8049,31351
2010/07/15,8090,31100
2010/07/16,7938,30964
2010/07/19,7775,30200
2010/07/20,7580,30040
2010/07/21,7500,30150
2010/07/22,7540,30199
2010/07/23,7440,29700
2010/07/26,7360,29599
2010/07/27,7200,28900
2010/07/28,7190,29162
2010/07/29,7238,29100
2010/07/30,7305,29480
2010/08/02,7300,29350
2010/08/03,7600,30098
2010/08/04,7800,30400
2010/08/05,7800,30500
2010/08/06,7829,30861
2010/08/10,7680,30959
2010/08/11,8050,31420
2010/08/12,8040,31500
2010/08/13,7890,31323
2010/08/16,7735,31800
2010/08/17,7550,31900
2010/08/18,7400,31680
2010/08/19,7503,31931
2010/08/20,7390,31765
2010/08/23,7349,31748
2010/08/24,7400,31329
2010/08/25,7402,31000
2010/08/26,7545,31382
2010/08/27,7499,31000
2010/08/30,7501,31268
2010/08/31,7646,31640
2010/09/01,7469,30840
2010/09/02,7587,31401
2010/09/03,7616,31290
2010/09/06,7790,31785
2010/09/07,7863,32050
2010/09/08,7784,32207
2010/09/09,7880,31615
2010/09/10,7995,32100
2010/09/13,8007,32190
2010/09/14,8380,33220
2010/09/15,8230,31600
2010/09/16,8380,32150
2010/09/17,8025,31700
2010/09/20,7990,31599
2010/09/21,7813,31490
2010/09/22,7889,31868
2010/09/23,8010,32348
2010/09/27,7959,31792
2010/09/28,7999,32195
2010/09/29,7890,32199
2010/09/30,7800,32335
2010/10/01,7869,32700
2010/10/04,7830,32250
2010/10/05,8140,32720
2010/10/06,8059,32350
2010/10/07,7750,31985
2010/10/08,7790,32173
2010/10/11,7786,31970
2010/10/12,7840,32000
2010/10/13,7925,32490
2010/10/14,7751,32275
2010/10/15,7680,32200
2010/10/18,7750,32492
2010/10/19,7618,31949
2010/10/20,7628,32110
2010/10/21,7676,31950
2010/10/22,7756,31578
2010/10/25,7867,32179
2010/10/26,7820,32160
2010/10/27,7796,31540
2010/10/28,7819,32225
2010/10/29,8020,32649
2010/11/01,7900,32657
2010/11/02,7815,32350
2010/11/03,7900,32318
2010/11/04,8025,33000
2010/11/05,8450,33780
2010/11/08,8429,33799
2010/11/09,8590,35010
2010/11/10,8403,34987
2010/11/11,8423,35700
2010/11/12,8500,34800
2010/11/15,8398,34525
2010/11/16,8300,33750
2010/11/17,8179,33519
2010/11/18,8314,33749
2010/11/19,8202,33439
2010/11/22,8280,33484
2010/11/23,8250,33685
2010/11/24,8250,33249
2010/11/25,8201,33445
2010/11/26,8119,32999
2010/11/29,8062,33050
2010/11/30,7895,32837
2010/12/01,7916,32990
2010/12/02,8000,33699
2010/12/03,8250,33940
2010/12/06,8585,34479
2010/12/07,8473,33990
2010/12/08,8429,33749
2010/12/09,8460,33435
2010/12/10,8340,33234
2010/12/13,8601,34029
2010/12/14,8740,34600
2010/12/15,8802,34600
2010/12/17,8543,32932
2010/12/20,8503,33282
2010/12/21,8322,32849
2010/12/22,8254,32600
2010/12/23,8216,32290
2010/12/24,8220,32680
2010/12/28,8290,32550
2010/12/29,8340,33040
2010/12/30,8305,32772
2010/12/31,8300,32690
2011/01/03,8405,32900
2011/01/04,8150,31500
2011/01/05,7985,31400
2011/01/06,7951,31250
2011/01/07,7900,30690
2011/01/10,7800,30489
2011/01/11,7841,31048
2011/01/12,7880,30979
2011/01/13,7832,30999
2011/01/14,7820,30800
2011/01/17,7763,31100
2011/01/18,7755,31000
2011/01/19,7968,31430
2011/01/20,7769,31150
2011/01/21,7860,31700
2011/01/24,7740,31450
2011/01/25,7500,30765
2011/01/26,7477,30815
2011/01/27,7615,31195
2011/01/28,7670,30970
2011/01/31,7800,30637
2011/02/01,7840,31069
2011/02/02,7807,31949
2011/02/03,7700,32100
2011/02/04,7980,32875
2011/02/07,8000,32624
2011/02/08,8066,32750
2011/02/09,8049,32802
2011/02/10,7799,32251
2011/02/11,7900,32825
2011/02/14,7822,32924
2011/02/15,7900,33300
2011/02/16,7825,33230
2011/02/17,7900,33595
2011/02/18,7950,34000
2011/02/21,8449,35174
2011/02/22,8299,34655
2011/02/23,8299,34700
2011/02/24,8131,34377
2011/02/25,8071,33845
2011/02/28,8123,33949
2011/03/01,8104,34000
2011/03/02,8105,33840
2011/03/03,8085,34190
2011/03/04,8100,33400
2011/03/07,8350,32900
2011/03/08,8180,32550
2011/03/09,8385,32788
2011/03/10,8200,31452
2011/03/11,8440,32199
2011/03/14,8375,31901
2011/03/15,8340,31550
2011/03/16,8505,31650
2011/03/17,8341,31050
2011/03/18,8305,31200
2011/03/22,8500,31150
2011/03/23,8795,31899
2011/03/24,9840,32600
2011/03/25,9500,32150
2011/03/28,9695,31610
2011/03/29,9961,32000
2011/03/30,10226,32400
2011/03/31,9929,32450
2011/04/01,10049,33050
2011/04/04,10040,32870
2011/04/05,10010,33124
2011/04/06,10325,33800
2011/04/07,10325,33210
2011/04/08,10255,33700
2011/04/11,10155,33050
2011/04/12,9950,32700
2011/04/13,10006,33200
2011/04/14,10060,33700
2011/04/15,10010,33450
2011/04/18,9925,32990
2011/04/19,10006,33165
2011/04/20,10050,34050
2011/04/21,10149,33701
2011/04/26,9980,33300
2011/04/28,9900,32900
2011/04/29,9915,33278
2011/05/03,9700,32200
2011/05/04,9400,31420
2011/05/05,9275,31250
2011/05/06,9410,31090
2011/05/09,9300,30800
2011/05/10,9342,31100
2011/05/11,9245,30999
2011/05/12,9225,30470
2011/05/13,9325,31040
2011/05/16,9320,30901
2011/05/17,9090,30880
2011/05/19,9249,31183
2011/05/20,9115,31100
2011/05/23,9308,31300
2011/05/24,9385,31380
2011/05/25,9391,31480
2011/05/26,9101,30910
2011/05/27,9350,31340
2011/05/30,9485,31600
2011/05/31,9475,31400
2011/06/01,9499,31275
2011/06/02,9400,30550
2011/06/03,9450,30382
2011/06/06,9350,30330
2011/06/07,9169,29930
2011/06/08,8750,28999
2011/06/09,8753,29640
2011/06/10,8770,29105
2011/06/13,8710,29050
2011/06/14,8703,29215
2011/06/15,8790,29250
2011/06/17,8413,28727
2011/06/20,8528,28801
2011/06/21,8554,28836
2011/06/22,8825,29143
2011/06/23,8329,28213
2011/06/24,8449,27849
2011/06/27,8600,27700
2011/06/28,8793,28100
2011/06/29,9077,28799
2011/06/30,8995,28550
2011/07/01,8580,27880
2011/07/04,8650,27840
2011/07/05,8600,27935
2011/07/06,8819,28695
2011/07/07,8851,28675
2011/07/08,8804,28500
2011/07/11,8924,28650
2011/07/12,9070,29035
2011/07/13,9752,30200
2011/07/14,9564,30140
2011/07/15,9868,30650
2011/07/18,9966,31400
2011/07/19,9770,31276
2011/07/20,9780,30522
2011/07/21,9688,30100
2011/07/22,9660,30320
2011/07/25,9700,30275
2011/07/26,9430,29327
2011/07/27,9414,29008
2011/07/28,9119,28111
2011/07/29,9075,28100
2011/08/01,9226,28538
2011/08/02,9650,29000
2011/08/03,9941,30071
2011/08/04,9651,29784
2011/08/05,9374,29470
2011/08/08,9270,30189
2011/08/10,10029,31896
2011/08/11,10199,32200
2011/08/12,9900,31650
2011/08/15,9439,31795
2011/08/16,9465,32720
2011/08/17,9110,32650
2011/08/18,9165,32705
2011/08/19,8690,32472
2011/08/22,9092,33300
2011/08/23,9288,32521
2011/08/24,9018,31201
2011/08/25,9020,31550
2011/08/26,9100,31650
2011/08/29,9265,31400
2011/08/30,9301,31752
2011/08/31,9499,31800
2011/09/01,9354,31757
2011/09/02,9675,32213
2011/09/05,9725,32895
2011/09/06,9871,32903
2011/09/07,9900,32549
2011/09/08,9900,33700
2011/09/09,9901,34202
2011/09/12,9621,34000
2011/09/13,9470,33350
2011/09/14,9605,33710
2011/09/15,9301,33720
2011/09/16,9680,34440
2011/09/19,10000,36150
2011/09/20,10139,36470
2011/09/21,10600,37714
2011/09/22,10500,37150
2011/09/23,9910,35510
2011/09/26,9568,34950
2011/09/27,9575,34680
2011/09/28,9275,33850
2011/09/29,9060,32480
2011/09/30,9535,33890
2011/10/03,9875,34525
2011/10/04,9501,33137
2011/10/05,9451,32791
2011/10/06,9500,32850
2011/10/07,9353,32399
2011/10/10,9593,32199
2011/10/11,9675,32200
2011/10/12,9735,32347
2011/10/13,9545,32445
2011/10/14,9590,32850
2011/10/17,9800,33945
2011/10/18,9549,33292
2011/10/19,9563,33480
2011/10/20,9264,33049
2011/10/21,9475,32899
2011/10/24,9650,33400
2011/10/25,10063,34144
2011/10/26,10035,34750
2011/10/27,10115,35079
2011/10/28,10300,36159
2011/10/31,10451,35850
2011/11/01,10276,36200
2011/11/02,10995,36815
2011/11/03,10750,36990
2011/11/04,10620,36829
2011/11/07,11200,38020
2011/11/08,11200,38025
2011/11/09,11246,38000
2011/11/10,11050,37800
2011/11/11,11148,38000
2011/11/14,11207,38014
2011/11/15,11380,38002
2011/11/16,11300,38250
2011/11/17,11299,37950
2011/11/18,10741,37380
2011/11/21,10552,36600
2011/11/22,10949,37485
2011/11/23,10750,36766
2011/12/02,10750,36766
2011/12/05,10750,36766
2011/12/06,10750,36766
2011/12/07,10750,36766
2011/12/08,10750,36766
2011/12/09,10750,36766
2011/12/12,10750,36766
2011/12/13,10667,36700
2011/12/14,10125,35710
2011/12/15,10166,35475
2011/12/19,9931,34800
2011/12/20,9897,35179
2011/12/21,9883,34947
2011/12/22,9799,34650
2011/12/23,9999,35288
2011/12/28,9599,34339
2011/12/29,9468,33799
2011/12/30,9500,34340
2012/01/03,9663,35026
2012/01/04,9952,36022
2012/01/05,9637,35375
2012/01/06,9875,36000
2012/01/09,9897,35550
2012/01/10,9900,35452
2012/01/11,9700,34974
2012/01/12,9724,35299
2012/01/13,9694,35200
2012/01/16,9640,35510
2012/01/17,9780,35861
2012/01/18,9654,35838
2012/01/19,9350,35099
2012/01/20,8995,34603
2012/01/23,9243,34962
2012/01/24,9350,35000
2012/01/25,9081,34016
2012/01/26,9337,35669
2012/01/27,9400,35848
2012/01/30,9540,36040
2012/01/31,9511,35900
2012/02/01,9449,35725
2012/02/02,9510,35589
2012/02/03,9310,34950
2012/02/06,9650,35104
2012/02/07,9470,34200
2012/02/08,9660,34700
2012/02/09,9940,35198
2012/02/10,10002,34864
2012/02/13,9936,34950
2012/02/14,9821,35005
2012/02/15,9750,33990
2012/02/16,9715,32614
2012/02/17,9982,32975
2012/02/20,9771,32859
2012/02/21,9901,32931
2012/02/22,9983,33194
2012/02/23,10082,33181
2012/02/24,10175,33000
2012/02/27,9951,32382
2012/02/28,9905,32670
2012/02/29,9900,32574
2012/03/01,9533,31775
2012/03/02,9352,31400
2012/03/05,9195,30950
2012/03/06,8990,30010
2012/03/07,9078,30550
2012/03/08,9017,30256
2012/03/09,9000,30218
2012/03/12,8975,30150
2012/03/13,8961,30005
2012/03/14,8735,29173
2012/03/15,8506,29241
2012/03/16,8401,29170
2012/03/19,8350,29025
2012/03/20,8288,28761
2012/03/22,8447,28790
2012/03/23,8566,29249
2012/03/26,8540,29016
2012/03/27,8552,29229
2012/03/28,8351,28571
2012/03/29,8350,28236
2012/03/30,8339,28240
2012/04/02,8515,28449
2012/04/03,8430,28143
2012/04/04,8050,26950
2012/04/05,8187,26869
2012/04/10,8002,26029
2012/04/11,8118,26823
2012/04/12,8150,26772
2012/04/13,7869,26705
2012/04/16,7776,26863
2012/04/17,7700,26440
2012/04/18,7563,26313
2012/04/19,7558,26267
2012/04/20,7479,25701
2012/04/23,7330,25543
2012/04/24,7322,25550
2012/04/25,7432,26057
2012/04/26,7658,27025
2012/04/30,7564,26458
2012/05/02,7464,26335
2012/05/03,7284,25806
2012/05/04,7395,25950
2012/05/07,7392,25859
2012/05/08,7296,25672
2012/05/09,7473,26245
2012/05/10,7715,27200
2012/05/11,7750,27500
2012/05/14,7550,26700
2012/05/15,7425,26054
2012/05/16,7383,26300
2012/05/17,7569,26900
2012/05/18,7706,28593
2012/05/21,7704,28550
2012/05/22,7911,29295
2012/05/23,7710,29110
2012/05/24,8204,30190
2012/05/25,8187,30000
2012/05/28,8119,29998
2012/05/29,8225,30254
2012/05/30,8050,29461
2012/05/31,8451,30850
2012/06/01,8716,31196
2012/06/04,8709,31360
2012/06/05,8750,31500
2012/06/06,8900,31950
2012/06/07,8560,30350
2012/06/08,8504,30260
2012/06/11,8560,30536
2012/06/12,8705,31011
2012/06/13,8791,30799
2012/06/14,8645,30347
2012/06/15,8544,30350
2012/06/18,8492,30308
2012/06/19,8700,30500
2012/06/20,8465,30174
2012/06/21,8374,29900
2012/06/22,8043,28689
2012/06/25,7994,28821
2012/06/26,8046,28975
2012/06/27,7844,28419
2012/06/28,7614,28310
2012/06/29,7650,27900
2012/07/02,7540,27776
2012/07/03,7549,27597
2012/07/04,7631,27621
2012/07/05,7800,28076
2012/07/06,7634,27693
2012/07/09,7500,27100
2012/07/10,7584,27364
2012/07/11,7455,26631
2012/07/12,7499,26401
2012/07/13,7645,26876
2012/07/16,7541,26690
2012/07/17,7467,26301
2012/07/18,7447,25600
2012/07/19,7363,25250
2012/07/20,7460,25725
2012/07/23,7492,26550
2012/07/24,7568,27175
2012/07/25,7825,27600
2012/07/26,7975,27632
2012/07/27,8224,28650
2012/07/30,8295,28500
2012/07/31,8263,28290
2012/08/01,8035,27997
2012/08/02,8195,28341
2012/08/03,8167,27750
2012/08/06,8174,28176
2012/08/07,8003,27900
2012/08/08,8144,27600
2012/08/10,8265,28100
2012/08/13,8399,28272
2012/08/14,8475,28087
2012/08/15,8405,27810
2012/08/16,8571,28577
2012/08/17,8036,28907
2012/08/20,7542,28175
2012/08/21,7917,28795
2012/08/22,7950,28350
2012/08/23,8066,28150
2012/08/24,8110,28304
2012/08/27,8150,27846
2012/08/28,7560,26550
2012/08/29,7499,26400
2012/08/30,7100,26263
2012/08/31,6824,26289
2012/09/03,6870,26928
2012/09/04,6816,26147
2012/09/05,6838,26915
2012/09/06,7077,27401
2012/09/07,7325,28086
2012/09/10,7159,27892
2012/09/11,7057,28139
2012/09/12,6865,28162
2012/09/13,6983,28152
2012/09/14,7399,29385
2012/09/17,7353,29371
2012/09/18,7446,29791
2012/09/19,7775,30118
2012/09/20,7816,30000
2012/09/21,7441,30224
2012/09/25,7180,29865
2012/09/26,6750,28329
2012/09/27,6851,28575
2012/09/28,6983,29242
2012/10/01,6980,29471
2012/10/02,6901,28995
2012/10/03,6710,28508
2012/10/04,6690,28462
2012/10/05,6750,29617
2012/10/08,6956,30299
2012/10/09,6950,30031
2012/10/10,6950,29783
2012/10/11,7099,30100
2012/10/12,7017,29936
2012/10/15,7014,29850
2012/10/16,7030,30450
2012/10/17,7068,30066
2012/10/18,6884,28800
2012/10/19,6875,28137
2012/10/22,7000,28300
2012/10/23,6886,28486
2012/10/24,7065,28575
2012/10/25,7171,28430
2012/10/26,7120,28051
2012/10/29,6928,28075
2012/10/30,6961,27873
2012/10/31,7102,28847
2012/11/01,6995,29337
2012/11/02,6883,28829
2012/11/05,6892,28800
2012/11/06,6820,28841
2012/11/07,7231,30000
2012/11/08,7389,28894
2012/11/09,7405,29600
2012/11/12,7229,29500
2012/11/13,7115,29040
2012/11/14,7008,28041
2012/11/15,6812,27430
2012/11/16,6760,27114
2012/11/19,6940,27220
2012/11/21,6940,27150
2012/11/22,7120,27557
2012/11/23,7090,27428
2012/11/24,7090,27428
2012/11/25,7090,27428
2012/11/26,7143,27642
2012/11/27,7094,27132
2012/11/28,6821,26470
2012/11/29,6974,27500
2012/11/30,6994,27808
2012/12/03,6843,27011
2012/12/04,6665,26718
2012/12/05,6600,26873
2012/12/06,6520,26291
2012/12/07,6655,26223
2012/12/10,6893,26798
2012/12/11,6985,26504
2012/12/12,7022,26302
2012/12/13,7028,26280
2012/12/14,7011,25892
2012/12/18,7041,26289
2012/12/19,6840,26100
2012/12/20,6979,25732
2012/12/21,6955,25700
2012/12/24,7080,25920
2012/12/27,7182,26100
2012/12/28,7325,26412
2012/12/31,7400,26234
2013/01/02,7564,27009
2013/01/03,7444,26905
2013/01/04,7150,26000
2013/01/07,6898,25830
2013/01/08,6682,25100
2013/01/09,6624,24950
2013/01/10,6655,24740
2013/01/11,6640,25288
2013/01/14,6650,25539
2013/01/15,6600,25743
2013/01/16,6575,26099
2013/01/17,6554,25544
2013/01/18,6694,25952
2013/01/21,6745,26146
2013/01/22,6767,25952
2013/01/23,6818,26391
2013/01/24,6700,26180
2013/01/25,6425,25140
2013/01/28,6214,24809
2013/01/29,6100,24979
2013/01/30,6198,25200
2013/01/31,5883,24900
2013/02/01,5740,25312
2013/02/04,6180,25998
2013/02/05,6378,25610
2013/02/06,6370,25635
2013/02/07,6393,25505
2013/02/08,6430,25566
2013/02/11,6302,25185
2013/02/12,6324,25400
2013/02/13,6370,25800
2013/02/14,6425,25466
2013/02/15,6115,24150
2013/02/18,5999,24199
2013/02/19,5920,24090
2013/02/20,5859,23220
2013/02/21,5755,22302
2013/02/22,5792,22369
2013/02/25,5823,22390
2013/02/26,5770,22426
2013/02/27,5686,22330
2013/02/28,5673,22041
2013/03/01,5660,21775
2013/03/04,5566,21745
2013/03/05,5512,21527
2013/03/06,5340,21070
2013/03/07,5754,22407
2013/03/08,5635,22355
2013/03/11,5896,22646
2013/03/12,6010,23025
2013/03/13,5939,23121
2013/03/14,5876,22739
2013/03/15,6050,22860
2013/03/18,6060,22572
2013/03/19,6072,22325
2013/03/20,6039,22109
2013/03/22,6059,22370
2013/03/25,5839,22037
2013/03/26,5712,21800
2013/03/27,5868,21701
2013/03/28,5911,21509
2013/04/02,5825,21100
2013/04/03,5500,20449
2013/04/04,5364,20054
2013/04/05,5619,19900
2013/04/08,5430,19772
2013/04/09,5578,20492
2013/04/10,5507,20073
2013/04/11,5483,19449
2013/04/12,5005,18869
2013/04/15,4561,17500
2013/04/16,4685,17242
2013/04/17,4500,16800
2013/04/18,4225,16333
2013/04/19,4489,17183
2013/04/22,4522,17230
2013/04/23,4293,16892
2013/04/24,4497,17215
2013/04/25,4444,17715
2013/04/26,4415,17355
2013/04/29,4437,16991
2013/04/30,4320,16740
2013/05/02,4297,17127
2013/05/03,3900,16959
2013/05/06,4094,17156
2013/05/07,4105,16694
2013/05/08,4200,16966
2013/05/09,4310,17117
2013/05/10,4025,16821
2013/05/13,4120,16914
2013/05/14,4146,17050
2013/05/15,3900,16523
2013/05/16,3834,16450
2013/05/17,3585,16200
2013/05/20,3456,15528
2013/05/21,3500,15801
2013/05/22,3550,15781
2013/05/23,3630,15899
2013/05/24,3590,15862
2013/05/27,3545,15780
2013/05/28,3531,15900
2013/05/29,3520,15905
2013/05/30,4109,17650
2013/05/31,4179,18205
2013/06/03,4154,18159
2013/06/04,3985,17392
2013/06/05,4200,17779
2013/06/06,4219,17578
2013/06/07,4160,16996
2013/06/10,4094,17375
2013/06/11,3950,16760
2013/06/12,3950,16701
2013/06/13,3795,16100
2013/06/14,3863,16213
2013/06/18,3644,15905
2013/06/19,3701,15380
2013/06/20,3580,14924
2013/06/21,3730,14552
2013/06/24,3420,14536
2013/06/25,3471,14070
2013/06/26,3382,13313
2013/06/27,3347,13421
2013/06/28,3575,13998
2013/07/01,3649,14450
2013/07/02,3728,14615
2013/07/03,3658,13900
2013/07/04,3598,13770
2013/07/05,3546,12800
2013/07/08,3509,13032
2013/07/09,3453,12780
2013/07/10,3450,12867
2013/07/11,3510,13047
2013/07/12,3454,12750
2013/07/15,3410,12542
2013/07/16,3405,12230
2013/07/17,3458,12600
2013/07/18,3383,12721
2013/07/19,3430,12700
2013/07/22,3734,13735
2013/07/23,3806,13857
2013/07/24,3839,13728
2013/07/25,3740,13698
2013/07/26,3601,13129
2013/07/29,3790,13305
2013/07/30,3705,12845
2013/07/31,3625,12832
2013/08/01,3746,12969
2013/08/02,3598,12744
2013/08/05,3596,12612
2013/08/06,3387,12198
2013/08/07,3274,11750
2013/08/08,3281,11799
2013/08/12,3956,13199
2013/08/13,3868,13187
2013/08/14,3907,13400
2013/08/15,3895,13550
2013/08/16,4150,14498
2013/08/19,4066,14170
2013/08/20,4118,14451
2013/08/21,4109,14909
2013/08/22,3963,14266
2013/08/23,4025,14441
2013/08/26,4091,14797
2013/08/27,4247,15415
2013/08/28,4083,14480
2013/08/29,3710,13369
2013/08/30,3865,14000
2013/09/02,3782,13839
2013/09/03,3804,14070
2013/09/04,3927,13520
2013/09/05,3996,13922
2013/09/06,3900,13825
2013/09/09,4065,14180
2013/09/10,3890,13753
2013/09/11,3907,13445
2013/09/12,3909,12980
2013/09/13,3655,12755
2013/09/16,3593,12581
2013/09/17,3565,12749
2013/09/18,3520,12510
2013/09/19,3750,13800
2013/09/20,3729,13348
2013/09/23,3600,13188
2013/09/25,3534,13215
2013/09/26,3490,13412
2013/09/27,3500,13457
2013/09/30,3465,13442
2013/10/01,3360,12951
2013/10/02,3383,13178
2013/10/03,3305,12935
2013/10/04,3250,12753
2013/10/07,3327,13020
2013/10/08,3270,13026
2013/10/09,3185,12579
2013/10/10,3201,13150
2013/10/11,3139,12918
2013/10/14,3167,13375
2013/10/15,3245,13342
2013/10/16,3268,13540
2013/10/17,3332,14324
2013/10/18,3290,14413
2013/10/21,3350,14716
2013/10/22,3454,15882
2013/10/23,3593,15776
2013/10/24,3523,15532
2013/10/25,3506,15438
2013/10/28,3614,15944
2013/10/29,3591,16229
2013/10/30,3530,16116
2013/10/31,3468,15270
2013/11/01,3427,15372
2013/11/04,3418,15075
2013/11/05,3397,14901
2013/11/06,3412,15820
2013/11/07,3405,16089
2013/11/08,3350,15475
2013/11/11,3316,15475
2013/11/12,3336,15831
2013/11/13,3295,15620
2013/11/14,3310,16035
2013/11/15,3290,16038
2013/11/18,3225,15580
2013/11/19,3182,14945
2013/11/20,3087,14569
2013/11/21,3065,13930
2013/11/22,3083,14005
2013/11/25,2925,13430
2013/11/26,2882,13309
2013/11/27,2903,13348
2013/11/28,2922,13468
2013/11/29,2948,13552
2013/12/02,2890,13701
2013/12/03,2749,12850
2013/12/04,2710,12921
2013/12/05,2650,12758
2013/12/06,2689,12737
2013/12/09,2650,12550
2013/12/10,2728,13420
2013/12/11,2701,13139
2013/12/12,2570,12185
2013/12/13,2580,12142
2013/12/17,2557,12372
2013/12/18,2567,12200
2013/12/19,2461,11680
2013/12/20,2493,11756
2013/12/23,2448,11614
2013/12/24,2464,11590
2013/12/27,2624,12240
2013/12/30,2650,12388
2013/12/31,2590,12292
2014/01/02,2782,13032
2014/01/03,2835,13096
2014/01/06,2749,13045
2014/01/07,2725,12453
2014/01/08,2760,12493
2014/01/09,2756,12417
2014/01/10,2764,12340
2014/01/13,2775,13015
2014/01/14,2890,13701
2014/01/15,2860,13550
2014/01/16,2899,13834
2014/01/17,2950,14450
2014/01/20,3091,15121
2014/01/21,2987,14400
2014/01/22,3088,14665
2014/01/23,3125,14800
2014/01/24,3310,15800
2014/01/27,3197,15800
2014/01/28,3096,15255
2014/01/29,3230,16310
2014/01/30,3119,15963
2014/01/31,3257,16276
2014/02/03,3136,16530
2014/02/04,3021,15982
2014/02/05,3097,16280
2014/02/06,2977,16235
2014/02/07,2895,16433
2014/02/10,3091,17574
2014/02/11,3245,17922
2014/02/12,3333,18550
2014/02/13,3319,18499
2014/02/14,3465,19223
2014/02/17,3520,19241
2014/02/18,3450,19001
2014/02/19,3540,19431
2014/02/20,3562,19190
2014/02/21,3652,19572
2014/02/24,3670,19805
2014/02/25,3612,19562
2014/02/26,3438,18940
2014/02/27,3470,18924
2014/02/28,3474,19055
2014/03/03,3568,19838
2014/03/04,3397,19067
2014/03/05,3388,18800
2014/03/06,3489,19512
2014/03/07,3500,19691
2014/03/10,3553,20218
2014/03/11,3609,20257
2014/03/12,3732,20395
2014/03/13,3851,20309
2014/03/14,4032,20900
2014/03/17,3950,20760
2014/03/18,3745,20300
2014/03/19,3690,20016
2014/03/20,3719,19700
2014/03/24,3600,18785
2014/03/25,3586,19117
2014/03/26,3425,18450
2014/03/27,3300,17955
2014/03/28,3375,18628
2014/03/31,3270,18290
2014/04/01,3170,18261
2014/04/02,3242,18543
2014/04/03,3238,18267
2014/04/04,3243,18503
2014/04/07,3321,18629
2014/04/08,3320,18987
2014/04/09,3298,19017
2014/04/10,3453,19293
2014/04/11,3426,19060
2014/04/14,3490,19149
2014/04/15,3318,18425
2014/04/16,3222,18263
2014/04/17,3275,18373
2014/04/22,3320,18265
2014/04/23,3400,18670
2014/04/24,3457,19025
2014/04/25,3497,19301
2014/04/29,3405,19141
2014/04/30,3478,18987
2014/05/02,3407,18993
2014/05/05,3560,19200
2014/05/06,3440,19044
2014/05/08,3254,18485
2014/05/09,3185,18082
2014/05/12,3241,18047
2014/05/13,3216,17739
2014/05/14,3310,17860
2014/05/15,3273,17584
2014/05/16,3325,17594
2014/05/19,3297,17650
2014/05/20,3255,17700
2014/05/21,3204,17647
2014/05/22,3217,17573
2014/05/23,3113,17450
2014/05/26,3116,17420
2014/05/27,3004,16541
2014/05/28,2882,16086
2014/05/29,2772,16359
2014/05/30,2782,16489
2014/06/02,2842,16760
2014/06/03,2855,16832
2014/06/04,2900,16781
2014/06/05,2912,16981
2014/06/06,2817,16640
2014/06/09,2910,16950
2014/06/10,3060,17100
2014/06/11,3100,17134
2014/06/12,3183,17206
2014/06/13,3093,17050
2014/06/17,3081,17241
2014/06/18,2931,17273
2014/06/19,2990,18000
2014/06/20,3170,18330
2014/06/23,3177,18058
2014/06/24,3236,18094
2014/06/25,3140,17537
2014/06/26,3121,17681
2014/06/27,3150,17823
2014/06/30,3115,17785
2014/07/01,3266,18500
2014/07/02,3324,18577
2014/07/03,3318,18227
2014/07/04,3369,18357
2014/07/07,3297,18496
2014/07/08,3302,18400
2014/07/09,3420,19297
2014/07/10,3510,19636
2014/07/11,3477,19282
2014/07/14,3384,19393
2014/07/15,3410,19029
2014/07/16,3349,18939
2014/07/17,3394,18704
2014/07/18,3499,18830
2014/07/21,3521,19251
2014/07/22,3481,19200
2014/07/23,3450,19165
2014/07/24,3379,18400
2014/07/25,3330,18743
2014/07/28,3398,19068
2014/07/29,3409,19092
2014/07/30,3384,18736
2014/07/31,3312,18305
2014/08/01,3329,18165
2014/08/04,3319,18333
2014/08/05,3271,18212
2014/08/06,3397,18894
2014/08/07,3360,18600
2014/08/08,3400,18933
2014/08/11,3409,19161
2014/08/12,3452,18880
2014/08/13,3428,18575
2014/08/14,3386,18578
2014/08/15,3255,18210
2014/08/18,3219,18279
2014/08/19,3221,18250
2014/08/20,3295,18250
2014/08/21,3204,18200
2014/08/22,3175,18032
2014/08/25,3175,17800
2014/08/26,3165,18020
2014/08/27,3200,18045
2014/08/28,3230,18028
2014/08/29,3223,18105
2014/09/01,3254,18175
2014/09/02,3209,18026
2014/09/03,3126,17626
2014/09/04,3072,17350
2014/09/05,2920,16616
2014/09/08,2900,16641
2014/09/09,2910,16866
2014/09/10,2930,14398
2014/09/11,2901,14280
2014/09/12,2885,14600
2014/09/15,2818,14900
2014/09/16,2776,14902
2014/09/17,2775,14700
2014/09/18,2680,14600
2014/09/19,2602,14475
2014/09/22,2612,14341
2014/09/23,2615,14223
2014/09/25,2536,13902
2014/09/26,2546,14016
2014/09/29,2529,13900
2014/09/30,2470,13849
2014/10/01,2415,13450
2014/10/02,2397,13196
2014/10/03,2348,12730
2014/10/06,2300,12904
2014/10/07,2297,12850
2014/10/08,2189,12140
2014/10/09,2355,12785
2014/10/10,2295,12070
2014/10/13,2210,12187
2014/10/14,2305,12099
2014/10/15,2291,11705
2014/10/16,2289,11610
2014/10/17,2220,11378
2014/10/20,2171,10935
2014/10/21,2210,11200
2014/10/22,2150,10935
2014/10/23,2065,10550
2014/10/24,2009,10461
2014/10/27,1976,10351
2014/10/28,1926,10390
2014/10/29,1919,10284
2014/10/30,1860,9600
2014/10/31,1800,9350
2014/11/03,1770,10437
2014/11/04,1835,10524
2014/11/05,1827,9904
2014/11/06,1802,10058
2014/11/07,1725,10528
2014/11/10,1765,10648
2014/11/11,1707,10270
2014/11/12,1769,10264
2014/11/13,1810,9957
2014/11/14,1700,9625
2014/11/17,1795,10300
2014/11/18,1917,10765
2014/11/19,1947,11041
2014/11/20,1867,10495
2014/11/21,1891,11020
2014/11/24,1871,10600
2014/11/25,1875,10742
2014/11/26,1901,10733
2014/11/27,1913,10607
2014/11/28,1882,9879
2014/12/01,1826,9924
2014/12/02,1874,9899
2014/12/03,1940,10158
2014/12/04,1969,10070
2014/12/05,1937,9695
2014/12/08,1932,9829
2014/12/09,2060,10124
2014/12/10,2096,10381
2014/12/11,1972,9552
2014/12/12,1986,9485
2014/12/15,2018,9490
2014/12/17,1990,9195
2014/12/18,2081,10000
2014/12/19,2035,10031
2014/12/22,1985,9860
2014/12/23,2032,9572
2014/12/24,2003,9415
2014/12/29,2158,9920
2014/12/30,2200,10227
2014/12/31,2161,10170
2015/01/02,2161,9841
2015/01/05,2295,10274
2015/01/06,2557,10972
2015/01/07,2673,11104
2015/01/08,2772,11368
2015/01/09,2841,11300
2015/01/12,3141,11939
2015/01/13,3171,12470
2015/01/14,3070,12008
2015/01/15,3246,12700
2015/01/16,3409,12879
2015/01/19,3392,12918
2015/01/20,3485,13440
2015/01/21,3530,13386
2015/01/22,3498,13040
2015/01/23,3299,12757
2015/01/26,3191,12270
2015/01/27,3440,12941
2015/01/28,3445,13230
2015/01/29,3365,13061
2015/01/30,3414,13679
2015/02/02,3510,14130
2015/02/03,3550,14492
2015/02/04,3449,14370
2015/02/05,3368,14375
2015/02/06,3280,14195
2015/02/09,3193,14190
2015/02/10,3159,14100
2015/02/11,3166,14138
2015/02/12,3100,14115
2015/02/13,3081,14460
2015/02/16,3100,14487
2015/02/17,2850,13830
2015/02/18,2836,13800
2015/02/19,2793,13793
2015/02/20,2839,13671
2015/02/23,2713,13260
2015/02/24,2710,12990
2015/02/25,2717,12890
2015/02/26,2780,12872
2015/02/27,2874,13112
2015/03/02,2910,13150
2015/03/03,2835,12883
2015/03/04,2676,12500
2015/03/05,2564,12261
2015/03/06,2416,11800
2015/03/09,2240,11200
2015/03/10,2240,11233
2015/03/11,2120,11041
2015/03/12,2114,11087
2015/03/13,2047,10499
2015/03/16,2053,10600
2015/03/17,2132,10983
2015/03/18,2099,10964
2015/03/19,2213,11650
2015/03/20,2364,11990
2015/03/23,2299,11970
2015/03/24,2242,11870
2015/03/25,2258,11816
2015/03/26,2317,12298
2015/03/27,2166,11839
2015/03/30,2101,11611
2015/03/31,2114,11669
2015/04/01,2207,11356
2015/04/02,2264,11550
2015/04/07,2379,11900
2015/04/08,2251,11635
2015/04/09,2120,11546
2015/04/10,2193,12171
2015/04/13,2190,12442
2015/04/14,2238,12984
2015/04/15,2316,13272
2015/04/16,2310,13623
2015/04/17,2280,13781
2015/04/20,2298,13755
2015/04/21,2434,13986
2015/04/22,2345,13724
2015/04/23,2350,13301
2015/04/24,2297,13000
2015/04/28,2395,13580
2015/04/29,2399,13730
2015/04/30,2280,13484
2015/05/04,2330,13889
2015/05/05,2337,14060
2015/05/06,2252,13550
2015/05/07,2050,13049
2015/05/08,2104,13332
2015/05/11,2085,13421
2015/05/12,2100,13341
2015/05/13,2119,13279
2015/05/14,2030,13570
2015/05/15,1959,13045
2015/05/18,1910,13026
2015/05/19,1800,12533
2015/05/20,1810,12227
2015/05/21,1792,12165
2015/05/22,1820,12056
2015/05/25,1800,11891
2015/05/26,1736,11596
2015/05/27,1692,11395
2015/05/28,1684,11309
2015/05/29,1795,11765
2015/06/01,1788,11660
2015/06/02,1759,11535
2015/06/03,1708,11334
2015/06/04,1655,10800
2015/06/05,1680,11027
2015/06/08,1636,10638
2015/06/09,1687,11846
2015/06/10,1705,11798
2015/06/11,1664,11383
2015/06/12,1672,11310
2015/06/15,1600,11030
2015/06/17,1649,10867
2015/06/18,1704,11650
2015/06/19,1691,11778
2015/06/22,1630,10950
2015/06/23,1585,10935
2015/06/24,1569,10793
2015/06/25,1612,10943
2015/06/26,1651,11036
2015/06/29,1705,11400
2015/06/30,1559,10965
2015/07/01,1565,10588
2015/07/02,1541,10471
2015/07/03,1490,10650
2015/07/06,1585,10791
2015/07/07,1566,10504
2015/07/08,1516,10439
2015/07/09,1473,10221
2015/07/10,1424,10148
2015/07/13,1414,9816
2015/07/14,1431,10206
2015/07/15,1459,10324
2015/07/16,1370,9999
2015/07/17,1376,9451
2015/07/20,1250,8534
2015/07/21,1273,8632
2015/07/22,1246,8408
2015/07/23,1262,8242
2015/07/24,1194,7820
2015/07/27,1300,8400
2015/07/28,1234,7915
2015/07/29,1255,7880
2015/07/30,1214,7900
2015/07/31,1200,7616
2015/08/03,1199,7540
2015/08/04,1167,7400
2015/08/05,1199,7376
2015/08/06,1162,7380
2015/08/07,1212,7502
2015/08/11,1270,7761
2015/08/12,1362,8675
2015/08/13,1300,8299
2015/08/14,1258,8059
2015/08/17,1284,8408
2015/08/18,1260,8688
2015/08/19,1245,9330
2015/08/20,1372,10506
2015/08/21,1340,10690
2015/08/24,1425,11500
2015/08/25,1218,10281
2015/08/26,1140,9684
2015/08/27,1125,9750
2015/08/28,1160,10523
2015/08/31,1128,10679
2015/09/01,1109,10500
2015/09/02,1032,10011
2015/09/03,1050,10734
2015/09/04,990,10228
2015/09/07,1039,10340
2015/09/08,1018,10755
2015/09/09,1003,10470
2015/09/10,972,10680
2015/09/11,899,9675
2015/09/14,1000,10112
2015/09/15,1048,10352
2015/09/16,1053,10500
2015/09/17,1131,10740
2015/09/18,1220,11268
2015/09/21,1058,11384
2015/09/22,915,11351
2015/09/23,900,11127
2015/09/25,941,11161
2015/09/28,885,10710
2015/09/29,911,10900
2015/09/30,863,10949
2015/10/01,855,11302
2015/10/02,873,11619
2015/10/05,902,11650
2015/10/06,924,12481
2015/10/07,873,11900
2015/10/08,938,12278
2015/10/09,952,12700
2015/10/12,1033,12984
2015/10/13,1022,12915
2015/10/14,1058,12720
2015/10/15,1091,12694
2015/10/16,1110,12724
2015/10/19,1025,12047
2015/10/20,1042,12080
2015/10/21,1015,11653
2015/10/22,1037,11960
2015/10/23,1025,12107
2015/10/26,1025,12349
2015/10/27,1056,12276
2015/10/28,1085,12521
2015/10/29,1017,12068
2015/10/30,984,11773
2015/11/02,991,11698
2015/11/03,1035,11611
2015/11/04,1020,11670
2015/11/05,1020,10740
2015/11/06,995,9785
2015/11/09,1020,9883
2015/11/10,1000,9940
2015/11/11,973,9823
2015/11/12,920,9940
2015/11/13,892,9609
2015/11/16,892,9860
2015/11/17,882,9438
2015/11/18,850,9194
2015/11/19,896,9700
2015/11/20,874,9636
2015/11/23,813,9333
