Date,Liberty,OldMutual
2004/05/12,4243,1136
2004/05/13,4180,1150
2004/05/14,4142,1115
2004/05/17,4114,1110
2004/05/18,4117,1102
2004/05/19,4117,1110
2004/05/20,4101,1111
2004/05/21,4117,1103
2004/05/24,4117,1095
2004/05/25,4053,1098
2004/05/26,4085,1125
2004/05/27,4228,1137
2004/05/28,4289,1137
2004/05/31,4370,1151
2004/06/01,4271,1130
2004/06/02,4291,1126
2004/06/03,4247,1131
2004/06/04,4212,1138
2004/06/07,4183,1155
2004/06/08,4212,1181
2004/06/09,4259,1192
2004/06/10,4212,1180
2004/06/11,4212,1175
2004/06/14,4243,1185
2004/06/15,4196,1160
2004/06/17,4180,1185
2004/06/18,4133,1170
2004/06/21,4243,1167
2004/06/22,4228,1165
2004/06/23,4212,1169
2004/06/24,4212,1166
2004/06/25,4228,1170
2004/06/28,4228,1167
2004/06/29,4148,1185
2004/06/30,4228,1165
2004/07/01,4196,1170
2004/07/02,4148,1160
2004/07/05,4148,1160
2004/07/06,4085,1165
2004/07/07,4085,1161
2004/07/08,4101,1139
2004/07/09,4117,1144
2004/07/12,4085,1139
2004/07/13,4101,1160
2004/07/14,4133,1132
2004/07/15,4117,1125
2004/07/16,4022,1112
2004/07/19,3958,1090
2004/07/20,3943,1101
2004/07/21,4006,1148
2004/07/22,4006,1140
2004/07/23,4003,1152
2004/07/26,4053,1151
2004/07/27,4093,1188
2004/07/28,4180,1206
2004/07/29,4119,1200
2004/07/30,4145,1189
2004/08/02,4145,1196
2004/08/03,4182,1200
2004/08/04,4171,1205
2004/08/05,4180,1192
2004/08/06,4117,1155
2004/08/10,4069,1166
2004/08/11,4085,1160
2004/08/12,4212,1170
2004/08/13,4307,1162
2004/08/16,4307,1197
2004/08/17,4323,1175
2004/08/18,4315,1171
2004/08/19,4315,1185
2004/08/20,4315,1195
2004/08/23,4395,1229
2004/08/24,4405,1234
2004/08/25,4403,1241
2004/08/26,4433,1250
2004/08/27,4465,1270
2004/08/30,4465,1265
2004/08/31,4528,1272
2004/09/01,4418,1270
2004/09/02,4433,1284
2004/09/03,4497,1295
2004/09/06,4308,1300
2004/09/07,4291,1278
2004/09/08,4323,1275
2004/09/09,4335,1270
2004/09/10,4338,1268
2004/09/13,4370,1275
2004/09/14,4402,1281
2004/09/15,4376,1276
2004/09/16,4433,1300
2004/09/17,4433,1288
2004/09/20,4449,1266
2004/09/21,4465,1275
2004/09/22,4560,1280
2004/09/23,4560,1271
2004/09/27,4671,1265
2004/09/28,4703,1275
2004/09/29,4813,1310
2004/09/30,4782,1328
2004/10/01,4782,1352
2004/10/04,4718,1358
2004/10/05,4687,1375
2004/10/06,4750,1367
2004/10/07,4813,1358
2004/10/08,4831,1345
2004/10/11,4813,1348
2004/10/12,4797,1326
2004/10/13,4750,1332
2004/10/14,4750,1328
2004/10/15,4750,1328
2004/10/18,4750,1300
2004/10/19,4750,1306
2004/10/20,4720,1290
2004/10/21,4750,1300
2004/10/22,4782,1299
2004/10/25,4718,1297
2004/10/26,4687,1325
2004/10/27,4750,1313
2004/10/28,4782,1296
2004/10/29,4845,1292
2004/11/01,4845,1298
2004/11/02,4782,1326
2004/11/03,4877,1335
2004/11/04,4940,1330
2004/11/05,4988,1330
2004/11/08,5067,1360
2004/11/09,5067,1385
2004/11/10,5083,1382
2004/11/11,5098,1390
2004/11/12,5233,1390
2004/11/15,5320,1387
2004/11/16,5336,1372
2004/11/17,5225,1370
2004/11/18,5257,1395
2004/11/19,5241,1418
2004/11/22,5257,1400
2004/11/23,5241,1404
2004/11/24,5162,1405
2004/11/25,5257,1403
2004/11/26,5195,1420
2004/11/29,5225,1432
2004/11/30,5257,1470
2004/12/01,5257,1465
2004/12/02,5178,1495
2004/12/03,5193,1504
2004/12/06,5193,1485
2004/12/07,5193,1485
2004/12/08,5162,1469
2004/12/09,5130,1442
2004/12/10,5146,1433
2004/12/13,5193,1428
2004/12/14,5383,1455
2004/12/15,5463,1471
2004/12/17,5383,1481
2004/12/20,5447,1480
2004/12/21,5571,1456
2004/12/22,5558,1452
2004/12/23,5580,1462
2004/12/24,5573,1439
2004/12/28,5573,1440
2004/12/29,5621,1450
2004/12/30,5637,1450
2004/12/31,5580,1430
2005/01/03,5605,1450
2005/01/04,5605,1456
2005/01/05,5637,1446
2005/01/06,5637,1482
2005/01/07,5637,1466
2005/01/10,5542,1457
2005/01/11,5545,1430
2005/01/12,5542,1456
2005/01/13,5535,1477
2005/01/14,5539,1450
2005/01/17,5494,1425
2005/01/18,5382,1430
2005/01/19,5288,1442
2005/01/20,5320,1437
2005/01/21,5320,1437
2005/01/24,5288,1415
2005/01/25,5257,1405
2005/01/26,5257,1392
2005/01/27,5415,1390
2005/01/28,5494,1396
2005/01/31,5463,1425
2005/02/01,5463,1448
2005/02/02,5453,1451
2005/02/03,5383,1470
2005/02/04,5298,1472
2005/02/07,5225,1500
2005/02/08,5298,1535
2005/02/09,5320,1559
2005/02/10,5225,1547
2005/02/11,5225,1520
2005/02/14,5257,1535
2005/02/15,5288,1535
2005/02/16,5288,1540
2005/02/17,5304,1570
2005/02/18,5383,1545
2005/02/21,5393,1532
2005/02/22,5391,1506
2005/02/23,5415,1500
2005/02/24,5399,1534
2005/02/25,5393,1558
2005/02/28,5393,1578
2005/03/01,5383,1583
2005/03/02,5510,1582
2005/03/03,5589,1571
2005/03/04,5668,1594
2005/03/07,5668,1563
2005/03/08,5668,1565
2005/03/09,5827,1540
2005/03/10,5795,1548
2005/03/11,5748,1579
2005/03/14,5827,1581
2005/03/15,5779,1601
2005/03/16,5700,1592
2005/03/17,5795,1600
2005/03/18,5700,1560
2005/03/22,5673,1551
2005/03/23,5542,1564
2005/03/24,5510,1553
2005/03/29,5494,1576
2005/03/30,5320,1566
2005/03/31,5447,1574
2005/04/01,5446,1580
2005/04/04,5273,1535
2005/04/05,5178,1518
2005/04/06,5158,1503
2005/04/07,5067,1504
2005/04/08,5083,1530
2005/04/11,5054,1530
2005/04/12,5045,1534
2005/04/13,5041,1585
2005/04/14,5064,1568
2005/04/15,5003,1529
2005/04/18,4899,1460
2005/04/19,5007,1476
2005/04/20,5129,1460
2005/04/21,5146,1430
2005/04/22,5146,1440
2005/04/25,5067,1450
2005/04/26,5100,1446
2005/04/28,5114,1435
2005/04/29,5111,1468
2005/05/03,5067,1460
2005/05/04,5111,1440
2005/05/05,5130,1450
2005/05/06,5130,1465
2005/05/09,5225,1502
2005/05/10,5317,1494
2005/05/11,5304,1475
2005/05/12,5257,1516
2005/05/13,5130,1430
2005/05/16,5114,1453
2005/05/17,5225,1436
2005/05/18,5162,1413
2005/05/19,5288,1410
2005/05/20,5209,1408
2005/05/23,5352,1410
2005/05/24,5225,1400
2005/05/25,5209,1415
2005/05/26,5225,1439
2005/05/27,5217,1437
2005/05/30,5164,1433
2005/05/31,5161,1443
2005/06/01,5019,1434
2005/06/02,5003,1430
2005/06/03,5003,1422
2005/06/06,4924,1415
2005/06/07,4924,1422
2005/06/08,4908,1442
2005/06/09,4845,1437
2005/06/10,4813,1432
2005/06/13,4813,1454
2005/06/14,4823,1441
2005/06/15,4782,1432
2005/06/17,4750,1421
2005/06/20,4782,1438
2005/06/21,4750,1438
2005/06/22,4893,1456
2005/06/23,4940,1452
2005/06/24,4845,1484
2005/06/27,4782,1455
2005/06/28,4798,1450
2005/06/29,4814,1459
2005/06/30,4875,1460
2005/07/01,4875,1456
2005/07/04,4813,1460
2005/07/05,4782,1475
2005/07/06,4782,1463
2005/07/07,4782,1434
2005/07/08,4782,1460
2005/07/11,4861,1469
2005/07/12,4908,1487
2005/07/13,4893,1483
2005/07/14,4861,1495
2005/07/15,4845,1488
2005/07/18,4839,1491
2005/07/19,4877,1515
2005/07/20,4940,1510
2005/07/21,5035,1504
2005/07/22,5035,1481
2005/07/25,5035,1504
2005/07/26,5034,1493
2005/07/27,4972,1509
2005/07/28,4956,1503
2005/07/29,5003,1495
2005/08/01,5162,1507
2005/08/02,5162,1518
2005/08/03,5162,1500
2005/08/04,5257,1495
2005/08/05,5178,1500
2005/08/08,5178,1505
2005/08/10,5380,1551
2005/08/11,5288,1548
2005/08/12,5257,1559
2005/08/15,5257,1565
2005/08/16,5257,1562
2005/08/17,5073,1560
2005/08/18,5083,1553
2005/08/19,5098,1568
2005/08/22,5102,1574
2005/08/23,5116,1590
2005/08/24,5114,1585
2005/08/25,5114,1592
2005/08/26,5193,1585
2005/08/29,5162,1594
2005/08/30,5159,1600
2005/08/31,5130,1628
2005/09/01,5124,1668
2005/09/02,5178,1641
2005/09/05,5035,1625
2005/09/06,5225,1665
2005/09/07,5336,1650
2005/09/08,5320,1635
2005/09/09,5336,1611
2005/09/12,5350,1621
2005/09/13,5322,1602
2005/09/14,5320,1589
2005/09/15,5320,1582
2005/09/16,5383,1574
2005/09/19,5288,1585
2005/09/20,5320,1560
2005/09/21,5288,1563
2005/09/22,5187,1553
2005/09/23,5223,1533
2005/09/26,5178,1534
2005/09/27,5193,1548
2005/09/28,5218,1555
2005/09/29,5114,1556
2005/09/30,5114,1565
2005/10/03,5067,1555
2005/10/04,5083,1564
2005/10/05,5083,1576
2005/10/06,5030,1585
2005/10/07,5019,1558
2005/10/10,5019,1543
2005/10/11,5035,1534
2005/10/12,5067,1570
2005/10/13,5059,1551
2005/10/14,5019,1548
2005/10/17,5098,1543
2005/10/18,5122,1543
2005/10/19,5067,1537
2005/10/20,5068,1532
2005/10/21,5098,1530
2005/10/24,5162,1531
2005/10/25,5225,1548
2005/10/26,5193,1565
2005/10/27,5193,1532
2005/10/28,5067,1575
2005/10/31,5067,1564
2005/11/01,5193,1550
2005/11/02,5257,1574
2005/11/03,5334,1608
2005/11/04,5317,1607
2005/11/07,5507,1612
2005/11/08,5352,1590
2005/11/09,5339,1598
2005/11/10,5415,1601
2005/11/11,5368,1635
2005/11/14,5415,1659
2005/11/15,5415,1675
2005/11/16,5415,1668
2005/11/17,5399,1685
2005/11/18,5415,1711
2005/11/21,5447,1700
2005/11/22,5470,1667
2005/11/23,5494,1680
2005/11/24,5558,1710
2005/11/25,5589,1700
2005/11/28,5573,1705
2005/11/29,5608,1703
2005/11/30,5700,1687
2005/12/01,5700,1683
2005/12/02,5798,1750
2005/12/05,5843,1738
2005/12/06,5827,1722
2005/12/07,5985,1709
2005/12/08,5890,1755
2005/12/09,5763,1793
2005/12/12,5715,1783
2005/12/13,5716,1715
2005/12/14,5668,1726
2005/12/15,5751,1748
2005/12/19,5858,1779
2005/12/20,5906,1775
2005/12/21,5858,1790
2005/12/22,5865,1810
2005/12/23,5865,1813
2005/12/27,5890,1865
2005/12/28,5890,1822
2005/12/29,5926,1808
2005/12/30,5985,1795
2006/01/03,6069,1809
2006/01/04,6080,1835
2006/01/05,5985,1835
2006/01/06,6048,1832
2006/01/09,6080,1838
2006/01/10,6143,1818
2006/01/11,6207,1819
2006/01/12,6365,1836
2006/01/13,6365,1879
2006/01/16,6397,1869
2006/01/17,6397,1857
2006/01/18,6365,1862
2006/01/19,6539,1892
2006/01/20,6492,1907
2006/01/23,6523,1908
2006/01/24,6523,1938
2006/01/25,6587,1945
2006/01/26,6523,1983
2006/01/27,6508,2005
2006/01/30,6555,2057
2006/01/31,6840,2083
2006/02/01,6789,2060
2006/02/02,6846,2080
2006/02/03,6840,2029
2006/02/06,6941,2054
2006/02/07,7125,2050
2006/02/08,7077,2012
2006/02/09,7220,1964
2006/02/10,7188,1946
2006/02/13,7125,1900
2006/02/14,6872,1931
2006/02/15,7090,1968
2006/02/16,7068,1980
2006/02/17,7157,1999
2006/02/20,7173,2010
2006/02/21,7062,2065
2006/02/22,7062,2089
2006/02/23,7062,2058
2006/02/24,6967,2090
2006/02/27,6935,2095
2006/02/28,6774,1950
2006/03/02,6919,2038
2006/03/03,6728,2033
2006/03/06,6729,2070
2006/03/07,6539,2002
2006/03/08,6539,1962
2006/03/09,6587,1990
2006/03/10,6713,1984
2006/03/13,6840,2023
2006/03/14,6872,2047
2006/03/15,6892,2102
2006/03/16,6935,2070
2006/03/17,6964,2125
2006/03/20,6951,2193
2006/03/22,6998,2244
2006/03/23,7030,2251
2006/03/24,6979,2240
2006/03/27,6983,2229
2006/03/28,6967,2165
2006/03/29,6998,2210
2006/03/30,6998,2190
2006/03/31,6998,2147
2006/04/03,6998,2151
2006/04/04,6903,2136
2006/04/05,6888,2115
2006/04/06,6808,2130
2006/04/07,6808,2145
2006/04/10,6650,2163
2006/04/11,6587,2166
2006/04/12,6556,2130
2006/04/13,6460,2076
2006/04/18,6397,2115
2006/04/19,6371,2150
2006/04/20,6365,2141
2006/04/21,6349,2100
2006/04/24,6323,2069
2006/04/25,6381,2100
2006/04/26,6555,2187
2006/04/28,6618,2139
2006/05/02,6650,2144
2006/05/03,6555,2139
2006/05/04,6618,2187
2006/05/05,6617,2234
2006/05/08,6618,2248
2006/05/09,6777,2241
2006/05/10,6777,2202
2006/05/11,6697,2166
2006/05/12,6618,2137
2006/05/15,6428,2151
2006/05/16,6428,2154
2006/05/17,6476,2145
2006/05/18,6492,2064
2006/05/19,6460,2065
2006/05/22,6207,2050
2006/05/23,6365,2082
2006/05/24,6302,2090
2006/05/25,6302,2063
2006/05/26,6428,2150
2006/05/29,6492,2101
2006/05/30,6437,2023
2006/05/31,6523,2090
2006/06/01,6303,2103
2006/06/02,6492,2151
2006/06/05,6444,2120
2006/06/06,6270,2053
2006/06/07,6177,2017
2006/06/08,5953,1860
2006/06/09,5763,1980
2006/06/12,5858,1968
2006/06/13,5526,1903
2006/06/14,5637,1927
2006/06/15,5700,1986
2006/06/19,5731,2072
2006/06/20,5953,2098
2006/06/21,5922,2130
2006/06/22,5860,2171
2006/06/23,5605,2151
2006/06/26,5478,2123
2006/06/27,5637,2100
2006/06/28,5668,2103
2006/06/29,5573,2126
2006/06/30,5637,2165
2006/07/03,5763,2143
2006/07/04,5763,2130
2006/07/05,5665,2115
2006/07/06,5827,2150
2006/07/07,5751,2150
2006/07/10,5858,2139
2006/07/11,5801,2129
2006/07/12,5811,2137
2006/07/13,5702,2050
2006/07/14,5637,2047
2006/07/17,5580,2020
2006/07/18,5637,1972
2006/07/19,5764,2063
2006/07/20,5859,1996
2006/07/21,5763,1975
2006/07/24,5763,2012
2006/07/25,5700,2005
2006/07/26,5858,2020
2006/07/27,6017,2093
2006/07/28,6048,2083
2006/07/31,5985,2090
2006/08/01,5763,2085
2006/08/02,5735,2104
2006/08/03,5684,2052
2006/08/04,5732,2099
2006/08/07,5732,2038
2006/08/08,5811,2033
2006/08/10,5643,1961
2006/08/11,5574,1978
2006/08/14,5573,2000
2006/08/15,5575,2019
2006/08/16,5580,2029
2006/08/17,5700,2099
2006/08/18,5700,2128
2006/08/21,5700,2165
2006/08/22,5732,2174
2006/08/23,5700,2120
2006/08/24,5700,2122
2006/08/25,5684,2134
2006/08/28,5748,2142
2006/08/29,5795,2146
2006/08/30,5732,2220
2006/08/31,5694,2250
2006/09/01,5732,2292
2006/09/04,5668,2310
2006/09/05,5700,2290
2006/09/06,5668,2277
2006/09/07,5605,2227
2006/09/08,5605,2216
2006/09/11,5605,2203
2006/09/12,5643,2273
2006/09/13,5645,2295
2006/09/14,5653,2275
2006/09/15,5630,2280
2006/09/18,5653,2238
2006/09/19,5699,2265
2006/09/20,5700,2297
2006/09/21,5700,2335
2006/09/22,5637,2340
2006/09/26,5922,2366
2006/09/27,5858,2394
2006/09/28,5843,2394
2006/09/29,5843,2419
2006/10/02,5660,2399
2006/10/03,5701,2388
2006/10/04,5700,2478
2006/10/05,5858,2443
2006/10/06,5862,2470
2006/10/09,5859,2439
2006/10/10,5868,2470
2006/10/11,5869,2476
2006/10/12,5869,2481
2006/10/13,5858,2467
2006/10/16,6017,2433
2006/10/17,6014,2441
2006/10/18,6083,2440
2006/10/19,6207,2417
2006/10/20,6080,2405
2006/10/23,5953,2446
2006/10/24,5985,2477
2006/10/25,5890,2411
2006/10/26,5795,2395
2006/10/27,5798,2373
2006/10/30,5795,2373
2006/10/31,5835,2399
2006/11/01,5922,2415
2006/11/02,6026,2419
2006/11/03,5953,2400
2006/11/06,5909,2434
2006/11/07,5874,2430
2006/11/08,5880,2450
2006/11/09,5874,2370
2006/11/10,5890,2402
2006/11/13,5953,2392
2006/11/14,6078,2364
2006/11/15,6001,2464
2006/11/16,6007,2481
2006/11/17,5971,2519
2006/11/20,5985,2530
2006/11/21,5985,2557
2006/11/22,6080,2527
2006/11/23,6207,2519
2006/11/24,6333,2483
2006/11/27,6413,2432
2006/11/28,6301,2356
2006/11/29,6311,2323
2006/11/30,6270,2364
2006/12/01,6270,2325
2006/12/04,6270,2320
2006/12/05,6223,2315
2006/12/06,6175,2295
2006/12/07,6151,2278
2006/12/08,6238,2290
2006/12/11,6207,2283
2006/12/12,6207,2291
2006/12/13,6175,2310
2006/12/14,6226,2330
2006/12/15,6175,2375
2006/12/18,6311,2318
2006/12/19,6254,2322
2006/12/20,6343,2370
2006/12/21,6476,2368
2006/12/22,6492,2360
2006/12/27,6666,2398
2006/12/28,6808,2400
2006/12/29,6650,2390
2007/01/02,6650,2419
2007/01/03,6618,2405
2007/01/04,6460,2365
2007/01/05,6428,2389
2007/01/09,6875,2508
2007/01/10,6808,2477
2007/01/11,6867,2473
2007/01/12,6888,2520
2007/01/15,6935,2533
2007/01/16,6935,2520
2007/01/17,6967,2491
2007/01/18,7062,2522
2007/01/19,6967,2488
2007/01/22,7030,2477
2007/01/23,7030,2450
2007/01/24,7051,2468
2007/01/25,7046,2480
2007/01/26,7046,2460
2007/01/29,7046,2460
2007/01/30,6986,2498
2007/01/31,6967,2458
2007/02/01,6976,2478
2007/02/02,6984,2480
2007/02/05,6899,2460
2007/02/06,6967,2509
2007/02/07,7046,2505
2007/02/08,6903,2490
2007/02/09,6967,2499
2007/02/12,7081,2511
2007/02/13,6967,2512
2007/02/14,6903,2541
2007/02/15,6903,2547
2007/02/16,6904,2525
2007/02/19,6919,2519
2007/02/20,6919,2525
2007/02/21,6808,2553
2007/02/22,6808,2575
2007/02/23,6777,2523
2007/02/26,6574,2623
2007/02/27,6642,2520
2007/02/28,6603,2490
2007/03/01,6428,2442
2007/03/02,6425,2441
2007/03/05,6397,2400
2007/03/06,6337,2400
2007/03/07,6333,2425
2007/03/08,6492,2427
2007/03/09,6555,2420
2007/03/12,6650,2420
2007/03/13,6397,2410
2007/03/14,6428,2328
2007/03/15,6508,2339
2007/03/16,6555,2355
2007/03/19,6618,2380
2007/03/20,6745,2394
2007/03/22,6682,2415
2007/03/23,6967,2380
2007/03/26,6444,2380
2007/03/27,6492,2379
2007/03/28,6492,2338
2007/03/29,6460,2340
2007/03/30,6523,2335
2007/04/02,6539,2376
2007/04/03,6539,2351
2007/04/04,6571,2359
2007/04/05,6492,2403
2007/04/10,6555,2428
2007/04/11,6587,2394
2007/04/12,6679,2410
2007/04/13,6872,2438
2007/04/16,6983,2464
2007/04/17,6967,2463
2007/04/18,6998,2450
2007/04/19,6998,2437
2007/04/20,6998,2470
2007/04/23,7109,2490
2007/04/24,7125,2486
2007/04/25,7423,2512
2007/04/26,7284,2510
2007/04/30,7409,2528
2007/05/02,7355,2543
2007/05/03,7220,2525
2007/05/04,7217,2550
2007/05/07,7188,2510
2007/05/08,7154,2450
2007/05/09,7188,2435
2007/05/10,7188,2441
2007/05/11,7124,2412
2007/05/14,7188,2409
2007/05/15,7125,2404
2007/05/16,7220,2422
2007/05/17,7252,2508
2007/05/18,7287,2505
2007/05/21,7363,2487
2007/05/22,7410,2475
2007/05/23,7523,2523
2007/05/24,7473,2503
2007/05/25,7410,2471
2007/05/28,7410,2476
2007/05/29,7505,2462
2007/05/30,7283,2449
2007/05/31,7283,2450
2007/06/01,7220,2495
2007/06/04,7230,2484
2007/06/05,7188,2510
2007/06/06,7008,2471
2007/06/07,7027,2415
2007/06/08,6903,2392
2007/06/11,6935,2420
2007/06/12,6840,2393
2007/06/13,7046,2444
2007/06/14,7157,2456
2007/06/15,7154,2519
2007/06/18,7169,2501
2007/06/19,7138,2480
2007/06/20,7093,2532
2007/06/21,7125,2510
2007/06/22,7157,2495
2007/06/25,7109,2470
2007/06/26,7062,2456
2007/06/27,6936,2405
2007/06/28,6967,2385
2007/06/29,6998,2374
2007/07/02,6967,2361
2007/07/03,6967,2370
2007/07/04,6916,2369
2007/07/05,6840,2368
2007/07/06,6777,2393
2007/07/09,6966,2410
2007/07/10,6872,2399
2007/07/11,6919,2399
2007/07/12,6967,2390
2007/07/13,7093,2470
2007/07/16,7125,2500
2007/07/17,7094,2475
2007/07/18,6998,2425
2007/07/19,7116,2478
2007/07/20,7125,2475
2007/07/23,7116,2472
2007/07/24,7094,2395
2007/07/25,7097,2390
2007/07/26,7173,2304
2007/07/27,6967,2260
2007/07/30,7093,2291
2007/07/31,7164,2327
2007/08/01,6872,2306
2007/08/02,6872,2350
2007/08/03,6650,2251
2007/08/06,6574,2250
2007/08/07,6698,2290
2007/08/08,7155,2399
2007/08/10,6872,2260
2007/08/13,6903,2301
2007/08/14,6808,2280
2007/08/15,6650,2250
2007/08/16,6555,2170
2007/08/17,6650,2190
2007/08/20,6682,2210
2007/08/21,6682,2195
2007/08/22,6808,2234
2007/08/23,6777,2262
2007/08/24,6713,2233
2007/08/27,6840,2298
2007/08/28,6688,2205
2007/08/29,6808,2242
2007/08/30,6809,2260
2007/08/31,7061,2298
2007/09/03,7125,2325
2007/09/04,7111,2306
2007/09/05,6967,2278
2007/09/06,6903,2237
2007/09/07,6809,2151
2007/09/10,6808,2136
2007/09/11,6745,2170
2007/09/12,6808,2133
2007/09/13,6958,2170
2007/09/14,6824,2160
2007/09/17,6967,2094
2007/09/18,6872,2120
2007/09/19,6998,2207
2007/09/20,6986,2187
2007/09/21,6998,2155
2007/09/25,7078,2163
2007/09/26,7062,2210
2007/09/27,7030,2240
2007/09/28,7015,2229
2007/10/01,7019,2232
2007/10/02,7103,2259
2007/10/03,7188,2378
2007/10/04,7188,2420
2007/10/05,7283,2403
2007/10/08,7317,2409
2007/10/09,7332,2402
2007/10/10,7339,2442
2007/10/11,7410,2464
2007/10/12,7307,2449
2007/10/15,7442,2426
2007/10/16,7347,2435
2007/10/17,7378,2372
2007/10/18,7410,2348
2007/10/19,7442,2330
2007/10/22,7378,2301
2007/10/23,7347,2360
2007/10/24,7394,2349
2007/10/25,7363,2400
2007/10/26,7442,2397
2007/10/29,7599,2433
2007/10/30,7473,2445
2007/10/31,7600,2496
2007/11/01,7442,2413
2007/11/02,7471,2400
2007/11/05,7568,2347
2007/11/06,7473,2368
2007/11/07,7458,2315
2007/11/08,7426,2225
2007/11/09,7432,2207
2007/11/12,7347,2305
2007/11/13,7274,2342
2007/11/14,7277,2320
2007/11/15,7331,2262
2007/11/16,7323,2221
2007/11/19,7402,2170
2007/11/20,7378,2185
2007/11/21,7324,2159
2007/11/22,7489,2187
2007/11/23,7423,2250
2007/11/26,7234,2234
2007/11/27,7125,2287
2007/11/28,7125,2340
2007/11/29,7188,2310
2007/11/30,7242,2335
2007/12/03,7125,2337
2007/12/04,7125,2298
2007/12/05,7046,2280
2007/12/06,7030,2284
2007/12/07,7188,2318
2007/12/10,7085,2360
2007/12/11,7092,2367
2007/12/12,7277,2399
2007/12/13,7112,2331
2007/12/14,6913,2305
2007/12/18,6767,2290
2007/12/19,6702,2252
2007/12/20,6650,2290
2007/12/21,6808,2362
2007/12/24,6919,2305
2007/12/27,7090,2365
2007/12/28,7157,2340
2007/12/31,7157,2291
2008/01/02,7007,2290
2008/01/03,6919,2253
2008/01/04,6903,2178
2008/01/07,6777,2168
2008/01/08,6650,2184
2008/01/09,6650,2110
2008/01/10,6554,2046
2008/01/11,6534,2032
2008/01/14,6504,2067
2008/01/15,6397,2047
2008/01/16,6207,2030
2008/01/17,6508,2059
2008/01/18,6507,1960
2008/01/21,5967,1826
2008/01/22,6017,1844
2008/01/23,6175,1821
2008/01/24,6143,1920
2008/01/25,6017,1918
2008/01/28,5731,1839
2008/01/29,5835,1835
2008/01/30,5796,1918
2008/01/31,5953,1824
2008/02/01,5827,1940
2008/02/04,5776,1958
2008/02/05,5716,1885
2008/02/06,5691,1873
2008/02/07,5464,1861
2008/02/08,5605,1836
2008/02/11,5447,1775
2008/02/12,5542,1825
2008/02/13,5700,1867
2008/02/14,5732,1850
2008/02/15,5763,1808
2008/02/18,5906,1880
2008/02/19,5953,1934
2008/02/20,5884,1900
2008/02/21,5890,1950
2008/02/22,5827,1930
2008/02/25,5922,1950
2008/02/26,6088,2015
2008/02/27,6080,1925
2008/02/28,6248,1911
2008/02/29,6215,1949
2008/03/03,6080,1911
2008/03/04,5776,1825
2008/03/05,5732,1853
2008/03/06,5803,1841
2008/03/07,6060,1806
2008/03/10,5985,1770
2008/03/11,6014,1778
2008/03/12,6156,1821
2008/03/13,6014,1790
2008/03/14,5827,1770
2008/03/17,5858,1709
2008/03/18,6016,1725
2008/03/19,6017,1701
2008/03/20,5953,1720
2008/03/25,5946,1810
2008/03/26,5922,1815
2008/03/27,5953,1848
2008/03/28,6017,1844
2008/03/31,6017,1767
2008/04/01,5953,1843
2008/04/02,6048,1910
2008/04/03,6017,1871
2008/04/04,6116,1931
2008/04/07,6071,1957
2008/04/08,6142,1935
2008/04/09,6175,1883
2008/04/10,6080,1856
2008/04/11,6112,1819
2008/04/14,5953,1819
2008/04/15,5922,1820
2008/04/16,5931,1859
2008/04/17,6017,1875
2008/04/18,6207,1945
2008/04/21,6254,1905
2008/04/22,6036,1884
2008/04/23,5985,1880
2008/04/24,5859,1890
2008/04/25,5852,1924
2008/04/29,5827,1859
2008/04/30,5827,1936
2008/05/05,5795,1897
2008/05/06,5858,1890
2008/05/07,5969,1874
2008/05/08,5939,1863
2008/05/09,5936,1822
2008/05/12,5922,1800
2008/05/13,5795,1758
2008/05/14,5700,1781
2008/05/15,5700,1805
2008/05/16,5700,1785
2008/05/19,5700,1797
2008/05/20,5700,1780
2008/05/21,5668,1697
2008/05/22,5700,1710
2008/05/23,5637,1712
2008/05/26,5637,1730
2008/05/27,5592,1724
2008/05/28,6745,1710
2008/05/29,6753,1730
2008/05/30,6745,1775
2008/06/02,6759,1737
2008/06/03,6755,1764
2008/06/04,6761,1775
2008/06/05,6793,1803
2008/06/06,6793,1738
2008/06/09,6780,1728
2008/06/10,6792,1716
2008/06/11,6785,1709
2008/06/12,6793,1756
2008/06/13,6793,1736
2008/06/17,6802,1718
2008/06/18,6802,1687
2008/06/19,6793,1654
2008/06/20,6793,1649
2008/06/23,6783,1581
2008/06/24,6777,1560
2008/06/25,6773,1506
2008/06/26,6891,1456
2008/06/27,6903,1444
2008/06/30,6903,1438
2008/07/01,6891,1417
2008/07/02,6891,1423
2008/07/03,6935,1423
2008/07/04,6896,1359
2008/07/07,6903,1381
2008/07/08,6935,1350
2008/07/09,6943,1383
2008/07/10,6967,1374
2008/07/11,6872,1344
2008/07/14,6872,1353
2008/07/15,6872,1314
2008/07/16,6872,1342
2008/07/17,6872,1452
2008/07/18,6302,1510
2008/07/21,6302,1520
2008/07/22,6650,1407
2008/07/23,6935,1554
2008/07/24,6650,1539
2008/07/25,6650,1497
2008/07/28,6808,1430
2008/07/29,6808,1405
2008/07/30,6808,1454
2008/07/31,6802,1425
2008/08/01,6809,1406
2008/08/04,6808,1404
2008/08/05,6808,1537
2008/08/06,6840,1377
2008/08/07,6840,1390
2008/08/08,6840,1423
2008/08/11,6840,1488
2008/08/12,6967,1478
2008/08/13,6967,1425
2008/08/14,6967,1427
2008/08/15,6967,1409
2008/08/18,6967,1391
2008/08/19,6333,1335
2008/08/20,6333,1384
2008/08/21,6333,1355
2008/08/22,6333,1399
2008/08/25,6333,1356
2008/08/26,6333,1367
2008/08/27,6333,1380
2008/08/28,6492,1414
2008/08/29,6492,1361
2008/09/01,6492,1377
2008/09/02,6650,1410
2008/09/03,6650,1390
2008/09/04,6650,1364
2008/09/05,6650,1345
2008/09/08,6650,1408
2008/09/09,6650,1410
2008/09/10,6967,1390
2008/09/11,7252,1375
2008/09/12,7252,1404
2008/09/15,6650,1334
2008/09/16,6496,1260
2008/09/17,6496,1220
2008/09/18,6682,1110
2008/09/19,6967,1260
2008/09/22,6967,1300
2008/09/23,7252,1238
2008/09/25,6682,1268
2008/09/26,6903,1225
2008/09/29,6903,1100
2008/09/30,6682,1150
2008/10/01,6682,1140
2008/10/02,6682,1160
2008/10/03,6713,1175
2008/10/06,6729,1147
2008/10/07,6967,1155
2008/10/08,6967,1152
2008/10/09,6967,1200
2008/10/10,6967,1100
2008/10/13,6650,1105
2008/10/14,6650,1167
2008/10/15,6650,1044
2008/10/16,6650,960
2008/10/17,6650,830
2008/10/20,6650,961
2008/10/21,6650,1035
2008/10/22,6650,979
2008/10/23,6334,830
2008/10/24,6334,765
2008/10/27,5542,770
2008/10/28,6935,780
2008/10/29,6935,850
2008/10/30,6935,930
2008/10/31,6935,849
2008/11/03,6929,875
2008/11/04,6929,864
2008/11/05,6929,848
2008/11/06,6929,901
2008/11/07,6929,932
2008/11/10,6929,915
2008/11/11,6929,864
2008/11/12,6929,851
2008/11/13,6929,820
2008/11/14,6929,850
2008/11/17,6929,823
2008/11/18,6929,845
2008/11/19,6333,820
2008/11/20,6333,803
2008/11/21,6175,789
2008/11/24,6175,753
2008/11/25,6040,785
2008/11/26,6225,784
2008/11/27,6320,779
2008/11/28,6100,805
2008/12/01,6080,795
2008/12/02,5980,790
2008/12/03,5900,757
2008/12/04,5725,730
2008/12/05,5700,697
2008/12/08,5800,745
2008/12/09,6000,772
2008/12/10,6180,829
2008/12/11,6095,874
2008/12/12,5850,815
2008/12/15,5745,790
2008/12/17,5570,785
2008/12/18,5950,747
2008/12/19,5400,785
2008/12/22,5800,768
2008/12/23,5900,772
2008/12/24,5940,756
2008/12/29,5950,742
2008/12/30,6000,785
2008/12/31,6246,760
2009/01/02,5875,775
2009/01/05,5750,775
2009/01/06,6000,820
2009/01/07,6050,835
2009/01/08,5989,832
2009/01/09,6100,901
2009/01/12,6185,910
2009/01/13,5985,871
2009/01/14,5700,830
2009/01/15,5734,830
2009/01/16,5900,851
2009/01/19,5901,810
2009/01/20,5883,830
2009/01/21,5900,782
2009/01/22,6100,798
2009/01/23,6000,725
2009/01/26,6030,778
2009/01/27,6200,800
2009/01/28,6620,830
2009/01/29,6520,750
2009/01/30,6640,780
2009/02/02,6710,728
2009/02/03,6805,760
2009/02/04,6890,850
2009/02/05,6800,821
2009/02/06,6950,880
2009/02/09,7050,915
2009/02/10,7000,865
2009/02/11,6800,811
2009/02/12,6825,788
2009/02/13,6790,776
2009/02/16,6650,760
2009/02/17,6515,710
2009/02/18,6500,701
2009/02/19,6800,650
2009/02/20,6550,612
2009/02/23,6830,636
2009/02/24,6550,600
2009/02/25,6490,597
2009/02/26,6690,635
2009/02/27,6399,607
2009/03/02,6565,573
2009/03/03,6474,564
2009/03/04,6350,557
2009/03/05,6093,510
2009/03/06,5825,507
2009/03/09,5540,480
2009/03/10,5829,506
2009/03/11,6100,548
2009/03/12,6250,540
2009/03/13,6100,557
2009/03/16,6281,550
2009/03/17,6350,569
2009/03/18,6190,580
2009/03/19,6235,628
2009/03/20,5994,603
2009/03/23,6105,695
2009/03/24,6110,712
2009/03/25,6102,716
2009/03/26,6205,698
2009/03/27,6320,698
2009/03/30,6000,635
2009/03/31,6300,700
2009/04/01,6100,740
2009/04/02,6390,787
2009/04/03,6340,802
2009/04/06,6400,789
2009/04/07,6200,745
2009/04/08,6130,756
2009/04/09,6627,821
2009/04/14,6599,887
2009/04/15,6550,860
2009/04/16,6310,805
2009/04/17,6499,825
2009/04/20,6200,751
2009/04/21,6000,725
2009/04/23,6140,753
2009/04/24,5900,770
2009/04/28,6000,769
2009/04/29,6154,800
2009/04/30,5800,838
2009/05/04,6310,880
2009/05/05,6400,856
2009/05/06,6425,869
2009/05/07,6400,884
2009/05/08,6559,898
2009/05/11,6760,881
2009/05/12,6835,898
2009/05/13,6450,835
2009/05/14,6400,872
2009/05/15,6201,879
2009/05/18,6290,908
2009/05/19,6208,923
2009/05/20,6069,931
2009/05/21,6000,888
2009/05/22,6000,911
2009/05/25,5899,905
2009/05/26,5900,921
2009/05/27,5760,958
2009/05/28,5875,954
2009/05/29,6000,951
2009/06/01,5950,1029
2009/06/02,5860,1002
2009/06/03,5849,945
2009/06/04,5950,963
2009/06/05,5875,986
2009/06/08,5850,988
2009/06/09,5851,1005
2009/06/10,5800,1007
2009/06/11,5740,1031
2009/06/12,5740,1008
2009/06/15,5850,990
2009/06/17,5780,965
2009/06/18,5895,979
2009/06/19,6190,992
2009/06/22,5995,980
2009/06/23,5900,971
2009/06/24,6075,1018
2009/06/25,5925,983
2009/06/26,5918,1005
2009/06/29,5980,1029
2009/06/30,6001,1013
2009/07/01,6074,1089
2009/07/02,6100,1093
2009/07/03,6205,1062
2009/07/06,6033,1000
2009/07/07,6250,1000
2009/07/08,6300,992
2009/07/09,6225,1018
2009/07/10,6180,1005
2009/07/13,6185,1063
2009/07/14,6360,1071
2009/07/15,6500,1149
2009/07/16,6500,1130
2009/07/17,6502,1130
2009/07/20,6520,1153
2009/07/21,6569,1183
2009/07/22,6500,1158
2009/07/23,6511,1182
2009/07/24,6466,1177
2009/07/27,6450,1235
2009/07/28,6433,1214
2009/07/29,6300,1254
2009/07/30,6000,1270
2009/07/31,6038,1232
2009/08/03,6200,1259
2009/08/04,6220,1248
2009/08/05,6175,1280
2009/08/06,6203,1266
2009/08/07,6100,1238
2009/08/11,6150,1207
2009/08/12,6428,1195
2009/08/13,6165,1244
2009/08/14,6200,1199
2009/08/17,6150,1149
2009/08/18,6200,1163
2009/08/19,6251,1151
2009/08/20,6370,1172
2009/08/21,6501,1185
2009/08/24,6535,1198
2009/08/25,6670,1177
2009/08/26,6650,1199
2009/08/27,6580,1180
2009/08/28,6735,1186
2009/08/31,6450,1198
2009/09/01,6677,1170
2009/09/02,6460,1125
2009/09/03,6500,1135
2009/09/04,6509,1136
2009/09/07,6500,1149
2009/09/08,6425,1145
2009/09/09,6265,1145
2009/09/10,6300,1180
2009/09/11,6415,1175
2009/09/14,6330,1142
2009/09/15,6350,1140
2009/09/16,6390,1165
2009/09/17,6550,1170
2009/09/18,6600,1190
2009/09/21,6625,1170
2009/09/22,6659,1201
2009/09/23,6507,1182
2009/09/25,6595,1166
2009/09/28,6600,1174
2009/09/29,6635,1175
2009/09/30,6800,1193
2009/10/01,6790,1197
2009/10/02,6770,1179
2009/10/05,6750,1186
2009/10/06,6665,1191
2009/10/07,6685,1211
2009/10/08,6700,1227
2009/10/09,6635,1225
2009/10/12,6665,1273
2009/10/13,6750,1300
2009/10/14,6795,1320
2009/10/15,6795,1328
2009/10/16,6825,1359
2009/10/19,6855,1380
2009/10/20,6775,1361
2009/10/21,6800,1395
2009/10/22,6650,1359
2009/10/23,6700,1373
2009/10/26,6894,1388
2009/10/27,6690,1371
2009/10/28,6700,1346
2009/10/29,6875,1400
2009/10/30,6756,1375
2009/11/02,6700,1360
2009/11/03,6600,1350
2009/11/04,6500,1368
2009/11/05,6480,1361
2009/11/06,6480,1326
2009/11/09,6550,1350
2009/11/10,6463,1365
2009/11/11,6652,1391
2009/11/12,6800,1389
2009/11/13,6897,1401
2009/11/16,6950,1438
2009/11/17,7120,1460
2009/11/18,7020,1458
2009/11/19,7000,1459
2009/11/20,6950,1470
2009/11/23,6950,1473
2009/11/24,7015,1486
2009/11/25,7000,1480
2009/11/26,6910,1431
2009/11/27,6750,1405
2009/11/30,6680,1409
2009/12/01,6950,1394
2009/12/02,6938,1385
2009/12/03,6840,1403
2009/12/04,6730,1385
2009/12/07,6770,1378
2009/12/08,6750,1370
2009/12/09,6600,1291
2009/12/10,6552,1300
2009/12/11,6554,1300
2009/12/14,6500,1303
2009/12/15,6520,1288
2009/12/17,6570,1288
2009/12/18,6700,1275
2009/12/21,6750,1314
2009/12/22,6746,1328
2009/12/23,6700,1305
2009/12/24,6860,1307
2009/12/28,7150,1314
2009/12/29,6900,1310
2009/12/30,6900,1300
2009/12/31,6920,1318
2010/01/04,6812,1315
2010/01/05,6812,1335
2010/01/06,6841,1333
2010/01/07,6611,1330
2010/01/08,6600,1340
2010/01/11,6550,1330
2010/01/12,6550,1337
2010/01/13,6675,1340
2010/01/14,6550,1369
2010/01/15,6720,1327
2010/01/18,6700,1315
2010/01/19,6685,1306
2010/01/20,6940,1315
2010/01/21,6900,1300
2010/01/22,6850,1271
2010/01/25,6800,1280
2010/01/26,6840,1260
2010/01/27,6650,1261
2010/01/28,6670,1281
2010/01/29,6700,1267
2010/02/01,6780,1255
2010/02/02,6708,1266
2010/02/03,6770,1265
2010/02/04,6690,1230
2010/02/05,6500,1189
2010/02/08,6440,1164
2010/02/09,6550,1180
2010/02/10,6610,1219
2010/02/11,6675,1208
2010/02/12,6600,1201
2010/02/15,6751,1254
2010/02/16,6835,1263
2010/02/17,6875,1297
2010/02/18,6950,1297
2010/02/19,6925,1278
2010/02/22,6900,1322
2010/02/23,6910,1330
2010/02/24,6905,1335
2010/02/25,6955,1318
2010/02/26,7026,1310
2010/03/01,7120,1297
2010/03/02,7120,1321
2010/03/03,7350,1325
2010/03/04,7371,1329
2010/03/05,7269,1330
2010/03/08,7375,1341
2010/03/09,7390,1354
2010/03/10,7350,1358
2010/03/11,7316,1345
2010/03/12,7370,1393
2010/03/15,7458,1395
2010/03/16,7550,1395
2010/03/17,7600,1400
2010/03/18,7700,1397
2010/03/19,7320,1401
2010/03/23,7251,1367
2010/03/24,7150,1360
2010/03/25,7149,1370
2010/03/26,7227,1360
2010/03/29,7214,1370
2010/03/30,7200,1355
2010/03/31,7250,1356
2010/04/01,7250,1367
2010/04/06,7430,1370
2010/04/07,7532,1365
2010/04/08,7315,1343
2010/04/09,7490,1358
2010/04/12,7379,1357
2010/04/13,7510,1341
2010/04/14,7574,1385
2010/04/15,7641,1380
2010/04/16,7520,1381
2010/04/19,7371,1346
2010/04/20,7389,1356
2010/04/21,7450,1346
2010/04/22,7450,1352
2010/04/23,7399,1349
2010/04/26,7624,1357
2010/04/28,7402,1326
2010/04/29,7600,1330
2010/04/30,7590,1320
2010/05/03,7685,1341
2010/05/04,7700,1295
2010/05/05,7550,1293
2010/05/06,7455,1290
2010/05/07,7250,1190
2010/05/10,7600,1265
2010/05/11,7695,1257
2010/05/12,7825,1330
2010/05/13,7700,1327
2010/05/14,7450,1320
2010/05/17,7450,1296
2010/05/18,7500,1314
2010/05/19,7345,1290
2010/05/20,7015,1260
2010/05/21,6890,1241
2010/05/24,7050,1255
2010/05/25,6900,1210
2010/05/26,6885,1220
2010/05/27,7100,1263
2010/05/28,7152,1253
2010/05/31,7062,1240
2010/06/01,7000,1270
2010/06/02,7185,1266
2010/06/03,7245,1278
2010/06/04,7000,1244
2010/06/07,6850,1225
2010/06/08,6850,1188
2010/06/09,7020,1215
2010/06/10,6953,1237
2010/06/11,7020,1220
2010/06/14,7124,1254
2010/06/15,7422,1270
2010/06/17,7449,1274
2010/06/18,7584,1277
2010/06/21,7613,1275
2010/06/22,7515,1257
2010/06/23,7551,1243
2010/06/24,7511,1242
2010/06/25,7517,1228
2010/06/28,7510,1238
2010/06/29,7450,1212
2010/06/30,7350,1191
2010/07/01,7255,1190
2010/07/02,7288,1212
2010/07/05,7285,1198
2010/07/06,7518,1238
2010/07/07,7499,1257
2010/07/08,7545,1294
2010/07/09,7520,1290
2010/07/12,7530,1293
2010/07/13,7600,1315
2010/07/14,7565,1325
2010/07/15,7460,1315
2010/07/16,7350,1310
2010/07/19,7304,1289
2010/07/20,7375,1286
2010/07/21,7576,1323
2010/07/22,7680,1350
2010/07/23,7820,1360
2010/07/26,7830,1385
2010/07/27,7975,1406
2010/07/28,7990,1398
2010/07/29,7950,1420
2010/07/30,7790,1400
2010/08/02,7945,1440
2010/08/03,7850,1412
2010/08/04,7750,1400
2010/08/05,7800,1423
2010/08/06,7656,1424
2010/08/10,7668,1432
2010/08/11,7548,1401
2010/08/12,7429,1381
2010/08/13,7401,1375
2010/08/16,7368,1380
2010/08/17,7364,1411
2010/08/18,7355,1386
2010/08/19,7305,1394
2010/08/20,7250,1381
2010/08/23,7258,1435
2010/08/24,7199,1442
2010/08/25,7182,1400
2010/08/26,7150,1415
2010/08/27,7190,1442
2010/08/30,7090,1455
2010/08/31,7000,1450
2010/09/01,7085,1495
2010/09/02,7106,1500
2010/09/03,7090,1514
2010/09/06,7065,1511
2010/09/07,7036,1496
2010/09/08,7125,1508
2010/09/09,7092,1519
2010/09/10,7100,1518
2010/09/13,7120,1523
2010/09/14,7090,1524
2010/09/15,7083,1538
2010/09/16,7063,1534
2010/09/17,7065,1506
2010/09/20,7042,1537
2010/09/21,7100,1522
2010/09/22,7150,1536
2010/09/23,7045,1524
2010/09/27,7099,1539
2010/09/28,7120,1535
2010/09/29,7099,1545
2010/09/30,7085,1550
2010/10/01,7050,1531
2010/10/04,7084,1524
2010/10/05,7100,1536
2010/10/06,7151,1560
2010/10/07,7090,1553
2010/10/08,7200,1543
2010/10/11,7114,1552
2010/10/12,7065,1548
2010/10/13,7184,1579
2010/10/14,7230,1584
2010/10/15,7143,1510
2010/10/18,7296,1522
2010/10/19,7350,1515
2010/10/20,7450,1499
2010/10/21,7450,1480
2010/10/22,7405,1475
2010/10/25,7434,1469
2010/10/26,7410,1442
2010/10/27,7435,1435
2010/10/28,7414,1450
2010/10/29,7501,1454
2010/11/01,7530,1465
2010/11/02,7540,1450
2010/11/03,7500,1463
2010/11/04,7614,1475
2010/11/05,7530,1482
2010/11/08,7530,1461
2010/11/09,7635,1461
2010/11/10,7701,1479
2010/11/11,7563,1460
2010/11/12,7550,1472
2010/11/15,7550,1471
2010/11/16,7475,1449
2010/11/17,7430,1435
2010/11/18,7445,1434
2010/11/19,7400,1426
2010/11/22,7320,1416
2010/11/23,7300,1390
2010/11/24,7310,1409
2010/11/25,7370,1415
2010/11/26,7220,1415
2010/11/29,7221,1370
2010/11/30,7000,1337
2010/12/01,7200,1350
2010/12/02,7300,1334
2010/12/03,7228,1299
2010/12/06,7240,1295
2010/12/07,7220,1299
2010/12/08,7215,1312
2010/12/09,7200,1300
2010/12/10,7100,1301
2010/12/13,7155,1295
2010/12/14,7125,1292
2010/12/15,7100,1282
2010/12/17,7200,1280
2010/12/20,7150,1284
2010/12/21,7250,1288
2010/12/22,7252,1291
2010/12/23,7275,1317
2010/12/24,7250,1315
2010/12/28,7200,1309
2010/12/29,7230,1294
2010/12/30,7249,1289
2010/12/31,7250,1299
2011/01/03,7504,1294
2011/01/04,7460,1300
2011/01/05,7512,1300
2011/01/06,7580,1327
2011/01/07,7540,1319
2011/01/10,7450,1318
2011/01/11,7465,1350
2011/01/12,7560,1385
2011/01/13,7700,1398
2011/01/14,7640,1394
2011/01/17,7402,1379
2011/01/18,7540,1403
2011/01/19,7530,1421
2011/01/20,7422,1415
2011/01/21,7370,1420
2011/01/24,7410,1407
2011/01/25,7415,1385
2011/01/26,7420,1401
2011/01/27,7420,1439
2011/01/28,7380,1440
2011/01/31,7212,1427
2011/02/01,7298,1459
2011/02/02,7250,1471
2011/02/03,7320,1478
2011/02/04,7320,1510
2011/02/07,7350,1513
2011/02/08,7367,1520
2011/02/09,7398,1529
2011/02/10,7400,1534
2011/02/11,7399,1529
2011/02/14,7405,1533
2011/02/15,7464,1546
2011/02/16,7641,1565
2011/02/17,7625,1584
2011/02/18,7775,1558
2011/02/21,7820,1557
2011/02/22,7750,1517
2011/02/23,7540,1507
2011/02/24,7470,1486
2011/02/25,7685,1495
2011/02/28,7643,1498
2011/03/01,7500,1495
2011/03/02,7450,1460
2011/03/03,7400,1487
2011/03/04,7400,1511
2011/03/07,7398,1502
2011/03/08,7350,1531
2011/03/09,7370,1540
2011/03/10,7339,1492
2011/03/11,7251,1489
2011/03/14,7298,1475
2011/03/15,7032,1435
2011/03/16,7080,1440
2011/03/17,7050,1446
2011/03/18,6645,1441
2011/03/22,6745,1452
2011/03/23,6800,1461
2011/03/24,6810,1476
2011/03/25,6835,1466
2011/03/28,6869,1482
2011/03/29,6935,1490
2011/03/30,6945,1501
2011/03/31,7110,1497
2011/04/01,7224,1517
2011/04/04,7190,1516
2011/04/05,7200,1544
2011/04/06,7240,1557
2011/04/07,7185,1563
2011/04/08,7150,1580
2011/04/11,7080,1547
2011/04/12,7070,1545
2011/04/13,7151,1531
2011/04/14,7040,1534
2011/04/15,7100,1520
2011/04/18,7020,1467
2011/04/19,7063,1489
2011/04/20,7090,1497
2011/04/21,7178,1522
2011/04/26,7210,1510
2011/04/28,7230,1528
2011/04/29,7190,1533
2011/05/03,7125,1510
2011/05/04,7060,1495
2011/05/05,7080,1481
2011/05/06,7090,1486
2011/05/09,7031,1468
2011/05/10,7130,1502
2011/05/11,7120,1510
2011/05/12,7060,1466
2011/05/13,7066,1473
2011/05/16,7060,1464
2011/05/17,7181,1452
2011/05/19,7261,1454
2011/05/20,7230,1450
2011/05/23,7100,1425
2011/05/24,7148,1436
2011/05/25,7150,1445
2011/05/26,7102,1459
2011/05/27,7130,1478
2011/05/30,7216,1476
2011/05/31,7300,1478
2011/06/01,7221,1452
2011/06/02,7231,1430
2011/06/03,7156,1417
2011/06/06,7175,1416
2011/06/07,7200,1426
2011/06/08,7180,1405
2011/06/09,7200,1420
2011/06/10,7170,1404
2011/06/13,7150,1410
2011/06/14,7200,1407
2011/06/15,7160,1398
2011/06/17,7060,1385
2011/06/20,7110,1380
2011/06/21,7190,1399
2011/06/22,7122,1391
2011/06/23,7096,1366
2011/06/24,7060,1378
2011/06/27,7142,1380
2011/06/28,7234,1405
2011/06/29,7238,1430
2011/06/30,7190,1441
2011/07/01,7300,1460
2011/07/04,7300,1452
2011/07/05,7323,1473
2011/07/06,7302,1455
2011/07/07,7314,1468
2011/07/08,7360,1462
2011/07/11,7380,1448
2011/07/12,7360,1442
2011/07/13,7398,1451
2011/07/14,7501,1440
2011/07/15,7510,1454
2011/07/18,7461,1417
2011/07/19,7472,1424
2011/07/20,7485,1420
2011/07/21,7556,1458
2011/07/22,7398,1444
2011/07/25,7410,1430
2011/07/26,7590,1433
2011/07/27,7480,1410
2011/07/28,7450,1402
2011/07/29,7490,1399
2011/08/01,7560,1402
2011/08/02,7445,1365
2011/08/03,7325,1333
2011/08/04,7319,1299
2011/08/05,7300,1267
2011/08/08,7265,1265
2011/08/10,7125,1234
2011/08/11,7152,1278
2011/08/12,7276,1310
2011/08/15,7350,1334
2011/08/16,7380,1351
2011/08/17,7355,1355
2011/08/18,7330,1321
2011/08/19,7300,1310
2011/08/22,7390,1315
2011/08/23,7430,1335
2011/08/24,7400,1350
2011/08/25,7460,1328
2011/08/26,7457,1320
2011/08/29,7515,1379
2011/08/30,7632,1366
2011/08/31,7665,1361
2011/09/01,7742,1368
2011/09/02,7830,1339
2011/09/05,7701,1304
2011/09/06,7650,1299
2011/09/07,7762,1328
2011/09/08,7750,1355
2011/09/09,7650,1311
2011/09/12,7516,1286
2011/09/13,7590,1304
2011/09/14,7690,1313
2011/09/15,7900,1340
2011/09/16,7860,1351
2011/09/19,7835,1355
2011/09/20,7955,1366
2011/09/21,7980,1372
2011/09/22,7900,1321
2011/09/23,7702,1310
2011/09/26,7772,1320
2011/09/27,8000,1374
2011/09/28,8110,1351
2011/09/29,8150,1335
2011/09/30,8000,1305
2011/10/03,8170,1316
2011/10/04,8180,1258
2011/10/05,8350,1283
2011/10/06,8301,1310
2011/10/07,8300,1322
2011/10/10,8285,1363
2011/10/11,8169,1330
2011/10/12,8185,1375
2011/10/13,8274,1346
2011/10/14,8300,1355
2011/10/17,8299,1357
2011/10/18,8200,1360
2011/10/19,8170,1360
2011/10/20,8050,1359
2011/10/21,8090,1394
2011/10/24,8031,1380
2011/10/25,8049,1385
2011/10/26,8105,1393
2011/10/27,8140,1440
2011/10/28,8200,1440
2011/10/31,8158,1400
2011/11/01,8000,1365
2011/11/02,8030,1388
2011/11/03,7854,1384
2011/11/04,7712,1362
2011/11/07,7950,1390
2011/11/08,7979,1390
2011/11/09,7975,1359
2011/11/10,7990,1374
2011/11/11,7960,1393
2011/11/14,7955,1386
2011/11/15,8058,1421
2011/11/16,8090,1420
2011/11/17,8090,1414
2011/11/18,7905,1397
2011/11/21,7930,1369
2011/11/22,7930,1391
2011/11/23,7830,1366
2011/12/02,7830,1366
2011/12/05,7830,1366
2011/12/06,7830,1366
2011/12/07,7830,1366
2011/12/08,7830,1366
2011/12/09,7830,1366
2011/12/12,7830,1366
2011/12/13,8090,1466
2011/12/14,7965,1453
2011/12/15,7961,1624
2011/12/19,8060,1649
2011/12/20,7841,1670
2011/12/21,7949,1681
2011/12/22,7950,1710
2011/12/23,7998,1725
2011/12/28,8070,1703
2011/12/29,8016,1715
2011/12/30,7948,1704
2012/01/03,8095,1747
2012/01/04,8090,1742
2012/01/05,8075,1743
2012/01/06,8080,1743
2012/01/09,8080,1735
2012/01/10,8165,1751
2012/01/11,8215,1740
2012/01/12,8267,1763
2012/01/13,8349,1755
2012/01/16,8272,1767
2012/01/17,8395,1780
2012/01/18,8455,1798
2012/01/19,8495,1794
2012/01/20,8500,1812
2012/01/23,8510,1834
2012/01/24,8460,1813
2012/01/25,8399,1800
2012/01/26,8380,1821
2012/01/27,8416,1821
2012/01/30,8400,1804
2012/01/31,8518,1807
2012/02/01,8500,1830
2012/02/02,8501,1835
2012/02/03,8540,1877
2012/02/06,8550,1852
2012/02/07,8585,1850
2012/02/08,8650,1892
2012/02/09,8700,1904
2012/02/10,8580,1891
2012/02/13,8600,1923
2012/02/14,8487,1915
2012/02/15,8515,1915
2012/02/16,8415,1932
2012/02/17,8511,1957
2012/02/20,8620,1946
2012/02/21,8600,1932
2012/02/22,8624,1902
2012/02/23,8710,1929
2012/02/24,8850,1935
2012/02/27,8840,1915
2012/02/28,8848,1942
2012/02/29,8940,1925
2012/03/01,8850,1931
2012/03/02,8888,1915
2012/03/05,8911,1933
2012/03/06,8649,1878
2012/03/07,8740,1900
2012/03/08,8823,1923
2012/03/09,8936,1930
2012/03/12,8850,1916
2012/03/13,8899,1928
2012/03/14,9150,1949
2012/03/15,8949,1932
2012/03/16,8770,1965
2012/03/19,8799,1987
2012/03/20,8765,1971
2012/03/22,8759,1951
2012/03/23,8740,1925
2012/03/26,8800,1938
2012/03/27,8970,1951
2012/03/28,8970,1932
2012/03/29,8880,1920
2012/03/30,9050,1944
2012/04/02,8951,1988
2012/04/03,8952,1967
2012/04/04,8930,1930
2012/04/05,8895,1947
2012/04/10,8930,1925
2012/04/11,9000,1969
2012/04/12,8931,1968
2012/04/13,9048,1960
2012/04/16,9100,1884
2012/04/17,8961,1900
2012/04/18,9131,1899
2012/04/19,9060,1904
2012/04/20,8919,1896
2012/04/23,8900,1850
2012/04/24,8900,1845
2012/04/25,8870,1860
2012/04/26,8850,1865
2012/04/30,8819,1869
2012/05/02,8830,1868
2012/05/03,8845,1890
2012/05/04,8929,1881
2012/05/07,8825,1868
2012/05/08,8822,1849
2012/05/09,8838,1839
2012/05/10,8890,1928
2012/05/11,8910,1975
2012/05/14,8900,1944
2012/05/15,8840,1946
2012/05/16,8850,1953
2012/05/17,8835,1887
2012/05/18,8790,1850
2012/05/21,8838,1834
2012/05/22,8900,1880
2012/05/23,8800,1865
2012/05/24,8758,1885
2012/05/25,8800,1874
2012/05/28,8775,1875
2012/05/29,8770,1893
2012/05/30,8700,1859
2012/05/31,8690,1865
2012/06/01,8707,1831
2012/06/04,8775,1823
2012/06/05,8610,1835
2012/06/06,8550,1875
2012/06/07,8700,1903
2012/06/08,8735,1910
2012/06/11,8701,1950
2012/06/12,8597,1954
2012/06/13,8690,1936
2012/06/14,8640,1940
2012/06/15,8615,1955
2012/06/18,8700,2005
2012/06/19,8700,2034
2012/06/20,8699,2052
2012/06/21,8700,2070
2012/06/22,8670,2041
2012/06/25,8600,2022
2012/06/26,8586,1995
2012/06/27,8597,1955
2012/06/28,8603,1933
2012/06/29,8670,1950
2012/07/02,8800,1960
2012/07/03,8971,1969
2012/07/04,9050,1973
2012/07/05,9050,1972
2012/07/06,9082,1982
2012/07/09,8900,1972
2012/07/10,8950,1990
2012/07/11,8900,1957
2012/07/12,8900,1962
2012/07/13,8925,2009
2012/07/16,9067,2020
2012/07/17,9160,2000
2012/07/18,9090,2037
2012/07/19,9100,2093
2012/07/20,9180,2067
2012/07/23,9150,2000
2012/07/24,9112,2000
2012/07/25,9010,2000
2012/07/26,8991,2036
2012/07/27,9110,2034
2012/07/30,9275,2059
2012/07/31,9365,2040
2012/08/01,9415,2092
2012/08/02,9220,2078
2012/08/03,9400,2091
2012/08/06,9375,2118
2012/08/07,9400,2148
2012/08/08,9320,2135
2012/08/10,9395,2110
2012/08/13,9381,2125
2012/08/14,9430,2160
2012/08/15,9410,2192
2012/08/16,9440,2202
2012/08/17,9380,2221
2012/08/20,9400,2235
2012/08/21,9440,2238
2012/08/22,9351,2211
2012/08/23,9440,2224
2012/08/24,9406,2213
2012/08/27,9248,2210
2012/08/28,9210,2211
2012/08/29,9169,2211
2012/08/30,9150,2212
2012/08/31,9181,2242
2012/09/03,9253,2228
2012/09/04,9300,2223
2012/09/05,9268,2234
2012/09/06,9250,2274
2012/09/07,9300,2253
2012/09/10,9362,2241
2012/09/11,9400,2267
2012/09/12,9601,2329
2012/09/13,9626,2336
2012/09/14,9801,2345
2012/09/17,9817,2324
2012/09/18,9800,2334
2012/09/19,9843,2312
2012/09/20,9950,2341
2012/09/21,9775,2330
2012/09/25,9943,2343
2012/09/26,9850,2289
2012/09/27,9850,2280
2012/09/28,9925,2284
2012/10/01,9960,2360
2012/10/02,10156,2349
2012/10/03,10100,2385
2012/10/04,10225,2422
2012/10/05,10220,2402
2012/10/08,10045,2403
2012/10/09,10044,2372
2012/10/10,9950,2350
2012/10/11,10004,2395
2012/10/12,10100,2373
2012/10/15,10122,2408
2012/10/16,10190,2459
2012/10/17,10363,2440
2012/10/18,10290,2462
2012/10/19,9880,2453
2012/10/22,10025,2407
2012/10/23,9870,2387
2012/10/24,9971,2393
2012/10/25,10110,2426
2012/10/26,9986,2408
2012/10/29,10077,2384
2012/10/30,10140,2378
2012/10/31,10057,2406
2012/11/01,9910,2400
2012/11/02,10000,2411
2012/11/05,9940,2390
2012/11/06,9965,2396
2012/11/07,9775,2365
2012/11/08,9750,2365
2012/11/09,9815,2336
2012/11/12,9880,2345
2012/11/13,9990,2340
2012/11/14,9900,2384
2012/11/15,9985,2355
2012/11/16,10110,2345
2012/11/19,10211,2399
2012/11/21,10250,2405
2012/11/22,10215,2420
2012/11/23,10325,2425
2012/11/24,10325,2425
2012/11/25,10325,2425
2012/11/26,10380,2385
2012/11/27,10244,2405
2012/11/28,10300,2375
2012/11/29,10500,2390
2012/11/30,10575,2443
2012/12/03,10648,2441
2012/12/04,10941,2446
2012/12/05,10775,2420
2012/12/06,10850,2426
2012/12/07,10860,2421
2012/12/10,10963,2449
2012/12/11,11194,2459
2012/12/12,11382,2467
2012/12/13,11410,2451
2012/12/14,11360,2439
2012/12/18,11391,2423
2012/12/19,11358,2487
2012/12/20,11444,2468
2012/12/21,11390,2466
2012/12/24,11250,2465
2012/12/27,11323,2469
2012/12/28,11200,2446
2012/12/31,11117,2449
2013/01/02,11301,2518
2013/01/03,11330,2529
2013/01/04,11441,2508
2013/01/07,11570,2523
2013/01/08,11490,2525
2013/01/09,11460,2535
2013/01/10,11350,2551
2013/01/11,11300,2605
2013/01/14,11400,2603
2013/01/15,11400,2589
2013/01/16,11451,2576
2013/01/17,11635,2623
2013/01/18,11660,2628
2013/01/21,11400,2629
2013/01/22,11365,2626
2013/01/23,11516,2625
2013/01/24,11550,2679
2013/01/25,11450,2673
2013/01/28,11475,2702
2013/01/29,11550,2705
2013/01/30,11500,2705
2013/01/31,11550,2667
2013/02/01,11650,2644
2013/02/04,11290,2605
2013/02/05,11280,2580
2013/02/06,11265,2600
2013/02/07,11401,2624
2013/02/08,11449,2671
2013/02/11,11673,2696
2013/02/12,11800,2690
2013/02/13,11800,2710
2013/02/14,11800,2697
2013/02/15,11770,2704
2013/02/18,11744,2708
2013/02/19,11700,2768
2013/02/20,11730,2737
2013/02/21,11560,2672
2013/02/22,11600,2685
2013/02/25,11600,2698
2013/02/26,11449,2655
2013/02/27,11500,2667
2013/02/28,11650,2725
2013/03/01,11875,2829
2013/03/04,11870,2808
2013/03/05,11900,2893
2013/03/06,11975,2906
2013/03/07,11943,2875
2013/03/08,11950,2846
2013/03/11,12020,2865
2013/03/12,12070,2848
2013/03/13,12150,2848
2013/03/14,12102,2895
2013/03/15,12356,2881
2013/03/18,12200,2851
2013/03/19,12240,2905
2013/03/20,12500,2911
2013/03/22,12189,2917
2013/03/25,11975,2876
2013/03/26,12200,2863
2013/03/27,12000,2813
2013/03/28,12000,2826
2013/04/02,11919,2859
2013/04/03,11850,2778
2013/04/04,11850,2740
2013/04/05,11651,2703
2013/04/08,11390,2711
2013/04/09,11169,2687
2013/04/10,11300,2739
2013/04/11,11290,2784
2013/04/12,11116,2755
2013/04/15,11070,2769
2013/04/16,11200,2800
2013/04/17,11300,2768
2013/04/18,11300,2783
2013/04/19,11595,2816
2013/04/22,11600,2737
2013/04/23,11600,2826
2013/04/24,11489,2821
2013/04/25,11529,2874
2013/04/26,11675,2880
2013/04/29,11770,2860
2013/04/30,11950,2850
2013/05/02,12300,2839
2013/05/03,11980,2896
2013/05/06,12000,2960
2013/05/07,11930,2984
2013/05/08,12500,3035
2013/05/09,12368,3070
2013/05/10,12550,3021
2013/05/13,12442,3038
2013/05/14,12447,3085
2013/05/15,12930,3118
2013/05/16,13018,3140
2013/05/17,13600,3163
2013/05/20,12810,3100
2013/05/21,13138,3133
2013/05/22,13116,3169
2013/05/23,12910,3067
2013/05/24,12750,3101
2013/05/27,12950,3162
2013/05/28,13267,3200
2013/05/29,13040,3092
2013/05/30,12601,3181
2013/05/31,12590,3114
2013/06/03,12300,3046
2013/06/04,12490,3045
2013/06/05,12550,3035
2013/06/06,12322,2940
2013/06/07,12487,2988
2013/06/10,12729,3020
2013/06/11,11903,2875
2013/06/12,11900,2889
2013/06/13,11600,2858
2013/06/14,11820,2879
2013/06/18,12350,2940
2013/06/19,12200,2903
2013/06/20,12073,2800
2013/06/21,11855,2739
2013/06/24,11200,2662
2013/06/25,11301,2707
2013/06/26,11521,2749
2013/06/27,11651,2720
2013/06/28,11994,2755
2013/07/01,12124,2800
2013/07/02,11990,2768
2013/07/03,11700,2770
2013/07/04,12045,2860
2013/07/05,11648,2810
2013/07/08,11567,2921
2013/07/09,11684,2896
2013/07/10,11578,2880
2013/07/11,11900,2948
2013/07/12,12100,2960
2013/07/15,12270,2950
2013/07/16,12281,2887
2013/07/17,12256,2993
2013/07/18,12305,2985
2013/07/19,12013,2955
2013/07/22,11895,2970
2013/07/23,12301,2987
2013/07/24,12196,2939
2013/07/25,12039,2909
2013/07/26,12100,2892
2013/07/29,12124,2890
2013/07/30,12250,2893
2013/07/31,12260,2935
2013/08/01,11900,2987
2013/08/02,11980,2947
2013/08/05,12000,2930
2013/08/06,11824,2907
2013/08/07,11700,3041
2013/08/08,11630,3110
2013/08/12,11840,3077
2013/08/13,12000,3029
2013/08/14,11893,3060
2013/08/15,11720,3040
2013/08/16,11660,3097
2013/08/19,11680,3082
2013/08/20,11625,3055
2013/08/21,11550,3025
2013/08/22,11400,3010
2013/08/23,11640,3010
2013/08/26,11569,3038
2013/08/27,11310,2995
2013/08/28,11300,2941
2013/08/29,11300,2950
2013/08/30,11500,2900
2013/09/02,11385,2950
2013/09/03,11525,2950
2013/09/04,11462,2939
2013/09/05,11678,2944
2013/09/06,11670,2921
2013/09/09,11615,2945
2013/09/10,11897,3010
2013/09/11,11935,2990
2013/09/12,12000,3028
2013/09/13,11997,3020
2013/09/16,11929,3000
2013/09/17,11852,3016
2013/09/18,11621,2997
2013/09/19,12270,3042
2013/09/20,11901,3010
2013/09/23,12027,2997
2013/09/25,12029,3035
2013/09/26,12000,3048
2013/09/27,11848,3053
2013/09/30,11700,3042
2013/10/01,11700,3065
2013/10/02,11700,3035
2013/10/03,12074,3059
2013/10/04,11986,3028
2013/10/07,11948,3018
2013/10/08,11790,2984
2013/10/09,11650,2930
2013/10/10,11690,3002
2013/10/11,11700,3025
2013/10/14,11750,3053
2013/10/15,11910,3123
2013/10/16,12167,3109
2013/10/17,12300,3120
2013/10/18,12447,3170
2013/10/21,12461,3174
2013/10/22,12290,3186
2013/10/23,12400,3190
2013/10/24,12497,3231
2013/10/25,12422,3240
2013/10/28,12499,3265
2013/10/29,12481,3258
2013/10/30,12475,3221
2013/10/31,12400,3256
2013/11/01,12355,3256
2013/11/04,12400,3291
2013/11/05,12455,3242
2013/11/06,12400,3389
2013/11/07,12400,3330
2013/11/08,12265,3294
2013/11/11,12400,3288
2013/11/12,12400,3325
2013/11/13,12200,3247
2013/11/14,12100,3247
2013/11/15,12100,3259
2013/11/18,12438,3275
2013/11/19,12200,3238
2013/11/20,12227,3246
2013/11/21,12221,3237
2013/11/22,12008,3235
2013/11/25,12099,3242
2013/11/26,12279,3195
2013/11/27,12370,3227
2013/11/28,12346,3310
2013/11/29,12330,3320
2013/12/02,12249,3305
2013/12/03,12268,3190
2013/12/04,12149,3225
2013/12/05,11890,3193
2013/12/06,11730,3207
2013/12/09,11681,3181
2013/12/10,11804,3181
2013/12/11,11620,3168
2013/12/12,11800,3098
2013/12/13,11903,3063
2013/12/17,11900,3120
2013/12/18,11912,3148
2013/12/19,12084,3179
2013/12/20,11919,3178
2013/12/23,12052,3210
2013/12/24,11950,3255
2013/12/27,12120,3299
2013/12/30,12250,3289
2013/12/31,12160,3279
2014/01/02,12200,3322
2014/01/03,12143,3319
2014/01/06,12100,3320
2014/01/07,12235,3364
2014/01/08,12166,3354
2014/01/09,12200,3386
2014/01/10,12300,3433
2014/01/13,12520,3442
2014/01/14,12590,3451
2014/01/15,12600,3489
2014/01/16,12625,3436
2014/01/17,12400,3415
2014/01/20,12300,3427
2014/01/21,12495,3478
2014/01/22,12477,3463
2014/01/23,12452,3426
2014/01/24,12400,3392
2014/01/27,12110,3329
2014/01/28,12030,3331
2014/01/29,11928,3240
2014/01/30,11500,3186
2014/01/31,11397,3153
2014/02/03,11275,3145
2014/02/04,11348,3151
2014/02/05,11399,3152
2014/02/06,11478,3190
2014/02/07,11700,3215
2014/02/10,11670,3246
2014/02/11,11775,3273
2014/02/12,11935,3325
2014/02/13,11947,3317
2014/02/14,11948,3311
2014/02/17,12150,3333
2014/02/18,12220,3338
2014/02/19,12136,3337
2014/02/20,12158,3364
2014/02/21,12035,3362
2014/02/24,12100,3374
2014/02/25,12020,3340
2014/02/26,12000,3360
2014/02/27,11870,3336
2014/02/28,12258,3521
2014/03/03,12050,3535
2014/03/04,12124,3537
2014/03/05,12190,3526
2014/03/06,12400,3534
2014/03/07,12350,3546
2014/03/10,12300,3485
2014/03/11,12297,3476
2014/03/12,12151,3445
2014/03/13,12339,3410
2014/03/14,12300,3370
2014/03/17,12451,3411
2014/03/18,12607,3400
2014/03/19,12426,3425
2014/03/20,12155,3431
2014/03/24,11918,3452
2014/03/25,12105,3513
2014/03/26,12180,3545
2014/03/27,12194,3553
2014/03/28,12547,3540
2014/03/31,12435,3541
2014/04/01,12447,3575
2014/04/02,12443,3577
2014/04/03,12415,3528
2014/04/04,12625,3595
2014/04/07,12872,3537
2014/04/08,12781,3481
2014/04/09,12979,3515
2014/04/10,13219,3526
2014/04/11,12909,3475
2014/04/14,12900,3463
2014/04/15,12900,3471
2014/04/16,12841,3500
2014/04/17,12986,3450
2014/04/22,13049,3520
2014/04/23,12987,3484
2014/04/24,12880,3487
2014/04/25,12902,3489
2014/04/29,12999,3521
2014/04/30,12603,3559
2014/05/02,13000,3590
2014/05/05,13020,3602
2014/05/06,12989,3620
2014/05/08,13100,3641
2014/05/09,13080,3591
2014/05/12,12900,3620
2014/05/13,13000,3627
2014/05/14,13000,3614
2014/05/15,12937,3478
2014/05/16,12995,3485
2014/05/19,12991,3503
2014/05/20,12872,3509
2014/05/21,12925,3513
2014/05/22,13180,3496
2014/05/23,13038,3519
2014/05/26,12954,3558
2014/05/27,13020,3553
2014/05/28,13000,3573
2014/05/29,12940,3548
2014/05/30,12950,3599
2014/06/02,12950,3584
2014/06/03,13050,3575
2014/06/04,12910,3595
2014/06/05,13083,3634
2014/06/06,13055,3639
2014/06/09,13024,3632
2014/06/10,13049,3613
2014/06/11,13003,3610
2014/06/12,13021,3598
2014/06/13,13201,3597
2014/06/17,13277,3590
2014/06/18,13173,3573
2014/06/19,13201,3600
2014/06/20,13488,3573
2014/06/23,13260,3540
2014/06/24,13324,3516
2014/06/25,13150,3500
2014/06/26,12998,3535
2014/06/27,12940,3545
2014/06/30,13000,3598
2014/07/01,12996,3661
2014/07/02,13003,3675
2014/07/03,13001,3683
2014/07/04,13003,3697
2014/07/07,12937,3710
2014/07/08,12960,3671
2014/07/09,12740,3622
2014/07/10,12718,3592
2014/07/11,12849,3623
2014/07/14,12811,3652
2014/07/15,12713,3668
2014/07/16,12749,3705
2014/07/17,12753,3670
2014/07/18,12589,3629
2014/07/21,12670,3591
2014/07/22,12843,3610
2014/07/23,12950,3590
2014/07/24,13060,3595
2014/07/25,13060,3590
2014/07/28,12940,3589
2014/07/29,13181,3596
2014/07/30,13040,3562
2014/07/31,12950,3540
2014/08/01,12870,3497
2014/08/04,13049,3500
2014/08/05,13205,3531
2014/08/06,13200,3512
2014/08/07,13200,3455
2014/08/08,12849,3391
2014/08/11,13040,3417
2014/08/12,13185,3424
2014/08/13,13050,3400
2014/08/14,13200,3430
2014/08/15,13195,3450
2014/08/18,13316,3472
2014/08/19,13473,3475
2014/08/20,13300,3460
2014/08/21,13297,3490
2014/08/22,13252,3484
2014/08/25,13196,3502
2014/08/26,13221,3529
2014/08/27,13170,3551
2014/08/28,13100,3515
2014/08/29,13058,3500
2014/09/01,13037,3522
2014/09/02,13017,3596
2014/09/03,12848,3601
2014/09/04,13154,3627
2014/09/05,13206,3589
2014/09/08,13450,3496
2014/09/09,13245,3499
2014/09/10,13190,3497
2014/09/11,13108,3483
2014/09/12,13185,3470
2014/09/15,12995,3420
2014/09/16,13000,3401
2014/09/17,13020,3458
2014/09/18,12970,3524
2014/09/19,12900,3483
2014/09/22,12805,3443
2014/09/23,12579,3392
2014/09/25,12227,3350
2014/09/26,12375,3358
2014/09/29,12255,3324
2014/09/30,12322,3306
2014/10/01,12062,3284
2014/10/02,12090,3226
2014/10/03,12069,3219
2014/10/06,12214,3272
2014/10/07,12050,3195
2014/10/08,12173,3165
2014/10/09,11990,3140
2014/10/10,11980,3051
2014/10/13,12018,3087
2014/10/14,12080,3095
2014/10/15,11780,3000
2014/10/16,11900,3019
2014/10/17,11680,3115
2014/10/20,11760,3085
2014/10/21,12018,3169
2014/10/22,12041,3210
2014/10/23,12080,3251
2014/10/24,12160,3256
2014/10/27,12259,3256
2014/10/28,12256,3275
2014/10/29,12430,3340
2014/10/30,12400,3325
2014/10/31,12764,3422
2014/11/03,12889,3425
2014/11/04,12750,3410
2014/11/05,12684,3432
2014/11/06,12612,3430
2014/11/07,12605,3432
2014/11/10,12600,3489
2014/11/11,12685,3517
2014/11/12,13093,3465
2014/11/13,13250,3476
2014/11/14,13199,3466
2014/11/17,13155,3454
2014/11/18,13391,3458
2014/11/19,13370,3473
2014/11/20,13115,3421
2014/11/21,13160,3479
2014/11/24,12990,3485
2014/11/25,13093,3462
2014/11/26,13025,3459
2014/11/27,13064,3479
2014/11/28,13124,3463
2014/12/01,13095,3392
2014/12/02,12955,3462
2014/12/03,12785,3483
2014/12/04,12785,3460
2014/12/05,12657,3493
2014/12/08,12640,3518
2014/12/09,12456,3420
2014/12/10,12201,3415
2014/12/11,12203,3390
2014/12/12,12205,3378
2014/12/15,12078,3295
2014/12/17,12200,3275
2014/12/18,12225,3420
2014/12/19,12220,3371
2014/12/22,12225,3422
2014/12/23,12192,3451
2014/12/24,12161,3472
2014/12/29,12240,3472
2014/12/30,12289,3428
2014/12/31,12269,3470
2015/01/02,12240,3440
2015/01/05,12025,3287
2015/01/06,12085,3327
2015/01/07,12100,3321
2015/01/08,12300,3373
2015/01/09,12168,3317
2015/01/12,12080,3318
2015/01/13,12182,3382
2015/01/14,12250,3294
2015/01/15,12206,3318
2015/01/16,12175,3340
2015/01/19,12225,3420
2015/01/20,12170,3411
2015/01/21,12326,3430
2015/01/22,12550,3478
2015/01/23,12825,3503
2015/01/26,12870,3539
2015/01/27,13015,3577
2015/01/28,13100,3640
2015/01/29,13060,3640
2015/01/30,13110,3665
2015/02/02,13127,3654
2015/02/03,13273,3692
2015/02/04,13210,3675
2015/02/05,13255,3695
2015/02/06,13267,3750
2015/02/09,13328,3757
2015/02/10,13391,3840
2015/02/11,13479,3900
2015/02/12,13380,3874
2015/02/13,13536,3896
2015/02/16,13411,3880
2015/02/17,13320,3871
2015/02/18,13390,3915
2015/02/19,13500,3927
2015/02/20,13446,3896
2015/02/23,13525,3955
2015/02/24,13610,3935
2015/02/25,13667,3941
2015/02/26,14081,3960
2015/02/27,14136,4056
2015/03/02,14675,4040
2015/03/03,14625,4035
2015/03/04,14708,4020
2015/03/05,14800,4083
2015/03/06,14990,4124
2015/03/09,14949,4100
2015/03/10,14880,4067
2015/03/11,14609,4050
2015/03/12,14850,4104
2015/03/13,15140,4088
2015/03/16,15175,4167
2015/03/17,15101,4133
2015/03/18,14905,4131
2015/03/19,15147,4154
2015/03/20,14958,4137
2015/03/23,15090,4096
2015/03/24,15350,4168
2015/03/25,16040,4125
2015/03/26,16000,4032
2015/03/27,15850,4039
2015/03/30,16313,4090
2015/03/31,16785,4027
2015/04/01,16963,4020
2015/04/02,16500,4053
2015/04/07,16500,4089
2015/04/08,16500,4119
2015/04/09,16420,4115
2015/04/10,16548,4133
2015/04/13,17300,4188
2015/04/14,16880,4170
2015/04/15,16665,4243
2015/04/16,16465,4310
2015/04/17,16437,4280
2015/04/20,16819,4165
2015/04/21,17116,4220
2015/04/22,17101,4240
2015/04/23,17400,4231
2015/04/24,17005,4265
2015/04/28,16780,4198
2015/04/29,16550,4242
2015/04/30,16580,4296
2015/05/04,16600,4241
2015/05/05,16600,4230
2015/05/06,16360,4208
2015/05/07,16220,4195
2015/05/08,16374,4290
2015/05/11,16561,4361
2015/05/12,16637,4268
2015/05/13,16762,4239
2015/05/14,16614,4265
2015/05/15,16850,4255
2015/05/18,16700,4258
2015/05/19,16850,4348
2015/05/20,16950,4305
2015/05/21,16805,4327
2015/05/22,16560,4350
2015/05/25,16390,4340
2015/05/26,15972,4275
2015/05/27,16250,4248
2015/05/28,16099,4186
2015/05/29,15693,4108
2015/06/01,15673,4072
2015/06/02,15380,4058
2015/06/03,15553,4046
2015/06/04,15523,4021
2015/06/05,15480,4034
2015/06/08,15357,4031
2015/06/09,15095,3953
2015/06/10,15195,4031
2015/06/11,14824,4052
2015/06/12,14690,4000
2015/06/15,14735,3936
2015/06/17,14395,3946
2015/06/18,14528,3954
2015/06/19,14224,3952
2015/06/22,14423,4000
2015/06/23,14538,4026
2015/06/24,14299,4016
2015/06/25,14687,4004
2015/06/26,14700,4041
2015/06/29,14351,3952
2015/06/30,14517,3870
2015/07/01,14323,3940
2015/07/02,14635,3947
2015/07/03,14440,3935
2015/07/06,14536,3960
2015/07/07,13880,3853
2015/07/08,14170,3941
2015/07/09,14760,4052
2015/07/10,14868,4140
2015/07/13,15238,4231
2015/07/14,15069,4141
2015/07/15,15150,4206
2015/07/16,15000,4248
2015/07/17,14914,4220
2015/07/20,14954,4245
2015/07/21,15100,4218
2015/07/22,14800,4168
2015/07/23,14800,4189
2015/07/24,14741,4139
2015/07/27,14559,4120
2015/07/28,14272,4116
2015/07/29,14575,4157
2015/07/30,14253,4214
2015/07/31,14220,4181
2015/08/03,14150,4206
2015/08/04,14330,4331
2015/08/05,14521,4365
2015/08/06,14325,4533
2015/08/07,14100,4447
2015/08/11,14000,4510
2015/08/12,13600,4311
2015/08/13,13553,4400
2015/08/14,13804,4334
2015/08/17,13753,4341
2015/08/18,13804,4339
2015/08/19,13550,4223
2015/08/20,13159,4167
2015/08/21,12900,4014
2015/08/24,12655,3870
2015/08/25,13199,3973
2015/08/26,12850,3943
2015/08/27,12845,4021
2015/08/28,13000,4042
2015/08/31,12880,3973
2015/09/01,12475,3833
2015/09/02,12151,3915
2015/09/03,12370,3964
2015/09/04,12300,3893
2015/09/07,12080,3943
2015/09/08,12145,4003
2015/09/09,12250,4075
2015/09/10,12407,4050
2015/09/11,12247,3975
2015/09/14,12578,3974
2015/09/15,12280,4005
2015/09/16,12428,4058
2015/09/17,12670,4096
2015/09/18,12674,3976
2015/09/21,12413,3970
2015/09/22,12360,3899
2015/09/23,12358,4020
2015/09/25,12442,4000
2015/09/28,12020,3940
2015/09/29,12174,3870
2015/09/30,12625,3963
2015/10/01,12630,4016
2015/10/02,12892,4058
2015/10/05,13373,4168
2015/10/06,13120,4180
2015/10/07,13205,4255
2015/10/08,13416,4263
2015/10/09,13380,4310
2015/10/12,13215,4286
2015/10/13,13090,4202
2015/10/14,13141,4205
2015/10/15,13175,4196
2015/10/16,13283,4230
2015/10/19,13496,4306
2015/10/20,13366,4263
2015/10/21,13104,4329
2015/10/22,13059,4329
2015/10/23,13383,4457
2015/10/26,13670,4480
2015/10/27,13604,4454
2015/10/28,13580,4446
2015/10/29,13388,4480
2015/10/30,13554,4503
2015/11/02,13425,4532
2015/11/03,13496,4562
2015/11/04,13800,4571
2015/11/05,13700,4420
2015/11/06,13482,4385
2015/11/09,13570,4405
2015/11/10,13256,4285
2015/11/11,13290,4326
2015/11/12,12700,4245
2015/11/13,12480,4156
2015/11/16,12700,4179
2015/11/17,13046,4317
2015/11/18,12700,4318
2015/11/19,13123,4350
2015/11/20,13191,4409
2015/11/23,13400,4416
