Date,MMI,OldMutual
2004/05/12,745,1136
2004/05/13,740,1150
2004/05/14,735,1115
2004/05/17,736,1110
2004/05/18,750,1102
2004/05/19,750,1110
2004/05/20,750,1111
2004/05/21,750,1103
2004/05/24,750,1095
2004/05/25,770,1098
2004/05/26,775,1125
2004/05/27,775,1137
2004/05/28,775,1137
2004/05/31,755,1151
2004/06/01,750,1130
2004/06/02,750,1126
2004/06/03,755,1131
2004/06/04,755,1138
2004/06/07,770,1155
2004/06/08,760,1181
2004/06/09,760,1192
2004/06/10,750,1180
2004/06/11,745,1175
2004/06/14,740,1185
2004/06/15,730,1160
2004/06/17,726,1185
2004/06/18,710,1170
2004/06/21,731,1167
2004/06/22,730,1165
2004/06/23,739,1169
2004/06/24,731,1166
2004/06/25,715,1170
2004/06/28,731,1167
2004/06/29,725,1185
2004/06/30,730,1165
2004/07/01,727,1170
2004/07/02,740,1160
2004/07/05,740,1160
2004/07/06,745,1165
2004/07/07,750,1161
2004/07/08,750,1139
2004/07/09,745,1144
2004/07/12,750,1139
2004/07/13,740,1160
2004/07/14,750,1132
2004/07/15,750,1125
2004/07/16,750,1112
2004/07/19,760,1090
2004/07/20,750,1101
2004/07/21,759,1148
2004/07/22,735,1140
2004/07/23,720,1152
2004/07/26,730,1151
2004/07/27,730,1188
2004/07/28,730,1206
2004/07/29,730,1200
2004/07/30,745,1189
2004/08/02,740,1196
2004/08/03,740,1200
2004/08/04,735,1205
2004/08/05,763,1192
2004/08/06,764,1155
2004/08/10,764,1166
2004/08/11,755,1160
2004/08/12,780,1170
2004/08/13,770,1162
2004/08/16,775,1197
2004/08/17,780,1175
2004/08/18,760,1171
2004/08/19,760,1185
2004/08/20,755,1195
2004/08/23,765,1229
2004/08/24,761,1234
2004/08/25,740,1241
2004/08/26,765,1250
2004/08/27,758,1270
2004/08/30,765,1265
2004/08/31,765,1272
2004/09/01,765,1270
2004/09/02,775,1284
2004/09/03,790,1295
2004/09/06,825,1300
2004/09/07,855,1278
2004/09/08,823,1275
2004/09/09,835,1270
2004/09/10,840,1268
2004/09/13,840,1275
2004/09/14,845,1281
2004/09/15,835,1276
2004/09/16,820,1300
2004/09/17,815,1288
2004/09/20,823,1266
2004/09/21,824,1275
2004/09/22,830,1280
2004/09/23,835,1271
2004/09/27,826,1265
2004/09/28,839,1275
2004/09/29,842,1310
2004/09/30,880,1328
2004/10/01,880,1352
2004/10/04,874,1358
2004/10/05,875,1375
2004/10/06,866,1367
2004/10/07,863,1358
2004/10/08,868,1345
2004/10/11,875,1348
2004/10/12,890,1326
2004/10/13,910,1332
2004/10/14,910,1328
2004/10/15,906,1328
2004/10/18,919,1300
2004/10/19,910,1306
2004/10/20,895,1290
2004/10/21,890,1300
2004/10/22,880,1299
2004/10/25,890,1297
2004/10/26,885,1325
2004/10/27,890,1313
2004/10/28,890,1296
2004/10/29,885,1292
2004/11/01,875,1298
2004/11/02,877,1326
2004/11/03,948,1335
2004/11/04,921,1330
2004/11/05,930,1330
2004/11/08,930,1360
2004/11/09,930,1385
2004/11/10,915,1382
2004/11/11,915,1390
2004/11/12,914,1390
2004/11/15,915,1387
2004/11/16,955,1372
2004/11/17,960,1370
2004/11/18,960,1395
2004/11/19,959,1418
2004/11/22,940,1400
2004/11/23,930,1404
2004/11/24,935,1405
2004/11/25,950,1403
2004/11/26,958,1420
2004/11/29,965,1432
2004/11/30,959,1470
2004/12/01,960,1465
2004/12/02,1000,1495
2004/12/03,1020,1504
2004/12/06,1020,1485
2004/12/07,1031,1485
2004/12/08,1050,1469
2004/12/09,1060,1442
2004/12/10,1050,1433
2004/12/13,1052,1428
2004/12/14,1040,1455
2004/12/15,1025,1471
2004/12/17,1050,1481
2004/12/20,1050,1480
2004/12/21,1050,1456
2004/12/22,1070,1452
2004/12/23,1075,1462
2004/12/24,1075,1439
2004/12/28,1085,1440
2004/12/29,1090,1450
2004/12/30,1088,1450
2004/12/31,1090,1430
2005/01/03,990,1450
2005/01/04,1005,1456
2005/01/05,1000,1446
2005/01/06,995,1482
2005/01/07,990,1466
2005/01/10,1000,1457
2005/01/11,1000,1430
2005/01/12,995,1456
2005/01/13,980,1477
2005/01/14,1010,1450
2005/01/17,1025,1425
2005/01/18,1001,1430
2005/01/19,995,1442
2005/01/20,1000,1437
2005/01/21,1020,1437
2005/01/24,1010,1415
2005/01/25,1005,1405
2005/01/26,1015,1392
2005/01/27,1015,1390
2005/01/28,1015,1396
2005/01/31,1010,1425
2005/02/01,1020,1448
2005/02/02,1020,1451
2005/02/03,1010,1470
2005/02/04,1025,1472
2005/02/07,1019,1500
2005/02/08,1020,1535
2005/02/09,1025,1559
2005/02/10,1025,1547
2005/02/11,1030,1520
2005/02/14,1065,1535
2005/02/15,1060,1535
2005/02/16,1060,1540
2005/02/17,1065,1570
2005/02/18,1075,1545
2005/02/21,1095,1532
2005/02/22,1100,1506
2005/02/23,1126,1500
2005/02/24,1120,1534
2005/02/25,1130,1558
2005/02/28,1130,1578
2005/03/01,1130,1583
2005/03/02,1145,1582
2005/03/03,1048,1571
2005/03/04,1129,1594
2005/03/07,1130,1563
2005/03/08,1115,1565
2005/03/09,1130,1540
2005/03/10,1109,1548
2005/03/11,1075,1579
2005/03/14,1047,1581
2005/03/15,1080,1601
2005/03/16,1090,1592
2005/03/17,1090,1600
2005/03/18,1085,1560
2005/03/22,1080,1551
2005/03/23,1079,1564
2005/03/24,1040,1553
2005/03/29,1035,1576
2005/03/30,1025,1566
2005/03/31,1035,1574
2005/04/01,1030,1580
2005/04/04,1020,1535
2005/04/05,1010,1518
2005/04/06,1021,1503
2005/04/07,1015,1504
2005/04/08,1030,1530
2005/04/11,1015,1530
2005/04/12,1025,1534
2005/04/13,995,1585
2005/04/14,982,1568
2005/04/15,990,1529
2005/04/18,995,1460
2005/04/19,1025,1476
2005/04/20,1041,1460
2005/04/21,1040,1430
2005/04/22,1040,1440
2005/04/25,1040,1450
2005/04/26,1045,1446
2005/04/28,1040,1435
2005/04/29,1074,1468
2005/05/03,1050,1460
2005/05/04,1030,1440
2005/05/05,1050,1450
2005/05/06,1090,1465
2005/05/09,1085,1502
2005/05/10,1060,1494
2005/05/11,1060,1475
2005/05/12,1065,1516
2005/05/13,1070,1430
2005/05/16,1070,1453
2005/05/17,1090,1436
2005/05/18,1065,1413
2005/05/19,1025,1410
2005/05/20,1025,1408
2005/05/23,1025,1410
2005/05/24,1010,1400
2005/05/25,1040,1415
2005/05/26,1040,1439
2005/05/27,1025,1437
2005/05/30,1009,1433
2005/05/31,950,1443
2005/06/01,960,1434
2005/06/02,1005,1430
2005/06/03,1014,1422
2005/06/06,998,1415
2005/06/07,1010,1422
2005/06/08,1006,1442
2005/06/09,980,1437
2005/06/10,1000,1432
2005/06/13,995,1454
2005/06/14,1000,1441
2005/06/15,1010,1432
2005/06/17,1010,1421
2005/06/20,1000,1438
2005/06/21,1008,1438
2005/06/22,1008,1456
2005/06/23,1025,1452
2005/06/24,1030,1484
2005/06/27,1015,1455
2005/06/28,1030,1450
2005/06/29,1007,1459
2005/06/30,1012,1460
2005/07/01,1040,1456
2005/07/04,1026,1460
2005/07/05,1030,1475
2005/07/06,1012,1463
2005/07/07,1000,1434
2005/07/08,1005,1460
2005/07/11,1020,1469
2005/07/12,1060,1487
2005/07/13,1060,1483
2005/07/14,1070,1495
2005/07/15,1070,1488
2005/07/18,1050,1491
2005/07/19,1065,1515
2005/07/20,1070,1510
2005/07/21,1100,1504
2005/07/22,1090,1481
2005/07/25,1090,1504
2005/07/26,1081,1493
2005/07/27,1081,1509
2005/07/28,1106,1503
2005/07/29,1140,1495
2005/08/01,1140,1507
2005/08/02,1154,1518
2005/08/03,1165,1500
2005/08/04,1175,1495
2005/08/05,1170,1500
2005/08/08,1170,1505
2005/08/10,1175,1551
2005/08/11,1140,1548
2005/08/12,1130,1559
2005/08/15,1140,1565
2005/08/16,1140,1562
2005/08/17,1110,1560
2005/08/18,1110,1553
2005/08/19,1120,1568
2005/08/22,1127,1574
2005/08/23,1148,1590
2005/08/24,1175,1585
2005/08/25,1165,1592
2005/08/26,1150,1585
2005/08/29,1130,1594
2005/08/30,1140,1600
2005/08/31,1165,1628
2005/09/01,1175,1668
2005/09/02,1200,1641
2005/09/05,1180,1625
2005/09/06,1155,1665
2005/09/07,1163,1650
2005/09/08,1169,1635
2005/09/09,1155,1611
2005/09/12,1160,1621
2005/09/13,1165,1602
2005/09/14,1145,1589
2005/09/15,1130,1582
2005/09/16,1101,1574
2005/09/19,1135,1585
2005/09/20,1135,1560
2005/09/21,1140,1563
2005/09/22,1135,1553
2005/09/23,1130,1533
2005/09/26,1115,1534
2005/09/27,1110,1548
2005/09/28,1110,1555
2005/09/29,1100,1556
2005/09/30,1112,1565
2005/10/03,1080,1555
2005/10/04,1085,1564
2005/10/05,1099,1576
2005/10/06,1080,1585
2005/10/07,1085,1558
2005/10/10,1070,1543
2005/10/11,1060,1534
2005/10/12,1041,1570
2005/10/13,1030,1551
2005/10/14,1000,1548
2005/10/17,1025,1543
2005/10/18,1020,1543
2005/10/19,1015,1537
2005/10/20,1025,1532
2005/10/21,1020,1530
2005/10/24,1060,1531
2005/10/25,1055,1548
2005/10/26,1045,1565
2005/10/27,1045,1532
2005/10/28,1045,1575
2005/10/31,1025,1564
2005/11/01,1050,1550
2005/11/02,1075,1574
2005/11/03,1085,1608
2005/11/04,1070,1607
2005/11/07,1085,1612
2005/11/08,1100,1590
2005/11/09,1105,1598
2005/11/10,1095,1601
2005/11/11,1100,1635
2005/11/14,1100,1659
2005/11/15,1090,1675
2005/11/16,1093,1668
2005/11/17,1100,1685
2005/11/18,1098,1711
2005/11/21,1092,1700
2005/11/22,1085,1667
2005/11/23,1080,1680
2005/11/24,1091,1710
2005/11/25,1070,1700
2005/11/28,1070,1705
2005/11/29,1053,1703
2005/11/30,1056,1687
2005/12/01,1069,1683
2005/12/02,1085,1750
2005/12/05,1060,1738
2005/12/06,1125,1722
2005/12/07,1150,1709
2005/12/08,1118,1755
2005/12/09,1103,1793
2005/12/12,1110,1783
2005/12/13,1100,1715
2005/12/14,1103,1726
2005/12/15,1145,1748
2005/12/19,1160,1779
2005/12/20,1180,1775
2005/12/21,1175,1790
2005/12/22,1200,1810
2005/12/23,1200,1813
2005/12/27,1200,1865
2005/12/28,1200,1822
2005/12/29,1190,1808
2005/12/30,1185,1795
2006/01/03,1180,1809
2006/01/04,1200,1835
2006/01/05,1180,1835
2006/01/06,1180,1832
2006/01/09,1184,1838
2006/01/10,1205,1818
2006/01/11,1265,1819
2006/01/12,1275,1836
2006/01/13,1270,1879
2006/01/16,1240,1869
2006/01/17,1226,1857
2006/01/18,1240,1862
2006/01/19,1292,1892
2006/01/20,1300,1907
2006/01/23,1285,1908
2006/01/24,1260,1938
2006/01/25,1289,1945
2006/01/26,1280,1983
2006/01/27,1290,2005
2006/01/30,1279,2057
2006/01/31,1290,2083
2006/02/01,1296,2060
2006/02/02,1293,2080
2006/02/03,1275,2029
2006/02/06,1300,2054
2006/02/07,1282,2050
2006/02/08,1295,2012
2006/02/09,1300,1964
2006/02/10,1305,1946
2006/02/13,1310,1900
2006/02/14,1290,1931
2006/02/15,1325,1968
2006/02/16,1350,1980
2006/02/17,1350,1999
2006/02/20,1340,2010
2006/02/21,1330,2065
2006/02/22,1350,2089
2006/02/23,1350,2058
2006/02/24,1335,2090
2006/02/27,1350,2095
2006/02/28,1333,1950
2006/03/02,1329,2038
2006/03/03,1320,2033
2006/03/06,1325,2070
2006/03/07,1290,2002
2006/03/08,1290,1962
2006/03/09,1294,1990
2006/03/10,1320,1984
2006/03/13,1350,2023
2006/03/14,1349,2047
2006/03/15,1425,2102
2006/03/16,1409,2070
2006/03/17,1410,2125
2006/03/20,1415,2193
2006/03/22,1415,2244
2006/03/23,1415,2251
2006/03/24,1405,2240
2006/03/27,1420,2229
2006/03/28,1390,2165
2006/03/29,1400,2210
2006/03/30,1415,2190
2006/03/31,1415,2147
2006/04/03,1290,2151
2006/04/04,1290,2136
2006/04/05,1285,2115
2006/04/06,1280,2130
2006/04/07,1290,2145
2006/04/10,1270,2163
2006/04/11,1245,2166
2006/04/12,1230,2130
2006/04/13,1249,2076
2006/04/18,1269,2115
2006/04/19,1270,2150
2006/04/20,1280,2141
2006/04/21,1287,2100
2006/04/24,1280,2069
2006/04/25,1280,2100
2006/04/26,1290,2187
2006/04/28,1305,2139
2006/05/02,1302,2144
2006/05/03,1325,2139
2006/05/04,1330,2187
2006/05/05,1330,2234
2006/05/08,1335,2248
2006/05/09,1350,2241
2006/05/10,1349,2202
2006/05/11,1331,2166
2006/05/12,1315,2137
2006/05/15,1270,2151
2006/05/16,1270,2154
2006/05/17,1271,2145
2006/05/18,1230,2064
2006/05/19,1240,2065
2006/05/22,1220,2050
2006/05/23,1220,2082
2006/05/24,1240,2090
2006/05/25,1230,2063
2006/05/26,1279,2150
2006/05/29,1299,2101
2006/05/30,1269,2023
2006/05/31,1255,2090
2006/06/01,1256,2103
2006/06/02,1290,2151
2006/06/05,1260,2120
2006/06/06,1210,2053
2006/06/07,1200,2017
2006/06/08,1150,1860
2006/06/09,1150,1980
2006/06/12,1120,1968
2006/06/13,1060,1903
2006/06/14,1080,1927
2006/06/15,1130,1986
2006/06/19,1146,2072
2006/06/20,1190,2098
2006/06/21,1186,2130
2006/06/22,1150,2171
2006/06/23,1100,2151
2006/06/26,1060,2123
2006/06/27,1080,2100
2006/06/28,1080,2103
2006/06/29,1100,2126
2006/06/30,1180,2165
2006/07/03,1176,2143
2006/07/04,1160,2130
2006/07/05,1141,2115
2006/07/06,1145,2150
2006/07/07,1145,2150
2006/07/10,1145,2139
2006/07/11,1160,2129
2006/07/12,1165,2137
2006/07/13,1170,2050
2006/07/14,1131,2047
2006/07/17,1110,2020
2006/07/18,1125,1972
2006/07/19,1135,2063
2006/07/20,1180,1996
2006/07/21,1175,1975
2006/07/24,1175,2012
2006/07/25,1160,2005
2006/07/26,1190,2020
2006/07/27,1210,2093
2006/07/28,1240,2083
2006/07/31,1190,2090
2006/08/01,1160,2085
2006/08/02,1170,2104
2006/08/03,1200,2052
2006/08/04,1200,2099
2006/08/07,1200,2038
2006/08/08,1165,2033
2006/08/10,1165,1961
2006/08/11,1170,1978
2006/08/14,1165,2000
2006/08/15,1156,2019
2006/08/16,1170,2029
2006/08/17,1186,2099
2006/08/18,1166,2128
2006/08/21,1191,2165
2006/08/22,1189,2174
2006/08/23,1190,2120
2006/08/24,1163,2122
2006/08/25,1160,2134
2006/08/28,1177,2142
2006/08/29,1201,2146
2006/08/30,1240,2220
2006/08/31,1207,2250
2006/09/01,1240,2292
2006/09/04,1240,2310
2006/09/05,1240,2290
2006/09/06,1230,2277
2006/09/07,1220,2227
2006/09/08,1292,2216
2006/09/11,1250,2203
2006/09/12,1254,2273
2006/09/13,1280,2295
2006/09/14,1241,2275
2006/09/15,1240,2280
2006/09/18,1242,2238
2006/09/19,1245,2265
2006/09/20,1248,2297
2006/09/21,1245,2335
2006/09/22,1235,2340
2006/09/26,1235,2366
2006/09/27,1239,2394
2006/09/28,1235,2394
2006/09/29,1225,2419
2006/10/02,1210,2399
2006/10/03,1200,2388
2006/10/04,1209,2478
2006/10/05,1210,2443
2006/10/06,1205,2470
2006/10/09,1211,2439
2006/10/10,1216,2470
2006/10/11,1230,2476
2006/10/12,1264,2481
2006/10/13,1265,2467
2006/10/16,1305,2433
2006/10/17,1300,2441
2006/10/18,1310,2440
2006/10/19,1305,2417
2006/10/20,1300,2405
2006/10/23,1290,2446
2006/10/24,1300,2477
2006/10/25,1300,2411
2006/10/26,1270,2395
2006/10/27,1280,2373
2006/10/30,1260,2373
2006/10/31,1285,2399
2006/11/01,1330,2415
2006/11/02,1340,2419
2006/11/03,1335,2400
2006/11/06,1346,2434
2006/11/07,1340,2430
2006/11/08,1349,2450
2006/11/09,1370,2370
2006/11/10,1380,2402
2006/11/13,1365,2392
2006/11/14,1405,2364
2006/11/15,1400,2464
2006/11/16,1420,2481
2006/11/17,1400,2519
2006/11/20,1420,2530
2006/11/21,1435,2557
2006/11/22,1425,2527
2006/11/23,1420,2519
2006/11/24,1429,2483
2006/11/27,1420,2432
2006/11/28,1410,2356
2006/11/29,1400,2323
2006/11/30,1375,2364
2006/12/01,1411,2325
2006/12/04,1420,2320
2006/12/05,1424,2315
2006/12/06,1420,2295
2006/12/07,1415,2278
2006/12/08,1420,2290
2006/12/11,1395,2283
2006/12/12,1410,2291
2006/12/13,1421,2310
2006/12/14,1440,2330
2006/12/15,1452,2375
2006/12/18,1441,2318
2006/12/19,1451,2322
2006/12/20,1463,2370
2006/12/21,1460,2368
2006/12/22,1508,2360
2006/12/27,1508,2398
2006/12/28,1540,2400
2006/12/29,1500,2390
2007/01/02,1525,2419
2007/01/03,1505,2405
2007/01/04,1540,2365
2007/01/05,1500,2389
2007/01/09,1505,2508
2007/01/10,1495,2477
2007/01/11,1500,2473
2007/01/12,1520,2520
2007/01/15,1518,2533
2007/01/16,1510,2520
2007/01/17,1540,2491
2007/01/18,1580,2522
2007/01/19,1540,2488
2007/01/22,1553,2477
2007/01/23,1552,2450
2007/01/24,1564,2468
2007/01/25,1576,2480
2007/01/26,1560,2460
2007/01/29,1540,2460
2007/01/30,1535,2498
2007/01/31,1519,2458
2007/02/01,1544,2478
2007/02/02,1543,2480
2007/02/05,1490,2460
2007/02/06,1475,2509
2007/02/07,1510,2505
2007/02/08,1505,2490
2007/02/09,1520,2499
2007/02/12,1535,2511
2007/02/13,1525,2512
2007/02/14,1530,2541
2007/02/15,1525,2547
2007/02/16,1510,2525
2007/02/19,1525,2519
2007/02/20,1550,2525
2007/02/21,1550,2553
2007/02/22,1559,2575
2007/02/23,1559,2523
2007/02/26,1550,2623
2007/02/27,1541,2520
2007/02/28,1520,2490
2007/03/01,1500,2442
2007/03/02,1500,2441
2007/03/05,1475,2400
2007/03/06,1470,2400
2007/03/07,1499,2425
2007/03/08,1506,2427
2007/03/09,1520,2420
2007/03/12,1550,2420
2007/03/13,1550,2410
2007/03/14,1556,2328
2007/03/15,1589,2339
2007/03/16,1602,2355
2007/03/19,1627,2380
2007/03/20,1600,2394
2007/03/22,1605,2415
2007/03/23,1611,2380
2007/03/26,1615,2380
2007/03/27,1615,2379
2007/03/28,1610,2338
2007/03/29,1631,2340
2007/03/30,1485,2335
2007/04/02,1485,2376
2007/04/03,1480,2351
2007/04/04,1500,2359
2007/04/05,1500,2403
2007/04/10,1515,2428
2007/04/11,1503,2394
2007/04/12,1530,2410
2007/04/13,1540,2438
2007/04/16,1525,2464
2007/04/17,1525,2463
2007/04/18,1531,2450
2007/04/19,1520,2437
2007/04/20,1560,2470
2007/04/23,1560,2490
2007/04/24,1570,2486
2007/04/25,1607,2512
2007/04/26,1621,2510
2007/04/30,1680,2528
2007/05/02,1655,2543
2007/05/03,1630,2525
2007/05/04,1635,2550
2007/05/07,1636,2510
2007/05/08,1630,2450
2007/05/09,1640,2435
2007/05/10,1655,2441
2007/05/11,1660,2412
2007/05/14,1680,2409
2007/05/15,1670,2404
2007/05/16,1640,2422
2007/05/17,1624,2508
2007/05/18,1638,2505
2007/05/21,1660,2487
2007/05/22,1640,2475
2007/05/23,1640,2523
2007/05/24,1640,2503
2007/05/25,1635,2471
2007/05/28,1630,2476
2007/05/29,1630,2462
2007/05/30,1630,2449
2007/05/31,1625,2450
2007/06/01,1629,2495
2007/06/04,1600,2484
2007/06/05,1580,2510
2007/06/06,1573,2471
2007/06/07,1550,2415
2007/06/08,1525,2392
2007/06/11,1580,2420
2007/06/12,1560,2393
2007/06/13,1550,2444
2007/06/14,1576,2456
2007/06/15,1550,2519
2007/06/18,1572,2501
2007/06/19,1585,2480
2007/06/20,1570,2532
2007/06/21,1535,2510
2007/06/22,1550,2495
2007/06/25,1518,2470
2007/06/26,1516,2456
2007/06/27,1490,2405
2007/06/28,1472,2385
2007/06/29,1486,2374
2007/07/02,1488,2361
2007/07/03,1495,2370
2007/07/04,1490,2369
2007/07/05,1500,2368
2007/07/06,1500,2393
2007/07/09,1495,2410
2007/07/10,1486,2399
2007/07/11,1490,2399
2007/07/12,1500,2390
2007/07/13,1481,2470
2007/07/16,1496,2500
2007/07/17,1485,2475
2007/07/18,1470,2425
2007/07/19,1480,2478
2007/07/20,1527,2475
2007/07/23,1520,2472
2007/07/24,1512,2395
2007/07/25,1514,2390
2007/07/26,1454,2304
2007/07/27,1447,2260
2007/07/30,1465,2291
2007/07/31,1479,2327
2007/08/01,1447,2306
2007/08/02,1450,2350
2007/08/03,1406,2251
2007/08/06,1361,2250
2007/08/07,1400,2290
2007/08/08,1440,2399
2007/08/10,1395,2260
2007/08/13,1403,2301
2007/08/14,1390,2280
2007/08/15,1357,2250
2007/08/16,1350,2170
2007/08/17,1360,2190
2007/08/20,1390,2210
2007/08/21,1401,2195
2007/08/22,1410,2234
2007/08/23,1450,2262
2007/08/24,1440,2233
2007/08/27,1400,2298
2007/08/28,1390,2205
2007/08/29,1449,2242
2007/08/30,1449,2260
2007/08/31,1480,2298
2007/09/03,1480,2325
2007/09/04,1479,2306
2007/09/05,1449,2278
2007/09/06,1420,2237
2007/09/07,1450,2151
2007/09/10,1431,2136
2007/09/11,1435,2170
2007/09/12,1475,2133
2007/09/13,1485,2170
2007/09/14,1470,2160
2007/09/17,1466,2094
2007/09/18,1486,2120
2007/09/19,1525,2207
2007/09/20,1500,2187
2007/09/21,1518,2155
2007/09/25,1525,2163
2007/09/26,1489,2210
2007/09/27,1525,2240
2007/09/28,1520,2229
2007/10/01,1515,2232
2007/10/02,1550,2259
2007/10/03,1575,2378
2007/10/04,1550,2420
2007/10/05,1575,2403
2007/10/08,1575,2409
2007/10/09,1575,2402
2007/10/10,1574,2442
2007/10/11,1590,2464
2007/10/12,1619,2449
2007/10/15,1597,2426
2007/10/16,1589,2435
2007/10/17,1590,2372
2007/10/18,1600,2348
2007/10/19,1572,2330
2007/10/22,1580,2301
2007/10/23,1589,2360
2007/10/24,1597,2349
2007/10/25,1595,2400
2007/10/26,1600,2397
2007/10/29,1598,2433
2007/10/30,1590,2445
2007/10/31,1591,2496
2007/11/01,1590,2413
2007/11/02,1600,2400
2007/11/05,1605,2347
2007/11/06,1590,2368
2007/11/07,1581,2315
2007/11/08,1570,2225
2007/11/09,1550,2207
2007/11/12,1554,2305
2007/11/13,1550,2342
2007/11/14,1565,2320
2007/11/15,1561,2262
2007/11/16,1580,2221
2007/11/19,1551,2170
2007/11/20,1540,2185
2007/11/21,1500,2159
2007/11/22,1495,2187
2007/11/23,1510,2250
2007/11/26,1500,2234
2007/11/27,1500,2287
2007/11/28,1490,2340
2007/11/29,1522,2310
2007/11/30,1500,2335
2007/12/03,1505,2337
2007/12/04,1510,2298
2007/12/05,1485,2280
2007/12/06,1500,2284
2007/12/07,1515,2318
2007/12/10,1535,2360
2007/12/11,1580,2367
2007/12/12,1491,2399
2007/12/13,1540,2331
2007/12/14,1487,2305
2007/12/18,1450,2290
2007/12/19,1468,2252
2007/12/20,1408,2290
2007/12/21,1519,2362
2007/12/24,1460,2305
2007/12/27,1505,2365
2007/12/28,1482,2340
2007/12/31,1509,2291
2008/01/02,1469,2290
2008/01/03,1454,2253
2008/01/04,1433,2178
2008/01/07,1420,2168
2008/01/08,1420,2184
2008/01/09,1420,2110
2008/01/10,1425,2046
2008/01/11,1395,2032
2008/01/14,1400,2067
2008/01/15,1410,2047
2008/01/16,1362,2030
2008/01/17,1391,2059
2008/01/18,1371,1960
2008/01/21,1300,1826
2008/01/22,1350,1844
2008/01/23,1349,1821
2008/01/24,1400,1920
2008/01/25,1380,1918
2008/01/28,1340,1839
2008/01/29,1322,1835
2008/01/30,1360,1918
2008/01/31,1340,1824
2008/02/01,1400,1940
2008/02/04,1440,1958
2008/02/05,1375,1885
2008/02/06,1340,1873
2008/02/07,1315,1861
2008/02/08,1310,1836
2008/02/11,1250,1775
2008/02/12,1275,1825
2008/02/13,1300,1867
2008/02/14,1310,1850
2008/02/15,1300,1808
2008/02/18,1300,1880
2008/02/19,1320,1934
2008/02/20,1299,1900
2008/02/21,1300,1950
2008/02/22,1300,1930
2008/02/25,1300,1950
2008/02/26,1365,2015
2008/02/27,1380,1925
2008/02/28,1390,1911
2008/02/29,1440,1949
2008/03/03,1380,1911
2008/03/04,1281,1825
2008/03/05,1295,1853
2008/03/06,1304,1841
2008/03/07,1295,1806
2008/03/10,1300,1770
2008/03/11,1317,1778
2008/03/12,1365,1821
2008/03/13,1330,1790
2008/03/14,1310,1770
2008/03/17,1296,1709
2008/03/18,1300,1725
2008/03/19,1285,1701
2008/03/20,1305,1720
2008/03/25,1379,1810
2008/03/26,1420,1815
2008/03/27,1415,1848
2008/03/28,1410,1844
2008/03/31,1340,1767
2008/04/01,1329,1843
2008/04/02,1380,1910
2008/04/03,1375,1871
2008/04/04,1410,1931
2008/04/07,1447,1957
2008/04/08,1405,1935
2008/04/09,1375,1883
2008/04/10,1345,1856
2008/04/11,1330,1819
2008/04/14,1327,1819
2008/04/15,1304,1820
2008/04/16,1339,1859
2008/04/17,1345,1875
2008/04/18,1380,1945
2008/04/21,1400,1905
2008/04/22,1399,1884
2008/04/23,1370,1880
2008/04/24,1340,1890
2008/04/25,1340,1924
2008/04/29,1340,1859
2008/04/30,1320,1936
2008/05/05,1327,1897
2008/05/06,1310,1890
2008/05/07,1337,1874
2008/05/08,1318,1863
2008/05/09,1300,1822
2008/05/12,1311,1800
2008/05/13,1327,1758
2008/05/14,1336,1781
2008/05/15,1319,1805
2008/05/16,1320,1785
2008/05/19,1335,1797
2008/05/20,1320,1780
2008/05/21,1287,1697
2008/05/22,1299,1710
2008/05/23,1280,1712
2008/05/26,1272,1730
2008/05/27,1272,1724
2008/05/28,1281,1710
2008/05/29,1260,1730
2008/05/30,1235,1775
2008/06/02,1220,1737
2008/06/03,1225,1764
2008/06/04,1269,1775
2008/06/05,1240,1803
2008/06/06,1239,1738
2008/06/09,1233,1728
2008/06/10,1190,1716
2008/06/11,1195,1709
2008/06/12,1195,1756
2008/06/13,1170,1736
2008/06/17,1160,1718
2008/06/18,1125,1687
2008/06/19,1161,1654
2008/06/20,1159,1649
2008/06/23,1116,1581
2008/06/24,1098,1560
2008/06/25,1091,1506
2008/06/26,1140,1456
2008/06/27,1120,1444
2008/06/30,1093,1438
2008/07/01,1055,1417
2008/07/02,1065,1423
2008/07/03,1067,1423
2008/07/04,1060,1359
2008/07/07,1035,1381
2008/07/08,1013,1350
2008/07/09,1035,1383
2008/07/10,1020,1374
2008/07/11,1049,1344
2008/07/14,1020,1353
2008/07/15,1023,1314
2008/07/16,1088,1342
2008/07/17,1165,1452
2008/07/18,1200,1510
2008/07/21,1155,1520
2008/07/22,1130,1407
2008/07/23,1180,1554
2008/07/24,1160,1539
2008/07/25,1190,1497
2008/07/28,1169,1430
2008/07/29,1168,1405
2008/07/30,1181,1454
2008/07/31,1150,1425
2008/08/01,1185,1406
2008/08/04,1205,1404
2008/08/05,1210,1537
2008/08/06,1230,1377
2008/08/07,1230,1390
2008/08/08,1210,1423
2008/08/11,1260,1488
2008/08/12,1270,1478
2008/08/13,1260,1425
2008/08/14,1240,1427
2008/08/15,1255,1409
2008/08/18,1236,1391
2008/08/19,1210,1335
2008/08/20,1211,1384
2008/08/21,1192,1355
2008/08/22,1230,1399
2008/08/25,1233,1356
2008/08/26,1230,1367
2008/08/27,1210,1380
2008/08/28,1240,1414
2008/08/29,1280,1361
2008/09/01,1235,1377
2008/09/02,1211,1410
2008/09/03,1235,1390
2008/09/04,1255,1364
2008/09/05,1298,1345
2008/09/08,1305,1408
2008/09/09,1355,1410
2008/09/10,1340,1390
2008/09/11,1325,1375
2008/09/12,1330,1404
2008/09/15,1341,1334
2008/09/16,1301,1260
2008/09/17,1275,1220
2008/09/18,1240,1110
2008/09/19,1290,1260
2008/09/22,1300,1300
2008/09/23,1160,1238
2008/09/25,1217,1268
2008/09/26,1199,1225
2008/09/29,1122,1100
2008/09/30,1100,1150
2008/10/01,1171,1140
2008/10/02,1140,1160
2008/10/03,1160,1175
2008/10/06,1130,1147
2008/10/07,1150,1155
2008/10/08,1130,1152
2008/10/09,1140,1200
2008/10/10,1115,1100
2008/10/13,1160,1105
2008/10/14,1185,1167
2008/10/15,1140,1044
2008/10/16,1047,960
2008/10/17,1015,830
2008/10/20,1030,961
2008/10/21,1020,1035
2008/10/22,1000,979
2008/10/23,990,830
2008/10/24,940,765
2008/10/27,915,770
2008/10/28,920,780
2008/10/29,970,850
2008/10/30,995,930
2008/10/31,996,849
2008/11/03,1020,875
2008/11/04,1022,864
2008/11/05,955,848
2008/11/06,1000,901
2008/11/07,1008,932
2008/11/10,1020,915
2008/11/11,1030,864
2008/11/12,1017,851
2008/11/13,1010,820
2008/11/14,1049,850
2008/11/17,1015,823
2008/11/18,1000,845
2008/11/19,1020,820
2008/11/20,1005,803
2008/11/21,1000,789
2008/11/24,1000,753
2008/11/25,1010,785
2008/11/26,1005,784
2008/11/27,1035,779
2008/11/28,1058,805
2008/12/01,1030,795
2008/12/02,1030,790
2008/12/03,1030,757
2008/12/04,1045,730
2008/12/05,1045,697
2008/12/08,1080,745
2008/12/09,1105,772
2008/12/10,1130,829
2008/12/11,1120,874
2008/12/12,1115,815
2008/12/15,1095,790
2008/12/17,1067,785
2008/12/18,1090,747
2008/12/19,1000,785
2008/12/22,1075,768
2008/12/23,1060,772
2008/12/24,1061,756
2008/12/29,1036,742
2008/12/30,1072,785
2008/12/31,1080,760
2009/01/02,1050,775
2009/01/05,1080,775
2009/01/06,1080,820
2009/01/07,1079,835
2009/01/08,1070,832
2009/01/09,1130,901
2009/01/12,1123,910
2009/01/13,1095,871
2009/01/14,1114,830
2009/01/15,1095,830
2009/01/16,1120,851
2009/01/19,1140,810
2009/01/20,1131,830
2009/01/21,1120,782
2009/01/22,1145,798
2009/01/23,1127,725
2009/01/26,1151,778
2009/01/27,1190,800
2009/01/28,1241,830
2009/01/29,1210,750
2009/01/30,1220,780
2009/02/02,1222,728
2009/02/03,1190,760
2009/02/04,1235,850
2009/02/05,1245,821
2009/02/06,1240,880
2009/02/09,1254,915
2009/02/10,1234,865
2009/02/11,1245,811
2009/02/12,1246,788
2009/02/13,1232,776
2009/02/16,1205,760
2009/02/17,1170,710
2009/02/18,1200,701
2009/02/19,1197,650
2009/02/20,1150,612
2009/02/23,1170,636
2009/02/24,1140,600
2009/02/25,1090,597
2009/02/26,1130,635
2009/02/27,1092,607
2009/03/02,1100,573
2009/03/03,1034,564
2009/03/04,1021,557
2009/03/05,999,510
2009/03/06,1015,507
2009/03/09,981,480
2009/03/10,953,506
2009/03/11,1000,548
2009/03/12,999,540
2009/03/13,1050,557
2009/03/16,1060,550
2009/03/17,1031,569
2009/03/18,1045,580
2009/03/19,1075,628
2009/03/20,1035,603
2009/03/23,1080,695
2009/03/24,1080,712
2009/03/25,1090,716
2009/03/26,1100,698
2009/03/27,1105,698
2009/03/30,1039,635
2009/03/31,1050,700
2009/04/01,1058,740
2009/04/02,1060,787
2009/04/03,1050,802
2009/04/06,1045,789
2009/04/07,1082,745
2009/04/08,1040,756
2009/04/09,1125,821
2009/04/14,1125,887
2009/04/15,1113,860
2009/04/16,1115,805
2009/04/17,1095,825
2009/04/20,1068,751
2009/04/21,1090,725
2009/04/23,1091,753
2009/04/24,1080,770
2009/04/28,1118,769
2009/04/29,1133,800
2009/04/30,1070,838
2009/05/04,1116,880
2009/05/05,1130,856
2009/05/06,1175,869
2009/05/07,1190,884
2009/05/08,1175,898
2009/05/11,1184,881
2009/05/12,1168,898
2009/05/13,1145,835
2009/05/14,1132,872
2009/05/15,1145,879
2009/05/18,1150,908
2009/05/19,1143,923
2009/05/20,1160,931
2009/05/21,1127,888
2009/05/22,1138,911
2009/05/25,1117,905
2009/05/26,1130,921
2009/05/27,1195,958
2009/05/28,1162,954
2009/05/29,1163,951
2009/06/01,1158,1029
2009/06/02,1130,1002
2009/06/03,1104,945
2009/06/04,1100,963
2009/06/05,1110,986
2009/06/08,1120,988
2009/06/09,1100,1005
2009/06/10,1100,1007
2009/06/11,1079,1031
2009/06/12,1093,1008
2009/06/15,1095,990
2009/06/17,1060,965
2009/06/18,1090,979
2009/06/19,1089,992
2009/06/22,1071,980
2009/06/23,1070,971
2009/06/24,1095,1018
2009/06/25,1090,983
2009/06/26,1110,1005
2009/06/29,1127,1029
2009/06/30,1165,1013
2009/07/01,1170,1089
2009/07/02,1177,1093
2009/07/03,1186,1062
2009/07/06,1159,1000
2009/07/07,1170,1000
2009/07/08,1170,992
2009/07/09,1190,1018
2009/07/10,1193,1005
2009/07/13,1203,1063
2009/07/14,1211,1071
2009/07/15,1235,1149
2009/07/16,1234,1130
2009/07/17,1238,1130
2009/07/20,1245,1153
2009/07/21,1255,1183
2009/07/22,1260,1158
2009/07/23,1293,1182
2009/07/24,1300,1177
2009/07/27,1320,1235
2009/07/28,1305,1214
2009/07/29,1290,1254
2009/07/30,1290,1270
2009/07/31,1285,1232
2009/08/03,1320,1259
2009/08/04,1320,1248
2009/08/05,1316,1280
2009/08/06,1300,1266
2009/08/07,1315,1238
2009/08/11,1275,1207
2009/08/12,1260,1195
2009/08/13,1281,1244
2009/08/14,1289,1199
2009/08/17,1261,1149
2009/08/18,1283,1163
2009/08/19,1272,1151
2009/08/20,1300,1172
2009/08/21,1310,1185
2009/08/24,1311,1198
2009/08/25,1312,1177
2009/08/26,1335,1199
2009/08/27,1333,1180
2009/08/28,1347,1186
2009/08/31,1361,1198
2009/09/01,1350,1170
2009/09/02,1320,1125
2009/09/03,1322,1135
2009/09/04,1314,1136
2009/09/07,1300,1149
2009/09/08,1299,1145
2009/09/09,1285,1145
2009/09/10,1290,1180
2009/09/11,1324,1175
2009/09/14,1285,1142
2009/09/15,1300,1140
2009/09/16,1299,1165
2009/09/17,1320,1170
2009/09/18,1279,1190
2009/09/21,1255,1170
2009/09/22,1270,1201
2009/09/23,1274,1182
2009/09/25,1305,1166
2009/09/28,1300,1174
2009/09/29,1273,1175
2009/09/30,1279,1193
2009/10/01,1255,1197
2009/10/02,1258,1179
2009/10/05,1245,1186
2009/10/06,1265,1191
2009/10/07,1295,1211
2009/10/08,1302,1227
2009/10/09,1265,1225
2009/10/12,1285,1273
2009/10/13,1279,1300
2009/10/14,1285,1320
2009/10/15,1280,1328
2009/10/16,1275,1359
2009/10/19,1301,1380
2009/10/20,1300,1361
2009/10/21,1325,1395
2009/10/22,1330,1359
2009/10/23,1335,1373
2009/10/26,1340,1388
2009/10/27,1341,1371
2009/10/28,1325,1346
2009/10/29,1345,1400
2009/10/30,1330,1375
2009/11/02,1333,1360
2009/11/03,1305,1350
2009/11/04,1325,1368
2009/11/05,1300,1361
2009/11/06,1280,1326
2009/11/09,1314,1350
2009/11/10,1325,1365
2009/11/11,1335,1391
2009/11/12,1346,1389
2009/11/13,1350,1401
2009/11/16,1366,1438
2009/11/17,1371,1460
2009/11/18,1368,1458
2009/11/19,1350,1459
2009/11/20,1345,1470
2009/11/23,1376,1473
2009/11/24,1381,1486
2009/11/25,1385,1480
2009/11/26,1357,1431
2009/11/27,1322,1405
2009/11/30,1321,1409
2009/12/01,1345,1394
2009/12/02,1335,1385
2009/12/03,1355,1403
2009/12/04,1320,1385
2009/12/07,1298,1378
2009/12/08,1275,1370
2009/12/09,1260,1291
2009/12/10,1240,1300
2009/12/11,1260,1300
2009/12/14,1275,1303
2009/12/15,1300,1288
2009/12/17,1270,1288
2009/12/18,1309,1275
2009/12/21,1307,1314
2009/12/22,1300,1328
2009/12/23,1315,1305
2009/12/24,1325,1307
2009/12/28,1320,1314
2009/12/29,1329,1310
2009/12/30,1329,1300
2009/12/31,1342,1318
2010/01/04,1348,1315
2010/01/05,1330,1335
2010/01/06,1315,1333
2010/01/07,1339,1330
2010/01/08,1340,1340
2010/01/11,1325,1330
2010/01/12,1310,1337
2010/01/13,1308,1340
2010/01/14,1342,1369
2010/01/15,1342,1327
2010/01/18,1340,1315
2010/01/19,1332,1306
2010/01/20,1345,1315
2010/01/21,1350,1300
2010/01/22,1309,1271
2010/01/25,1300,1280
2010/01/26,1300,1260
2010/01/27,1315,1261
2010/01/28,1318,1281
2010/01/29,1333,1267
2010/02/01,1335,1255
2010/02/02,1340,1266
2010/02/03,1340,1265
2010/02/04,1335,1230
2010/02/05,1330,1189
2010/02/08,1315,1164
2010/02/09,1319,1180
2010/02/10,1318,1219
2010/02/11,1323,1208
2010/02/12,1331,1201
2010/02/15,1351,1254
2010/02/16,1384,1263
2010/02/17,1379,1297
2010/02/18,1383,1297
2010/02/19,1380,1278
2010/02/22,1384,1322
2010/02/23,1381,1330
2010/02/24,1375,1335
2010/02/25,1370,1318
2010/02/26,1399,1310
2010/03/01,1393,1297
2010/03/02,1388,1321
2010/03/03,1405,1325
2010/03/04,1433,1329
2010/03/05,1440,1330
2010/03/08,1440,1341
2010/03/09,1440,1354
2010/03/10,1459,1358
2010/03/11,1448,1345
2010/03/12,1445,1393
2010/03/15,1445,1395
2010/03/16,1455,1395
2010/03/17,1466,1400
2010/03/18,1490,1397
2010/03/19,1481,1401
2010/03/23,1490,1367
2010/03/24,1480,1360
2010/03/25,1480,1370
2010/03/26,1481,1360
2010/03/29,1485,1370
2010/03/30,1510,1355
2010/03/31,1688,1356
2010/04/01,1571,1367
2010/04/06,1580,1370
2010/04/07,1580,1365
2010/04/08,1570,1343
2010/04/09,1560,1358
2010/04/12,1576,1357
2010/04/13,1575,1341
2010/04/14,1609,1385
2010/04/15,1647,1380
2010/04/16,1604,1381
2010/04/19,1611,1346
2010/04/20,1670,1356
2010/04/21,1664,1346
2010/04/22,1669,1352
2010/04/23,1665,1349
2010/04/26,1673,1357
2010/04/28,1673,1326
2010/04/29,1675,1330
2010/04/30,1696,1320
2010/05/03,1695,1341
2010/05/04,1695,1295
2010/05/05,1620,1293
2010/05/06,1600,1290
2010/05/07,1560,1190
2010/05/10,1631,1265
2010/05/11,1607,1257
2010/05/12,1613,1330
2010/05/13,1605,1327
2010/05/14,1580,1320
2010/05/17,1580,1296
2010/05/18,1609,1314
2010/05/19,1615,1290
2010/05/20,1594,1260
2010/05/21,1604,1241
2010/05/24,1609,1255
2010/05/25,1553,1210
2010/05/26,1575,1220
2010/05/27,1589,1263
2010/05/28,1600,1253
2010/05/31,1585,1240
2010/06/01,1590,1270
2010/06/02,1615,1266
2010/06/03,1590,1278
2010/06/04,1565,1244
2010/06/07,1551,1225
2010/06/08,1547,1188
2010/06/09,1587,1215
2010/06/10,1614,1237
2010/06/11,1600,1220
2010/06/14,1637,1254
2010/06/15,1640,1270
2010/06/17,1658,1274
2010/06/18,1686,1277
2010/06/21,1700,1275
2010/06/22,1700,1257
2010/06/23,1672,1243
2010/06/24,1704,1242
2010/06/25,1720,1228
2010/06/28,1716,1238
2010/06/29,1615,1212
2010/06/30,1606,1191
2010/07/01,1619,1190
2010/07/02,1650,1212
2010/07/05,1625,1198
2010/07/06,1657,1238
2010/07/07,1659,1257
2010/07/08,1669,1294
2010/07/09,1664,1290
2010/07/12,1668,1293
2010/07/13,1658,1315
2010/07/14,1655,1325
2010/07/15,1655,1315
2010/07/16,1659,1310
2010/07/19,1668,1289
2010/07/20,1650,1286
2010/07/21,1685,1323
2010/07/22,1720,1350
2010/07/23,1741,1360
2010/07/26,1760,1385
2010/07/27,1760,1406
2010/07/28,1746,1398
2010/07/29,1749,1420
2010/07/30,1729,1400
2010/08/02,1750,1440
2010/08/03,1720,1412
2010/08/04,1715,1400
2010/08/05,1700,1423
2010/08/06,1694,1424
2010/08/10,1676,1432
2010/08/11,1633,1401
2010/08/12,1642,1381
2010/08/13,1636,1375
2010/08/16,1621,1380
2010/08/17,1636,1411
2010/08/18,1606,1386
2010/08/19,1625,1394
2010/08/20,1594,1381
2010/08/23,1620,1435
2010/08/24,1615,1442
2010/08/25,1590,1400
2010/08/26,1615,1415
2010/08/27,1585,1442
2010/08/30,1590,1455
2010/08/31,1594,1450
2010/09/01,1600,1495
2010/09/02,1613,1500
2010/09/03,1589,1514
2010/09/06,1552,1511
2010/09/07,1576,1496
2010/09/08,1590,1508
2010/09/09,1620,1519
2010/09/10,1622,1518
2010/09/13,1663,1523
2010/09/14,1660,1524
2010/09/15,1670,1538
2010/09/16,1680,1534
2010/09/17,1604,1506
2010/09/20,1607,1537
2010/09/21,1625,1522
2010/09/22,1624,1536
2010/09/23,1621,1524
2010/09/27,1630,1539
2010/09/28,1638,1535
2010/09/29,1636,1545
2010/09/30,1640,1550
2010/10/01,1640,1531
2010/10/04,1641,1524
2010/10/05,1640,1536
2010/10/06,1630,1560
2010/10/07,1618,1553
2010/10/08,1605,1543
2010/10/11,1627,1552
2010/10/12,1620,1548
2010/10/13,1635,1579
2010/10/14,1655,1584
2010/10/15,1627,1510
2010/10/18,1650,1522
2010/10/19,1650,1515
2010/10/20,1656,1499
2010/10/21,1660,1480
2010/10/22,1660,1475
2010/10/25,1652,1469
2010/10/26,1669,1442
2010/10/27,1679,1435
2010/10/28,1680,1450
2010/10/29,1690,1454
2010/11/01,1726,1465
2010/11/02,1732,1450
2010/11/03,1765,1463
2010/11/04,1740,1475
2010/11/05,1730,1482
2010/11/08,1737,1461
2010/11/09,1745,1461
2010/11/10,1740,1479
2010/11/11,1705,1460
2010/11/12,1695,1472
2010/11/15,1701,1471
2010/11/16,1700,1449
2010/11/17,1700,1435
2010/11/18,1700,1434
2010/11/19,1680,1426
2010/11/22,1677,1416
2010/11/23,1675,1390
2010/11/24,1640,1409
2010/11/25,1656,1415
2010/11/26,1643,1415
2010/11/29,1527,1370
2010/11/30,1628,1337
2010/12/01,1600,1350
2010/12/02,1635,1334
2010/12/03,1690,1299
2010/12/06,1712,1295
2010/12/07,1680,1299
2010/12/08,1661,1312
2010/12/09,1639,1300
2010/12/10,1615,1301
2010/12/13,1613,1295
2010/12/14,1659,1292
2010/12/15,1633,1282
2010/12/17,1615,1280
2010/12/20,1647,1284
2010/12/21,1685,1288
2010/12/22,1654,1291
2010/12/23,1660,1317
2010/12/24,1662,1315
2010/12/28,1651,1309
2010/12/29,1649,1294
2010/12/30,1650,1289
2010/12/31,1662,1299
2011/01/03,1670,1294
2011/01/04,1700,1300
2011/01/05,1730,1300
2011/01/06,1742,1327
2011/01/07,1740,1319
2011/01/10,1730,1318
2011/01/11,1775,1350
2011/01/12,1720,1385
2011/01/13,1725,1398
2011/01/14,1724,1394
2011/01/17,1710,1379
2011/01/18,1685,1403
2011/01/19,1680,1421
2011/01/20,1650,1415
2011/01/21,1655,1420
2011/01/24,1650,1407
2011/01/25,1661,1385
2011/01/26,1659,1401
2011/01/27,1660,1439
2011/01/28,1642,1440
2011/01/31,1640,1427
2011/02/01,1650,1459
2011/02/02,1653,1471
2011/02/03,1640,1478
2011/02/04,1645,1510
2011/02/07,1641,1513
2011/02/08,1631,1520
2011/02/09,1640,1529
2011/02/10,1639,1534
2011/02/11,1642,1529
2011/02/14,1650,1533
2011/02/15,1650,1546
2011/02/16,1662,1565
2011/02/17,1651,1584
2011/02/18,1651,1558
2011/02/21,1670,1557
2011/02/22,1660,1517
2011/02/23,1620,1507
2011/02/24,1610,1486
2011/02/25,1620,1495
2011/02/28,1625,1498
2011/03/01,1649,1495
2011/03/02,1610,1460
2011/03/03,1625,1487
2011/03/04,1620,1511
2011/03/07,1617,1502
2011/03/08,1620,1531
2011/03/09,1675,1540
2011/03/10,1648,1492
2011/03/11,1634,1489
2011/03/14,1620,1475
2011/03/15,1600,1435
2011/03/16,1609,1440
2011/03/17,1620,1446
2011/03/18,1649,1441
2011/03/22,1649,1452
2011/03/23,1640,1461
2011/03/24,1655,1476
2011/03/25,1680,1466
2011/03/28,1619,1482
2011/03/29,1617,1490
2011/03/30,1639,1501
2011/03/31,1665,1497
2011/04/01,1674,1517
2011/04/04,1635,1516
2011/04/05,1645,1544
2011/04/06,1675,1557
2011/04/07,1662,1563
2011/04/08,1665,1580
2011/04/11,1650,1547
2011/04/12,1651,1545
2011/04/13,1688,1531
2011/04/14,1690,1534
2011/04/15,1680,1520
2011/04/18,1669,1467
2011/04/19,1660,1489
2011/04/20,1700,1497
2011/04/21,1707,1522
2011/04/26,1700,1510
2011/04/28,1700,1528
2011/04/29,1700,1533
2011/05/03,1685,1510
2011/05/04,1700,1495
2011/05/05,1691,1481
2011/05/06,1682,1486
2011/05/09,1681,1468
2011/05/10,1716,1502
2011/05/11,1695,1510
2011/05/12,1700,1466
2011/05/13,1700,1473
2011/05/16,1689,1464
2011/05/17,1702,1452
2011/05/19,1702,1454
2011/05/20,1708,1450
2011/05/23,1700,1425
2011/05/24,1710,1436
2011/05/25,1704,1445
2011/05/26,1700,1459
2011/05/27,1720,1478
2011/05/30,1717,1476
2011/05/31,1762,1478
2011/06/01,1745,1452
2011/06/02,1740,1430
2011/06/03,1711,1417
2011/06/06,1707,1416
2011/06/07,1715,1426
2011/06/08,1723,1405
2011/06/09,1715,1420
2011/06/10,1715,1404
2011/06/13,1703,1410
2011/06/14,1700,1407
2011/06/15,1701,1398
2011/06/17,1684,1385
2011/06/20,1700,1380
2011/06/21,1713,1399
2011/06/22,1702,1391
2011/06/23,1685,1366
2011/06/24,1671,1378
2011/06/27,1665,1380
2011/06/28,1680,1405
2011/06/29,1690,1430
2011/06/30,1699,1441
2011/07/01,1724,1460
2011/07/04,1695,1452
2011/07/05,1740,1473
2011/07/06,1725,1455
2011/07/07,1721,1468
2011/07/08,1745,1462
2011/07/11,1730,1448
2011/07/12,1711,1442
2011/07/13,1719,1451
2011/07/14,1728,1440
2011/07/15,1748,1454
2011/07/18,1715,1417
2011/07/19,1713,1424
2011/07/20,1733,1420
2011/07/21,1728,1458
2011/07/22,1734,1444
2011/07/25,1734,1430
2011/07/26,1722,1433
2011/07/27,1700,1410
2011/07/28,1700,1402
2011/07/29,1700,1399
2011/08/01,1700,1402
2011/08/02,1677,1365
2011/08/03,1653,1333
2011/08/04,1626,1299
2011/08/05,1565,1267
2011/08/08,1513,1265
2011/08/10,1545,1234
2011/08/11,1583,1278
2011/08/12,1599,1310
2011/08/15,1609,1334
2011/08/16,1621,1351
2011/08/17,1605,1355
2011/08/18,1595,1321
2011/08/19,1574,1310
2011/08/22,1599,1315
2011/08/23,1595,1335
2011/08/24,1612,1350
2011/08/25,1604,1328
2011/08/26,1580,1320
2011/08/29,1608,1379
2011/08/30,1615,1366
2011/08/31,1674,1361
2011/09/01,1666,1368
2011/09/02,1665,1339
2011/09/05,1641,1304
2011/09/06,1630,1299
2011/09/07,1688,1328
2011/09/08,1709,1355
2011/09/09,1667,1311
2011/09/12,1653,1286
2011/09/13,1677,1304
2011/09/14,1650,1313
2011/09/15,1640,1340
2011/09/16,1680,1351
2011/09/19,1670,1355
2011/09/20,1650,1366
2011/09/21,1658,1372
2011/09/22,1645,1321
2011/09/23,1606,1310
2011/09/26,1643,1320
2011/09/27,1685,1374
2011/09/28,1705,1351
2011/09/29,1650,1335
2011/09/30,1698,1305
2011/10/03,1630,1316
2011/10/04,1606,1258
2011/10/05,1593,1283
2011/10/06,1585,1310
2011/10/07,1590,1322
2011/10/10,1587,1363
2011/10/11,1598,1330
2011/10/12,1620,1375
2011/10/13,1623,1346
2011/10/14,1600,1355
2011/10/17,1650,1357
2011/10/18,1647,1360
2011/10/19,1659,1360
2011/10/20,1645,1359
2011/10/21,1677,1394
2011/10/24,1670,1380
2011/10/25,1684,1385
2011/10/26,1685,1393
2011/10/27,1695,1440
2011/10/28,1747,1440
2011/10/31,1705,1400
2011/11/01,1685,1365
2011/11/02,1687,1388
2011/11/03,1695,1384
2011/11/04,1676,1362
2011/11/07,1695,1390
2011/11/08,1705,1390
2011/11/09,1682,1359
2011/11/10,1685,1374
2011/11/11,1690,1393
2011/11/14,1685,1386
2011/11/15,1695,1421
2011/11/16,1699,1420
2011/11/17,1705,1414
2011/11/18,1683,1397
2011/11/21,1660,1369
2011/11/22,1654,1391
2011/11/23,1645,1366
2011/12/02,1645,1366
2011/12/05,1645,1366
2011/12/06,1645,1366
2011/12/07,1645,1366
2011/12/08,1645,1366
2011/12/09,1645,1366
2011/12/12,1645,1366
2011/12/13,1711,1466
2011/12/14,1696,1453
2011/12/15,1716,1624
2011/12/19,1725,1649
2011/12/20,1724,1670
2011/12/21,1718,1681
2011/12/22,1713,1710
2011/12/23,1720,1725
2011/12/28,1715,1703
2011/12/29,1720,1715
2011/12/30,1710,1704
2012/01/03,1729,1747
2012/01/04,1767,1742
2012/01/05,1772,1743
2012/01/06,1770,1743
2012/01/09,1790,1735
2012/01/10,1800,1751
2012/01/11,1790,1740
2012/01/12,1790,1763
2012/01/13,1808,1755
2012/01/16,1795,1767
2012/01/17,1815,1780
2012/01/18,1835,1798
2012/01/19,1800,1794
2012/01/20,1810,1812
2012/01/23,1804,1834
2012/01/24,1800,1813
2012/01/25,1775,1800
2012/01/26,1800,1821
2012/01/27,1805,1821
2012/01/30,1800,1804
2012/01/31,1815,1807
2012/02/01,1826,1830
2012/02/02,1845,1835
2012/02/03,1895,1877
2012/02/06,1890,1852
2012/02/07,1901,1850
2012/02/08,1900,1892
2012/02/09,1921,1904
2012/02/10,1905,1891
2012/02/13,1910,1923
2012/02/14,1940,1915
2012/02/15,1933,1915
2012/02/16,1910,1932
2012/02/17,1905,1957
2012/02/20,1913,1946
2012/02/21,1898,1932
2012/02/22,1888,1902
2012/02/23,1883,1929
2012/02/24,1909,1935
2012/02/27,1889,1915
2012/02/28,1912,1942
2012/02/29,1908,1925
2012/03/01,1920,1931
2012/03/02,1924,1915
2012/03/05,1923,1933
2012/03/06,1830,1878
2012/03/07,1809,1900
2012/03/08,1819,1923
2012/03/09,1817,1930
2012/03/12,1799,1916
2012/03/13,1810,1928
2012/03/14,1823,1949
2012/03/15,1780,1932
2012/03/16,1783,1965
2012/03/19,1810,1987
2012/03/20,1795,1971
2012/03/22,1770,1951
2012/03/23,1765,1925
2012/03/26,1750,1938
2012/03/27,1755,1951
2012/03/28,1760,1932
2012/03/29,1752,1920
2012/03/30,1771,1944
2012/04/02,1767,1988
2012/04/03,1795,1967
2012/04/04,1731,1930
2012/04/05,1743,1947
2012/04/10,1746,1925
2012/04/11,1726,1969
2012/04/12,1728,1968
2012/04/13,1729,1960
2012/04/16,1706,1884
2012/04/17,1734,1900
2012/04/18,1730,1899
2012/04/19,1722,1904
2012/04/20,1732,1896
2012/04/23,1740,1850
2012/04/24,1752,1845
2012/04/25,1736,1860
2012/04/26,1745,1865
2012/04/30,1751,1869
2012/05/02,1753,1868
2012/05/03,1757,1890
2012/05/04,1768,1881
2012/05/07,1745,1868
2012/05/08,1734,1849
2012/05/09,1716,1839
2012/05/10,1733,1928
2012/05/11,1745,1975
2012/05/14,1731,1944
2012/05/15,1730,1946
2012/05/16,1720,1953
2012/05/17,1710,1887
2012/05/18,1690,1850
2012/05/21,1687,1834
2012/05/22,1700,1880
2012/05/23,1685,1865
2012/05/24,1681,1885
2012/05/25,1671,1874
2012/05/28,1672,1875
2012/05/29,1675,1893
2012/05/30,1664,1859
2012/05/31,1669,1865
2012/06/01,1682,1831
2012/06/04,1683,1823
2012/06/05,1695,1835
2012/06/06,1725,1875
2012/06/07,1750,1903
2012/06/08,1727,1910
2012/06/11,1719,1950
2012/06/12,1725,1954
2012/06/13,1739,1936
2012/06/14,1713,1940
2012/06/15,1722,1955
2012/06/18,1740,2005
2012/06/19,1741,2034
2012/06/20,1772,2052
2012/06/21,1759,2070
2012/06/22,1790,2041
2012/06/25,1820,2022
2012/06/26,1812,1995
2012/06/27,1825,1955
2012/06/28,1794,1933
2012/06/29,1800,1950
2012/07/02,1815,1960
2012/07/03,1825,1969
2012/07/04,1830,1973
2012/07/05,1885,1972
2012/07/06,1879,1982
2012/07/09,1865,1972
2012/07/10,1865,1990
2012/07/11,1865,1957
2012/07/12,1865,1962
2012/07/13,1865,2009
2012/07/16,1859,2020
2012/07/17,1850,2000
2012/07/18,1850,2037
2012/07/19,1847,2093
2012/07/20,1875,2067
2012/07/23,1850,2000
2012/07/24,1826,2000
2012/07/25,1823,2000
2012/07/26,1798,2036
2012/07/27,1818,2034
2012/07/30,1870,2059
2012/07/31,1860,2040
2012/08/01,1870,2092
2012/08/02,1875,2078
2012/08/03,1940,2091
2012/08/06,1944,2118
2012/08/07,1927,2148
2012/08/08,1935,2135
2012/08/10,1955,2110
2012/08/13,1969,2125
2012/08/14,1965,2160
2012/08/15,1949,2192
2012/08/16,1940,2202
2012/08/17,1913,2221
2012/08/20,1900,2235
2012/08/21,1916,2238
2012/08/22,1913,2211
2012/08/23,1904,2224
2012/08/24,1912,2213
2012/08/27,1920,2210
2012/08/28,1945,2211
2012/08/29,1960,2211
2012/08/30,1940,2212
2012/08/31,1946,2242
2012/09/03,1964,2228
2012/09/04,1978,2223
2012/09/05,1970,2234
2012/09/06,1975,2274
2012/09/07,1968,2253
2012/09/10,1973,2241
2012/09/11,1988,2267
2012/09/12,2020,2329
2012/09/13,2049,2336
2012/09/14,2067,2345
2012/09/17,2055,2324
2012/09/18,2090,2334
2012/09/19,2060,2312
2012/09/20,2072,2341
2012/09/21,2063,2330
2012/09/25,2085,2343
2012/09/26,2089,2289
2012/09/27,2115,2280
2012/09/28,2119,2284
2012/10/01,1993,2360
2012/10/02,2029,2349
2012/10/03,2030,2385
2012/10/04,2093,2422
2012/10/05,2085,2402
2012/10/08,2062,2403
2012/10/09,2017,2372
2012/10/10,2019,2350
2012/10/11,2061,2395
2012/10/12,2065,2373
2012/10/15,2070,2408
2012/10/16,2115,2459
2012/10/17,2175,2440
2012/10/18,2147,2462
2012/10/19,2096,2453
2012/10/22,2074,2407
2012/10/23,2085,2387
2012/10/24,2090,2393
2012/10/25,2090,2426
2012/10/26,2094,2408
2012/10/29,2100,2384
2012/10/30,2095,2378
2012/10/31,2097,2406
2012/11/01,2090,2400
2012/11/02,2080,2411
2012/11/05,2088,2390
2012/11/06,2086,2396
2012/11/07,2099,2365
2012/11/08,2100,2365
2012/11/09,2085,2336
2012/11/12,2070,2345
2012/11/13,2070,2340
2012/11/14,2051,2384
2012/11/15,2038,2355
2012/11/16,2062,2345
2012/11/19,2085,2399
2012/11/21,2090,2405
2012/11/22,2081,2420
2012/11/23,2070,2425
2012/11/24,2070,2425
2012/11/25,2070,2425
2012/11/26,2079,2385
2012/11/27,2079,2405
2012/11/28,2050,2375
2012/11/29,2060,2390
2012/11/30,2087,2443
2012/12/03,2100,2441
2012/12/04,2088,2446
2012/12/05,2075,2420
2012/12/06,2080,2426
2012/12/07,2090,2421
2012/12/10,2088,2449
2012/12/11,2142,2459
2012/12/12,2120,2467
2012/12/13,2137,2451
2012/12/14,2150,2439
2012/12/18,2178,2423
2012/12/19,2190,2487
2012/12/20,2204,2468
2012/12/21,2192,2466
2012/12/24,2180,2465
2012/12/27,2202,2469
2012/12/28,2216,2446
2012/12/31,2217,2449
2013/01/02,2240,2518
2013/01/03,2249,2529
2013/01/04,2258,2508
2013/01/07,2300,2523
2013/01/08,2262,2525
2013/01/09,2260,2535
2013/01/10,2269,2551
2013/01/11,2297,2605
2013/01/14,2282,2603
2013/01/15,2292,2589
2013/01/16,2300,2576
2013/01/17,2320,2623
2013/01/18,2300,2628
2013/01/21,2300,2629
2013/01/22,2290,2626
2013/01/23,2331,2625
2013/01/24,2350,2679
2013/01/25,2350,2673
2013/01/28,2350,2702
2013/01/29,2355,2705
2013/01/30,2345,2705
2013/01/31,2325,2667
2013/02/01,2307,2644
2013/02/04,2258,2605
2013/02/05,2250,2580
2013/02/06,2260,2600
2013/02/07,2270,2624
2013/02/08,2296,2671
2013/02/11,2290,2696
2013/02/12,2266,2690
2013/02/13,2275,2710
2013/02/14,2303,2697
2013/02/15,2284,2704
2013/02/18,2291,2708
2013/02/19,2290,2768
2013/02/20,2280,2737
2013/02/21,2260,2672
2013/02/22,2260,2685
2013/02/25,2263,2698
2013/02/26,2256,2655
2013/02/27,2213,2667
2013/02/28,2235,2725
2013/03/01,2270,2829
2013/03/04,2270,2808
2013/03/05,2275,2893
2013/03/06,2320,2906
2013/03/07,2320,2875
2013/03/08,2320,2846
2013/03/11,2325,2865
2013/03/12,2339,2848
2013/03/13,2334,2848
2013/03/14,2370,2895
2013/03/15,2370,2881
2013/03/18,2335,2851
2013/03/19,2340,2905
2013/03/20,2340,2911
2013/03/22,2335,2917
2013/03/25,2331,2876
2013/03/26,2380,2863
2013/03/27,2324,2813
2013/03/28,2323,2826
2013/04/02,2380,2859
2013/04/03,2310,2778
2013/04/04,2348,2740
2013/04/05,2308,2703
2013/04/08,2350,2711
2013/04/09,2275,2687
2013/04/10,2296,2739
2013/04/11,2316,2784
2013/04/12,2302,2755
2013/04/15,2241,2769
2013/04/16,2249,2800
2013/04/17,2230,2768
2013/04/18,2230,2783
2013/04/19,2270,2816
2013/04/22,2275,2737
2013/04/23,2275,2826
2013/04/24,2300,2821
2013/04/25,2300,2874
2013/04/26,2312,2880
2013/04/29,2300,2860
2013/04/30,2290,2850
2013/05/02,2310,2839
2013/05/03,2330,2896
2013/05/06,2340,2960
2013/05/07,2357,2984
2013/05/08,2430,3035
2013/05/09,2469,3070
2013/05/10,2460,3021
2013/05/13,2538,3038
2013/05/14,2580,3085
2013/05/15,2650,3118
2013/05/16,2653,3140
2013/05/17,2655,3163
2013/05/20,2550,3100
2013/05/21,2580,3133
2013/05/22,2608,3169
2013/05/23,2593,3067
2013/05/24,2590,3101
2013/05/27,2570,3162
2013/05/28,2643,3200
2013/05/29,2401,3092
2013/05/30,2381,3181
2013/05/31,2384,3114
2013/06/03,2324,3046
2013/06/04,2387,3045
2013/06/05,2344,3035
2013/06/06,2278,2940
2013/06/07,2252,2988
2013/06/10,2330,3020
2013/06/11,2204,2875
2013/06/12,2189,2889
2013/06/13,2126,2858
2013/06/14,2113,2879
2013/06/18,2189,2940
2013/06/19,2142,2903
2013/06/20,2095,2800
2013/06/21,2075,2739
2013/06/24,1981,2662
2013/06/25,2052,2707
2013/06/26,2127,2749
2013/06/27,2188,2720
2013/06/28,2217,2755
2013/07/01,2285,2800
2013/07/02,2260,2768
2013/07/03,2150,2770
2013/07/04,2180,2860
2013/07/05,2135,2810
2013/07/08,2129,2921
2013/07/09,2084,2896
2013/07/10,2086,2880
2013/07/11,2098,2948
2013/07/12,2172,2960
2013/07/15,2214,2950
2013/07/16,2211,2887
2013/07/17,2263,2993
2013/07/18,2283,2985
2013/07/19,2141,2955
2013/07/22,2228,2970
2013/07/23,2320,2987
2013/07/24,2280,2939
2013/07/25,2230,2909
2013/07/26,2151,2892
2013/07/29,2156,2890
2013/07/30,2150,2893
2013/07/31,2150,2935
2013/08/01,2210,2987
2013/08/02,2261,2947
2013/08/05,2203,2930
2013/08/06,2190,2907
2013/08/07,2235,3041
2013/08/08,2190,3110
2013/08/12,2176,3077
2013/08/13,2170,3029
2013/08/14,2204,3060
2013/08/15,2204,3040
2013/08/16,2194,3097
2013/08/19,2205,3082
2013/08/20,2200,3055
2013/08/21,2190,3025
2013/08/22,2190,3010
2013/08/23,2170,3010
2013/08/26,2172,3038
2013/08/27,2145,2995
2013/08/28,2087,2941
2013/08/29,2094,2950
2013/08/30,2057,2900
2013/09/02,2075,2950
2013/09/03,2123,2950
2013/09/04,2127,2939
2013/09/05,2214,2944
2013/09/06,2264,2921
2013/09/09,2284,2945
2013/09/10,2291,3010
2013/09/11,2322,2990
2013/09/12,2421,3028
2013/09/13,2415,3020
2013/09/16,2418,3000
2013/09/17,2441,3016
2013/09/18,2436,2997
2013/09/19,2504,3042
2013/09/20,2420,3010
2013/09/23,2473,2997
2013/09/25,2500,3035
2013/09/26,2479,3048
2013/09/27,2470,3053
2013/09/30,2440,3042
2013/10/01,2444,3065
2013/10/02,2423,3035
2013/10/03,2450,3059
2013/10/04,2429,3028
2013/10/07,2428,3018
2013/10/08,2429,2984
2013/10/09,2405,2930
2013/10/10,2450,3002
2013/10/11,2454,3025
2013/10/14,2390,3053
2013/10/15,2443,3123
2013/10/16,2470,3109
2013/10/17,2469,3120
2013/10/18,2472,3170
2013/10/21,2474,3174
2013/10/22,2484,3186
2013/10/23,2460,3190
2013/10/24,2474,3231
2013/10/25,2450,3240
2013/10/28,2448,3265
2013/10/29,2465,3258
2013/10/30,2460,3221
2013/10/31,2465,3256
2013/11/01,2470,3256
2013/11/04,2462,3291
2013/11/05,2463,3242
2013/11/06,2550,3389
2013/11/07,2523,3330
2013/11/08,2463,3294
2013/11/11,2420,3288
2013/11/12,2444,3325
2013/11/13,2413,3247
2013/11/14,2418,3247
2013/11/15,2435,3259
2013/11/18,2489,3275
2013/11/19,2438,3238
2013/11/20,2459,3246
2013/11/21,2440,3237
2013/11/22,2450,3235
2013/11/25,2422,3242
2013/11/26,2449,3195
2013/11/27,2460,3227
2013/11/28,2602,3310
2013/11/29,2597,3320
2013/12/02,2580,3305
2013/12/03,2540,3190
2013/12/04,2523,3225
2013/12/05,2520,3193
2013/12/06,2544,3207
2013/12/09,2530,3181
2013/12/10,2518,3181
2013/12/11,2501,3168
2013/12/12,2433,3098
2013/12/13,2422,3063
2013/12/17,2460,3120
2013/12/18,2453,3148
2013/12/19,2475,3179
2013/12/20,2480,3178
2013/12/23,2507,3210
2013/12/24,2546,3255
2013/12/27,2530,3299
2013/12/30,2579,3289
2013/12/31,2530,3279
2014/01/02,2600,3322
2014/01/03,2549,3319
2014/01/06,2520,3320
2014/01/07,2541,3364
2014/01/08,2536,3354
2014/01/09,2505,3386
2014/01/10,2536,3433
2014/01/13,2610,3442
2014/01/14,2571,3451
2014/01/15,2600,3489
2014/01/16,2600,3436
2014/01/17,2500,3415
2014/01/20,2500,3427
2014/01/21,2560,3478
2014/01/22,2523,3463
2014/01/23,2500,3426
2014/01/24,2444,3392
2014/01/27,2430,3329
2014/01/28,2431,3331
2014/01/29,2390,3240
2014/01/30,2308,3186
2014/01/31,2356,3153
2014/02/03,2334,3145
2014/02/04,2325,3151
2014/02/05,2301,3152
2014/02/06,2313,3190
2014/02/07,2377,3215
2014/02/10,2362,3246
2014/02/11,2315,3273
2014/02/12,2399,3325
2014/02/13,2369,3317
2014/02/14,2372,3311
2014/02/17,2401,3333
2014/02/18,2382,3338
2014/02/19,2397,3337
2014/02/20,2322,3364
2014/02/21,2270,3362
2014/02/24,2257,3374
2014/02/25,2255,3340
2014/02/26,2250,3360
2014/02/27,2245,3336
2014/02/28,2289,3521
2014/03/03,2263,3535
2014/03/04,2302,3537
2014/03/05,2315,3526
2014/03/06,2363,3534
2014/03/07,2441,3546
2014/03/10,2434,3485
2014/03/11,2405,3476
2014/03/12,2410,3445
2014/03/13,2396,3410
2014/03/14,2366,3370
2014/03/17,2374,3411
2014/03/18,2430,3400
2014/03/19,2477,3425
2014/03/20,2430,3431
2014/03/24,2438,3452
2014/03/25,2435,3513
2014/03/26,2513,3545
2014/03/27,2504,3553
2014/03/28,2504,3540
2014/03/31,2460,3541
2014/04/01,2465,3575
2014/04/02,2435,3577
2014/04/03,2500,3528
2014/04/04,2600,3595
2014/04/07,2600,3537
2014/04/08,2575,3481
2014/04/09,2576,3515
2014/04/10,2645,3526
2014/04/11,2570,3475
2014/04/14,2570,3463
2014/04/15,2534,3471
2014/04/16,2527,3500
2014/04/17,2602,3450
2014/04/22,2610,3520
2014/04/23,2607,3484
2014/04/24,2625,3487
2014/04/25,2653,3489
2014/04/29,2640,3521
2014/04/30,2640,3559
2014/05/02,2702,3590
2014/05/05,2706,3602
2014/05/06,2720,3620
2014/05/08,2683,3641
2014/05/09,2642,3591
2014/05/12,2683,3620
2014/05/13,2715,3627
2014/05/14,2690,3614
2014/05/15,2640,3478
2014/05/16,2610,3485
2014/05/19,2666,3503
2014/05/20,2663,3509
2014/05/21,2641,3513
2014/05/22,2652,3496
2014/05/23,2685,3519
2014/05/26,2657,3558
2014/05/27,2611,3553
2014/05/28,2621,3573
2014/05/29,2620,3548
2014/05/30,2557,3599
2014/06/02,2578,3584
2014/06/03,2608,3575
2014/06/04,2615,3595
2014/06/05,2657,3634
2014/06/06,2660,3639
2014/06/09,2604,3632
2014/06/10,2615,3613
2014/06/11,2634,3610
2014/06/12,2614,3598
2014/06/13,2603,3597
2014/06/17,2660,3590
2014/06/18,2619,3573
2014/06/19,2654,3600
2014/06/20,2682,3573
2014/06/23,2655,3540
2014/06/24,2658,3516
2014/06/25,2598,3500
2014/06/26,2587,3535
2014/06/27,2596,3545
2014/06/30,2625,3598
2014/07/01,2608,3661
2014/07/02,2610,3675
2014/07/03,2606,3683
2014/07/04,2590,3697
2014/07/07,2604,3710
2014/07/08,2594,3671
2014/07/09,2569,3622
2014/07/10,2571,3592
2014/07/11,2565,3623
2014/07/14,2552,3652
2014/07/15,2570,3668
2014/07/16,2579,3705
2014/07/17,2591,3670
2014/07/18,2529,3629
2014/07/21,2520,3591
2014/07/22,2513,3610
2014/07/23,2550,3590
2014/07/24,2565,3595
2014/07/25,2574,3590
2014/07/28,2583,3589
2014/07/29,2610,3596
2014/07/30,2602,3562
2014/07/31,2599,3540
2014/08/01,2590,3497
2014/08/04,2605,3500
2014/08/05,2626,3531
2014/08/06,2600,3512
2014/08/07,2600,3455
2014/08/08,2564,3391
2014/08/11,2631,3417
2014/08/12,2650,3424
2014/08/13,2637,3400
2014/08/14,2642,3430
2014/08/15,2633,3450
2014/08/18,2679,3472
2014/08/19,2675,3475
2014/08/20,2679,3460
2014/08/21,2685,3490
2014/08/22,2692,3484
2014/08/25,2685,3502
2014/08/26,2697,3529
2014/08/27,2700,3551
2014/08/28,2725,3515
2014/08/29,2749,3500
2014/09/01,2786,3522
2014/09/02,2825,3596
2014/09/03,2820,3601
2014/09/04,2830,3627
2014/09/05,2832,3589
2014/09/08,2821,3496
2014/09/09,2804,3499
2014/09/10,2839,3497
2014/09/11,2870,3483
2014/09/12,2911,3470
2014/09/15,2875,3420
2014/09/16,2856,3401
2014/09/17,2880,3458
2014/09/18,2940,3524
2014/09/19,2826,3483
2014/09/22,2830,3443
2014/09/23,2778,3392
2014/09/25,2790,3350
2014/09/26,2800,3358
2014/09/29,2620,3324
2014/09/30,2621,3306
2014/10/01,2635,3284
2014/10/02,2644,3226
2014/10/03,2656,3219
2014/10/06,2630,3272
2014/10/07,2611,3195
2014/10/08,2607,3165
2014/10/09,2616,3140
2014/10/10,2560,3051
2014/10/13,2575,3087
2014/10/14,2612,3095
2014/10/15,2540,3000
2014/10/16,2590,3019
2014/10/17,2609,3115
2014/10/20,2608,3085
2014/10/21,2628,3169
2014/10/22,2660,3210
2014/10/23,2650,3251
2014/10/24,2663,3256
2014/10/27,2688,3256
2014/10/28,2719,3275
2014/10/29,2770,3340
2014/10/30,2788,3325
2014/10/31,2819,3422
2014/11/03,2857,3425
2014/11/04,2822,3410
2014/11/05,2883,3432
2014/11/06,2850,3430
2014/11/07,2875,3432
2014/11/10,2946,3489
2014/11/11,2976,3517
2014/11/12,3023,3465
2014/11/13,3003,3476
2014/11/14,3038,3466
2014/11/17,3001,3454
2014/11/18,3084,3458
2014/11/19,3019,3473
2014/11/20,3008,3421
2014/11/21,3075,3479
2014/11/24,3083,3485
2014/11/25,3040,3462
2014/11/26,3112,3459
2014/11/27,3125,3479
2014/11/28,3155,3463
2014/12/01,3046,3392
2014/12/02,3109,3462
2014/12/03,3075,3483
2014/12/04,3078,3460
2014/12/05,3022,3493
2014/12/08,3041,3518
2014/12/09,3015,3420
2014/12/10,3015,3415
2014/12/11,2982,3390
2014/12/12,2968,3378
2014/12/15,2918,3295
2014/12/17,2889,3275
2014/12/18,2992,3420
2014/12/19,2999,3371
2014/12/22,2990,3422
2014/12/23,3004,3451
2014/12/24,2980,3472
2014/12/29,3013,3472
2014/12/30,3019,3428
2014/12/31,3000,3470
2015/01/02,3031,3440
2015/01/05,2947,3287
2015/01/06,2990,3327
2015/01/07,2972,3321
2015/01/08,3055,3373
2015/01/09,2993,3317
2015/01/12,2929,3318
2015/01/13,2974,3382
2015/01/14,2946,3294
2015/01/15,2920,3318
2015/01/16,2960,3340
2015/01/19,2962,3420
2015/01/20,2941,3411
2015/01/21,2963,3430
2015/01/22,3031,3478
2015/01/23,3083,3503
2015/01/26,3086,3539
2015/01/27,3109,3577
2015/01/28,3133,3640
2015/01/29,3110,3640
2015/01/30,3133,3665
2015/02/02,3134,3654
2015/02/03,3212,3692
2015/02/04,3189,3675
2015/02/05,3208,3695
2015/02/06,3246,3750
2015/02/09,3255,3757
2015/02/10,3263,3840
2015/02/11,3294,3900
2015/02/12,3320,3874
2015/02/13,3335,3896
2015/02/16,3300,3880
2015/02/17,3290,3871
2015/02/18,3283,3915
2015/02/19,3300,3927
2015/02/20,3289,3896
2015/02/23,3291,3955
2015/02/24,3382,3935
2015/02/25,3333,3941
2015/02/26,3269,3960
2015/02/27,3255,4056
2015/03/02,3209,4040
2015/03/03,3210,4035
2015/03/04,3230,4020
2015/03/05,3245,4083
2015/03/06,3262,4124
2015/03/09,3209,4100
2015/03/10,3160,4067
2015/03/11,3155,4050
2015/03/12,3225,4104
2015/03/13,3242,4088
2015/03/16,3194,4167
2015/03/17,3275,4133
2015/03/18,3286,4131
2015/03/19,3327,4154
2015/03/20,3230,4137
2015/03/23,3172,4096
2015/03/24,3220,4168
2015/03/25,3254,4125
2015/03/26,3198,4032
2015/03/27,3205,4039
2015/03/30,3243,4090
2015/03/31,3282,4027
2015/04/01,3280,4020
2015/04/02,3314,4053
2015/04/07,3307,4089
2015/04/08,3280,4119
2015/04/09,3330,4115
2015/04/10,3380,4133
2015/04/13,3475,4188
2015/04/14,3390,4170
2015/04/15,3372,4243
2015/04/16,3416,4310
2015/04/17,3375,4280
2015/04/20,3390,4165
2015/04/21,3452,4220
2015/04/22,3425,4240
2015/04/23,3425,4231
2015/04/24,3421,4265
2015/04/28,3374,4198
2015/04/29,3366,4242
2015/04/30,3385,4296
2015/05/04,3352,4241
2015/05/05,3388,4230
2015/05/06,3300,4208
2015/05/07,3262,4195
2015/05/08,3319,4290
2015/05/11,3278,4361
2015/05/12,3246,4268
2015/05/13,3237,4239
2015/05/14,3220,4265
2015/05/15,3223,4255
2015/05/18,3302,4258
2015/05/19,3318,4348
2015/05/20,3358,4305
2015/05/21,3305,4327
2015/05/22,3241,4350
2015/05/25,3239,4340
2015/05/26,3148,4275
2015/05/27,3150,4248
2015/05/28,3138,4186
2015/05/29,3062,4108
2015/06/01,3018,4072
2015/06/02,2969,4058
2015/06/03,2960,4046
2015/06/04,2930,4021
2015/06/05,2956,4034
2015/06/08,2965,4031
2015/06/09,2965,3953
2015/06/10,2971,4031
2015/06/11,3023,4052
2015/06/12,2958,4000
2015/06/15,2933,3936
2015/06/17,2926,3946
2015/06/18,2935,3954
2015/06/19,2829,3952
2015/06/22,2917,4000
2015/06/23,2947,4026
2015/06/24,2954,4016
2015/06/25,3004,4004
2015/06/26,2964,4041
2015/06/29,2963,3952
2015/06/30,3015,3870
2015/07/01,2983,3940
2015/07/02,3040,3947
2015/07/03,3034,3935
2015/07/06,3000,3960
2015/07/07,2906,3853
2015/07/08,2935,3941
2015/07/09,3073,4052
2015/07/10,3100,4140
2015/07/13,3107,4231
2015/07/14,3054,4141
2015/07/15,3070,4206
2015/07/16,3096,4248
2015/07/17,3095,4220
2015/07/20,3134,4245
2015/07/21,3104,4218
2015/07/22,3023,4168
2015/07/23,3019,4189
2015/07/24,2959,4139
2015/07/27,2928,4120
2015/07/28,2880,4116
2015/07/29,2910,4157
2015/07/30,2920,4214
2015/07/31,2945,4181
2015/08/03,2893,4206
2015/08/04,2989,4331
2015/08/05,3000,4365
2015/08/06,3016,4533
2015/08/07,2994,4447
2015/08/11,2983,4510
2015/08/12,2848,4311
2015/08/13,2920,4400
2015/08/14,2839,4334
2015/08/17,2805,4341
2015/08/18,2800,4339
2015/08/19,2800,4223
2015/08/20,2806,4167
2015/08/21,2769,4014
2015/08/24,2671,3870
2015/08/25,2800,3973
2015/08/26,2757,3943
2015/08/27,2780,4021
2015/08/28,2822,4042
2015/08/31,2811,3973
2015/09/01,2756,3833
2015/09/02,2760,3915
2015/09/03,2749,3964
2015/09/04,2660,3893
2015/09/07,2640,3943
2015/09/08,2635,4003
2015/09/09,2589,4075
2015/09/10,2590,4050
2015/09/11,2495,3975
2015/09/14,2577,3974
2015/09/15,2556,4005
2015/09/16,2558,4058
2015/09/17,2570,4096
2015/09/18,2591,3976
2015/09/21,2545,3970
2015/09/22,2508,3899
2015/09/23,2541,4020
2015/09/25,2509,4000
2015/09/28,2384,3940
2015/09/29,2312,3870
2015/09/30,2379,3963
2015/10/01,2400,4016
2015/10/02,2440,4058
2015/10/05,2498,4168
2015/10/06,2457,4180
2015/10/07,2507,4255
2015/10/08,2507,4263
2015/10/09,2526,4310
2015/10/12,2521,4286
2015/10/13,2508,4202
2015/10/14,2512,4205
2015/10/15,2490,4196
2015/10/16,2455,4230
2015/10/19,2485,4306
2015/10/20,2422,4263
2015/10/21,2382,4329
2015/10/22,2386,4329
2015/10/23,2475,4457
2015/10/26,2553,4480
2015/10/27,2527,4454
2015/10/28,2552,4446
2015/10/29,2514,4480
2015/10/30,2510,4503
2015/11/02,2504,4532
2015/11/03,2562,4562
2015/11/04,2567,4571
2015/11/05,2544,4420
2015/11/06,2459,4385
2015/11/09,2481,4405
2015/11/10,2410,4285
2015/11/11,2415,4326
2015/11/12,2371,4245
2015/11/13,2320,4156
2015/11/16,2367,4179
2015/11/17,2401,4317
2015/11/18,2373,4318
2015/11/19,2499,4350
2015/11/20,2530,4409
2015/11/23,2534,4416
