Date,Vodacom,MTN
2009/05/18,5880,11425
2009/05/19,5680,11900
2009/05/20,5680,12201
2009/05/21,5560,11800
2009/05/22,5675,11900
2009/05/25,5700,12990
2009/05/26,5549,12485
2009/05/27,5306,11950
2009/05/28,5225,11950
2009/05/29,5200,11535
2009/06/01,5365,12000
2009/06/02,5405,12351
2009/06/03,5380,12100
2009/06/04,5500,11701
2009/06/05,5580,11650
2009/06/08,5550,11900
2009/06/09,5464,11950
2009/06/10,5510,11775
2009/06/11,5490,12000
2009/06/12,5450,12050
2009/06/15,5499,12310
2009/06/17,5525,11849
2009/06/18,5398,11751
2009/06/19,5328,12125
2009/06/22,5340,11900
2009/06/23,5410,11950
2009/06/24,5600,12076
2009/06/25,5575,11851
2009/06/26,5600,11990
2009/06/29,5600,11900
2009/06/30,5720,11831
2009/07/01,5730,11900
2009/07/02,5401,11900
2009/07/03,5450,11930
2009/07/06,5410,12000
2009/07/07,5575,12100
2009/07/08,5700,11900
2009/07/09,5760,12001
2009/07/10,5798,11990
2009/07/13,5790,12025
2009/07/14,5715,12349
2009/07/15,5860,12889
2009/07/16,5840,12945
2009/07/17,5727,12990
2009/07/20,5800,12895
2009/07/21,5860,13129
2009/07/22,5800,12980
2009/07/23,5740,12651
2009/07/24,5700,12588
2009/07/27,5830,12625
2009/07/28,5820,12600
2009/07/29,5770,12540
2009/07/30,5785,12699
2009/07/31,5870,12800
2009/08/03,5780,12700
2009/08/04,5711,12799
2009/08/05,5650,12700
2009/08/06,5739,12900
2009/08/07,5700,13110
2009/08/11,5530,13169
2009/08/12,5486,13050
2009/08/13,5535,13000
2009/08/14,5568,13096
2009/08/17,5550,12701
2009/08/18,5550,12860
2009/08/19,5550,12720
2009/08/20,5600,12635
2009/08/21,5725,12650
2009/08/24,5755,12795
2009/08/25,5800,12701
2009/08/26,5900,12735
2009/08/27,5840,13100
2009/08/28,5733,13200
2009/08/31,5760,12750
2009/09/01,5780,12706
2009/09/02,5800,12795
2009/09/03,5850,12611
2009/09/04,5750,12450
2009/09/07,5750,12525
2009/09/08,5635,12461
2009/09/09,5500,12700
2009/09/10,5450,12730
2009/09/11,5450,12625
2009/09/14,5350,12362
2009/09/15,5365,12538
2009/09/16,5320,12705
2009/09/17,5325,12780
2009/09/18,5325,12820
2009/09/21,5450,12650
2009/09/22,5599,12550
2009/09/23,5649,12610
2009/09/25,5655,12600
2009/09/28,5695,12450
2009/09/29,5600,12330
2009/09/30,5615,12215
2009/10/01,5480,12900
2009/10/02,5500,13161
2009/10/05,5500,12875
2009/10/06,5435,12700
2009/10/07,5400,12991
2009/10/08,5500,12905
2009/10/09,5440,12605
2009/10/12,5401,12700
2009/10/13,5300,12450
2009/10/14,5415,12420
2009/10/15,5510,12580
2009/10/16,5570,12250
2009/10/19,5550,12250
2009/10/20,5325,12168
2009/10/21,5400,12425
2009/10/22,5360,12590
2009/10/23,5500,12471
2009/10/26,5490,12470
2009/10/27,5450,12101
2009/10/28,5485,11800
2009/10/29,5410,11650
2009/10/30,5440,11750
2009/11/02,5287,11461
2009/11/03,5155,11499
2009/11/04,5156,11401
2009/11/05,5265,11585
2009/11/06,5238,11600
2009/11/09,5202,11375
2009/11/10,5350,11289
2009/11/11,5510,11401
2009/11/12,5600,11800
2009/11/13,5600,11980
2009/11/16,5600,11700
2009/11/17,5585,11978
2009/11/18,5760,11910
2009/11/19,5800,11960
2009/11/20,5730,11977
2009/11/23,5850,11940
2009/11/24,5865,11900
2009/11/25,5950,11815
2009/11/26,5770,11650
2009/11/27,5801,11500
2009/11/30,5700,11880
2009/12/01,5699,12048
2009/12/02,5670,11690
2009/12/03,5630,11490
2009/12/04,5580,11610
2009/12/07,5500,11739
2009/12/08,5500,11500
2009/12/09,5370,11075
2009/12/10,5330,11373
2009/12/11,5385,11400
2009/12/14,5350,11460
2009/12/15,5439,11100
2009/12/17,5368,11277
2009/12/18,5500,11475
2009/12/21,5525,11300
2009/12/22,5580,11575
2009/12/23,5701,11720
2009/12/24,5630,11640
2009/12/28,5750,11920
2009/12/29,5700,11800
2009/12/30,5455,11581
2009/12/31,5649,11790
2010/01/04,5675,11465
2010/01/05,5725,11150
2010/01/06,5571,11075
2010/01/07,5401,10810
2010/01/08,5385,10930
2010/01/11,5350,10800
2010/01/12,5340,10550
2010/01/13,5404,10800
2010/01/14,5341,10750
2010/01/15,5416,10899
2010/01/18,5363,10750
2010/01/19,5440,10748
2010/01/20,5569,10710
2010/01/21,5440,10750
2010/01/22,5356,10750
2010/01/25,5350,10925
2010/01/26,5285,10639
2010/01/27,5329,10653
2010/01/28,5460,10675
2010/01/29,5450,10945
2010/02/01,5474,10925
2010/02/02,5441,10935
2010/02/03,5450,10901
2010/02/04,5460,10850
2010/02/05,5325,10700
2010/02/08,5335,10925
2010/02/09,5550,11100
2010/02/10,5460,11080
2010/02/11,5450,11275
2010/02/12,5385,11050
2010/02/15,5410,11147
2010/02/16,5350,10920
2010/02/17,5360,10880
2010/02/18,5400,11175
2010/02/19,5425,11150
2010/02/22,5505,11050
2010/02/23,5425,11050
2010/02/24,5500,11051
2010/02/25,5369,11100
2010/02/26,5375,11190
2010/03/01,5450,11399
2010/03/02,5440,11600
2010/03/03,5400,11510
2010/03/04,5465,11769
2010/03/05,5450,11820
2010/03/08,5490,11775
2010/03/09,5550,11890
2010/03/10,5550,11795
2010/03/11,5430,11550
2010/03/12,5460,11806
2010/03/15,5470,11960
2010/03/16,5480,12020
2010/03/17,5509,12000
2010/03/18,5651,12450
2010/03/19,5710,12415
2010/03/23,5601,12210
2010/03/24,5650,12156
2010/03/25,5615,11520
2010/03/26,5630,11600
2010/03/29,5550,11255
2010/03/30,5520,11190
2010/03/31,5560,11200
2010/04/01,5653,11176
2010/04/06,5623,11300
2010/04/07,5555,11320
2010/04/08,5530,11210
2010/04/09,5570,11175
2010/04/12,5530,11225
2010/04/13,5550,11180
2010/04/14,5500,11271
2010/04/15,5505,11375
2010/04/16,5410,11150
2010/04/19,5435,11080
2010/04/20,5450,11080
2010/04/21,5520,11038
2010/04/22,5575,10751
2010/04/23,5535,11000
2010/04/26,5629,10950
2010/04/28,5555,10678
2010/04/29,5674,10840
2010/04/30,5670,10932
2010/05/03,5660,10914
2010/05/04,5500,10700
2010/05/05,5530,10626
2010/05/06,5501,10501
2010/05/07,5339,10260
2010/05/10,5410,10400
2010/05/11,5450,10400
2010/05/12,5591,10675
2010/05/13,5585,10340
2010/05/14,5550,10250
2010/05/17,5800,10321
2010/05/18,5955,10500
2010/05/19,6050,10330
2010/05/20,5881,9935
2010/05/21,5940,9860
2010/05/24,6068,10450
2010/05/25,5970,10171
2010/05/26,6035,11000
2010/05/27,6211,10880
2010/05/28,6250,10655
2010/05/31,6210,10795
2010/06/01,6168,10699
2010/06/02,6150,10552
2010/06/03,6000,10279
2010/06/04,5950,10150
2010/06/07,5970,10000
2010/06/08,5900,9822
2010/06/09,6007,10140
2010/06/10,6125,10499
2010/06/11,6062,10520
2010/06/14,6200,10800
2010/06/15,6320,10950
2010/06/17,6380,11319
2010/06/18,6349,11325
2010/06/21,6390,11150
2010/06/22,6340,11350
2010/06/23,6219,11175
2010/06/24,6100,10720
2010/06/25,6179,10749
2010/06/28,5915,10444
2010/06/29,5870,10325
2010/06/30,5850,10100
2010/07/01,5830,10001
2010/07/02,5840,10290
2010/07/05,5900,10300
2010/07/06,6000,10620
2010/07/07,5950,10750
2010/07/08,5959,10825
2010/07/09,6000,11100
2010/07/12,5980,10985
2010/07/13,6000,11084
2010/07/14,6076,11000
2010/07/15,6090,11305
2010/07/16,6200,11696
2010/07/19,6174,11422
2010/07/20,6140,11525
2010/07/21,6280,11790
2010/07/22,6210,11824
2010/07/23,6239,11850
2010/07/26,6250,11795
2010/07/27,6318,11790
2010/07/28,6200,11550
2010/07/29,6250,11576
2010/07/30,6200,11695
2010/08/02,6325,11999
2010/08/03,6225,11830
2010/08/04,6240,11630
2010/08/05,6225,11680
2010/08/06,6335,11650
2010/08/10,6300,11564
2010/08/11,6190,11426
2010/08/12,6200,11463
2010/08/13,6195,11650
2010/08/16,6191,11800
2010/08/17,6180,11920
2010/08/18,6118,11749
2010/08/19,6020,11900
2010/08/20,5900,12025
2010/08/23,6050,12290
2010/08/24,6033,12097
2010/08/25,5925,11700
2010/08/26,5990,11830
2010/08/27,6000,11853
2010/08/30,6098,11936
2010/08/31,6169,12050
2010/09/01,6235,12382
2010/09/02,6243,12225
2010/09/03,6248,12475
2010/09/06,6299,12450
2010/09/07,6200,12250
2010/09/08,6282,12320
2010/09/09,6300,12400
2010/09/10,6320,12566
2010/09/13,6300,12520
2010/09/14,6345,12249
2010/09/15,6328,12016
2010/09/16,6365,12177
2010/09/17,6390,12125
2010/09/20,6500,12449
2010/09/21,6570,12434
2010/09/22,6653,12400
2010/09/23,6647,12501
2010/09/27,6674,12164
2010/09/28,6720,12168
2010/09/29,6869,12418
2010/09/30,6925,12600
2010/10/01,6950,12648
2010/10/04,6700,12638
2010/10/05,6800,12645
2010/10/06,6750,12671
2010/10/07,6750,12546
2010/10/08,6803,12849
2010/10/11,6755,12880
2010/10/12,6850,12775
2010/10/13,6925,12800
2010/10/14,6840,12885
2010/10/15,6730,12700
2010/10/18,6765,12728
2010/10/19,6790,12501
2010/10/20,6780,12155
2010/10/21,6780,12540
2010/10/22,6649,12400
2010/10/25,6716,12310
2010/10/26,6700,12490
2010/10/27,6650,12385
2010/10/28,6684,12398
2010/10/29,6730,12600
2010/11/01,6720,12480
2010/11/02,6640,12675
2010/11/03,6715,12980
2010/11/04,6790,12738
2010/11/05,6780,12866
2010/11/08,6849,12720
2010/11/09,6950,12770
2010/11/10,7069,12950
2010/11/11,7020,13045
2010/11/12,6960,13100
2010/11/15,6973,13245
2010/11/16,6930,13128
2010/11/17,7000,13240
2010/11/18,7200,12950
2010/11/19,7068,13000
2010/11/22,7100,13055
2010/11/23,6950,12450
2010/11/24,7060,12551
2010/11/25,7075,12507
2010/11/26,7005,12556
2010/11/29,6809,12321
2010/11/30,6650,12110
2010/12/01,6861,12302
2010/12/02,7029,12642
2010/12/03,7091,12683
2010/12/06,7320,12903
2010/12/07,7255,12754
2010/12/08,7263,13003
2010/12/09,7223,13000
2010/12/10,7300,12757
2010/12/13,7250,12610
2010/12/14,7210,12550
2010/12/15,7352,12600
2010/12/17,7545,12700
2010/12/20,7540,12736
2010/12/21,7530,13129
2010/12/22,7490,13148
2010/12/23,7420,13225
2010/12/24,7275,13094
2010/12/28,7445,13198
2010/12/29,7460,13184
2010/12/30,7637,13441
2010/12/31,7648,13442
2011/01/03,7690,13400
2011/01/04,7826,13225
2011/01/05,7755,13090
2011/01/06,7635,12990
2011/01/07,7560,13000
2011/01/10,7409,12937
2011/01/11,7500,13032
2011/01/12,7397,13035
2011/01/13,7345,13021
2011/01/14,7544,13326
2011/01/17,7510,13012
2011/01/18,7355,13000
2011/01/19,7222,12679
2011/01/20,7222,12453
2011/01/21,7200,12830
2011/01/24,7174,12872
2011/01/25,7220,12744
2011/01/26,7200,12799
2011/01/27,7300,12793
2011/01/28,7114,12598
2011/01/31,7000,12300
2011/02/01,7128,12595
2011/02/02,7450,12940
2011/02/03,7699,13183
2011/02/04,7723,13057
2011/02/07,7500,12745
2011/02/08,7350,12881
2011/02/09,7339,12600
2011/02/10,7255,12351
2011/02/11,7525,12599
2011/02/14,7579,12710
2011/02/15,7402,12500
2011/02/16,7400,12500
2011/02/17,7300,12569
2011/02/18,7455,12560
2011/02/21,7430,12635
2011/02/22,7350,12397
2011/02/23,7300,12055
2011/02/24,7157,11969
2011/02/25,7359,12075
2011/02/28,7490,12290
2011/03/01,7400,12282
2011/03/02,7380,12380
2011/03/03,7510,12579
2011/03/04,7492,12400
2011/03/07,7500,12650
2011/03/08,7405,12575
2011/03/09,7532,13189
2011/03/10,7370,12728
2011/03/11,7450,13138
2011/03/14,7400,13140
2011/03/15,7204,12455
2011/03/16,7271,12800
2011/03/17,7448,12978
2011/03/18,7310,12846
2011/03/22,7400,12910
2011/03/23,7375,13150
2011/03/24,7568,13530
2011/03/25,7504,13423
2011/03/28,7680,13119
2011/03/29,7740,13600
2011/03/30,7995,14055
2011/03/31,7938,13657
2011/04/01,7900,13889
2011/04/04,7910,13950
2011/04/05,7805,13800
2011/04/06,7860,13881
2011/04/07,7900,13700
2011/04/08,7832,13600
2011/04/11,7843,13725
2011/04/12,7830,13570
2011/04/13,7819,13600
2011/04/14,7776,13450
2011/04/15,7610,13430
2011/04/18,7506,13050
2011/04/19,7550,13346
2011/04/20,7750,13969
2011/04/21,7889,14023
2011/04/26,7850,14099
2011/04/28,8000,14305
2011/04/29,8030,14599
2011/05/03,7910,14296
2011/05/04,7900,14289
2011/05/05,7900,14340
2011/05/06,7920,14200
2011/05/09,7950,14190
2011/05/10,8000,14150
2011/05/11,7930,14040
2011/05/12,7900,13900
2011/05/13,7990,13950
2011/05/16,8170,14100
2011/05/17,8100,13910
2011/05/19,8149,14090
2011/05/20,8117,13991
2011/05/23,8000,13850
2011/05/24,8201,14175
2011/05/25,8200,14040
2011/05/26,8250,14115
2011/05/27,8290,14285
2011/05/30,8250,14200
2011/05/31,8350,14475
2011/06/01,8497,14400
2011/06/02,8490,14369
2011/06/03,8485,14180
2011/06/06,8439,14080
2011/06/07,8526,14150
2011/06/08,8417,14230
2011/06/09,8432,14106
2011/06/10,8379,13942
2011/06/13,8515,13854
2011/06/14,8540,13795
2011/06/15,8600,13626
2011/06/17,8460,13595
2011/06/20,8410,13615
2011/06/21,8465,13680
2011/06/22,8450,13410
2011/06/23,8440,13540
2011/06/24,8490,13710
2011/06/27,8200,14133
2011/06/28,8210,14050
2011/06/29,8265,14280
2011/06/30,8395,14390
2011/07/01,8360,14429
2011/07/04,8490,14480
2011/07/05,8345,14694
2011/07/06,8426,14398
2011/07/07,8408,14400
2011/07/08,8302,14040
2011/07/11,8442,14075
2011/07/12,8457,14220
2011/07/13,8560,14411
2011/07/14,8511,14533
2011/07/15,8582,14650
2011/07/18,8600,14280
2011/07/19,8699,14401
2011/07/20,8781,14390
2011/07/21,8785,14470
2011/07/22,8749,14400
2011/07/25,8700,14550
2011/07/26,8780,14450
2011/07/27,8545,14117
2011/07/28,8501,14431
2011/07/29,8506,14490
2011/08/01,8650,14650
2011/08/02,8641,14569
2011/08/03,8655,14149
2011/08/04,8500,13400
2011/08/05,8250,13537
2011/08/08,8049,13213
2011/08/10,8100,12980
2011/08/11,8408,13500
2011/08/12,8438,13678
2011/08/15,8440,13929
2011/08/16,8420,13695
2011/08/17,8542,13700
2011/08/18,8425,13298
2011/08/19,8565,13770
2011/08/22,8550,13604
2011/08/23,8567,13525
2011/08/24,8520,13725
2011/08/25,8451,13528
2011/08/26,8520,13588
2011/08/29,8741,13940
2011/08/30,8800,14001
2011/08/31,9040,14424
2011/09/01,9287,14424
2011/09/02,9080,14301
2011/09/05,8990,14013
2011/09/06,8850,13900
2011/09/07,9070,14490
2011/09/08,9074,14450
2011/09/09,8945,14393
2011/09/12,8850,13750
2011/09/13,8950,13650
2011/09/14,9055,13711
2011/09/15,9274,14100
2011/09/16,9230,14128
2011/09/19,9170,13952
2011/09/20,9268,13951
2011/09/21,9200,13715
2011/09/22,8799,13200
2011/09/23,8681,13050
2011/09/26,8720,13061
2011/09/27,9204,13714
2011/09/28,9237,13580
2011/09/29,8993,13076
2011/09/30,9036,13250
2011/10/03,8894,13532
2011/10/04,8700,13144
2011/10/05,8700,13100
2011/10/06,8799,13065
2011/10/07,8825,13140
2011/10/10,9200,13576
2011/10/11,9240,13305
2011/10/12,9120,13524
2011/10/13,9000,13350
2011/10/14,8852,13120
2011/10/17,8925,13235
2011/10/18,8950,13390
2011/10/19,8900,13440
2011/10/20,8750,13101
2011/10/21,8660,13294
2011/10/24,8733,13100
2011/10/25,8750,13250
2011/10/26,8802,13300
2011/10/27,8900,13585
2011/10/28,9000,13970
2011/10/31,8990,13852
2011/11/01,8960,13594
2011/11/02,9061,13850
2011/11/03,8989,13790
2011/11/04,8920,13450
2011/11/07,8851,13825
2011/11/08,8845,13899
2011/11/09,8750,13560
2011/11/10,8946,13601
2011/11/11,9000,13602
2011/11/14,9100,13700
2011/11/15,9134,13560
2011/11/16,9190,13740
2011/11/17,9159,13750
2011/11/18,9031,13650
2011/11/21,8984,13500
2011/11/22,9054,13680
2011/11/23,8985,13602
2011/12/02,8985,13602
2011/12/05,8985,13602
2011/12/06,8985,13602
2011/12/07,8985,13602
2011/12/08,8985,13602
2011/12/09,8985,13602
2011/12/12,8985,13602
2011/12/13,8875,14050
2011/12/14,8840,13850
2011/12/15,8833,13850
2011/12/19,8700,13638
2011/12/20,8677,13899
2011/12/21,8732,13780
2011/12/22,8790,14000
2011/12/23,8850,14050
2011/12/28,8939,14212
2011/12/29,8960,14300
2011/12/30,8900,14373
2012/01/03,9081,14393
2012/01/04,9031,13961
2012/01/05,8950,13206
2012/01/06,9149,13625
2012/01/09,9149,13565
2012/01/10,9150,13570
2012/01/11,9100,13270
2012/01/12,9090,13060
2012/01/13,9080,12900
2012/01/16,9100,13300
2012/01/17,9128,13470
2012/01/18,9120,13503
2012/01/19,9048,13540
2012/01/20,9150,13489
2012/01/23,9206,13579
2012/01/24,9196,13485
2012/01/25,9235,13500
2012/01/26,9440,13500
2012/01/27,9400,13299
2012/01/30,9440,13067
2012/01/31,9635,13320
2012/02/01,9685,13550
2012/02/02,9990,13829
2012/02/03,10220,13599
2012/02/06,10070,13195
2012/02/07,10140,13200
2012/02/08,10097,13301
2012/02/09,10087,13588
2012/02/10,10000,13425
2012/02/13,10113,13560
2012/02/14,10350,13500
2012/02/15,10378,13550
2012/02/16,10241,13340
2012/02/17,10200,13425
2012/02/20,10281,13450
2012/02/21,10180,13440
2012/02/22,10218,13372
2012/02/23,10170,13330
2012/02/24,10150,13440
2012/02/27,10150,13274
2012/02/28,10222,13445
2012/02/29,10350,13530
2012/03/01,10300,13650
2012/03/02,10240,13749
2012/03/05,10380,13605
2012/03/06,10300,13513
2012/03/07,10400,13920
2012/03/08,10417,13900
2012/03/09,10420,14200
2012/03/12,10440,14325
2012/03/13,10540,14201
2012/03/14,10570,14010
2012/03/15,10516,13817
2012/03/16,10500,13975
2012/03/19,10475,14010
2012/03/20,10395,14120
2012/03/22,10310,14045
2012/03/23,10375,14100
2012/03/26,10500,13709
2012/03/27,10509,13900
2012/03/28,10637,13950
2012/03/29,10775,13740
2012/03/30,10815,13502
2012/04/02,10850,12899
2012/04/03,11041,13200
2012/04/04,10720,12755
2012/04/05,10859,12989
2012/04/10,10969,13116
2012/04/11,10875,13102
2012/04/12,10800,13103
2012/04/13,10725,13059
2012/04/16,10700,12854
2012/04/17,10756,13050
2012/04/18,10796,13300
2012/04/19,10660,13490
2012/04/20,10734,13406
2012/04/23,10660,13400
2012/04/24,10685,13450
2012/04/25,10860,13500
2012/04/26,10840,13373
2012/04/30,10810,13589
2012/05/02,10749,13629
2012/05/03,10675,13450
2012/05/04,10655,13668
2012/05/07,10670,13629
2012/05/08,10655,13481
2012/05/09,10620,13445
2012/05/10,10670,13545
2012/05/11,10699,13657
2012/05/14,10613,13340
2012/05/15,10570,13470
2012/05/16,10665,13662
2012/05/17,10250,13445
2012/05/18,10000,13250
2012/05/21,10310,13271
2012/05/22,10450,13318
2012/05/23,10320,13095
2012/05/24,10390,13230
2012/05/25,10350,13315
2012/05/28,10150,13290
2012/05/29,10124,13575
2012/05/30,10070,13371
2012/05/31,10150,13446
2012/06/01,10171,13550
2012/06/04,10200,13600
2012/06/05,10000,13441
2012/06/06,9800,13529
2012/06/07,9880,13430
2012/06/08,9698,13430
2012/06/11,9800,13315
2012/06/12,9814,13462
2012/06/13,9727,13589
2012/06/14,9666,13500
2012/06/15,9767,13596
2012/06/18,9420,13913
2012/06/19,9380,13880
2012/06/20,9349,13819
2012/06/21,9265,13990
2012/06/22,9349,13800
2012/06/25,9300,14097
2012/06/26,9440,14190
2012/06/27,9430,14249
2012/06/28,9269,14000
2012/06/29,9290,14092
2012/07/02,9405,14195
2012/07/03,9585,14200
2012/07/04,9600,14201
2012/07/05,9590,14460
2012/07/06,9640,14480
2012/07/09,9809,14413
2012/07/10,9850,14650
2012/07/11,9575,14492
2012/07/12,9329,14170
2012/07/13,9345,14487
2012/07/16,9280,14421
2012/07/17,9075,14350
2012/07/18,9005,14550
2012/07/19,9184,14750
2012/07/20,9345,14730
2012/07/23,9315,14300
2012/07/24,9220,14715
2012/07/25,9360,15103
2012/07/26,9296,15120
2012/07/27,9370,15516
2012/07/30,9541,15250
2012/07/31,9600,14898
2012/08/01,9695,15510
2012/08/02,9650,15510
2012/08/03,9700,15750
2012/08/06,9731,15597
2012/08/07,9706,15374
2012/08/08,9797,15300
2012/08/10,10016,15485
2012/08/13,9900,15432
2012/08/14,10050,15555
2012/08/15,10088,15700
2012/08/16,10100,15719
2012/08/17,10040,15275
2012/08/20,10069,15620
2012/08/21,10100,15846
2012/08/22,10171,15794
2012/08/23,10342,15694
2012/08/24,10330,15840
2012/08/27,10400,15610
2012/08/28,10441,15405
2012/08/29,10534,15700
2012/08/30,10570,15600
2012/08/31,10698,15700
2012/09/03,10850,15835
2012/09/04,10774,15558
2012/09/05,10760,15425
2012/09/06,10900,15897
2012/09/07,10807,15490
2012/09/10,10700,15548
2012/09/11,10669,15727
2012/09/12,10810,15821
2012/09/13,10920,15901
2012/09/14,11066,15990
2012/09/17,11222,16057
2012/09/18,11151,16113
2012/09/19,10885,16063
2012/09/20,10609,16094
2012/09/21,10598,16031
2012/09/25,10395,16199
2012/09/26,10258,16025
2012/09/27,10320,15782
2012/09/28,10210,16021
2012/10/01,10239,16300
2012/10/02,10349,15890
2012/10/03,10300,15475
2012/10/04,10155,15500
2012/10/05,10188,15783
2012/10/08,10099,15186
2012/10/09,10050,15163
2012/10/10,10025,15525
2012/10/11,10190,15900
2012/10/12,10241,15784
2012/10/15,10300,15812
2012/10/16,10330,15500
2012/10/17,10239,15690
2012/10/18,10257,15737
2012/10/19,10356,15300
2012/10/22,10850,15401
2012/10/23,10596,15201
2012/10/24,10750,15110
2012/10/25,10526,15080
2012/10/26,10692,15318
2012/10/29,10850,15499
2012/10/30,10940,15600
2012/10/31,10930,15634
2012/11/01,10922,15999
2012/11/02,11200,16420
2012/11/05,11150,16499
2012/11/06,11084,16620
2012/11/07,10994,16600
2012/11/08,11000,16800
2012/11/09,11090,16806
2012/11/12,11639,16840
2012/11/13,11875,17015
2012/11/14,11870,16708
2012/11/15,11891,16685
2012/11/16,11651,16685
2012/11/19,11676,16678
2012/11/21,11906,16944
2012/11/22,11990,16818
2012/11/23,12101,16735
2012/11/24,12101,16735
2012/11/25,12101,16735
2012/11/26,11968,16690
2012/11/27,11900,16607
2012/11/28,11700,16454
2012/11/29,11928,16520
2012/11/30,11900,16363
2012/12/03,11800,16589
2012/12/04,11708,16600
2012/12/05,11664,16585
2012/12/06,11799,16570
2012/12/07,11849,16806
2012/12/10,11732,17000
2012/12/11,11799,16619
2012/12/12,11750,16636
2012/12/13,11721,16680
2012/12/14,11876,16700
2012/12/18,11850,16915
2012/12/19,12225,17319
2012/12/20,12300,17399
2012/12/21,12350,17591
2012/12/24,12350,17550
2012/12/27,12489,17802
2012/12/28,12474,17828
2012/12/31,12400,17760
2013/01/02,12620,17699
2013/01/03,12920,17675
2013/01/04,12960,18045
2013/01/07,12775,17831
2013/01/08,12676,18048
2013/01/09,12300,18100
2013/01/10,12173,17662
2013/01/11,12200,17586
2013/01/14,12134,17576
2013/01/15,12142,17278
2013/01/16,12148,17580
2013/01/17,12567,17580
2013/01/18,12700,17657
2013/01/21,12479,17850
2013/01/22,12506,17849
2013/01/23,12441,17570
2013/01/24,12480,17847
2013/01/25,12642,17650
2013/01/28,12590,17503
2013/01/29,12352,17520
2013/01/30,12171,17350
2013/01/31,12477,17510
2013/02/01,12350,17594
2013/02/04,12134,17871
2013/02/05,12135,18367
2013/02/06,11620,17815
2013/02/07,11700,17714
2013/02/08,11702,17800
2013/02/11,11650,17822
2013/02/12,11655,17700
2013/02/13,11643,17445
2013/02/14,11501,17848
2013/02/15,11349,18040
2013/02/18,11319,17750
2013/02/19,11500,17726
2013/02/20,11700,17908
2013/02/21,11775,17648
2013/02/22,11650,17549
2013/02/25,11742,17766
2013/02/26,11898,17671
2013/02/27,11688,17559
2013/02/28,11915,17559
2013/03/01,12280,18125
2013/03/04,11900,17566
2013/03/05,11900,17960
2013/03/06,11850,17733
2013/03/07,11736,17540
2013/03/08,11904,17577
2013/03/11,11900,17715
2013/03/12,11670,17500
2013/03/13,11399,17353
2013/03/14,11290,17526
2013/03/15,11091,17105
2013/03/18,11008,17190
2013/03/19,11050,17350
2013/03/20,11153,17548
2013/03/22,11130,16250
2013/03/25,11325,16600
2013/03/26,11349,16700
2013/03/27,11060,16350
2013/03/28,10990,16148
2013/04/02,11170,16200
2013/04/03,11079,16257
2013/04/04,11033,16125
2013/04/05,10825,15752
2013/04/08,10900,15975
2013/04/09,10900,15969
2013/04/10,11029,16414
2013/04/11,10838,16339
2013/04/12,10840,16139
2013/04/15,10648,15949
2013/04/16,10600,16342
2013/04/17,10408,16220
2013/04/18,10370,16139
2013/04/19,10675,16450
2013/04/22,10500,15900
2013/04/23,10490,16200
2013/04/24,10859,16504
2013/04/25,10615,16475
2013/04/26,10415,16199
2013/04/29,10477,16512
2013/04/30,10521,16178
2013/05/02,10700,16700
2013/05/03,10740,17198
2013/05/06,10809,17096
2013/05/07,10750,16734
2013/05/08,10933,17170
2013/05/09,10970,17007
2013/05/10,11060,17355
2013/05/13,11355,17518
2013/05/14,11467,17890
2013/05/15,11490,18086
2013/05/16,11478,18590
2013/05/17,11582,18298
2013/05/20,11450,18095
2013/05/21,11417,18450
2013/05/22,11575,18086
2013/05/23,11200,17690
2013/05/24,11200,17752
2013/05/27,11450,18199
2013/05/28,11625,18175
2013/05/29,11583,17600
2013/05/30,11508,17817
2013/05/31,11205,18280
2013/06/03,11160,17700
2013/06/04,11044,17575
2013/06/05,11040,17040
2013/06/06,11184,16618
2013/06/07,11350,17120
2013/06/10,11275,17050
2013/06/11,10921,16525
2013/06/12,11025,16925
2013/06/13,11100,17526
2013/06/14,11202,17850
2013/06/18,11300,17995
2013/06/19,11285,17688
2013/06/20,10965,17402
2013/06/21,11175,17020
2013/06/24,10240,16900
2013/06/25,10155,16756
2013/06/26,10483,17350
2013/06/27,10401,17877
2013/06/28,10502,18400
2013/07/01,10425,18450
2013/07/02,10500,18340
2013/07/03,10499,17967
2013/07/04,10701,18364
2013/07/05,10440,17751
2013/07/08,10535,17997
2013/07/09,10729,18061
2013/07/10,10650,18245
2013/07/11,10700,18600
2013/07/12,10700,18933
2013/07/15,10925,18800
2013/07/16,10967,18500
2013/07/17,11350,18500
2013/07/18,11650,18250
2013/07/19,11200,18000
2013/07/22,11345,18000
2013/07/23,11470,17500
2013/07/24,11440,17499
2013/07/25,11500,17700
2013/07/26,11500,17630
2013/07/29,11631,17620
2013/07/30,11714,18289
2013/07/31,11671,18525
2013/08/01,11939,18940
2013/08/02,11910,18950
2013/08/05,11900,19100
2013/08/06,11850,19140
2013/08/07,11995,19100
2013/08/08,12000,19200
2013/08/12,12180,19450
2013/08/13,12245,19596
2013/08/14,12200,19900
2013/08/15,12026,19603
2013/08/16,11929,19420
2013/08/19,11949,18920
2013/08/20,12000,19150
2013/08/21,11860,18960
2013/08/22,11965,19397
2013/08/23,11700,19200
2013/08/26,11668,19408
2013/08/27,11689,19346
2013/08/28,11440,18735
2013/08/29,11606,18702
2013/08/30,11606,18785
2013/09/02,11676,18131
2013/09/03,11680,18166
2013/09/04,11313,17800
2013/09/05,11474,17899
2013/09/06,11500,17966
2013/09/09,11454,17757
2013/09/10,11525,18366
2013/09/11,11738,18494
2013/09/12,11579,18845
2013/09/13,11654,18820
2013/09/16,11900,18900
2013/09/17,12100,18975
2013/09/18,12030,18958
2013/09/19,12170,19793
2013/09/20,12300,19472
2013/09/23,12330,19310
2013/09/25,12667,19848
2013/09/26,12600,19500
2013/09/27,12590,19870
2013/09/30,12445,19600
2013/10/01,12640,19800
2013/10/02,12698,19839
2013/10/03,12720,19815
2013/10/04,12374,19910
2013/10/07,11600,19300
2013/10/08,11337,18855
2013/10/09,11380,19100
2013/10/10,11510,19570
2013/10/11,11500,19800
2013/10/14,11350,19700
2013/10/15,11410,19975
2013/10/16,11447,20290
2013/10/17,11400,20379
2013/10/18,11385,19900
2013/10/21,11160,19835
2013/10/22,11400,20374
2013/10/23,11555,20114
2013/10/24,11400,19830
2013/10/25,11500,19700
2013/10/28,11659,19700
2013/10/29,11697,19690
2013/10/30,11590,19900
2013/10/31,11500,19954
2013/11/01,11601,19900
2013/11/04,11620,19901
2013/11/05,11510,19800
2013/11/06,11527,20090
2013/11/07,11640,20024
2013/11/08,11492,19830
2013/11/11,11475,19788
2013/11/12,11851,19873
2013/11/13,12100,19728
2013/11/14,12252,19186
2013/11/15,12915,19786
2013/11/18,12825,19751
2013/11/19,12750,19523
2013/11/20,12901,19891
2013/11/21,12719,19527
2013/11/22,12550,19366
2013/11/25,12244,19846
2013/11/26,12389,19514
2013/11/27,12140,19698
2013/11/28,12186,19920
2013/11/29,12182,19828
2013/12/02,12001,19765
2013/12/03,11914,19100
2013/12/04,11803,19057
2013/12/05,11870,19599
2013/12/06,12009,20140
2013/12/09,12395,20319
2013/12/10,12351,20256
2013/12/11,12125,20084
2013/12/12,11983,19223
2013/12/13,11999,19449
2013/12/17,12348,19862
2013/12/18,12287,19950
2013/12/19,12570,20340
2013/12/20,12840,20702
2013/12/23,12949,20728
2013/12/24,13000,20680
2013/12/27,13132,21095
2013/12/30,13400,21621
2013/12/31,13300,21702
2014/01/02,13261,21714
2014/01/03,13200,21525
2014/01/06,13149,21145
2014/01/07,13300,21447
2014/01/08,12925,21224
2014/01/09,13005,21121
2014/01/10,13233,21268
2014/01/13,13120,21500
2014/01/14,13010,21025
2014/01/15,12855,21046
2014/01/16,12840,21360
2014/01/17,13050,21125
2014/01/20,12920,21150
2014/01/21,13000,21240
2014/01/22,13172,21400
2014/01/23,13100,21366
2014/01/24,12675,20962
2014/01/27,12343,20764
2014/01/28,12233,20512
2014/01/29,11695,19650
2014/01/30,11800,20015
2014/01/31,11738,19749
2014/02/03,11575,19664
2014/02/04,11975,19789
2014/02/05,11742,19403
2014/02/06,11881,20070
2014/02/07,11975,19900
2014/02/10,11716,19690
2014/02/11,11798,19600
2014/02/12,11990,19515
2014/02/13,11763,19282
2014/02/14,11816,19400
2014/02/17,12050,19800
2014/02/18,11975,19531
2014/02/19,11962,20069
2014/02/20,11692,19788
2014/02/21,11888,19800
2014/02/24,11850,19909
2014/02/25,11880,19683
2014/02/26,11728,19658
2014/02/27,11950,19800
2014/02/28,11958,19690
2014/03/03,12180,19525
2014/03/04,12261,19934
2014/03/05,12151,19950
2014/03/06,12320,20253
2014/03/07,12479,20514
2014/03/10,12444,20435
2014/03/11,12295,20482
2014/03/12,12218,20413
2014/03/13,12419,20540
2014/03/14,12300,20791
2014/03/17,12515,21197
2014/03/18,12564,21239
2014/03/19,12651,21400
2014/03/20,12749,21340
2014/03/24,12898,20990
2014/03/25,12917,21400
2014/03/26,12985,21400
2014/03/27,12974,21351
2014/03/28,13258,21800
2014/03/31,12999,21555
2014/04/01,12937,21764
2014/04/02,13205,21600
2014/04/03,13435,21599
2014/04/04,13369,21410
2014/04/07,13384,21590
2014/04/08,13875,21600
2014/04/09,13839,21560
2014/04/10,13920,21700
2014/04/11,13750,21900
2014/04/14,13640,21925
2014/04/15,13216,21600
2014/04/16,12863,21437
2014/04/17,12880,21600
2014/04/22,12795,21851
2014/04/23,12640,21633
2014/04/24,12300,20820
2014/04/25,12297,21020
2014/04/29,12300,21500
2014/04/30,12545,21081
2014/05/02,12699,21416
2014/05/05,12503,21285
2014/05/06,12701,21600
2014/05/08,13174,22190
2014/05/09,13203,22064
2014/05/12,12957,22037
2014/05/13,12930,22199
2014/05/14,12938,22150
2014/05/15,12886,22176
2014/05/16,12895,22201
2014/05/19,12652,22380
2014/05/20,12676,22253
2014/05/21,12681,22196
2014/05/22,12700,22225
2014/05/23,12530,22340
2014/05/26,12700,22427
2014/05/27,12810,22350
2014/05/28,12790,22510
2014/05/29,13200,22575
2014/05/30,12832,22306
2014/06/02,12700,22572
2014/06/03,12632,22601
2014/06/04,12690,22849
2014/06/05,12690,22750
2014/06/06,12730,23050
2014/06/09,12666,23015
2014/06/10,12700,23510
2014/06/11,12645,23303
2014/06/12,12573,23110
2014/06/13,12630,22950
2014/06/17,12750,22900
2014/06/18,12850,22700
2014/06/19,13100,22966
2014/06/20,13540,22850
2014/06/23,12950,22700
2014/06/24,13070,22520
2014/06/25,12853,22456
2014/06/26,13000,22500
2014/06/27,13003,22409
2014/06/30,13145,22399
2014/07/01,13170,22450
2014/07/02,13145,22690
2014/07/03,13133,22609
2014/07/04,13195,22515
2014/07/07,13150,22589
2014/07/08,13071,22398
2014/07/09,12939,22420
2014/07/10,12759,22000
2014/07/11,12819,22311
2014/07/14,12800,22350
2014/07/15,12690,22307
2014/07/16,12600,22500
2014/07/17,12528,22300
2014/07/18,12475,22201
2014/07/21,12574,22050
2014/07/22,12690,22474
2014/07/23,12610,22240
2014/07/24,12711,22279
2014/07/25,12551,22279
2014/07/28,12705,22300
2014/07/29,12630,22530
2014/07/30,12557,22320
2014/07/31,12552,22240
2014/08/01,12465,22023
2014/08/04,12564,22100
2014/08/05,12650,21879
2014/08/06,12450,21750
2014/08/07,12430,22361
2014/08/08,12439,23235
2014/08/11,12645,23489
2014/08/12,12700,23450
2014/08/13,12662,23434
2014/08/14,12599,23685
2014/08/15,12595,23900
2014/08/18,12600,24100
2014/08/19,12847,24440
2014/08/20,12925,24480
2014/08/21,13064,24655
2014/08/22,12973,24697
2014/08/25,13000,24302
2014/08/26,12999,24566
2014/08/27,13000,24530
2014/08/28,12985,24410
2014/08/29,12835,24104
2014/09/01,12849,24209
2014/09/02,12968,24451
2014/09/03,13200,25050
2014/09/04,13280,25731
2014/09/05,13450,26007
2014/09/08,13400,26010
2014/09/09,13210,25901
2014/09/10,13371,25755
2014/09/11,12937,25700
2014/09/12,12900,25080
2014/09/15,12794,24740
2014/09/16,12975,25045
2014/09/17,13004,24909
2014/09/18,12970,25396
2014/09/19,13044,25500
2014/09/22,12676,24840
2014/09/23,12773,24325
2014/09/25,12850,23909
2014/09/26,12875,24100
2014/09/29,12954,23900
2014/09/30,13000,23832
2014/10/01,13100,23671
2014/10/02,12680,23330
2014/10/03,12855,23631
2014/10/06,12870,24440
2014/10/07,12638,24050
2014/10/08,12634,23875
2014/10/09,12805,23930
2014/10/10,12581,23589
2014/10/13,12450,23483
2014/10/14,12655,23600
2014/10/15,12297,23498
2014/10/16,12450,23500
2014/10/17,12670,23670
2014/10/20,12650,23789
2014/10/21,12787,24500
2014/10/22,12829,24428
2014/10/23,12875,23503
2014/10/24,12700,23274
2014/10/27,12850,23610
2014/10/28,12980,23952
2014/10/29,13239,24340
2014/10/30,13197,24060
2014/10/31,13383,24400
2014/11/03,13750,24536
2014/11/04,13650,24443
2014/11/05,13733,24041
2014/11/06,13610,22896
2014/11/07,13310,22628
2014/11/10,12750,22800
2014/11/11,12914,22999
2014/11/12,12745,23050
2014/11/13,12700,22854
2014/11/14,12600,22867
2014/11/17,12842,22843
2014/11/18,12711,22500
2014/11/19,12650,22299
2014/11/20,12711,21850
2014/11/21,13185,22603
2014/11/24,12740,22664
2014/11/25,12750,22566
2014/11/26,12800,22250
2014/11/27,13048,22582
2014/11/28,13297,21817
2014/12/01,13505,20862
2014/12/02,13438,21430
2014/12/03,13330,22040
2014/12/04,13200,21818
2014/12/05,12951,22055
2014/12/08,12946,22125
2014/12/09,12711,21814
2014/12/10,12804,21456
2014/12/11,12713,20900
2014/12/12,12600,21174
2014/12/15,12381,21025
2014/12/17,12615,21046
2014/12/18,12963,22400
2014/12/19,12880,22000
2014/12/22,12781,22065
2014/12/23,12773,22050
2014/12/24,12650,21925
2014/12/29,12775,22199
2014/12/30,12694,22167
2014/12/31,12843,22141
2015/01/02,12631,21700
2015/01/05,12163,20633
2015/01/06,12345,21245
2015/01/07,12750,20864
2015/01/08,12846,20850
2015/01/09,12491,20417
2015/01/12,12655,19988
2015/01/13,12965,20345
2015/01/14,12790,19812
2015/01/15,12900,20850
2015/01/16,12870,20063
2015/01/19,12945,20412
2015/01/20,12850,20194
2015/01/21,13229,20250
2015/01/22,13068,20271
2015/01/23,13370,20405
2015/01/26,13550,20876
2015/01/27,13651,20751
2015/01/28,13660,21158
2015/01/29,13690,20847
2015/01/30,13438,20207
2015/02/02,13386,20558
2015/02/03,13414,21022
2015/02/04,13391,21200
2015/02/05,13404,21360
2015/02/06,13574,21200
2015/02/09,13685,21799
2015/02/10,13570,21274
2015/02/11,13313,20600
2015/02/12,13446,21397
2015/02/13,13663,21629
2015/02/16,13720,21550
2015/02/17,13792,21481
2015/02/18,13750,21340
2015/02/19,13795,21234
2015/02/20,13770,21525
2015/02/23,13657,21494
2015/02/24,13631,21113
2015/02/25,13805,20945
2015/02/26,13666,21033
2015/02/27,13580,20664
2015/03/02,13630,20602
2015/03/03,13643,20846
2015/03/04,13680,21028
2015/03/05,13680,22272
2015/03/06,13528,22200
2015/03/09,13420,21859
2015/03/10,13235,21800
2015/03/11,12900,21610
2015/03/12,13040,21901
2015/03/13,12975,21550
2015/03/16,12894,21829
2015/03/17,13001,21920
2015/03/18,12943,22148
2015/03/19,13050,22100
2015/03/20,13088,22491
2015/03/23,12979,21350
2015/03/24,13461,21090
2015/03/25,13380,20700
2015/03/26,13100,20322
2015/03/27,13135,20300
2015/03/30,13184,20700
2015/03/31,13269,20500
2015/04/01,13341,21700
2015/04/02,13550,21978
2015/04/07,13610,22210
2015/04/08,13714,22272
2015/04/09,13849,22304
2015/04/10,13895,22073
2015/04/13,13910,22250
2015/04/14,13910,21911
2015/04/15,13920,22175
2015/04/16,14225,23036
2015/04/17,14300,22829
2015/04/20,14415,22500
2015/04/21,14310,22630
2015/04/22,14290,22630
2015/04/23,14525,23097
2015/04/24,14914,23975
2015/04/28,15493,24602
2015/04/29,15203,24050
2015/04/30,14829,23900
2015/05/04,14825,24200
2015/05/05,14753,23984
2015/05/06,14768,23731
2015/05/07,14580,23250
2015/05/08,14644,23096
2015/05/11,14781,23155
2015/05/12,14700,23150
2015/05/13,14742,23058
2015/05/14,14543,23337
2015/05/15,14400,23485
2015/05/18,14294,23574
2015/05/19,14000,23579
2015/05/20,13811,22883
2015/05/21,13584,23153
2015/05/22,13560,22928
2015/05/25,13610,22400
2015/05/26,13425,22043
2015/05/27,13361,21754
2015/05/28,13520,21587
2015/05/29,13362,21522
2015/06/01,13100,21750
2015/06/02,13067,22052
2015/06/03,13076,21750
2015/06/04,12800,21284
2015/06/05,12800,21586
2015/06/08,12820,21400
2015/06/09,12723,21171
2015/06/10,13352,21929
2015/06/11,13420,21700
2015/06/12,13449,22100
2015/06/15,13321,21891
2015/06/17,13299,22216
2015/06/18,13355,22575
2015/06/19,13700,22792
2015/06/22,13113,22720
2015/06/23,13370,22846
2015/06/24,13390,22849
2015/06/25,13614,23018
2015/06/26,13740,22500
2015/06/29,13664,22597
2015/06/30,13870,22875
2015/07/01,14256,23159
2015/07/02,13989,23505
2015/07/03,14075,23357
2015/07/06,13961,22709
2015/07/07,13827,21749
2015/07/08,14071,21729
2015/07/09,14183,21948
2015/07/10,14125,21691
2015/07/13,13900,21664
2015/07/14,13466,21850
2015/07/15,13605,21800
2015/07/16,13694,21795
2015/07/17,13587,21725
2015/07/20,13590,21700
2015/07/21,13707,21700
2015/07/22,13675,21526
2015/07/23,14300,21801
2015/07/24,14147,21400
2015/07/27,14152,21304
2015/07/28,14099,20030
2015/07/29,14210,20450
2015/07/30,14203,20610
2015/07/31,14656,21100
2015/08/03,14500,20549
2015/08/04,14432,20837
2015/08/05,14400,20866
2015/08/06,14625,20199
2015/08/07,14541,20253
2015/08/11,14600,20688
2015/08/12,14550,19965
2015/08/13,14492,20325
2015/08/14,14325,19699
2015/08/17,14225,19745
2015/08/18,14380,19720
2015/08/19,14234,19455
2015/08/20,13920,18689
2015/08/21,14200,18200
2015/08/24,13938,16774
2015/08/25,14099,17625
2015/08/26,14042,17068
2015/08/27,14000,17114
2015/08/28,14100,17783
2015/08/31,14149,17697
2015/09/01,13879,17510
2015/09/02,13882,18011
2015/09/03,14058,18511
2015/09/04,13730,17885
2015/09/07,13456,17501
2015/09/08,13552,17750
2015/09/09,13366,16800
2015/09/10,13400,16917
2015/09/11,13395,17248
2015/09/14,13640,17268
2015/09/15,13672,17582
2015/09/16,13935,17941
2015/09/17,14045,18199
2015/09/18,13965,18036
2015/09/21,13950,17585
2015/09/22,14147,17560
2015/09/23,14275,17765
2015/09/25,14197,17951
2015/09/28,13797,17764
2015/09/29,13775,17643
2015/09/30,13750,17800
2015/10/01,13867,18102
2015/10/02,13850,17883
2015/10/05,14164,18498
2015/10/06,14062,18140
2015/10/07,14031,18690
2015/10/08,14100,18550
2015/10/09,14350,18917
2015/10/12,14248,18379
2015/10/13,14152,18368
2015/10/14,14097,18360
2015/10/15,14128,18223
2015/10/16,14310,18605
2015/10/19,14400,18605
2015/10/20,14350,18333
2015/10/21,14480,18201
2015/10/22,14703,18623
2015/10/23,14910,19084
2015/10/26,15100,16700
2015/10/27,14975,15998
2015/10/28,15100,15585
2015/10/29,15000,15438
2015/10/30,14979,15780
2015/11/02,14900,14817
2015/11/03,14901,15554
2015/11/04,15068,16329
2015/11/05,14974,16199
2015/11/06,14845,15745
2015/11/09,15070,16001
2015/11/10,14810,15360
2015/11/11,14883,15148
2015/11/12,14910,14700
2015/11/13,14800,14500
2015/11/16,14700,14460
2015/11/17,14850,14225
2015/11/18,14750,13800
2015/11/19,15001,14380
2015/11/20,14958,14200
2015/11/23,14841,14311
