Date,Nedbank,RMB
2004/05/12,1124,1412
2004/05/13,1125,1460
2004/05/14,1120,1415
2004/05/17,1125,1450
2004/05/18,1120,1405
2004/05/19,1121,1482
2004/05/20,1120,1501
2004/05/21,1125,1513
2004/05/24,1125,1490
2004/05/25,1125,1508
2004/05/26,1130,1531
2004/05/27,1125,1587
2004/05/28,1115,1570
2004/05/31,1115,1590
2004/06/01,1100,1585
2004/06/02,1099,1605
2004/06/03,1099,1590
2004/06/04,1095,1592
2004/06/07,1120,1601
2004/06/08,1115,1600
2004/06/09,1115,1605
2004/06/10,1115,1586
2004/06/11,1110,1571
2004/06/14,1110,1614
2004/06/15,1110,1588
2004/06/17,1100,1600
2004/06/18,1105,1600
2004/06/21,1100,1600
2004/06/22,1105,1590
2004/06/23,1098,1589
2004/06/24,1098,1631
2004/06/25,1100,1590
2004/06/28,1100,1587
2004/06/29,1095,1600
2004/06/30,1095,1615
2004/07/01,1096,1611
2004/07/02,1110,1600
2004/07/05,1100,1610
2004/07/06,1110,1605
2004/07/07,1120,1610
2004/07/08,1118,1601
2004/07/09,1110,1600
2004/07/12,1105,1595
2004/07/13,1110,1625
2004/07/14,1110,1641
2004/07/15,1116,1656
2004/07/16,1110,1590
2004/07/19,1110,1570
2004/07/20,1110,1570
2004/07/21,1110,1610
2004/07/22,1120,1573
2004/07/23,1118,1590
2004/07/26,1123,1605
2004/07/27,1130,1610
2004/07/28,1135,1600
2004/07/29,1138,1580
2004/07/30,1136,1609
2004/08/02,1140,1599
2004/08/03,1145,1598
2004/08/04,1160,1590
2004/08/05,1163,1565
2004/08/06,1170,1549
2004/08/10,1170,1540
2004/08/11,1175,1525
2004/08/12,1169,1530
2004/08/13,1169,1530
2004/08/16,1170,1530
2004/08/17,1170,1515
2004/08/18,1173,1512
2004/08/19,1171,1509
2004/08/20,1170,1539
2004/08/23,1140,1580
2004/08/24,1140,1598
2004/08/25,1140,1600
2004/08/26,1100,1600
2004/08/27,1135,1620
2004/08/30,1135,1618
2004/08/31,1133,1615
2004/09/01,1145,1635
2004/09/02,1140,1665
2004/09/03,1131,1660
2004/09/06,1150,1650
2004/09/07,1150,1670
2004/09/08,1165,1679
2004/09/09,1175,1708
2004/09/10,1175,1699
2004/09/13,1175,1705
2004/09/14,1175,1708
2004/09/15,1140,1715
2004/09/16,1135,1735
2004/09/17,1140,1770
2004/09/20,1131,1810
2004/09/21,1125,1841
2004/09/22,1135,1810
2004/09/23,1140,1800
2004/09/27,1146,1815
2004/09/28,1140,1816
2004/09/29,1137,1897
2004/09/30,1135,1879
2004/10/01,1135,1880
2004/10/04,1137,1875
2004/10/05,1130,1845
2004/10/06,1121,1865
2004/10/07,1130,1840
2004/10/08,1160,1795
2004/10/11,1160,1820
2004/10/12,1160,1802
2004/10/13,1150,1815
2004/10/14,1150,1820
2004/10/15,1150,1850
2004/10/18,1148,1813
2004/10/19,1150,1845
2004/10/20,1150,1800
2004/10/21,1145,1850
2004/10/22,1140,1865
2004/10/25,1139,1789
2004/10/26,1148,1865
2004/10/27,1130,1867
2004/10/28,1130,1851
2004/10/29,1135,1880
2004/11/01,1140,1948
2004/11/02,1145,1930
2004/11/03,1140,1920
2004/11/04,1145,1945
2004/11/05,1140,1983
2004/11/08,1145,2020
2004/11/09,1140,1980
2004/11/10,1170,1950
2004/11/11,1165,1980
2004/11/12,1175,1980
2004/11/15,1175,1975
2004/11/16,1185,1975
2004/11/17,1185,1975
2004/11/18,1170,1981
2004/11/19,1173,1975
2004/11/22,1190,1965
2004/11/23,1190,1951
2004/11/24,1185,2000
2004/11/25,1180,2125
2004/11/26,1185,2100
2004/11/29,1185,2120
2004/11/30,1184,2100
2004/12/01,1180,2105
2004/12/02,1180,2165
2004/12/03,1180,2169
2004/12/06,1180,2150
2004/12/07,1180,2135
2004/12/08,1180,2105
2004/12/09,1200,2100
2004/12/10,1200,2100
2004/12/13,1210,2151
2004/12/14,1245,2160
2004/12/15,1271,2150
2004/12/17,1300,2190
2004/12/20,1317,2190
2004/12/21,1342,2185
2004/12/22,1370,2190
2004/12/23,1307,2190
2004/12/24,1300,2185
2004/12/28,1310,2185
2004/12/29,1300,2185
2004/12/30,1310,2190
2004/12/31,1200,2176
2005/01/03,1220,2210
2005/01/04,1225,2200
2005/01/05,1266,2200
2005/01/06,1290,2130
2005/01/07,1295,2120
2005/01/10,1300,2140
2005/01/11,1305,2120
2005/01/12,1308,2125
2005/01/13,1305,2125
2005/01/14,1304,2105
2005/01/17,1295,2091
2005/01/18,1260,2049
2005/01/19,1230,2050
2005/01/20,1235,2021
2005/01/21,1240,2060
2005/01/24,1235,2050
2005/01/25,1225,2040
2005/01/26,1230,2055
2005/01/27,1250,2095
2005/01/28,1265,2110
2005/01/31,1250,2150
2005/02/01,1246,2149
2005/02/02,1241,2120
2005/02/03,1240,2129
2005/02/04,1210,2125
2005/02/07,1240,2090
2005/02/08,1230,2050
2005/02/09,1240,2120
2005/02/10,1250,2150
2005/02/11,1250,2135
2005/02/14,1250,2115
2005/02/15,1250,2150
2005/02/16,1250,2160
2005/02/17,1250,2205
2005/02/18,1250,2181
2005/02/21,1220,2200
2005/02/22,1220,2200
2005/02/23,1230,2200
2005/02/24,1235,2180
2005/02/25,1250,2229
2005/02/28,1225,2175
2005/03/01,1250,2160
2005/03/02,1240,2165
2005/03/03,1240,2160
2005/03/04,1250,2210
2005/03/07,1250,2215
2005/03/08,1240,2215
2005/03/09,1250,2240
2005/03/10,1250,2215
2005/03/11,1250,2220
2005/03/14,1195,2239
2005/03/15,1196,2219
2005/03/16,1200,2160
2005/03/17,1180,2133
2005/03/18,1180,2116
2005/03/22,1150,2145
2005/03/23,1175,2076
2005/03/24,1160,2080
2005/03/29,1180,2075
2005/03/30,1180,2087
2005/03/31,1190,2143
2005/04/01,1200,2200
2005/04/04,1198,2173
2005/04/05,1195,2094
2005/04/06,1200,2106
2005/04/07,1200,2075
2005/04/08,1200,2118
2005/04/11,1200,2101
2005/04/12,1220,2070
2005/04/13,1220,2058
2005/04/14,1215,2107
2005/04/15,1215,2117
2005/04/18,1230,2135
2005/04/19,1230,2106
2005/04/20,1230,2100
2005/04/21,1220,2100
2005/04/22,1215,2079
2005/04/25,1230,2055
2005/04/26,1230,2130
2005/04/28,1210,2095
2005/04/29,1210,2065
2005/05/03,1210,2087
2005/05/04,1210,2135
2005/05/05,1230,2179
2005/05/06,1230,2205
2005/05/09,1201,2270
2005/05/10,1205,2250
2005/05/11,1210,2269
2005/05/12,1210,2200
2005/05/13,1210,2201
2005/05/16,1210,2230
2005/05/17,1210,2200
2005/05/18,1205,2220
2005/05/19,1185,2220
2005/05/20,1175,2205
2005/05/23,1200,2211
2005/05/24,1210,2209
2005/05/25,1210,2260
2005/05/26,1210,2245
2005/05/27,1210,2240
2005/05/30,1210,2218
2005/05/31,1210,2155
2005/06/01,1206,2168
2005/06/02,1215,2165
2005/06/03,1195,2225
2005/06/06,1203,2279
2005/06/07,1210,2325
2005/06/08,1210,2311
2005/06/09,1215,2318
2005/06/10,1210,2313
2005/06/13,1210,2299
2005/06/14,1209,2227
2005/06/15,1209,2299
2005/06/17,1209,2281
2005/06/20,1209,2299
2005/06/21,1208,2297
2005/06/22,1206,2300
2005/06/23,1209,2289
2005/06/24,1195,2235
2005/06/27,1190,2215
2005/06/28,1196,2235
2005/06/29,1209,2248
2005/06/30,1209,2225
2005/07/01,1198,2202
2005/07/04,1190,2202
2005/07/05,1200,2225
2005/07/06,1200,2213
2005/07/07,1208,2195
2005/07/08,1200,2245
2005/07/11,1205,2255
2005/07/12,1210,2345
2005/07/13,1215,2400
2005/07/14,1220,2470
2005/07/15,1227,2390
2005/07/18,1230,2459
2005/07/19,1221,2520
2005/07/20,1226,2480
2005/07/21,1245,2490
2005/07/22,1245,2520
2005/07/25,1240,2510
2005/07/26,1244,2500
2005/07/27,1240,2530
2005/07/28,1241,2550
2005/07/29,1240,2505
2005/08/01,1235,2525
2005/08/02,1235,2579
2005/08/03,1230,2570
2005/08/04,1217,2535
2005/08/05,1205,2557
2005/08/08,1205,2600
2005/08/10,1211,2699
2005/08/11,1217,2650
2005/08/12,1255,2630
2005/08/15,1255,2563
2005/08/16,1230,2600
2005/08/17,1194,2514
2005/08/18,1200,2486
2005/08/19,1200,2514
2005/08/22,1156,2549
2005/08/23,1160,2551
2005/08/24,1150,2503
2005/08/25,1165,2485
2005/08/26,1160,2420
2005/08/29,1160,2444
2005/08/30,1160,2406
2005/08/31,1160,2405
2005/09/01,1166,2480
2005/09/02,1160,2574
2005/09/05,1160,2558
2005/09/06,1165,2575
2005/09/07,1180,2649
2005/09/08,1195,2615
2005/09/09,1185,2590
2005/09/12,1179,2620
2005/09/13,1180,2650
2005/09/14,1193,2630
2005/09/15,1189,2665
2005/09/16,1175,2636
2005/09/19,1180,2590
2005/09/20,1180,2630
2005/09/21,1181,2620
2005/09/22,1189,2580
2005/09/23,1189,2540
2005/09/26,1170,2619
2005/09/27,1170,2615
2005/09/28,1195,2600
2005/09/29,1200,2619
2005/09/30,1195,2620
2005/10/03,1180,2570
2005/10/04,1165,2540
2005/10/05,1170,2539
2005/10/06,1195,2465
2005/10/07,1175,2456
2005/10/10,1194,2475
2005/10/11,1199,2532
2005/10/12,1200,2528
2005/10/13,1200,2436
2005/10/14,1199,2430
2005/10/17,1199,2434
2005/10/18,1199,2386
2005/10/19,1199,2333
2005/10/20,1199,2449
2005/10/21,1199,2405
2005/10/24,1199,2510
2005/10/25,1202,2492
2005/10/26,1200,2535
2005/10/27,1210,2474
2005/10/28,1210,2500
2005/10/31,1210,2420
2005/11/01,1215,2440
2005/11/02,1211,2480
2005/11/03,1215,2536
2005/11/04,1220,2450
2005/11/07,1230,2460
2005/11/08,1230,2390
2005/11/09,1225,2420
2005/11/10,1225,2507
2005/11/11,1230,2506
2005/11/14,1230,2624
2005/11/15,1235,2545
2005/11/16,1240,2539
2005/11/17,1239,2524
2005/11/18,1235,2475
2005/11/21,1236,2475
2005/11/22,1245,2410
2005/11/23,1250,2436
2005/11/24,1255,2500
2005/11/25,1250,2453
2005/11/28,1251,2425
2005/11/29,1255,2410
2005/11/30,1249,2400
2005/12/01,1245,2401
2005/12/02,1245,2475
2005/12/05,1225,2475
2005/12/06,1245,2550
2005/12/07,1241,2655
2005/12/08,1240,2640
2005/12/09,1260,2620
2005/12/12,1250,2630
2005/12/13,1260,2650
2005/12/14,1275,2588
2005/12/15,1275,2720
2005/12/19,1288,2686
2005/12/20,1276,2770
2005/12/21,1280,2850
2005/12/22,1289,2851
2005/12/23,1285,2885
2005/12/27,1297,2925
2005/12/28,1270,2832
2005/12/29,1296,2875
2005/12/30,1275,2790
2006/01/03,1290,2825
2006/01/04,1290,2780
2006/01/05,1273,2736
2006/01/06,1290,2910
2006/01/09,1275,2889
2006/01/10,1276,2882
2006/01/11,1275,2950
2006/01/12,1288,2890
2006/01/13,1280,2900
2006/01/16,1279,2814
2006/01/17,1275,2746
2006/01/18,1270,2740
2006/01/19,1270,2900
2006/01/20,1270,2925
2006/01/23,1271,2906
2006/01/24,1290,2957
2006/01/25,1285,2935
2006/01/26,1285,2863
2006/01/27,1285,2844
2006/01/30,1285,2820
2006/01/31,1279,2850
2006/02/01,1290,2935
2006/02/02,1285,2963
2006/02/03,1298,2855
2006/02/06,1286,2936
2006/02/07,1280,2896
2006/02/08,1285,2825
2006/02/09,1285,2855
2006/02/10,1286,2850
2006/02/13,1299,2805
2006/02/14,1320,2710
2006/02/15,1322,2746
2006/02/16,1300,2870
2006/02/17,1285,3025
2006/02/20,1310,3000
2006/02/21,1323,3046
2006/02/22,1323,3089
2006/02/23,1335,3120
2006/02/24,1335,2960
2006/02/27,1325,3000
2006/02/28,1335,2800
2006/03/02,1330,2945
2006/03/03,1330,2850
2006/03/06,1315,2883
2006/03/07,1315,2701
2006/03/08,1320,2779
2006/03/09,1315,2900
2006/03/10,1310,2859
2006/03/13,1250,2899
2006/03/14,1240,2900
2006/03/15,1230,3000
2006/03/16,1230,3020
2006/03/17,1229,3000
2006/03/20,1227,3015
2006/03/22,1230,3049
2006/03/23,1227,3080
2006/03/24,1230,3050
2006/03/27,1230,3076
2006/03/28,1245,3009
2006/03/29,1275,3001
2006/03/30,1260,3020
2006/03/31,1260,2915
2006/04/03,1261,2941
2006/04/04,1240,2948
2006/04/05,1260,2967
2006/04/06,1250,2860
2006/04/07,1260,2950
2006/04/10,1230,2920
2006/04/11,1210,2975
2006/04/12,1200,2895
2006/04/13,1200,2900
2006/04/18,1210,2915
2006/04/19,1200,2960
2006/04/20,1210,2959
2006/04/21,1210,2944
2006/04/24,1215,2905
2006/04/25,1211,2890
2006/04/26,1250,2831
2006/04/28,1257,2900
2006/05/02,1236,2860
2006/05/03,1250,2838
2006/05/04,1260,2841
2006/05/05,1275,2871
2006/05/08,1265,2839
2006/05/09,1260,2870
2006/05/10,1260,2871
2006/05/11,1270,2840
2006/05/12,1260,2760
2006/05/15,1240,2650
2006/05/16,1240,2685
2006/05/17,1225,2680
2006/05/18,1230,2636
2006/05/19,1230,2600
2006/05/22,1230,2535
2006/05/23,1225,2650
2006/05/24,1225,2600
2006/05/25,1220,2645
2006/05/26,1220,2695
2006/05/29,1230,2735
2006/05/30,1215,2615
2006/05/31,1215,2660
2006/06/01,1215,2650
2006/06/02,1215,2769
2006/06/05,1215,2750
2006/06/06,1200,2600
2006/06/07,1220,2570
2006/06/08,1210,2360
2006/06/09,1205,2584
2006/06/12,1210,2502
2006/06/13,1170,2539
2006/06/14,1140,2602
2006/06/15,1139,2710
2006/06/19,1150,2650
2006/06/20,1160,2689
2006/06/21,1180,2613
2006/06/22,1200,2615
2006/06/23,1219,2471
2006/06/26,1210,2282
2006/06/27,1215,2360
2006/06/28,1220,2400
2006/06/29,1215,2430
2006/06/30,1220,2470
2006/07/03,1230,2600
2006/07/04,1229,2600
2006/07/05,1220,2533
2006/07/06,1230,2524
2006/07/07,1230,2532
2006/07/10,1230,2580
2006/07/11,1230,2520
2006/07/12,1221,2545
2006/07/13,1210,2470
2006/07/14,1220,2425
2006/07/17,1208,2399
2006/07/18,1203,2365
2006/07/19,1210,2500
2006/07/20,1210,2445
2006/07/21,1210,2430
2006/07/24,1225,2448
2006/07/25,1215,2450
2006/07/26,1215,2453
2006/07/27,1215,2565
2006/07/28,1215,2490
2006/07/31,1215,2545
2006/08/01,1215,2433
2006/08/02,1220,2430
2006/08/03,1215,2406
2006/08/04,1230,2455
2006/08/07,1230,2396
2006/08/08,1229,2445
2006/08/10,1215,2399
2006/08/11,1225,2406
2006/08/14,1229,2434
2006/08/15,1230,2443
2006/08/16,1240,2450
2006/08/17,1245,2556
2006/08/18,1240,2530
2006/08/21,1215,2545
2006/08/22,1230,2610
2006/08/23,1220,2630
2006/08/24,1215,2633
2006/08/25,1216,2601
2006/08/28,1200,2636
2006/08/29,1170,2670
2006/08/30,1165,2719
2006/08/31,1170,2716
2006/09/01,1165,2715
2006/09/04,1160,2780
2006/09/05,1160,2770
2006/09/06,1160,2737
2006/09/07,1200,2700
2006/09/08,1168,2687
2006/09/11,1155,2620
2006/09/12,1129,2635
2006/09/13,1118,2691
2006/09/14,1120,2649
2006/09/15,1115,2700
2006/09/18,1110,2812
2006/09/19,1111,2780
2006/09/20,1110,2760
2006/09/21,1110,2800
2006/09/22,1119,2759
2006/09/26,1110,2790
2006/09/27,1120,2712
2006/09/28,1130,2710
2006/09/29,1125,2700
2006/10/02,1160,2677
2006/10/03,1168,2660
2006/10/04,1168,2691
2006/10/05,1150,2773
2006/10/06,1140,2756
2006/10/09,1160,2755
2006/10/10,1155,2745
2006/10/11,1150,2750
2006/10/12,1119,2798
2006/10/13,1120,2850
2006/10/16,1110,2860
2006/10/17,1131,2810
2006/10/18,1150,2850
2006/10/19,1145,2850
2006/10/20,1150,2838
2006/10/23,1160,2790
2006/10/24,1150,2830
2006/10/25,1145,2780
2006/10/26,1142,2750
2006/10/27,1140,2775
2006/10/30,1130,2758
2006/10/31,1125,2899
2006/11/01,1125,2905
2006/11/02,1136,2890
2006/11/03,1135,2920
2006/11/06,1140,2950
2006/11/07,1130,2985
2006/11/08,1135,3020
2006/11/09,1145,3000
2006/11/10,1130,2985
2006/11/13,1125,3002
2006/11/14,1130,2960
2006/11/15,1130,2950
2006/11/16,1131,2935
2006/11/17,1111,2920
2006/11/20,1111,2930
2006/11/21,1115,2983
2006/11/22,1111,3050
2006/11/23,1100,3080
2006/11/24,1095,3042
2006/11/27,1095,3001
2006/11/28,1091,3000
2006/11/29,1090,3060
2006/11/30,1095,3030
2006/12/01,1090,3018
2006/12/04,1090,3020
2006/12/05,1095,3019
2006/12/06,1100,2985
2006/12/07,1105,2990
2006/12/08,1110,2966
2006/12/11,1125,2959
2006/12/12,1130,2940
2006/12/13,1150,3000
2006/12/14,1120,3050
2006/12/15,1115,3095
2006/12/18,1126,3136
2006/12/19,1140,3130
2006/12/20,1135,3243
2006/12/21,1130,3385
2006/12/22,1120,3382
2006/12/27,1130,3420
2006/12/28,1130,3380
2006/12/29,1140,3340
2007/01/02,1140,3379
2007/01/03,1130,3260
2007/01/04,1130,3176
2007/01/05,1120,3289
2007/01/09,1110,3380
2007/01/10,1120,3355
2007/01/11,1120,3362
2007/01/12,1120,3380
2007/01/15,1110,3500
2007/01/16,1110,3520
2007/01/17,1110,3523
2007/01/18,1100,3600
2007/01/19,1105,3520
2007/01/22,1090,3590
2007/01/23,1085,3520
2007/01/24,1095,3520
2007/01/25,1105,3400
2007/01/26,1095,3420
2007/01/29,1110,3342
2007/01/30,1100,3400
2007/01/31,1110,3350
2007/02/01,1115,3440
2007/02/02,1115,3450
2007/02/05,1115,3390
2007/02/06,1115,3427
2007/02/07,1102,3350
2007/02/08,1109,3300
2007/02/09,1110,3344
2007/02/12,1100,3330
2007/02/13,1100,3330
2007/02/14,1100,3291
2007/02/15,1105,3400
2007/02/16,1120,3500
2007/02/19,1120,3464
2007/02/20,1100,3450
2007/02/21,1085,3400
2007/02/22,1051,3541
2007/02/23,1070,3550
2007/02/26,1075,3562
2007/02/27,1070,3355
2007/02/28,1065,3427
2007/03/01,1075,3300
2007/03/02,1080,3330
2007/03/05,1100,3175
2007/03/06,1090,3220
2007/03/07,1100,3235
2007/03/08,1080,3396
2007/03/09,1080,3475
2007/03/12,1070,3490
2007/03/13,1070,3370
2007/03/14,1090,3250
2007/03/15,1090,3280
2007/03/16,1025,3200
2007/03/19,1015,3216
2007/03/20,1015,3300
2007/03/22,1020,3440
2007/03/23,1010,3484
2007/03/26,1020,3345
2007/03/27,1015,3360
2007/03/28,1014,3315
2007/03/29,1013,3470
2007/03/30,1016,3599
2007/04/02,1015,3533
2007/04/03,1010,3720
2007/04/04,1002,3580
2007/04/05,1000,3585
2007/04/10,1000,3620
2007/04/11,999,3550
2007/04/12,995,3581
2007/04/13,995,3700
2007/04/16,1005,3698
2007/04/17,1025,3730
2007/04/18,1025,3768
2007/04/19,1020,3721
2007/04/20,1020,3810
2007/04/23,1020,3725
2007/04/24,1022,3757
2007/04/25,1030,3770
2007/04/26,1049,3700
2007/04/30,1049,3758
2007/05/02,1070,3705
2007/05/03,1095,3670
2007/05/04,1101,3610
2007/05/07,1090,3623
2007/05/08,1080,3575
2007/05/09,1090,3585
2007/05/10,1086,3650
2007/05/11,1090,3597
2007/05/14,1091,3550
2007/05/15,1112,3520
2007/05/16,1107,3485
2007/05/17,1107,3451
2007/05/18,1099,3484
2007/05/21,1100,3484
2007/05/22,1100,3500
2007/05/23,1100,3645
2007/05/24,1114,3621
2007/05/25,1110,3590
2007/05/28,1111,3520
2007/05/29,1130,3499
2007/05/30,1125,3441
2007/05/31,1120,3465
2007/06/01,1130,3420
2007/06/04,1105,3360
2007/06/05,1125,3400
2007/06/06,1110,3356
2007/06/07,1120,3379
2007/06/08,1120,3328
2007/06/11,1100,3410
2007/06/12,1110,3350
2007/06/13,1105,3385
2007/06/14,1105,3470
2007/06/15,1090,3550
2007/06/18,1070,3459
2007/06/19,1076,3460
2007/06/20,1075,3450
2007/06/21,1085,3428
2007/06/22,1060,3400
2007/06/25,1075,3406
2007/06/26,1080,3305
2007/06/27,1070,3266
2007/06/28,1072,3300
2007/06/29,1076,3286
2007/07/02,1070,3320
2007/07/03,1065,3320
2007/07/04,1065,3250
2007/07/05,1070,3230
2007/07/06,1070,3300
2007/07/09,1070,3440
2007/07/10,1070,3550
2007/07/11,1065,3550
2007/07/12,1060,3466
2007/07/13,1080,3460
2007/07/16,1075,3495
2007/07/17,1080,3499
2007/07/18,1078,3484
2007/07/19,1075,3450
2007/07/20,1066,3445
2007/07/23,1070,3511
2007/07/24,1070,3581
2007/07/25,1060,3512
2007/07/26,1060,3460
2007/07/27,1070,3384
2007/07/30,1065,3399
2007/07/31,1065,3400
2007/08/01,1065,3350
2007/08/02,1065,3399
2007/08/03,1080,3271
2007/08/06,1071,3290
2007/08/07,1065,3311
2007/08/08,1061,3440
2007/08/10,1059,3356
2007/08/13,1059,3382
2007/08/14,1075,3255
2007/08/15,1075,3310
2007/08/16,1045,3262
2007/08/17,1042,3115
2007/08/20,1050,3200
2007/08/21,1075,3180
2007/08/22,1070,3230
2007/08/23,1075,3275
2007/08/24,1075,3288
2007/08/27,1045,3345
2007/08/28,1015,3295
2007/08/29,1015,3350
2007/08/30,1005,3392
2007/08/31,1000,3455
2007/09/03,1000,3510
2007/09/04,1026,3470
2007/09/05,1000,3413
2007/09/06,1020,3400
2007/09/07,1020,3292
2007/09/10,1020,3379
2007/09/11,1000,3465
2007/09/12,1019,3344
2007/09/13,1018,3381
2007/09/14,1010,3357
2007/09/17,1005,3335
2007/09/18,1000,3270
2007/09/19,1000,3331
2007/09/20,995,3345
2007/09/21,990,3270
2007/09/25,970,3200
2007/09/26,995,3280
2007/09/27,995,3351
2007/09/28,1010,3337
2007/10/01,1000,3303
2007/10/02,1009,3411
2007/10/03,1005,3580
2007/10/04,1000,3615
2007/10/05,1000,3615
2007/10/08,1007,3600
2007/10/09,1005,3601
2007/10/10,1005,3610
2007/10/11,1004,3700
2007/10/12,1000,3622
2007/10/15,1003,3486
2007/10/16,1005,3495
2007/10/17,1005,3579
2007/10/18,1000,3531
2007/10/19,1005,3503
2007/10/22,1000,3480
2007/10/23,1000,3471
2007/10/24,1000,3541
2007/10/25,1000,3670
2007/10/26,998,3800
2007/10/29,1001,3840
2007/10/30,1010,3840
2007/10/31,1005,3800
2007/11/01,1005,3750
2007/11/02,1005,3700
2007/11/05,1005,3700
2007/11/06,1011,3810
2007/11/07,1020,3705
2007/11/08,1019,3750
2007/11/09,1020,3765
2007/11/12,1006,3745
2007/11/13,1016,3760
2007/11/14,1020,3800
2007/11/15,1019,3726
2007/11/16,1000,3700
2007/11/19,1000,3618
2007/11/20,1015,3600
2007/11/21,1024,3520
2007/11/22,1020,3619
2007/11/23,1020,3550
2007/11/26,997,3400
2007/11/27,995,3290
2007/11/28,1000,3315
2007/11/29,1005,3320
2007/11/30,1020,3400
2007/12/03,1000,3318
2007/12/04,1005,3245
2007/12/05,1001,3315
2007/12/06,1005,3320
2007/12/07,1006,3300
2007/12/10,1015,3265
2007/12/11,1008,3290
2007/12/12,1021,3290
2007/12/13,1020,3200
2007/12/14,1022,3043
2007/12/18,1015,3002
2007/12/19,1015,2970
2007/12/20,1015,3080
2007/12/21,1020,3007
2007/12/24,1020,3049
2007/12/27,1021,3100
2007/12/28,1030,3110
2007/12/31,1030,2960
2008/01/02,1020,3031
2008/01/03,1030,3006
2008/01/04,1020,2976
2008/01/07,1010,2933
2008/01/08,1010,2970
2008/01/09,1003,2901
2008/01/10,1019,2821
2008/01/11,1020,2810
2008/01/14,1000,2820
2008/01/15,1000,2790
2008/01/16,1000,2775
2008/01/17,1010,2795
2008/01/18,1000,2750
2008/01/21,993,2685
2008/01/22,980,2700
2008/01/23,990,2699
2008/01/24,994,2849
2008/01/25,1030,2725
2008/01/28,1000,2641
2008/01/29,1010,2660
2008/01/30,1000,2733
2008/01/31,1010,2600
2008/02/01,1012,2840
2008/02/04,1005,2780
2008/02/05,1000,2600
2008/02/06,1005,2628
2008/02/07,1002,2574
2008/02/08,1000,2580
2008/02/11,1015,2540
2008/02/12,1020,2600
2008/02/13,1020,2660
2008/02/14,1020,2670
2008/02/15,1020,2575
2008/02/18,1020,2665
2008/02/19,1020,2780
2008/02/20,1020,2750
2008/02/21,1040,2770
2008/02/22,1025,2800
2008/02/25,1050,2800
2008/02/26,1025,3000
2008/02/27,1035,2900
2008/02/28,1037,2830
2008/02/29,1055,2800
2008/03/03,1050,2786
2008/03/04,1060,2702
2008/03/05,1055,2575
2008/03/06,1060,2663
2008/03/07,1055,2560
2008/03/10,1050,2530
2008/03/11,1050,2656
2008/03/12,1038,2612
2008/03/13,1020,2597
2008/03/14,1025,2580
2008/03/17,1015,2441
2008/03/18,1025,2537
2008/03/19,1050,2580
2008/03/20,998,2455
2008/03/25,995,2580
2008/03/26,990,2570
2008/03/27,990,2590
2008/03/28,980,2550
2008/03/31,980,2450
2008/04/01,980,2500
2008/04/02,985,2650
2008/04/03,970,2680
2008/04/04,970,2667
2008/04/07,975,2710
2008/04/08,962,2725
2008/04/09,978,2702
2008/04/10,970,2650
2008/04/11,980,2600
2008/04/14,995,2555
2008/04/15,1015,2610
2008/04/16,1001,2581
2008/04/17,1009,2542
2008/04/18,1010,2575
2008/04/21,1000,2599
2008/04/22,997,2550
2008/04/23,1000,2562
2008/04/24,997,2500
2008/04/25,1000,2435
2008/04/29,993,2461
2008/04/30,995,2488
2008/05/05,995,2455
2008/05/06,990,2450
2008/05/07,995,2446
2008/05/08,985,2470
2008/05/09,1002,2495
2008/05/12,990,2485
2008/05/13,980,2481
2008/05/14,980,2480
2008/05/15,970,2530
2008/05/16,975,2510
2008/05/19,971,2451
2008/05/20,981,2445
2008/05/21,985,2420
2008/05/22,990,2400
2008/05/23,990,2385
2008/05/26,995,2410
2008/05/27,990,2400
2008/05/28,970,2376
2008/05/29,969,2320
2008/05/30,960,2372
2008/06/02,955,2340
2008/06/03,970,2308
2008/06/04,976,2380
2008/06/05,990,2382
2008/06/06,974,2345
2008/06/09,972,2280
2008/06/10,970,2251
2008/06/11,960,2200
2008/06/12,950,2215
2008/06/13,951,2170
2008/06/17,975,2140
2008/06/18,985,2125
2008/06/19,990,2134
2008/06/20,985,2140
2008/06/23,980,2092
2008/06/24,970,2076
2008/06/25,995,2105
2008/06/26,994,2100
2008/06/27,994,2158
2008/06/30,998,2100
2008/07/01,995,2119
2008/07/02,971,2092
2008/07/03,965,2042
2008/07/04,975,2071
2008/07/07,950,2110
2008/07/08,950,2146
2008/07/09,970,2220
2008/07/10,980,2211
2008/07/11,965,2205
2008/07/14,965,2193
2008/07/15,975,2179
2008/07/16,970,2348
2008/07/17,990,2485
2008/07/18,1005,2401
2008/07/21,996,2315
2008/07/22,995,2245
2008/07/23,1000,2375
2008/07/24,1000,2489
2008/07/25,1020,2380
2008/07/28,1015,2424
2008/07/29,1020,2520
2008/07/30,1025,2618
2008/07/31,1020,2600
2008/08/01,1028,2475
2008/08/04,1040,2476
2008/08/05,1060,2460
2008/08/06,1061,2410
2008/08/07,1060,2432
2008/08/08,1070,2420
2008/08/11,1100,2428
2008/08/12,1095,2400
2008/08/13,1095,2400
2008/08/14,1100,2410
2008/08/15,1100,2496
2008/08/18,1080,2463
2008/08/19,1070,2399
2008/08/20,1072,2418
2008/08/21,1110,2365
2008/08/22,1075,2415
2008/08/25,1025,2450
2008/08/26,1000,2445
2008/08/27,1000,2515
2008/08/28,1010,2670
2008/08/29,1010,2617
2008/09/01,1000,2562
2008/09/02,1005,2560
2008/09/03,1005,2558
2008/09/04,1005,2550
2008/09/05,990,2540
2008/09/08,991,2700
2008/09/09,994,2695
2008/09/10,994,2700
2008/09/11,1000,2600
2008/09/12,1000,2600
2008/09/15,980,2530
2008/09/16,995,2520
2008/09/17,995,2360
2008/09/18,983,2350
2008/09/19,980,2600
2008/09/22,983,2705
2008/09/23,985,2585
2008/09/25,980,2640
2008/09/26,975,2620
2008/09/29,977,2471
2008/09/30,976,2600
2008/10/01,967,2480
2008/10/02,970,2480
2008/10/03,960,2579
2008/10/06,950,2287
2008/10/07,945,2400
2008/10/08,930,2261
2008/10/09,935,2265
2008/10/10,930,2299
2008/10/13,940,2300
2008/10/14,940,2445
2008/10/15,938,2300
2008/10/16,925,2225
2008/10/17,925,2131
2008/10/20,930,2100
2008/10/21,930,2060
2008/10/22,930,1900
2008/10/23,930,1850
2008/10/24,925,1990
2008/10/27,900,1900
2008/10/28,912,1985
2008/10/29,905,2010
2008/10/30,909,2150
2008/10/31,915,2269
2008/11/03,910,2290
2008/11/04,910,2233
2008/11/05,910,2268
2008/11/06,910,2175
2008/11/07,915,2228
2008/11/10,950,2280
2008/11/11,1000,2210
2008/11/12,985,2265
2008/11/13,965,2246
2008/11/14,960,2300
2008/11/17,963,2210
2008/11/18,965,2180
2008/11/19,975,2220
2008/11/20,981,2294
2008/11/21,985,2210
2008/11/24,1000,2250
2008/11/25,1000,2400
2008/11/26,1000,2490
2008/11/27,1000,2550
2008/11/28,970,2669
2008/12/01,975,2510
2008/12/02,970,2345
2008/12/03,970,2230
2008/12/04,970,2420
2008/12/05,975,2498
2008/12/08,995,2630
2008/12/09,1000,2630
2008/12/10,990,2600
2008/12/11,990,2450
2008/12/12,992,2370
2008/12/15,992,2340
2008/12/17,1000,2520
2008/12/18,995,2674
2008/12/19,1000,2411
2008/12/22,1000,2300
2008/12/23,1000,2425
2008/12/24,1000,2389
2008/12/29,990,2451
2008/12/30,990,2504
2008/12/31,990,2570
2009/01/02,990,2467
2009/01/05,990,2525
2009/01/06,995,2588
2009/01/07,1005,2500
2009/01/08,1010,2435
2009/01/09,1010,2510
2009/01/12,1015,2530
2009/01/13,1015,2500
2009/01/14,1029,2385
2009/01/15,1025,2331
2009/01/16,1005,2393
2009/01/19,1010,2215
2009/01/20,1009,2240
2009/01/21,1000,2220
2009/01/22,979,2187
2009/01/23,975,2129
2009/01/26,980,2085
2009/01/27,970,2200
2009/01/28,970,2360
2009/01/29,979,2320
2009/01/30,973,2295
2009/02/02,962,2117
2009/02/03,981,2225
2009/02/04,1000,2325
2009/02/05,985,2250
2009/02/06,1005,2460
2009/02/09,1005,2360
2009/02/10,1010,2404
2009/02/11,1010,2310
2009/02/12,1010,2350
2009/02/13,1014,2230
2009/02/16,1006,2170
2009/02/17,1009,2100
2009/02/18,1010,2060
2009/02/19,1008,2004
2009/02/20,1010,1930
2009/02/23,1010,1942
2009/02/24,1010,2018
2009/02/25,1005,2017
2009/02/26,1007,2075
2009/02/27,1005,1925
2009/03/02,1007,1800
2009/03/03,1007,1865
2009/03/04,1010,1840
2009/03/05,1010,1815
2009/03/06,1005,1805
2009/03/09,1010,1804
2009/03/10,1010,1817
2009/03/11,1002,1840
2009/03/12,1001,1950
2009/03/13,1009,1921
2009/03/16,1008,1900
2009/03/17,1006,1845
2009/03/18,1001,1925
2009/03/19,1005,2002
2009/03/20,1007,2000
2009/03/23,955,2085
2009/03/24,955,2112
2009/03/25,970,2225
2009/03/26,968,2115
2009/03/27,967,2074
2009/03/30,956,1985
2009/03/31,950,2060
2009/04/01,955,2031
2009/04/02,950,2180
2009/04/03,959,2201
2009/04/06,950,2208
2009/04/07,1000,2150
2009/04/08,996,2085
2009/04/09,975,2250
2009/04/14,990,2300
2009/04/15,990,2297
2009/04/16,990,2205
2009/04/17,995,2200
2009/04/20,990,2100
2009/04/21,965,2015
2009/04/23,970,2047
2009/04/24,980,2050
2009/04/28,985,2117
2009/04/29,992,2177
2009/04/30,998,2240
2009/05/04,997,2310
2009/05/05,996,2293
2009/05/06,1000,2247
2009/05/07,1005,2180
2009/05/08,1012,2199
2009/05/11,1018,2203
2009/05/12,1018,2225
2009/05/13,1018,2141
2009/05/14,1020,2135
2009/05/15,1025,2190
2009/05/18,1025,2250
2009/05/19,1035,2316
2009/05/20,1040,2325
2009/05/21,1040,2275
2009/05/22,1050,2307
2009/05/25,1050,2230
2009/05/26,1065,2248
2009/05/27,1060,2235
2009/05/28,1050,2250
2009/05/29,1050,2205
2009/06/01,1060,2251
2009/06/02,1060,2235
2009/06/03,1055,2205
2009/06/04,1060,2215
2009/06/05,1065,2187
2009/06/08,1059,2150
2009/06/09,1063,2156
2009/06/10,1065,2205
2009/06/11,1060,2200
2009/06/12,1055,2230
2009/06/15,1065,2256
2009/06/17,1066,2189
2009/06/18,1060,2245
2009/06/19,1055,2235
2009/06/22,1052,2230
2009/06/23,1055,2192
2009/06/24,1053,2235
2009/06/25,1050,2230
2009/06/26,1050,2290
2009/06/29,1005,2348
2009/06/30,995,2345
2009/07/01,990,2400
2009/07/02,1002,2342
2009/07/03,1010,2380
2009/07/06,1040,2349
2009/07/07,1030,2412
2009/07/08,1020,2428
2009/07/09,1030,2435
2009/07/10,1039,2489
2009/07/13,1020,2454
2009/07/14,1021,2558
2009/07/15,1030,2570
2009/07/16,1040,2544
2009/07/17,1045,2495
2009/07/20,1041,2549
2009/07/21,1045,2551
2009/07/22,1045,2580
2009/07/23,1040,2560
2009/07/24,1040,2600
2009/07/27,1040,2525
2009/07/28,1040,2521
2009/07/29,1040,2442
2009/07/30,1050,2528
2009/07/31,1050,2525
2009/08/03,1012,2520
2009/08/04,1015,2520
2009/08/05,1030,2550
2009/08/06,1035,2575
2009/08/07,1028,2599
2009/08/11,1033,2500
2009/08/12,1020,2460
2009/08/13,1020,2462
2009/08/14,1020,2499
2009/08/17,1040,2437
2009/08/18,1040,2440
2009/08/19,1038,2411
2009/08/20,1035,2431
2009/08/21,1040,2530
2009/08/24,990,2595
2009/08/25,980,2619
2009/08/26,980,2620
2009/08/27,985,2669
2009/08/28,990,2684
2009/08/31,980,2645
2009/09/01,985,2683
2009/09/02,982,2660
2009/09/03,990,2545
2009/09/04,982,2595
2009/09/07,985,2555
2009/09/08,984,2669
2009/09/09,975,2600
2009/09/10,986,2615
2009/09/11,975,2616
2009/09/14,975,2570
2009/09/15,976,2560
2009/09/16,978,2601
2009/09/17,976,2720
2009/09/18,976,2750
2009/09/21,982,2740
2009/09/22,980,2809
2009/09/23,972,2720
2009/09/25,965,2790
2009/09/28,960,2790
2009/09/29,960,2744
2009/09/30,958,2732
2009/10/01,955,2705
2009/10/02,956,2619
2009/10/05,956,2699
2009/10/06,956,2667
2009/10/07,974,2700
2009/10/08,986,2699
2009/10/09,989,2690
2009/10/12,995,2705
2009/10/13,998,2734
2009/10/14,998,2800
2009/10/15,999,2820
2009/10/16,1000,2720
2009/10/19,1000,2800
2009/10/20,1000,2827
2009/10/21,1005,2900
2009/10/22,1008,2865
2009/10/23,1030,2890
2009/10/26,1010,2814
2009/10/27,1010,2829
2009/10/28,1010,2828
2009/10/29,1005,2920
2009/10/30,1005,2865
2009/11/02,1010,2783
2009/11/03,1010,2745
2009/11/04,1005,2745
2009/11/05,1007,2705
2009/11/06,1009,2647
2009/11/09,1007,2766
2009/11/10,1014,2775
2009/11/11,1014,2825
2009/11/12,1014,2866
2009/11/13,1011,2773
2009/11/16,1007,2831
2009/11/17,1005,2830
2009/11/18,1010,2826
2009/11/19,1003,2822
2009/11/20,1000,2760
2009/11/23,1000,2800
2009/11/24,1000,2837
2009/11/25,995,2828
2009/11/26,999,2750
2009/11/27,990,2775
2009/11/30,996,2800
2009/12/01,997,2830
2009/12/02,993,2833
2009/12/03,990,2800
2009/12/04,998,2770
2009/12/07,998,2761
2009/12/08,999,2824
2009/12/09,995,2790
2009/12/10,1000,2780
2009/12/11,1000,2870
2009/12/14,999,2895
2009/12/15,998,2876
2009/12/17,1009,2930
2009/12/18,1010,2931
2009/12/21,1010,2900
2009/12/22,1018,2920
2009/12/23,1015,2882
2009/12/24,1005,2910
2009/12/28,1003,2957
2009/12/29,1005,2910
2009/12/30,1005,2887
2009/12/31,1005,2960
2010/01/04,1000,2950
2010/01/05,1000,3020
2010/01/06,1010,3000
2010/01/07,1010,3000
2010/01/08,1005,3010
2010/01/11,1007,2980
2010/01/12,1009,2916
2010/01/13,1010,2965
2010/01/14,1004,2950
2010/01/15,1010,2915
2010/01/18,1020,3000
2010/01/19,1020,3005
2010/01/20,1030,3080
2010/01/21,1030,3060
2010/01/22,1050,3010
2010/01/25,1060,3022
2010/01/26,1031,3025
2010/01/27,1050,3000
2010/01/28,1056,3060
2010/01/29,1050,3089
2010/02/01,1050,3003
2010/02/02,1060,3015
2010/02/03,1070,3040
2010/02/04,1085,2952
2010/02/05,1060,2886
2010/02/08,1064,2886
2010/02/09,1075,2960
2010/02/10,1065,2952
2010/02/11,1080,2954
2010/02/12,1080,2843
2010/02/15,1080,3000
2010/02/16,1090,2955
2010/02/17,1081,2951
2010/02/18,1091,3010
2010/02/19,1100,2955
2010/02/22,1100,2922
2010/02/23,1095,2962
2010/02/24,1100,2900
2010/02/25,1100,2913
2010/02/26,1090,2939
2010/03/01,1090,2950
2010/03/02,1095,3022
2010/03/03,1093,3080
2010/03/04,1100,3090
2010/03/05,1100,3107
2010/03/08,1075,3160
2010/03/09,1100,3078
2010/03/10,1085,3179
2010/03/11,1099,3115
2010/03/12,1100,3150
2010/03/15,1086,3135
2010/03/16,1095,3208
2010/03/17,1100,3210
2010/03/18,1103,3323
2010/03/19,1059,3255
2010/03/23,1059,3260
2010/03/24,1050,3250
2010/03/25,1058,3250
2010/03/26,1050,3200
2010/03/29,1046,3180
2010/03/30,1055,3147
2010/03/31,1053,3237
2010/04/01,1041,3220
2010/04/06,1059,3250
2010/04/07,1060,3280
2010/04/08,1057,3174
2010/04/09,1060,3277
2010/04/12,1055,3233
2010/04/13,1062,3228
2010/04/14,1100,3287
2010/04/15,1070,3288
2010/04/16,1050,3275
2010/04/19,1060,3250
2010/04/20,1053,3300
2010/04/21,1052,3338
2010/04/22,1041,3321
2010/04/23,1050,3300
2010/04/26,1050,3425
2010/04/28,1050,3317
2010/04/29,1044,3367
2010/04/30,1040,3367
2010/05/03,1028,3390
2010/05/04,1030,3325
2010/05/05,1030,3250
2010/05/06,1030,3290
2010/05/07,1034,3081
2010/05/10,1021,3299
2010/05/11,1030,3315
2010/05/12,1030,3484
2010/05/13,1030,3475
2010/05/14,1021,3365
2010/05/17,1021,3350
2010/05/18,1030,3415
2010/05/19,1020,3440
2010/05/20,1030,3273
2010/05/21,1023,3272
2010/05/24,1020,3420
2010/05/25,1015,3300
2010/05/26,1030,3441
2010/05/27,1028,3470
2010/05/28,1030,3413
2010/05/31,1020,3374
2010/06/01,1020,3320
2010/06/02,1025,3370
2010/06/03,1030,3305
2010/06/04,1030,3220
2010/06/07,1027,3120
2010/06/08,1030,3003
2010/06/09,1030,3050
2010/06/10,1021,3138
2010/06/11,1030,3075
2010/06/14,1030,3235
2010/06/15,1030,3270
2010/06/17,1024,3295
2010/06/18,1030,3285
2010/06/21,1030,3278
2010/06/22,1025,3300
2010/06/23,1030,3289
2010/06/24,1025,3240
2010/06/25,1021,3280
2010/06/28,1021,3270
2010/06/29,1030,3240
2010/06/30,1022,3120
2010/07/01,1030,3177
2010/07/02,1030,3184
2010/07/05,1040,3174
2010/07/06,1060,3290
2010/07/07,1030,3312
2010/07/08,1040,3358
2010/07/09,1040,3358
2010/07/12,1050,3360
2010/07/13,1055,3410
2010/07/14,1055,3414
2010/07/15,1060,3354
2010/07/16,1056,3379
2010/07/19,1070,3400
2010/07/20,1080,3371
2010/07/21,1100,3475
2010/07/22,1100,3530
2010/07/23,1100,3558
2010/07/26,1100,3551
2010/07/27,1100,3509
2010/07/28,1100,3470
2010/07/29,1090,3479
2010/07/30,1100,3450
2010/08/02,1099,3500
2010/08/03,1098,3365
2010/08/04,1095,3293
2010/08/05,1098,3310
2010/08/06,1099,3280
2010/08/10,1100,3250
2010/08/11,1092,3180
2010/08/12,1100,3162
2010/08/13,1100,3157
2010/08/16,1100,3167
2010/08/17,1105,3243
2010/08/18,1110,3135
2010/08/19,1117,3160
2010/08/20,1110,3126
2010/08/23,1066,3232
2010/08/24,1061,3205
2010/08/25,1060,3180
2010/08/26,1061,3219
2010/08/27,1060,3219
2010/08/30,1056,3288
2010/08/31,1065,3333
2010/09/01,1050,3429
2010/09/02,1060,3422
2010/09/03,1052,3397
2010/09/06,1060,3430
2010/09/07,1055,3335
2010/09/08,1040,3387
2010/09/09,1045,3440
2010/09/10,1035,3459
2010/09/13,1030,3511
2010/09/14,1030,3491
2010/09/15,1030,3500
2010/09/16,1040,3490
2010/09/17,1045,3461
2010/09/20,1060,3562
2010/09/21,1031,3577
2010/09/22,1058,3540
2010/09/23,1055,3590
2010/09/27,1050,3680
2010/09/28,1061,3680
2010/09/29,1068,3734
2010/09/30,1068,3795
2010/10/01,1050,3770
2010/10/04,1055,3740
2010/10/05,1060,3780
2010/10/06,1063,3790
2010/10/07,1067,3697
2010/10/08,1075,3754
2010/10/11,1070,3705
2010/10/12,1065,3736
2010/10/13,1065,3782
2010/10/14,1065,3717
2010/10/15,1078,3648
2010/10/18,1070,3686
2010/10/19,1068,3695
2010/10/20,1065,3629
2010/10/21,1080,3715
2010/10/22,1070,3635
2010/10/25,1075,3596
2010/10/26,1078,3645
2010/10/27,1070,3605
2010/10/28,1072,3650
2010/10/29,1072,3614
2010/11/01,1072,3685
2010/11/02,1075,3635
2010/11/03,1080,3700
2010/11/04,1085,3679
2010/11/05,1070,3675
2010/11/08,1070,3695
2010/11/09,1082,3712
2010/11/10,1080,3750
2010/11/11,1080,3680
2010/11/12,1090,3713
2010/11/15,1074,3655
2010/11/16,1080,3638
2010/11/17,1080,3647
2010/11/18,1078,3626
2010/11/19,1073,3595
2010/11/22,1075,3564
2010/11/23,1076,3515
2010/11/24,1080,3603
2010/11/25,1076,3631
2010/11/26,1080,3650
2010/11/29,1080,3584
2010/11/30,1074,3531
2010/12/01,1080,3550
2010/12/02,1070,3549
2010/12/03,1057,3639
2010/12/06,1060,3601
2010/12/07,1075,3555
2010/12/08,1067,3619
2010/12/09,1060,3635
2010/12/10,1058,3587
2010/12/13,1065,3565
2010/12/14,1065,3560
2010/12/15,1070,3694
2010/12/17,1070,3800
2010/12/20,1090,3760
2010/12/21,1072,3825
2010/12/22,1075,3858
2010/12/23,1075,3880
2010/12/24,1075,3831
2010/12/28,1075,3870
2010/12/29,1070,3861
2010/12/30,1072,3850
2010/12/31,1070,3850
2011/01/03,1068,3865
2011/01/04,1069,3886
2011/01/05,1070,3925
2011/01/06,1079,3955
2011/01/07,1075,3900
2011/01/10,1060,3910
2011/01/11,1055,3969
2011/01/12,1070,3970
2011/01/13,1060,3985
2011/01/14,1065,3960
2011/01/17,1070,3920
2011/01/18,1070,3931
2011/01/19,1065,3911
2011/01/20,1064,3853
2011/01/21,1060,3872
2011/01/24,1050,3859
2011/01/25,1060,3870
2011/01/26,1050,3820
2011/01/27,1070,3927
2011/01/28,1070,3899
2011/01/31,1075,3837
2011/02/01,1050,3850
2011/02/02,1046,3875
2011/02/03,1060,3870
2011/02/04,1060,3829
2011/02/07,1055,3755
2011/02/08,1060,3716
2011/02/09,1066,3700
2011/02/10,1061,3661
2011/02/11,1069,3715
2011/02/14,1070,3735
2011/02/15,1070,3748
2011/02/16,1050,3757
2011/02/17,1085,3774
2011/02/18,1060,3775
2011/02/21,1041,3837
2011/02/22,1041,3783
2011/02/23,1045,3700
2011/02/24,1040,3727
2011/02/25,1040,3835
2011/02/28,1041,3844
2011/03/01,1032,3790
2011/03/02,1031,3784
2011/03/03,1032,3750
2011/03/04,1032,3800
2011/03/07,1030,3800
2011/03/08,1015,3742.424242
2011/03/09,1012,3756.818182
2011/03/10,1006,3653.181818
2011/03/11,1010,3661.818182
2011/03/14,1030,3648.863636
2011/03/15,1025,3509.242424
2011/03/16,1000,3615.757576
2011/03/17,1000,3653.181818
2011/03/18,970,3588.409091
2011/03/22,986,3645.984848
2011/03/23,1000,3670.454545
2011/03/24,1020,3706.439394
2011/03/25,1036,3762.575758
2011/03/28,1035,3706.439394
2011/03/29,1045,3755.378788
2011/03/30,1035,3883.484848
2011/03/31,1035,4030.30303
2011/04/01,1025,4000.075758
2011/04/04,1017,3964.090909
2011/04/05,1010,4000.075758
2011/04/06,1025,4214.545455
2011/04/07,1040,4038.939394
2011/04/08,1014,4060.530303
2011/04/11,1025,4097.954545
2011/04/12,1015,4086.439394
2011/04/13,1035,4007.272727
2011/04/14,1035,3873.409091
2011/04/15,1015,3835.984848
2011/04/18,1000,3670.454545
2011/04/19,1000,3768.333333
2011/04/20,1000,3897.878788
2011/04/21,1000,3887.80303
2011/04/26,980,4027.424242
2011/04/28,985,4049.015152
2011/04/29,990,4077.80303
2011/05/03,975,3991.439394
2011/05/04,1000,3866.212121
2011/05/05,1019,3828.787879
2011/05/06,1019,3900.757576
2011/05/09,1020,3900.757576
2011/05/10,1025,3979.924242
2011/05/11,1033,3958.333333
2011/05/12,1025,3886.363636
2011/05/13,1027,3922.348485
2011/05/16,1025,3955.454545
2011/05/17,1023,3920.909091
2011/05/19,1009,3943.939394
2011/05/20,1009,3887.80303
2011/05/23,995,3797.121212
2011/05/24,1000,3919.469697
2011/05/25,990,3871.969697
2011/05/26,980,3951.136364
2011/05/27,1000,3977.045455
2011/05/30,990,3943.939394
2011/05/31,1000,4059.090909
2011/06/01,996,4028.863636
2011/06/02,995,3929.545455
2011/06/03,1000,3860.454545
2011/06/06,1000,3837.424242
2011/06/07,1000,3850.378788
2011/06/08,1005,3843.181818
2011/06/09,1000,3814.393939
2011/06/10,995,3742.424242
2011/06/13,1005,3728.030303
2011/06/14,1030,3726.590909
2011/06/15,1029,3728.030303
2011/06/17,1010,3807.19697
2011/06/20,1010,3713.636364
2011/06/21,1010,3697.80303
2011/06/22,1011,3660.378788
2011/06/23,1033,3602.80303
2011/06/24,1036,3627.272727
2011/06/27,1030,3677.651515
2011/06/28,1035,3735.227273
2011/06/29,1040,3778.409091
2011/06/30,1042,3835.984848
2011/07/01,1040,3857.575758
2011/07/04,1036,3857.575758
2011/07/05,1043,3907.954545
2011/07/06,1041,3907.954545
2011/07/07,1044,3857.575758
2011/07/08,1037,3818.712121
2011/07/11,1045,3785.606061
2011/07/12,1045,3800
2011/07/13,1040,3785.606061
2011/07/14,1025,3800
2011/07/15,1024,3828.787879
2011/07/18,1025,3758.257576
2011/07/19,1015,3752.5
2011/07/20,1015,3771.212121
2011/07/21,1015,3800
2011/07/22,1004,3728.030303
2011/07/25,996,3772.651515
2011/07/26,995,3752.5
2011/07/27,995,3755.378788
2011/07/28,1005,3679.090909
2011/07/29,1006,3634.469697
2011/08/01,1015,3667.575758
2011/08/02,1020,3641.666667
2011/08/03,1030,3592.727273
2011/08/04,1030,3479.015152
2011/08/05,1020,3507.80303
2011/08/08,1013,3365.30303
2011/08/10,1018,3316.363636
2011/08/11,1025,3432.954545
2011/08/12,1040,3545.227273
2011/08/15,1040,3548.106061
2011/08/16,1030,3470.378788
2011/08/17,1030,3525.075758
2011/08/18,1010,3470.378788
2011/08/19,1025,3480.454545
2011/08/22,1000,3546.666667
2011/08/23,1005,3502.045455
2011/08/24,1005,3484.772727
2011/08/25,1005,3499.166667
2011/08/26,1000,3532.272727
2011/08/29,1000,3633.030303
2011/08/30,1000,3640.227273
2011/08/31,1000,3663.257576
2011/09/01,996,3697.80303
2011/09/02,1005,3584.090909
2011/09/05,995,3558.181818
2011/09/06,999,3464.621212
2011/09/07,1000,3612.878788
2011/09/08,1000,3751.060606
2011/09/09,1000,3697.80303
2011/09/12,1000,3648.863636
2011/09/13,1000,3720.833333
2011/09/14,1003,3854.69697
2011/09/15,1005,3866.212121
2011/09/16,1010,3821.590909
2011/09/19,1012,3729.469697
2011/09/20,1017,3776.969697
2011/09/21,1005,3764.015152
2011/09/22,1019,3605.681818
2011/09/23,1015,3535.151515
2011/09/26,1013,3597.045455
2011/09/27,1020,3692.045455
2011/09/28,1021,3756.818182
2011/09/29,1025,3647.424242
2011/09/30,1025,3654.621212
2011/10/03,1026,3654.621212
2011/10/04,1026,3555.30303
2011/10/05,1045,3699.242424
2011/10/06,1050,3729.469697
2011/10/07,1075,3771.212121
2011/10/10,1050,3676.212121
2011/10/11,1070,3621.515152
2011/10/12,1035,3637.348485
2011/10/13,1040,3599.924242
2011/10/14,1040,3591.287879
2011/10/17,1040,3588.409091
2011/10/18,1040,3543.787879
2011/10/19,1050,3566.818182
2011/10/20,1050,3490.530303
2011/10/21,1050,3566.818182
2011/10/24,1060,3552.424242
2011/10/25,1060,3633.030303
2011/10/26,1060,3605.681818
2011/10/27,1069,3633.030303
2011/10/28,1070,3598.484848
2011/10/31,1051,3605.681818
2011/11/01,1054,3484.772727
2011/11/02,1060,3620.075758
2011/11/03,1073,3620.075758
2011/11/04,1072,3610
2011/11/07,1075,3723.712121
2011/11/08,1080,3735.227273
2011/11/09,1075,3669.015152
2011/11/10,1065,3661.818182
2011/11/11,1072,3650.30303
2011/11/14,1075,3640.227273
2011/11/15,1075,3723.712121
2011/11/16,1066,3730.909091
2011/11/17,1075,3702.121212
2011/11/18,1070,3599.924242
2011/11/21,1065,3527.954545
2011/11/22,1085,3542.348485
2011/11/23,1080,3517.878788
2011/12/02,1080,3517.878788
2011/12/05,1080,3517.878788
2011/12/06,1080,3517.878788
2011/12/07,1080,3517.878788
2011/12/08,1080,3517.878788
2011/12/09,1080,3517.878788
2011/12/12,1080,3517.878788
2011/12/13,1061,3866.212121
2011/12/14,1078,3785.606061
2011/12/15,1095,3789.924242
2011/12/19,1100,3828.787879
2011/12/20,1105,3792.80303
2011/12/21,1100,3785.606061
2011/12/22,1095,3846.060606
2011/12/23,1100,3884.924242
2011/12/28,1080,3942.5
2011/12/29,1078,3949.69697
2011/12/30,1095,3929.545455
2012/01/03,1085,3984.242424
2012/01/04,1090,4008.712121
2012/01/05,1093,4047.575758
2012/01/06,1110,4099.393939
2012/01/09,1085,4080.681818
2012/01/10,1095,4060.530303
2012/01/11,1100,4080.681818
2012/01/12,1100,4131.060606
2012/01/13,1105,4097.954545
2012/01/16,1107,4102.272727
2012/01/17,1100,4172.80303
2012/01/18,1130,4208.787879
2012/01/19,1117,4275
2012/01/20,1120,4302.348485
2012/01/23,1115,4312.424242
2012/01/24,1115,4247.651515
2012/01/25,1110,4210.227273
2012/01/26,1115,4246.212121
2012/01/27,1110,4246.212121
2012/01/30,1105,4200.151515
2012/01/31,1105,4190.075758
2012/02/01,1100,4312.424242
2012/02/02,1060,4354.166667
2012/02/03,1080,4395.909091
2012/02/06,1082,4349.848485
2012/02/07,1083,4378.636364
2012/02/08,1085,4387.272727
2012/02/09,1091,4447.727273
2012/02/10,1100,4309.545455
2012/02/13,1092,4339.772727
2012/02/14,1095,4296.590909
2012/02/15,1082,4336.893939
2012/02/16,1080,4310.984848
2012/02/17,1062,4358.484848
2012/02/20,1065,4357.045455
2012/02/21,1090,4375.757576
2012/02/22,1070,4312.424242
2012/02/23,1064,4420.378788
2012/02/24,1065,4585.909091
2012/02/27,1085,4508.181818
2012/02/28,1070,4560
2012/02/29,1070,4498.106061
2012/03/01,1060,4598.863636
2012/03/02,1060,4598.863636
2012/03/05,1075,4601.742424
2012/03/06,1085,4483.712121
2012/03/07,1100,4534.090909
2012/03/08,1102,4577.272727
2012/03/09,1102,4606.060606
2012/03/12,1105,4606.060606
2012/03/13,1100,4646.363636
2012/03/14,1095,4706.818182
2012/03/15,1092,4703.939394
2012/03/16,1045,4534.090909
2012/03/19,1044,4548.484848
2012/03/20,1070,4493.787879
2012/03/22,1076,4391.590909
2012/03/23,1085,4416.060606
2012/03/26,1091,4466.439394
2012/03/27,1100,4557.121212
2012/03/28,1100,4567.19697
2012/03/29,1101,4534.090909
2012/03/30,1100,4500.984848
2012/04/02,1099,4548.484848
2012/04/03,1100,4558.560606
2012/04/04,1095,4450.606061
2012/04/05,1100,4511.060606
2012/04/10,1100,4548.484848
2012/04/11,1100,4519.69697
2012/04/12,1100,4545.606061
2012/04/13,1105,4542.727273
2012/04/16,1095,4502.424242
2012/04/17,1099,4562.878788
2012/04/18,1098,4663.636364
2012/04/19,1100,4594.545455
2012/04/20,1100,4735.606061
2012/04/23,1115,4643.484848
2012/04/24,1120,4678.030303
2012/04/25,1120,4750
2012/04/26,1135,4833.484848
2012/04/30,1120,4836.363636
2012/05/02,1120,4908.333333
2012/05/03,1130,4991.818182
2012/05/04,1121,5022.045455
2012/05/07,1126,4984.621212
2012/05/08,1125,4914.090909
2012/05/09,1120,4893.939394
2012/05/10,1105,4951.515152
2012/05/11,1092,4937.121212
2012/05/14,1101,4880.984848
2012/05/15,1120,4843.560606
2012/05/16,1120,4873.787879
2012/05/17,1110,4878.106061
2012/05/18,1116,4724.090909
2012/05/21,1116,4692.424242
2012/05/22,1120,4787.424242
2012/05/23,1123,4678.030303
2012/05/24,1125,4732.727273
2012/05/25,1125,4726.969697
2012/05/28,1125,4742.80303
2012/05/29,1135,4803.257576
2012/05/30,1135,4712.575758
2012/05/31,1140,4807.575758
2012/06/01,1143,4793.181818
2012/06/04,1130,4807.575758
2012/06/05,1135,4807.575758
2012/06/06,1131,4821.969697
2012/06/07,1135,4978.863636
2012/06/08,1140,4948.636364
2012/06/11,1140,4929.924242
2012/06/12,1141,5023.484848
2012/06/13,1130,5007.651515
2012/06/14,1135,4980.30303
2012/06/15,1129,4944.318182
2012/06/18,1130,5124.242424
2012/06/19,1125,5186.136364
2012/06/20,1121,5219.242424
2012/06/21,1100,5255.227273
2012/06/22,1100,5246.590909
2012/06/25,1096,5197.651515
2012/06/26,1093,5095.454545
2012/06/27,1116,5135.757576
2012/06/28,1125,4937.121212
2012/06/29,1095,5020.606061
2012/07/02,1100,5081.060606
2012/07/03,1099,5128.560606
2012/07/04,1085,5108.409091
2012/07/05,1100,5045.075758
2012/07/06,1100,5082.5
2012/07/09,1080,5030.681818
2012/07/10,1080,5037.878788
2012/07/11,1078,5023.484848
2012/07/12,1080,4980.30303
2012/07/13,1065,4970.227273
2012/07/16,1068,5121.363636
2012/07/17,1075,5194.772727
2012/07/18,1074,5232.19697
2012/07/19,1105,5183.257576
2012/07/20,1093,5170.30303
2012/07/23,1063,5154.469697
2012/07/24,1061,5127.121212
2012/07/25,1065,5145.833333
2012/07/26,1065,5173.181818
2012/07/27,1080,5361.742424
2012/07/30,1073,5446.666667
2012/07/31,1065,5278.257576
2012/08/01,1050,5343.030303
2012/08/02,1050,5338.712121
2012/08/03,1054,5505.681818
2012/08/06,1065,5474.015152
2012/08/07,1050,5436.590909
2012/08/08,1060,5416.439394
2012/08/10,1060,5410.681818
2012/08/13,1055,5419.318182
2012/08/14,1075,5522.954545
2012/08/15,1075,5439.469697
2012/08/16,1084,5400.606061
2012/08/17,1099,5315.681818
2012/08/20,1065,5268.181818
2012/08/21,1060,5298.409091
2012/08/22,1052,5286.893939
2012/08/23,1060,5296.969697
2012/08/24,1062,5330.075758
2012/08/27,1050,5383.333333
2012/08/28,1050,5377.575758
2012/08/29,1060,5343.030303
2012/08/30,1058,5242.272727
2012/08/31,1046,5233.636364
2012/09/03,1043,5271.060606
2012/09/04,1040,5282.575758
2012/09/05,1035,5282.575758
2012/09/06,1035,5307.045455
2012/09/07,1050,5282.575758
2012/09/10,1035,5180.378788
2012/09/11,1025,5253.787879
2012/09/12,1045,5181.818182
2012/09/13,1036,5148.712121
2012/09/14,1039,5059.469697
2012/09/17,1036,5037.878788
2012/09/18,1036,5124.242424
2012/09/19,1049,5213.484848
2012/09/20,1038,5189.015152
2012/09/21,1050,5226.439394
2012/09/25,1055,5302.727273
2012/09/26,1065,5294.090909
2012/09/27,1071,5259.545455
2012/09/28,1085,5325.757576
2012/10/01,1085,5363.181818
2012/10/02,1090,5396.287879
2012/10/03,1080,5402.045455
2012/10/04,1089,5426.515152
2012/10/05,1090,5305.606061
2012/10/08,1089,5043.636364
2012/10/09,1091,5063.787879
2012/10/10,1094,5124.242424
2012/10/11,1092,5178.939394
2012/10/12,1090,5229.318182
2012/10/15,1100,5245.151515
2012/10/16,1106,5328.636364
2012/10/17,1100,5360.30303
2012/10/18,1120,5350.227273
2012/10/19,1110,5248.030303
2012/10/22,1116,5386.212121
2012/10/23,1105,5384.772727
2012/10/24,1115,5443.787879
2012/10/25,1115,5459.621212
2012/10/26,1114,5435.151515
2012/10/29,1117,5497.045455
2012/10/30,1115,5586.287879
2012/10/31,1115,5475.454545
2012/11/01,1116,5603.560606
2012/11/02,1118,5571.893939
2012/11/05,1115,5720.151515
2012/11/06,1100,5809.393939
2012/11/07,1080,5799.318182
2012/11/08,1085,5823.787879
2012/11/09,1075,5770.530303
2012/11/12,1080,5756.136364
2012/11/13,1077,5754.69697
2012/11/14,1072,5779.166667
2012/11/15,1080,5668.333333
2012/11/16,1095,5738.863636
2012/11/19,1080,5868.409091
2012/11/21,1100,5681.287879
2012/11/22,1110,5711.515152
2012/11/23,1125,5556.060606
2012/11/24,1125,5556.060606
2012/11/25,1125,5556.060606
2012/11/26,1100,5520.075758
2012/11/27,1100,5564.69697
2012/11/28,1100,5580.530303
2012/11/29,1100,5642.424242
2012/11/30,1110,5639.545455
2012/12/03,1105,5687.045455
2012/12/04,1104,5705.757576
2012/12/05,1100,5812.272727
2012/12/06,1130,5865.530303
2012/12/07,1105,5891.439394
2012/12/10,1100,5901.515152
2012/12/11,1110,5887.121212
2012/12/12,1107,5843.939394
2012/12/13,1082,5786.363636
2012/12/14,1085,5734.545455
2012/12/18,1060,5771.969697
2012/12/19,1060,5848.257576
2012/12/20,1060,5985
2012/12/21,1100,5851.136364
2012/12/24,1095,5862.651515
2012/12/27,1090,5969.166667
2012/12/28,1089,5946.136364
2012/12/31,1089,5858.333333
2013/01/02,1089,6045.454545
2013/01/03,1080,6088.636364
2013/01/04,1074,6176.439394
2013/01/07,1064,6213.863636
2013/01/08,1070,6189.393939
2013/01/09,1065,6252.727273
2013/01/10,1070,6160.606061
2013/01/11,1064,6210.984848
2013/01/14,1065,6203.787879
2013/01/15,1065,6055.530303
2013/01/16,1065,6199.469697
2013/01/17,1065,6311.742424
2013/01/18,1066,6333.333333
2013/01/21,1060,6441.287879
2013/01/22,1081,6396.666667
2013/01/23,1065,6323.257576
2013/01/24,1080,6282.954545
2013/01/25,1060,6353.484848
2013/01/28,1060,6389.469697
2013/01/29,1066,6428.333333
2013/01/30,1060,6297.348485
2013/01/31,1069,6177.878788
2013/02/01,1062,6095.833333
2013/02/04,1060,6087.19697
2013/02/05,1066,6208.106061
2013/02/06,1060,6111.666667
2013/02/07,1055,6131.818182
2013/02/08,1060,6159.166667
2013/02/11,1063,6223.939394
2013/02/12,1070,6192.272727
2013/02/13,1050,6153.409091
2013/02/14,1050,6085.757576
2013/02/15,1050,6055.530303
2013/02/18,1045,6084.318182
2013/02/19,1039,6133.257576
2013/02/20,1055,6045.454545
2013/02/21,1050,5964.848485
2013/02/22,1051,5907.272727
2013/02/25,1080,5930.30303
2013/02/26,1060,5861.212121
2013/02/27,1070,5746.060606
2013/02/28,1060,5892.878788
2013/03/01,1060,5956.212121
2013/03/04,1080,5911.590909
2013/03/05,1060,6103.030303
2013/03/06,1070,5905.833333
2013/03/07,1065,5900.075758
2013/03/08,1063,5944.69697
2013/03/11,1080,5879.924242
2013/03/12,1080,5830.984848
2013/03/13,1079,5760.454545
2013/03/14,1066,5881.363636
2013/03/15,1025,5761.893939
2013/03/18,1025,5843.939394
2013/03/19,1045,5901.515152
2013/03/20,1040,5901.515152
2013/03/22,1035,6023.863636
2013/03/25,1045,6045.454545
2013/03/26,1045,6067.045455
2013/03/27,1058,6005.151515
2013/03/28,1060,5987.878788
2013/04/02,1065,6159.166667
2013/04/03,1062,5995.075758
2013/04/04,1038,5976.363636
2013/04/05,1050,5887.121212
2013/04/08,1038,5996.515152
2013/04/09,1037,5941.818182
2013/04/10,1049,5985
2013/04/11,1040,5930.30303
2013/04/12,1040,5901.515152
2013/04/15,1042,5737.424242
2013/04/16,1045,5848.257576
2013/04/17,1045,5704.318182
2013/04/18,1035,5702.878788
2013/04/19,1040,5823.787879
2013/04/22,1040,5721.590909
2013/04/23,1036,5851.136364
2013/04/24,1040,5763.333333
2013/04/25,1030,5746.060606
2013/04/26,1030,5720.151515
2013/04/29,1030,5707.19697
2013/04/30,1020,5733.106061
2013/05/02,1020,5842.5
2013/05/03,1015,5782.045455
2013/05/06,1030,5733.106061
2013/05/07,1010,5806.515152
2013/05/08,1020,5959.090909
2013/05/09,1030,5908.712121
2013/05/10,1029,5891.439394
2013/05/13,1029,5888.560606
2013/05/14,1025,5911.590909
2013/05/15,1030,5908.712121
2013/05/16,1025,5972.045455
2013/05/17,1025,5858.333333
2013/05/20,1029,5720.151515
2013/05/21,1028,5920.227273
2013/05/22,1027,5842.5
2013/05/23,1028,5656.818182
2013/05/24,1025,5656.818182
2013/05/27,1030,5659.69697
2013/05/28,1029,5744.621212
2013/05/29,1030,5640.984848
2013/05/30,1048,5665.454545
2013/05/31,1030,5727.348485
2013/06/03,1030,5417.878788
2013/06/04,1035,5469.69697
2013/06/05,1034,5364.621212
2013/06/06,1033,5282.575758
2013/06/07,1032,5309.924242
2013/06/10,1045,5256.666667
2013/06/11,1031,5181.818182
2013/06/12,1030,5189.015152
2013/06/13,1031,5246.590909
2013/06/14,1031,5397.727273
2013/06/18,1040,5511.439394
2013/06/19,1045,5498.484848
2013/06/20,1045,5260.984848
2013/06/21,1032,5312.80303
2013/06/24,1038,5253.787879
2013/06/25,1049,5364.621212
2013/06/26,1034,5528.712121
2013/06/27,1040,5599.242424
2013/06/28,1034,5671.212121
2013/07/01,1034,5813.712121
2013/07/02,1035,5799.318182
2013/07/03,1048,5609.318182
2013/07/04,1043,5700
2013/07/05,1035,5507.121212
2013/07/08,1035,5599.242424
2013/07/09,1034,5622.272727
2013/07/10,1040,5426.515152
2013/07/11,1040,5603.560606
2013/07/12,1038,5728.787879
2013/07/15,1025,5743.181818
2013/07/16,1025,5632.348485
2013/07/17,1033,5557.5
2013/07/18,1035,5610.757576
2013/07/19,1042,5584.848485
2013/07/22,1050,5594.924242
2013/07/23,1048,5790.681818
2013/07/24,1029,5695.681818
2013/07/25,1030,5710.075758
2013/07/26,1025,5640.984848
2013/07/29,1017,5746.060606
2013/07/30,1017,5702.878788
2013/07/31,1017,5843.939394
2013/08/01,1018,5858.333333
2013/08/02,1027,5895.757576
2013/08/05,1023,5823.787879
2013/08/06,1027,5809.393939
2013/08/07,1023,5898.636364
2013/08/08,1020,5901.515152
2013/08/12,1013,5993.636364
2013/08/13,1015,6013.787879
2013/08/14,1019,6136.136364
2013/08/15,1012,6002.272727
2013/08/16,1013,6031.060606
2013/08/19,1015,5910.151515
2013/08/20,1017,5966.287879
2013/08/21,1013,5927.424242
2013/08/22,1016,5891.439394
2013/08/23,1017,5930.30303
2013/08/26,970,5960.530303
2013/08/27,965,5959.090909
2013/08/28,964,5774.848485
2013/08/29,969,5874.166667
2013/08/30,960,5819.469697
2013/09/02,962,5974.924242
2013/09/03,955,6045.454545
2013/09/04,953,5937.5
2013/09/05,950,6080
2013/09/06,950,6153.409091
2013/09/09,946,6087.19697
2013/09/10,943,6254.166667
2013/09/11,942,6333.333333
2013/09/12,950,6516.136364
2013/09/13,944,6517.575758
2013/09/16,950,6470.075758
2013/09/17,962,6621.212121
2013/09/18,985,6484.469697
2013/09/19,965,6837.121212
2013/09/20,970,6756.515152
2013/09/23,965,6729.166667
2013/09/25,969,6851.515152
2013/09/26,969,6785.30303
2013/09/27,965,6690.30303
2013/09/30,965,6642.80303
2013/10/01,970,6782.424242
2013/10/02,965,6765.151515
2013/10/03,970,6801.136364
2013/10/04,975,6772.348485
2013/10/07,970,6684.545455
2013/10/08,970,6599.621212
2013/10/09,975,6543.484848
2013/10/10,971,6749.318182
2013/10/11,975,6730.606061
2013/10/14,972,6837.121212
2013/10/15,970,6956.590909
2013/10/16,971,7078.939394
2013/10/17,970,7030
2013/10/18,972,7038.636364
2013/10/21,977,7060.227273
2013/10/22,978,7064.545455
2013/10/23,975,6979.621212
2013/10/24,975,7024.242424
2013/10/25,976,6981.060606
2013/10/28,972,7139.393939
2013/10/29,974,7130.757576
2013/10/30,970,7188.333333
2013/10/31,973,7244.469697
2013/11/01,970,7168.181818
2013/11/04,973,7132.19697
2013/11/05,970,6973.863636
2013/11/06,972,6958.030303
2013/11/07,970,6873.106061
2013/11/08,974,6677.348485
2013/11/11,973,6711.893939
2013/11/12,975,6665.833333
2013/11/13,971,6588.106061
2013/11/14,973,6609.69697
2013/11/15,973,6671.590909
2013/11/18,971,6828.484848
2013/11/19,972,6693.181818
2013/11/20,988,6733.484848
2013/11/21,986,6609.69697
2013/11/22,986,6621.212121
2013/11/25,995,6664.393939
2013/11/26,995,6539.166667
2013/11/27,995,6677.348485
2013/11/28,995,6822.727273
2013/11/29,995,6789.621212
2013/12/02,998,6763.712121
2013/12/03,998,6501.742424
2013/12/04,1005,6513.257576
2013/12/05,1010,6570.833333
2013/12/06,1011,6707.575758
2013/12/09,1011,6798.257576
2013/12/10,1013,6773.787879
2013/12/11,1013,6662.954545
2013/12/12,1015,6405.30303
2013/12/13,1015,6560.757576
2013/12/17,1017,6687.424242
2013/12/18,1020,6644.242424
2013/12/19,1025,6697.5
2013/12/20,1049,6567.954545
2013/12/23,1050,6606.818182
2013/12/24,1049,6606.818182
2013/12/27,1050,6721.969697
2013/12/30,1050,6953.712121
2013/12/31,1037,6959.469697
2014/01/02,1026,7037.19697
2014/01/03,1030,6986.818182
2014/01/06,1045,6750.757576
2014/01/07,1056,6840
2014/01/08,1056,6773.787879
2014/01/09,1050,6665.833333
2014/01/10,1050,6723.409091
2014/01/13,1050,6901.893939
2014/01/14,1056,6687.424242
2014/01/15,1055,6660.075758
2014/01/16,1025,6637.045455
2014/01/17,1020,6553.560606
2014/01/20,1019,6611.136364
2014/01/21,1000,6746.439394
2014/01/22,1000,6848.636364
2014/01/23,1000,6780.984848
2014/01/24,1070,6619.772727
2014/01/27,1030,6536.287879
2014/01/28,1020,6510.378788
2014/01/29,1008,6297.348485
2014/01/30,980,6111.666667
2014/01/31,1000,6154.848485
2014/02/03,1035,6045.454545
2014/02/04,1004,6117.424242
2014/02/05,1005,6044.015152
2014/02/06,1010,6133.257576
2014/02/07,1000,6261.363636
2014/02/10,1000,6160.606061
2014/02/11,1000,6127.5
2014/02/12,1006,6280.075758
2014/02/13,1010,6235.454545
2014/02/14,1010,6317.5
2014/02/17,1020,6426.893939
2014/02/18,1000,6365
2014/02/19,990,6413.939394
2014/02/20,990,6448.484848
2014/02/21,991,6616.893939
2014/02/24,980,6832.80303
2014/02/25,985,6956.590909
2014/02/26,988,6822.727273
2014/02/27,981,6760.833333
2014/02/28,980,6891.818182
2014/03/03,981,6887.5
2014/03/04,995,6886.060606
2014/03/05,980,6801.136364
2014/03/06,980,6922.045455
2014/03/07,970,6845.757576
2014/03/10,975,6726.287879
2014/03/11,970,6835.681818
2014/03/12,970,6657.19697
2014/03/13,976,6749.318182
2014/03/14,970,6785.30303
2014/03/17,950,6793.939394
2014/03/18,950,6642.80303
2014/03/19,950,6631.287879
2014/03/20,952,6606.818182
2014/03/24,958,6448.484848
2014/03/25,956,6721.969697
2014/03/26,955,6916.287879
2014/03/27,953,6887.5
2014/03/28,965,6868.787879
2014/03/31,980,6903.333333
2014/04/01,970,6910.530303
2014/04/02,976,6983.939394
2014/04/03,985,7025.681818
2014/04/04,991,7110.606061
2014/04/07,1002,7182.575758
2014/04/08,1000,7237.272727
2014/04/09,1003,7205.606061
2014/04/10,1003,7254.545455
2014/04/11,1006,7073.181818
2014/04/14,1012,7122.121212
2014/04/15,980,7011.287879
2014/04/16,980,7113.484848
2014/04/17,980,7283.333333
2014/04/22,975,7320.757576
2014/04/23,984,7232.954545
2014/04/24,975,7255.984848
2014/04/25,982,7401.363636
2014/04/29,1010,7304.924242
2014/04/30,1010,7255.984848
2014/05/02,1005,7513.636364
2014/05/05,990,7327.954545
2014/05/06,995,7385.530303
2014/05/08,1000,7384.090909
2014/05/09,994,7325.075758
2014/05/12,997,7280.454545
2014/05/13,990,7448.863636
2014/05/14,1000,7388.409091
2014/05/15,1015,7330.833333
2014/05/16,1015,7290.530303
2014/05/19,1005,7458.939394
2014/05/20,1000,7437.348485
2014/05/21,976,7376.893939
2014/05/22,976,7427.272727
2014/05/23,992,7565.454545
2014/05/26,993,7558.257576
2014/05/27,998,7355.30303
2014/05/28,1015,7394.166667
2014/05/29,1019,7494.924242
2014/05/30,1005,7481.969697
2014/06/02,990,7492.045455
2014/06/03,1000,7466.136364
2014/06/04,990,7450.30303
2014/06/05,990,7471.893939
2014/06/06,991,7592.80303
2014/06/09,991,7555.378788
2014/06/10,991,7651.818182
2014/06/11,992,7647.5
2014/06/12,1000,7644.621212
2014/06/13,1000,7520.833333
2014/06/17,989,7618.712121
2014/06/18,984,7513.636364
2014/06/19,982,7611.515152
2014/06/20,980,7702.19697
2014/06/23,980,7644.621212
2014/06/24,990,7650.378788
2014/06/25,990,7556.818182
2014/06/26,980,7556.818182
2014/06/27,988,7556.818182
2014/06/30,990,7569.772727
2014/07/01,985,7591.363636
2014/07/02,1000,7611.515152
2014/07/03,980,7533.787879
2014/07/04,990,7572.651515
2014/07/07,980,7592.80303
2014/07/08,981,7621.590909
2014/07/09,982,7718.030303
2014/07/10,980,7600
2014/07/11,990,7653.257576
2014/07/14,990,7700.757576
2014/07/15,985,7732.424242
2014/07/16,983,7895.075758
2014/07/17,998,7890.757576
2014/07/18,1005,7916.666667
2014/07/21,1006,7854.772727
2014/07/22,995,8008.787879
2014/07/23,995,8096.590909
2014/07/24,1000,8034.69697
2014/07/25,995,8010.227273
2014/07/28,995,8170
2014/07/29,995,8229.015152
2014/07/30,1001,7982.878788
2014/07/31,1015,8037.575758
2014/08/01,1000,8007.348485
2014/08/04,1010,8272.19697
2014/08/05,1015,8247.727273
2014/08/06,1000,8010.227273
2014/08/07,1000,8003.030303
2014/08/08,1015,8031.818182
2014/08/11,1020,8250.606061
2014/08/12,1015,8164.242424
2014/08/13,1001,8240.530303
2014/08/14,1015,8227.575758
2014/08/15,1012,8082.19697
2014/08/18,1015,8103.787879
2014/08/19,1016,8172.878788
2014/08/20,1030,8057.727273
2014/08/21,1030,8191.590909
2014/08/22,1030,8121.060606
2014/08/25,1000,8148.409091
2014/08/26,1000,8239.090909
2014/08/27,979,8145.530303
2014/08/28,985,8181.515152
2014/08/29,1000,8057.727273
2014/09/01,1014,8135.454545
2014/09/02,1029,8319.69697
2014/09/03,1010,8385.909091
2014/09/04,989,8541.363636
2014/09/05,985,8508.257576
2014/09/08,985,8594.621212
2014/09/09,975,8393.106061
2014/09/10,975,8341.287879
2014/09/11,985,8322.575758
2014/09/12,985,8257.80303
2014/09/15,975,8146.969697
2014/09/16,1018,8270.757576
2014/09/17,990,8347.045455
2014/09/18,990,8439.166667
2014/09/19,985,8424.772727
2014/09/22,970,8157.045455
2014/09/23,970,8072.121212
2014/09/25,988,7923.863636
2014/09/26,970,8170
2014/09/29,970,8090.833333
2014/09/30,987,8161.363636
2014/10/01,995,8054.848485
2014/10/02,1000,7886.439394
2014/10/03,1000,8075
2014/10/06,1000,8053.409091
2014/10/07,988,7952.651515
2014/10/08,960,7882.121212
2014/10/09,960,7925.30303
2014/10/10,965,7745.378788
2014/10/13,955,7844.69697
2014/10/14,935,7978.560606
2014/10/15,930,7778.484848
2014/10/16,934,7838.939394
2014/10/17,935,8010.227273
2014/10/20,948,7933.939394
2014/10/21,930,8151.287879
2014/10/22,938,8086.515152
2014/10/23,930,8027.5
2014/10/24,931,8044.772727
2014/10/27,925,8060.606061
2014/10/28,932,8329.772727
2014/10/29,940,8560.075758
2014/10/30,938,8506.818182
2014/10/31,935,8810.530303
2014/11/03,940,8806.212121
2014/11/04,935,8721.287879
2014/11/05,936,8609.015152
2014/11/06,937,8680.984848
2014/11/07,937,8578.787879
2014/11/10,937,8773.106061
2014/11/11,937,8803.333333
2014/11/12,940,8906.969697
2014/11/13,940,8917.045455
2014/11/14,941,8895.454545
2014/11/17,940,8863.787879
2014/11/18,940,8892.575758
2014/11/19,941,8846.515152
2014/11/20,941,8649.318182
2014/11/21,942,9075.378788
2014/11/24,942,9045.151515
2014/11/25,941,8996.212121
2014/11/26,950,8953.030303
2014/11/27,949,9118.560606
2014/11/28,946,9014.924242
2014/12/01,941,8783.181818
2014/12/02,941,8935.757576
2014/12/03,941,8999.090909
2014/12/04,941,8775.984848
2014/12/05,950,8902.651515
2014/12/08,944,8961.666667
2014/12/09,941,8676.666667
2014/12/10,942,8931.439394
2014/12/11,940,8869.545455
2014/12/12,940,8754.393939
2014/12/15,941,8626.287879
2014/12/17,950,8562.954545
2014/12/18,955,9065.30303
2014/12/19,980,9079.69697
2014/12/22,961,9062.424242
2014/12/23,980,9115.681818
2014/12/24,966,9020.681818
2014/12/29,972,9284.090909
2014/12/30,985,9168.939394
2014/12/31,975,9261.060606
2015/01/02,975,9120
2015/01/05,942,8672.348485
2015/01/06,940,8932.878788
2015/01/07,940,9096.969697
2015/01/08,941,9155.984848
2015/01/09,955,8986.136364
2015/01/12,906,8809.090909
2015/01/13,917,9147.348485
2015/01/14,940,8866.666667
2015/01/15,960,8919.924242
2015/01/16,960,8791.818182
2015/01/19,950,8801.893939
2015/01/20,928,8837.878788
2015/01/21,930,8780.30303
2015/01/22,931,8894.015152
2015/01/23,945,9042.272727
2015/01/26,947,9166.060606
2015/01/27,950,9286.969697
2015/01/28,951,9445.30303
2015/01/29,951,9263.939394
2015/01/30,950,9538.863636
2015/02/02,965,9406.439394
2015/02/03,975,9471.212121
2015/02/04,965,9337.348485
2015/02/05,970,9397.80303
2015/02/06,965,9514.393939
2015/02/09,955,9533.106061
2015/02/10,960,9505.757576
2015/02/11,970,9439.545455
2015/02/12,965,9694.318182
2015/02/13,957,9724.545455
2015/02/16,955,9783.560606
2015/02/17,965,9717.348485
2015/02/18,940,9721.666667
2015/02/19,910,9551.818182
2015/02/20,910,9606.515152
2015/02/23,890,9763.409091
2015/02/24,899,9931.818182
2015/02/25,950,9923.181818
2015/02/26,940,9927.5
2015/02/27,935,9770.606061
2015/03/02,935,9812.348485
2015/03/03,962,9625.227273
2015/03/04,935,9816.666667
2015/03/05,935,9910.227273
2015/03/06,930,10018.18182
2015/03/09,932,9844.015152
2015/03/10,932,9571.969697
2015/03/11,930,9479.848485
2015/03/12,915,9926.060606
2015/03/13,915,9967.80303
2015/03/16,905,10035.45455
2015/03/17,880,9878.560606
2015/03/18,876,9964.924242
2015/03/19,876,9720.227273
2015/03/20,875,9839.69697
2015/03/23,875,9672.727273
2015/03/24,866,9960.606061
2015/03/25,850,9859.848485
2015/03/26,850,9766.287879
2015/03/27,880,9910.227273
2015/03/30,870,10169.31818
2015/03/31,855,10058.48485
2015/04/01,861,10205.30303
2015/04/02,864,10218.25758
2015/04/07,846,10316.13636
2015/04/08,880,10280.15152
2015/04/09,860,10392.42424
2015/04/10,865,10379.4697
2015/04/13,880,10350.68182
2015/04/14,880,10442.80303
2015/04/15,885,10301.74242
2015/04/16,890,10442.80303
2015/04/17,890,10277.27273
2015/04/20,885,10421.21212
2015/04/21,895,10363.63636
2015/04/22,890,10403.93939
2015/04/23,890,10491.74242
2015/04/24,890,10473.0303
2015/04/28,880,10419.77273
2015/04/29,882,10320.45455
2015/04/30,890,10323.33333
2015/05/04,880,10254.24242
2015/05/05,880,10215.37879
2015/05/06,870,10061.36364
2015/05/07,875,9789.318182
2015/05/08,875,9846.893939
2015/05/11,875,9926.060606
2015/05/12,880,9867.045455
2015/05/13,882,9859.848485
2015/05/14,880,9688.560606
2015/05/15,899,9823.863636
2015/05/18,900,9931.818182
2015/05/19,885,10012.42424
2015/05/20,880,9976.439394
2015/05/21,890,9951.969697
2015/05/22,890,9920.30303
2015/05/25,882,9982.19697
2015/05/26,889,9691.439394
2015/05/27,900,9665.530303
2015/05/28,904,9609.393939
2015/05/29,905,9423.712121
2015/06/01,905,9363.257576
2015/06/02,912,9452.5
2015/06/03,920,9238.030303
2015/06/04,923,9249.545455
2015/06/05,923,9262.5
2015/06/08,937,9363.257576
2015/06/09,945,9317.19697
2015/06/10,948,9478.409091
2015/06/11,950,9406.439394
2015/06/12,962,9288.409091
2015/06/15,965,9120
2015/06/17,983,9033.636364
2015/06/18,976,9032.19697
2015/06/19,975,9068.181818
2015/06/22,975,9331.590909
2015/06/23,975,9512.954545
2015/06/24,975,9456.818182
2015/06/25,980,9643.939394
2015/06/26,975,9564.772727
2015/06/29,975,9436.666667
2015/06/30,956,9564.772727
2015/07/01,960,9406.439394
2015/07/02,951,9512.954545
2015/07/03,952,9471.212121
2015/07/06,962,9341.666667
2015/07/07,950,9063.863636
2015/07/08,935,9223.636364
2015/07/09,940,9507.19697
2015/07/10,942,9596.439394
2015/07/13,970,9779.242424
2015/07/14,950,9750.454545
2015/07/15,951,9786.439394
2015/07/16,955,9874.242424
2015/07/17,945,9956.287879
2015/07/20,945,9976.439394
2015/07/21,965,9895.833333
2015/07/22,951,9747.575758
2015/07/23,955,9898.712121
2015/07/24,934,9702.954545
2015/07/27,925,9571.969697
2015/07/28,909,9635.30303
2015/07/29,905,9787.878788
2015/07/30,909,9622.348485
2015/07/31,925,9838.257576
2015/08/03,927,9756.212121
2015/08/04,965,10165
2015/08/05,945,10231.21212
2015/08/06,939,10169.31818
2015/08/07,925,10185.15152
2015/08/11,915,10236.9697
2015/08/12,910,9658.333333
2015/08/13,915,9820.984848
2015/08/14,918,9736.060606
2015/08/17,915,9464.015152
2015/08/18,912,9633.863636
2015/08/19,915,9487.045455
2015/08/20,921,9285.530303
2015/08/21,926,9256.742424
2015/08/24,880,8971.742424
2015/08/25,880,9563.333333
2015/08/26,880,9452.5
2015/08/27,865,9344.545455
2015/08/28,879,9702.954545
2015/08/31,875,9665.530303
2015/09/01,870,9286.969697
2015/09/02,865,9550.378788
2015/09/03,900,9741.818182
2015/09/04,885,9278.333333
2015/09/07,868,9069.621212
2015/09/08,868,9262.5
2015/09/09,870,9299.924242
2015/09/10,870,9291.287879
2015/09/11,871,9112.80303
2015/09/14,870,9469.772727
2015/09/15,871,9540.30303
2015/09/16,885,9616.590909
2015/09/17,884,9852.651515
2015/09/18,880,9766.287879
2015/09/21,875,9757.651515
2015/09/22,870,9799.393939
2015/09/23,880,9776.363636
2015/09/25,880,9655.454545
2015/09/28,898,9312.878788
2015/09/29,900,9331.590909
2015/09/30,900,9488.484848
2015/10/01,950,9819.545455
2015/10/02,900,9750.454545
2015/10/05,910,9744.69697
2015/10/06,910,9779.242424
2015/10/07,920,9975
2015/10/08,895,9759.090909
2015/10/09,885,9828.181818
2015/10/12,880,9710.151515
2015/10/13,880,9652.575758
2015/10/14,880,9583.484848
2015/10/15,875,9557.575758
2015/10/16,865,9520.151515
2015/10/19,860,9753.333333
2015/10/20,860,9567.651515
2015/10/21,864,9514.393939
2015/10/22,864,9609.393939
2015/10/23,870,9593.560606
2015/10/26,875,9707.272727
2015/10/27,865,9643.939394
2015/10/28,862,9708.712121
2015/10/29,857,9626.666667
2015/10/30,860,9713.030303
2015/11/02,860,9793.636364
2015/11/03,855,9682.80303
2015/11/04,869,9744.69697
2015/11/05,865,9704.393939
2015/11/06,852,9571.969697
2015/11/09,860,9534.545455
2015/11/10,865,9389.166667
2015/11/11,855,9333.030303
2015/11/12,855,9022.121212
2015/11/13,855,8788.939394
2015/11/16,860,8780.30303
2015/11/17,850,8953.030303
2015/11/18,850,8853.712121
2015/11/19,840,9107.045455
2015/11/20,845,9263.939394
2015/11/23,841,9212.121212
