Date,PPC,WHBO
2004/05/12,1402,1690
2004/05/13,1440,1700
2004/05/14,1410,1700
2004/05/17,1465,1680
2004/05/18,1423,1720
2004/05/19,1410.5,1750
2004/05/20,1417,1800
2004/05/21,1417.5,1796
2004/05/24,1410,1800
2004/05/25,1408,1795
2004/05/26,1420,1785
2004/05/27,1415,1770
2004/05/28,1424,1750
2004/05/31,1410.5,1750
2004/06/01,1426.5,1775
2004/06/02,1417,1800
2004/06/03,1417,1790
2004/06/04,1417.1,1790
2004/06/07,1418,1810
2004/06/08,1417.3,1815
2004/06/09,1421,1810
2004/06/10,1423.1,1810
2004/06/11,1430,1810
2004/06/14,1480.1,1840
2004/06/15,1475,1825
2004/06/17,1524,1825
2004/06/18,1500,1830
2004/06/21,1490,1830
2004/06/22,1456,1830
2004/06/23,1495,1841
2004/06/24,1502.5,1860
2004/06/25,1502.5,1870
2004/06/28,1507.5,1895
2004/06/29,1544,1900
2004/06/30,1560,1900
2004/07/01,1570,1900
2004/07/02,1580,1886
2004/07/05,1570,1887
2004/07/06,1551,1882
2004/07/07,1531,1880
2004/07/08,1510.5,1880
2004/07/09,1540,1850
2004/07/12,1530,1830
2004/07/13,1534.5,1825
2004/07/14,1510,1850
2004/07/15,1542.5,1830
2004/07/16,1555,1850
2004/07/19,1600,1850
2004/07/20,1598,1880
2004/07/21,1650,1889
2004/07/22,1648,1885
2004/07/23,1660,1901
2004/07/26,1663,1950
2004/07/27,1740.1,1930
2004/07/28,1732.5,1930
2004/07/29,1690,1940
2004/07/30,1689.9,1940
2004/08/02,1660,1940
2004/08/03,1670,1905
2004/08/04,1655,1900
2004/08/05,1652.5,1900
2004/08/06,1622.5,1900
2004/08/10,1614.9,1920
2004/08/11,1586,1940
2004/08/12,1600,1975
2004/08/13,1640,1980
2004/08/16,1635,1990
2004/08/17,1660,1970
2004/08/18,1670,2000
2004/08/19,1680,2000
2004/08/20,1748,2010
2004/08/23,1739.9,2000
2004/08/24,1699.9,2000
2004/08/25,1661,2000
2004/08/26,1665,2000
2004/08/27,1655,2000
2004/08/30,1680,2000
2004/08/31,1730,1975
2004/09/01,1730,1960
2004/09/02,1750,1955
2004/09/03,1800,1940
2004/09/06,1815,1939
2004/09/07,1785,1940
2004/09/08,1780,1990
2004/09/09,1790,1990
2004/09/10,1794.9,1970
2004/09/13,1776,1990
2004/09/14,1776,1965
2004/09/15,1780,1980
2004/09/16,1785,1966
2004/09/17,1790,1975
2004/09/20,1814.6,1980
2004/09/21,1810,1980
2004/09/22,1805,2000
2004/09/23,1800,2020
2004/09/27,1810,2010
2004/09/28,1810,2010
2004/09/29,1800,2030
2004/09/30,1810,2100
2004/10/01,1820,2100
2004/10/04,1822.7,2100
2004/10/05,1870,2129
2004/10/06,1910,2130
2004/10/07,1928,2155
2004/10/08,1900,2141
2004/10/11,1848,2200
2004/10/12,1855,2200
2004/10/13,1880,2180
2004/10/14,1880,2140
2004/10/15,1890,2180
2004/10/18,1905,2190
2004/10/19,1910,2220
2004/10/20,1880,2275
2004/10/21,1900,2320
2004/10/22,1940,2350
2004/10/25,1960,2350
2004/10/26,2036.5,2425
2004/10/27,2040,2460
2004/10/28,2015,2485
2004/10/29,2014,2495
2004/11/01,2020,2500
2004/11/02,2040,2500
2004/11/03,2075,2500
2004/11/04,2175,2540
2004/11/05,2175,2500
2004/11/08,2175,2550
2004/11/09,2180,2550
2004/11/10,2240,2500
2004/11/11,2400,2550
2004/11/12,2460,2510
2004/11/15,2565,2550
2004/11/16,2570,2510
2004/11/17,2500,2512
2004/11/18,2400,2515
2004/11/19,2380,2600
2004/11/22,2350,2600
2004/11/23,2290,2600
2004/11/24,2290,2600
2004/11/25,2400,2600
2004/11/26,2384.9,2550
2004/11/29,2370,2600
2004/11/30,2400,2560
2004/12/01,2430,2550
2004/12/02,2435,2580
2004/12/03,2430,2580
2004/12/06,2440,2572
2004/12/07,2445,2520
2004/12/08,2449,2550
2004/12/09,2500.1,2520
2004/12/10,2580,2520
2004/12/13,2660,2545
2004/12/14,2700,2635
2004/12/15,2720,2669
2004/12/17,2700,2700
2004/12/20,2700,2650
2004/12/21,2735,2650
2004/12/22,2710.5,2635
2004/12/23,2730,2700
2004/12/24,2730,2700
2004/12/28,2800,2750
2004/12/29,2800,2800
2004/12/30,2850,2750
2004/12/31,2850,2650
2005/01/03,2600,2750
2005/01/04,2587.5,2750
2005/01/05,2560,2800
2005/01/06,2500,2800
2005/01/07,2470,2799
2005/01/10,2410,2798
2005/01/11,2420,2799
2005/01/12,2400,2775
2005/01/13,2380,2740
2005/01/14,2269,2749
2005/01/17,2220,2750
2005/01/18,2180,2650
2005/01/19,2285,2639
2005/01/20,2270,2700
2005/01/21,2265,2650
2005/01/24,2260,2645
2005/01/25,2298.9,2645
2005/01/26,2339.7,2645
2005/01/27,2379.9,2700
2005/01/28,2380,2700
2005/01/31,2370,2750
2005/02/01,2320,2740
2005/02/02,2308.3,2700
2005/02/03,2280,2700
2005/02/04,2260,2699
2005/02/07,2260,2699
2005/02/08,2255.1,2650
2005/02/09,2280,2650
2005/02/10,2161.1,2650
2005/02/11,2240,2700
2005/02/14,2270,2700
2005/02/15,2289.3,2750
2005/02/16,2277.5,2750
2005/02/17,2276,2700
2005/02/18,2270,2700
2005/02/21,2275,2700
2005/02/22,2270,2725
2005/02/23,2289.9,2725
2005/02/24,2310,2800
2005/02/25,2310,2820
2005/02/28,2301,2872
2005/03/01,2340,2875
2005/03/02,2345,2896
2005/03/03,2370,2801
2005/03/04,2375,2900
2005/03/07,2357,2830
2005/03/08,2320.1,2830
2005/03/09,2334,2840
2005/03/10,2330,2850
2005/03/11,2350,2875
2005/03/14,2387,2850
2005/03/15,2400,2870
2005/03/16,2310,2845
2005/03/17,2330.5,2850
2005/03/18,2296,2845
2005/03/22,2240,2845
2005/03/23,2165.2,2845
2005/03/24,2280.1,2835
2005/03/29,2300,2750
2005/03/30,2250,2740
2005/03/31,2212,2750
2005/04/01,2289,2750
2005/04/04,2260,2740
2005/04/05,2279,2740
2005/04/06,2265,2700
2005/04/07,2220.1,2701
2005/04/08,2210,2730
2005/04/11,2202,2750
2005/04/12,2180,2725
2005/04/13,2165,2700
2005/04/14,2200,2700
2005/04/15,2200,2700
2005/04/18,2175,2650
2005/04/19,2160,2650
2005/04/20,2190,2650
2005/04/21,2200,2670
2005/04/22,2180,2670
2005/04/25,2180.1,2670
2005/04/26,2210,2650
2005/04/28,2205,2640
2005/04/29,2230,2650
2005/05/03,2290,2650
2005/05/04,2334,2650
2005/05/05,2400,2750
2005/05/06,2339,2800
2005/05/09,2310,2800
2005/05/10,2300,2850
2005/05/11,2250,2856
2005/05/12,2240,2875
2005/05/13,2202.5,2875
2005/05/16,2250,2875
2005/05/17,2235,2875
2005/05/18,2240,2860
2005/05/19,2229.7,2860
2005/05/20,2225,2845
2005/05/23,2225,2835
2005/05/24,2240,2700
2005/05/25,2236,2700
2005/05/26,2240,2700
2005/05/27,2237.5,2695
2005/05/30,2200.5,2700
2005/05/31,2180,2700
2005/06/01,2110.5,2650
2005/06/02,2130,2675
2005/06/03,2170,2680
2005/06/06,2185,2700
2005/06/07,2175.6,2700
2005/06/08,2190,2750
2005/06/09,2150,2800
2005/06/10,2150,2800
2005/06/13,2150,2820
2005/06/14,2160,2850
2005/06/15,2149.9,2850
2005/06/17,2150,2850
2005/06/20,2150,2850
2005/06/21,2150,3100
2005/06/22,2155,3090
2005/06/23,2223,3050
2005/06/24,2220,3050
2005/06/27,2220,3000
2005/06/28,2260.8,2990
2005/06/29,2260,2960
2005/06/30,2299.5,2980
2005/07/01,2420,2978
2005/07/04,2390.1,2980
2005/07/05,2350,2990
2005/07/06,2360,3020
2005/07/07,2355,3000
2005/07/08,2360,3060
2005/07/11,2400,3070
2005/07/12,2410,3110
2005/07/13,2417,3120
2005/07/14,2490.1,3150
2005/07/15,2531,3150
2005/07/18,2539.9,3150
2005/07/19,2531,3150
2005/07/20,2505,3200
2005/07/21,2480,3221
2005/07/22,2500,3250
2005/07/25,2500,3190
2005/07/26,2490,3200
2005/07/27,2520,3200
2005/07/28,2530,3190
2005/07/29,2520,3200
2005/08/01,2550,3265
2005/08/02,2530,3300
2005/08/03,2560,3306
2005/08/04,2572,3340
2005/08/05,2650,3340
2005/08/08,2600.5,3375
2005/08/10,2570,3380
2005/08/11,2520,3400
2005/08/12,2520,3390
2005/08/15,2500,3450
2005/08/16,2549.7,3450
2005/08/17,2500,3450
2005/08/18,2500,3440
2005/08/19,2559.9,3450
2005/08/22,2570,3430
2005/08/23,2590,3450
2005/08/24,2581.5,3450
2005/08/25,2585,3450
2005/08/26,2559.9,3490
2005/08/29,2570,3550
2005/08/30,2560,3545
2005/08/31,2595,3545
2005/09/01,2640,3550
2005/09/02,2640,3466
2005/09/05,2669,3450
2005/09/06,2720,3500
2005/09/07,2800.8,3570
2005/09/08,2834.9,3570
2005/09/09,2850,3600
2005/09/12,2880,3650
2005/09/13,2874,3650
2005/09/14,2858.4,3650
2005/09/15,2829,3666
2005/09/16,2800,3666
2005/09/19,2830,3800
2005/09/20,2820,3775
2005/09/21,2815,3760
2005/09/22,2790,3700
2005/09/23,2750,3745
2005/09/26,2755,3760
2005/09/27,2790,3795
2005/09/28,2850,3800
2005/09/29,2854.9,3825
2005/09/30,2910,3840
2005/10/03,3011,3850
2005/10/04,2995,3875
2005/10/05,2980,3850
2005/10/06,2987.2,3825
2005/10/07,2998,3800
2005/10/10,3130,3801
2005/10/11,3130,3900
2005/10/12,3100,3950
2005/10/13,3020,3900
2005/10/14,2900,3800
2005/10/17,2900,3750
2005/10/18,2900,3790
2005/10/19,2800,3800
2005/10/20,2820,3900
2005/10/21,2820,3950
2005/10/24,2900,3960
2005/10/25,2950,3980
2005/10/26,2970,4050
2005/10/27,2841.7,4000
2005/10/28,2900,4000
2005/10/31,3000,4030
2005/11/01,3000,4180
2005/11/02,3000.6,4180
2005/11/03,3100,4175
2005/11/04,3060,4140
2005/11/07,3099,4110
2005/11/08,3125,4100
2005/11/09,3100,4100
2005/11/10,3060,4150
2005/11/11,3118,4140
2005/11/14,3185,4180
2005/11/15,3160,4120
2005/11/16,3140,4170
2005/11/17,3190,4160
2005/11/18,3210,4170
2005/11/21,3270,4115
2005/11/22,3200,4000
2005/11/23,3275,4075
2005/11/24,3278,4080
2005/11/25,3250,4080
2005/11/28,3243.6,4079
2005/11/29,3168.5,4050
2005/11/30,3100,4029
2005/12/01,3130,4027
2005/12/02,3100.1,3950
2005/12/05,3133,3960
2005/12/06,3139.8,4000
2005/12/07,3159.8,4050
2005/12/08,3180,4039
2005/12/09,3170,4035
2005/12/12,3194,4057
2005/12/13,3193,4085
2005/12/14,3220,4200
2005/12/15,3180,4300
2005/12/19,3220,4300
2005/12/20,3205,4250
2005/12/21,3231.7,4290
2005/12/22,3199.6,4325
2005/12/23,3201,4300
2005/12/27,3249,4350
2005/12/28,3230,4425
2005/12/29,3250,4425
2005/12/30,3067.5,4400
2006/01/03,3070,4420
2006/01/04,3062.5,4525
2006/01/05,3012.6,4575
2006/01/06,3030,4600
2006/01/09,3069.9,4650
2006/01/10,3102,4740
2006/01/11,3165,4850
2006/01/12,3205.4,5000
2006/01/13,3350,4800
2006/01/16,3206.1,4990
2006/01/17,3226,4950
2006/01/18,3280,4945
2006/01/19,3264.9,5000
2006/01/20,3329,5000
2006/01/23,3355,5000
2006/01/24,3326.5,4988
2006/01/25,3315,4985
2006/01/26,3297.5,5000
2006/01/27,3290,4985
2006/01/30,3320,4980
2006/01/31,3340,4850
2006/02/01,3449.8,4860
2006/02/02,3526,4900
2006/02/03,3375,4900
2006/02/06,3448.9,4925
2006/02/07,3540,4850
2006/02/08,3600,4800
2006/02/09,3605,4900
2006/02/10,3750,4840
2006/02/13,3630.2,4845
2006/02/14,3550,4850
2006/02/15,3560,4850
2006/02/16,3520,4880
2006/02/17,3660,4900
2006/02/20,3730,4950
2006/02/21,3722.1,4950
2006/02/22,3794,5010
2006/02/23,3702,5020
2006/02/24,3758.8,5010
2006/02/27,3901.1,5180
2006/02/28,3809.2,5250
2006/03/02,3874.2,5500
2006/03/03,3850,5511
2006/03/06,3882.8,5620
2006/03/07,3610,5500
2006/03/08,3640,5499
2006/03/09,3780,5389
2006/03/10,3902,5400
2006/03/13,4050,5590
2006/03/14,4120,5620
2006/03/15,4117.5,5700
2006/03/16,4119,5680
2006/03/17,4037.5,5627
2006/03/20,4040,5630
2006/03/22,4099,5800
2006/03/23,4150,5970
2006/03/24,4145,5990
2006/03/27,4150,5970
2006/03/28,4101,5900
2006/03/29,4170.2,5900
2006/03/30,4191.3,5800
2006/03/31,4190,5650
2006/04/03,4100,5700
2006/04/04,4080,5700
2006/04/05,4099.9,5690
2006/04/06,4101,5600
2006/04/07,4199.4,5600
2006/04/10,4170,5570
2006/04/11,4200,5500
2006/04/12,4135,5450
2006/04/13,4036,5565
2006/04/18,4020,5799
2006/04/19,4106.4,5780
2006/04/20,4107.5,5800
2006/04/21,4144.9,5950
2006/04/24,4136,5980
2006/04/25,4144.9,6002
2006/04/26,4150,6000
2006/04/28,4190,6000
2006/05/02,4165,6000
2006/05/03,4190.1,6000
2006/05/04,4196.1,5975
2006/05/05,4260,5975
2006/05/08,4270.7,5930
2006/05/09,4300.1,5930
2006/05/10,4330,5900
2006/05/11,4259.1,5830
2006/05/12,4070,5830
2006/05/15,3920,5525
2006/05/16,4015,5490
2006/05/17,3965,5500
2006/05/18,3900,5550
2006/05/19,3950,5575
2006/05/22,3750,5350
2006/05/23,4000,5244
2006/05/24,3830,5130
2006/05/25,3780.2,5070
2006/05/26,3825,5200
2006/05/29,3789.5,5300
2006/05/30,3700,5290
2006/05/31,3570.5,5290
2006/06/01,3600.4,5290
2006/06/02,3650,5360
2006/06/05,3750,5390
2006/06/06,3605.1,5340
2006/06/07,3550,5150
2006/06/08,3405.7,4950
2006/06/09,3500,4930
2006/06/12,3549.9,4897
2006/06/13,3458.8,4780
2006/06/14,3579.9,4762
2006/06/15,3730,5000
2006/06/19,3779.8,5200
2006/06/20,3749,5300
2006/06/21,3750,5390
2006/06/22,3680,5350
2006/06/23,3699.9,5050
2006/06/26,3474.6,5002
2006/06/27,3570.1,5000
2006/06/28,3569,5060
2006/06/29,3599.9,5100
2006/06/30,3674.9,5200
2006/07/03,3727.5,5174
2006/07/04,3706,5300
2006/07/05,3650,5290
2006/07/06,3637.5,5248
2006/07/07,3600,5245
2006/07/10,3635,5245
2006/07/11,3668.5,5220
2006/07/12,3710,5400
2006/07/13,3698.1,5300
2006/07/14,3710,5300
2006/07/17,3675,5200
2006/07/18,3623.5,5150
2006/07/19,3734.5,5150
2006/07/20,3740,5200
2006/07/21,3650,5225
2006/07/24,3670,5300
2006/07/25,3710,5398
2006/07/26,3710,5400
2006/07/27,3704,5499
2006/07/28,3699.5,5499
2006/07/31,3700,5450
2006/08/01,3687.6,5330
2006/08/02,3654.5,5350
2006/08/03,3669.5,5350
2006/08/04,3750,5302
2006/08/07,3710,5350
2006/08/08,3725,5350
2006/08/10,3670,5500
2006/08/11,3750,5701
2006/08/14,3820,5845
2006/08/15,3900,5800
2006/08/16,3915,5805
2006/08/17,3969.5,5840
2006/08/18,3920,5790
2006/08/21,3880,5785
2006/08/22,3869.5,5785
2006/08/23,3833.8,5800
2006/08/24,3820,5800
2006/08/25,3834,5800
2006/08/28,3850,5850
2006/08/29,3888.9,5850
2006/08/30,3875,5875
2006/08/31,3890,5840
2006/09/01,4004.8,5850
2006/09/04,4000,5850
2006/09/05,3945.1,5950
2006/09/06,3912.6,5930
2006/09/07,3741.8,5970
2006/09/08,3795,5975
2006/09/11,3675.4,5965
2006/09/12,3810,6073
2006/09/13,3810,6000
2006/09/14,3820,6030
2006/09/15,3800,6100
2006/09/18,3730,6051
2006/09/19,3832.5,6175
2006/09/20,3729,6143
2006/09/21,3574.3,6130
2006/09/22,3626.6,6150
2006/09/26,3670,6200
2006/09/27,3600,6250
2006/09/28,3570,6350
2006/09/29,3478.8,6390
2006/10/02,3510,6300
2006/10/03,3450,6300
2006/10/04,3390,6300
2006/10/05,3440,6330
2006/10/06,3490,6340
2006/10/09,3570,6300
2006/10/10,3630,6280
2006/10/11,3630,6329
2006/10/12,3615,6300
2006/10/13,3635,6300
2006/10/16,3720,6300
2006/10/17,3683,6250
2006/10/18,3685,6350
2006/10/19,3690,6300
2006/10/20,3630,6350
2006/10/23,3637.5,6350
2006/10/24,3709.1,6350
2006/10/25,3605,6500
2006/10/26,3720,6800
2006/10/27,3760,7000
2006/10/30,3770,6900
2006/10/31,3800,6920
2006/11/01,3770,7000
2006/11/02,3775,6975
2006/11/03,3845,6950
2006/11/06,3849.9,6950
2006/11/07,3800,7006
2006/11/08,3860,7011
2006/11/09,3750,7035
2006/11/10,3724,7035
2006/11/13,3705,6925
2006/11/14,3720,7000
2006/11/15,3750,6970
2006/11/16,3780,7000
2006/11/17,3730,7008
2006/11/20,3745,7020
2006/11/21,3730,7169
2006/11/22,3732.1,7325
2006/11/23,3760,7310
2006/11/24,3791.5,7325
2006/11/27,3720,7320
2006/11/28,3710,7293
2006/11/29,3750,7200
2006/11/30,3784.9,7305
2006/12/01,3819.9,7400
2006/12/04,3861.9,7375
2006/12/05,3920,7400
2006/12/06,3918,7450
2006/12/07,3838.1,7450
2006/12/08,3820,7350
2006/12/11,3786.2,7300
2006/12/12,3735,7300
2006/12/13,3760,7300
2006/12/14,3762.7,7340
2006/12/15,3840,7340
2006/12/18,3859,7300
2006/12/19,3860,7200
2006/12/20,3950.1,7300
2006/12/21,4020,7300
2006/12/22,3920,7300
2006/12/27,4018,7299
2006/12/28,4026,7300
2006/12/29,3880,7300
2007/01/02,3860,7295
2007/01/03,3800,7250
2007/01/04,3738.6,7203
2007/01/05,3735,7100
2007/01/09,3830,7100
2007/01/10,3847.1,7100
2007/01/11,3902,7100
2007/01/12,3820,7200
2007/01/15,3898,7256
2007/01/16,3917.5,7311
2007/01/17,3910,7530
2007/01/18,3967.4,7600
2007/01/19,3925,7600
2007/01/22,4000,7550
2007/01/23,4070,7550
2007/01/24,4231,7620
2007/01/25,4200,7700
2007/01/26,4199,7650
2007/01/29,4141,7650
2007/01/30,4230,7725
2007/01/31,4220,7850
2007/02/01,4220.1,7800
2007/02/02,4250,7820
2007/02/05,4220.5,7950
2007/02/06,4279,8004
2007/02/07,4220.5,8000
2007/02/08,4170,8050
2007/02/09,4175,8100
2007/02/12,4150,8050
2007/02/13,4140,8102
2007/02/14,4170,8250
2007/02/15,4295,8225
2007/02/16,4359.8,8230
2007/02/19,4450,8295
2007/02/20,4400,8250
2007/02/21,4271,8200
2007/02/22,4328,8402
2007/02/23,4310.1,8500
2007/02/26,4260,8600
2007/02/27,4200,8450
2007/02/28,4208.8,8500
2007/03/01,4190,8300
2007/03/02,4210,8350
2007/03/05,4075,8145
2007/03/06,4065,8200
2007/03/07,4115,8350
2007/03/08,4190,8299
2007/03/09,4350,8250
2007/03/12,4361,8160
2007/03/13,4410,7960
2007/03/14,4299.9,7840
2007/03/15,4400,7900
2007/03/16,4370,7995
2007/03/19,4495,7901
2007/03/20,4400,8080
2007/03/22,4500,8201
2007/03/23,4549,8269
2007/03/26,4549.9,8300
2007/03/27,4622,8270
2007/03/28,4560,8245
2007/03/29,4595,8250
2007/03/30,4720,8779
2007/04/02,4590,8500
2007/04/03,4619,8500
2007/04/04,4590,8799
2007/04/05,4630,8535
2007/04/10,4735,8700
2007/04/11,4650,8600
2007/04/12,4679.9,8600
2007/04/13,4690,8650
2007/04/16,4700,8600
2007/04/17,4752.4,8700
2007/04/18,4750.5,8700
2007/04/19,4735,8695
2007/04/20,4831.3,8950
2007/04/23,4900,9425
2007/04/24,4865,9185
2007/04/25,4880,9200
2007/04/26,4850,9200
2007/04/30,4841,9250
2007/05/02,4870.2,9250
2007/05/03,4897.5,9035
2007/05/04,4900,9068
2007/05/07,4898,9120
2007/05/08,4829.9,9150
2007/05/09,4765,9200
2007/05/10,4750,9205
2007/05/11,4917,9200
2007/05/14,4940,9150
2007/05/15,4910,9122
2007/05/16,4980,9200
2007/05/17,4920,9100
2007/05/18,5000,9150
2007/05/21,5085,9100
2007/05/22,5000,9201
2007/05/23,5080,9280
2007/05/24,5055,9350
2007/05/25,5100,9467
2007/05/28,5085,9498
2007/05/29,5080,9650
2007/05/30,5045,9484
2007/05/31,5050,9550
2007/06/01,5030,9705
2007/06/04,4979,9735
2007/06/05,5030.1,9900
2007/06/06,5050,10000
2007/06/07,5128,9900
2007/06/08,4980,9700
2007/06/11,4969.5,9838
2007/06/12,4925,9980
2007/06/13,4875,10109
2007/06/14,4949.9,10200
2007/06/15,4940,10850
2007/06/18,4930,10955
2007/06/19,4927,10720
2007/06/20,4910,10900
2007/06/21,4821.5,10900
2007/06/22,4810,10740
2007/06/25,4800,10600
2007/06/26,4810,10470
2007/06/27,4840,10400
2007/06/28,4880,10222
2007/06/29,4900,10335
2007/07/02,5000,10360
2007/07/03,5075,10415
2007/07/04,5150,10500
2007/07/05,5170,10675
2007/07/06,5110,10700
2007/07/09,5200,10850
2007/07/10,4985,10850
2007/07/11,4940,10850
2007/07/12,5040,10850
2007/07/13,5125,10900
2007/07/16,5210,10755
2007/07/17,5130,10800
2007/07/18,4890,10500
2007/07/19,4850,10700
2007/07/20,4840,10700
2007/07/23,4840,10700
2007/07/24,4698,10700
2007/07/25,4525,10850
2007/07/26,4360,10799
2007/07/27,4225,10500
2007/07/30,4210,10300
2007/07/31,4250,10250
2007/08/01,4140,9970
2007/08/02,4349,9982
2007/08/03,4305,9895
2007/08/06,4255,9790
2007/08/07,4420,9869
2007/08/08,4379,9900
2007/08/10,4111,9360
2007/08/13,4130,9370
2007/08/14,4150,9602
2007/08/15,4021,9605
2007/08/16,3805,9597
2007/08/17,3799,9599
2007/08/20,3975,9400
2007/08/21,4182,9300
2007/08/22,4350,9450
2007/08/23,4445,9600
2007/08/24,4450,9451
2007/08/27,4450,9580
2007/08/28,4419,9950
2007/08/29,4300,9950
2007/08/30,4449,10133
2007/08/31,4525,10200
2007/09/03,4560,10289
2007/09/04,4530,10250
2007/09/05,4560,10225
2007/09/06,4601,10410
2007/09/07,4599,10855
2007/09/10,4530,10900
2007/09/11,4700,11150
2007/09/12,4700,11530
2007/09/13,4651,11890
2007/09/14,4600,11820
2007/09/17,4528,11810
2007/09/18,4500,11800
2007/09/19,4605,11820
2007/09/20,4565,11860
2007/09/21,4490,11860
2007/09/25,4646,11767
2007/09/26,4840,11600
2007/09/27,4840,11650
2007/09/28,4780,11900
2007/10/01,4535,12120
2007/10/02,4650,12245
2007/10/03,4715,12250
2007/10/04,4796,12600
2007/10/05,4700,12850
2007/10/08,4630,12908
2007/10/09,4552,12905
2007/10/10,4580,12471
2007/10/11,4480,12800
2007/10/12,4400,12495
2007/10/15,4399,12500
2007/10/16,4450,12470
2007/10/17,4400,12410
2007/10/18,4428,12500
2007/10/19,4415,12688
2007/10/22,4460,12520
2007/10/23,4540,12509
2007/10/24,4500,12500
2007/10/25,4579,12615
2007/10/26,4600,13050
2007/10/29,4725,13149
2007/10/30,4790,13101
2007/10/31,4730,13101
2007/11/01,4800,13250
2007/11/02,4900,13265
2007/11/05,4700,13550
2007/11/06,4890,13867
2007/11/07,4877,13800
2007/11/08,4727,13700
2007/11/09,4740,13575
2007/11/12,4741,13550
2007/11/13,4735,13085
2007/11/14,4965,13490
2007/11/15,5000,12999
2007/11/16,4880,13000
2007/11/19,4616,12890
2007/11/20,4780,12999
2007/11/21,4689,13075
2007/11/22,4750,12904
2007/11/23,4786,12850
2007/11/26,4750,12700
2007/11/27,4670,12562
2007/11/28,4620,12501
2007/11/29,4700,12550
2007/11/30,4530,12550
2007/12/03,4770,12550
2007/12/04,4700,12800
2007/12/05,4750,13050
2007/12/06,4820,13250
2007/12/07,4881,13334
2007/12/10,4713,13816
2007/12/11,4762,13500
2007/12/12,4700,13400
2007/12/13,4650,12955
2007/12/14,4600,13140
2007/12/18,4620,12800
2007/12/19,4500,12600
2007/12/20,4600,13000
2007/12/21,4600,13000
2007/12/24,4720,13000
2007/12/27,4790,13151
2007/12/28,4529,13800
2007/12/31,4372,13802
2008/01/02,4550,13546
2008/01/03,4390,13600
2008/01/04,4420,13595
2008/01/07,4350,13000
2008/01/08,4371,12850
2008/01/09,4289,12900
2008/01/10,4210,12750
2008/01/11,4160,12135
2008/01/14,4199,11900
2008/01/15,4101,11513
2008/01/16,4000,11015
2008/01/17,4200,11415
2008/01/18,4058,11440
2008/01/21,3950,11200
2008/01/22,3940,11307
2008/01/23,3900,11400
2008/01/24,4118,11450
2008/01/25,3988,11398
2008/01/28,3710,11256
2008/01/29,3723,11400
2008/01/30,3750,12000
2008/01/31,3750,12100
2008/02/01,4000,12346
2008/02/04,3833,13000
2008/02/05,3699,12065
2008/02/06,3880,12206
2008/02/07,3770,12302
2008/02/08,3761,12560
2008/02/11,3650,12710
2008/02/12,3750,12800
2008/02/13,3800,12805
2008/02/14,3820,12953
2008/02/15,3916,13086
2008/02/18,4180,13700
2008/02/19,4160,13850
2008/02/20,4060,13500
2008/02/21,4025,13534
2008/02/22,4170,12600
2008/02/25,4160,13200
2008/02/26,4380,13300
2008/02/27,4275,13450
2008/02/28,4201,13551
2008/02/29,4280,13975
2008/03/03,4100,13470
2008/03/04,3955,13200
2008/03/05,3980,12989
2008/03/06,4000,13100
2008/03/07,3860,12900
2008/03/10,3810,13101
2008/03/11,3930,13993
2008/03/12,4001,14000
2008/03/13,4000,14098
2008/03/14,3951,13775
2008/03/17,3831,13100
2008/03/18,4050,13200
2008/03/19,3990,13410
2008/03/20,3900,13200
2008/03/25,4249,13305
2008/03/26,4250,13500
2008/03/27,4150,13536
2008/03/28,4120,13525
2008/03/31,4005,13100
2008/04/01,4220,13100
2008/04/02,4411,13201
2008/04/03,4299,13550
2008/04/04,4120,13420
2008/04/07,4180,13600
2008/04/08,4179,13750
2008/04/09,4130,13610
2008/04/10,4000,13434
2008/04/11,3900,13200
2008/04/14,3820,13200
2008/04/15,3800,13400
2008/04/16,3825,13100
2008/04/17,3870,12660
2008/04/18,3931,13000
2008/04/21,3884,13000
2008/04/22,3860,12900
2008/04/23,3859,12900
2008/04/24,3825,12800
2008/04/25,3790,12920
2008/04/29,3950,12700
2008/04/30,4000,12700
2008/05/05,4000,12549
2008/05/06,3895,12329
2008/05/07,3850,12992
2008/05/08,3826,12500
2008/05/09,3819,12100
2008/05/12,3800,11700
2008/05/13,3755,11920
2008/05/14,3749,12301
2008/05/15,3760,12452
2008/05/16,3760,12452
2008/05/19,3780,12900
2008/05/20,3750,13000
2008/05/21,3805,12701
2008/05/22,3790,12500
2008/05/23,3730,12419
2008/05/26,3615,12450
2008/05/27,3574,12898
2008/05/28,3600,12472
2008/05/29,3549,12250
2008/05/30,3545,12100
2008/06/02,3460,11980
2008/06/03,3370,11800
2008/06/04,3344,11700
2008/06/05,3475,11700
2008/06/06,3445,11800
2008/06/09,3350,11715
2008/06/10,3175,11800
2008/06/11,3150,11801
2008/06/12,3270,11985
2008/06/13,3200,11803
2008/06/17,3099,11775
2008/06/18,3101,11500
2008/06/19,3225,11320
2008/06/20,3270,11700
2008/06/23,3136,11450
2008/06/24,3010,11200
2008/06/25,3040,11200
2008/06/26,3007,11050
2008/06/27,2950,11000
2008/06/30,2869,11050
2008/07/01,2780,11200
2008/07/02,2820,11050
2008/07/03,2738,10855
2008/07/04,2711,10500
2008/07/07,2690,10550
2008/07/08,2679,10150
2008/07/09,2730,10300
2008/07/10,2738,10200
2008/07/11,2755,10260
2008/07/14,2725,10000
2008/07/15,2715,9500
2008/07/16,2745,9600
2008/07/17,2979,10377
2008/07/18,3008,10700
2008/07/21,2955,10800
2008/07/22,3000,10650
2008/07/23,3100,11000
2008/07/24,3190,11305
2008/07/25,3150,11200
2008/07/28,3150,11500
2008/07/29,3200,11295
2008/07/30,3270,11350
2008/07/31,3400,11600
2008/08/01,3250,11200
2008/08/04,3155,11200
2008/08/05,3140,11250
2008/08/06,3299,11470
2008/08/07,3155,11235
2008/08/08,3150,11200
2008/08/11,3350,11171
2008/08/12,3340,11600
2008/08/13,3325,12800
2008/08/14,3280,12800
2008/08/15,3240,12800
2008/08/18,3210,13000
2008/08/19,3200,12800
2008/08/20,3200,12499
2008/08/21,3200,12799
2008/08/22,3190,13000
2008/08/25,3170,12835
2008/08/26,3120,12800
2008/08/27,3120,13675
2008/08/28,3390,14000
2008/08/29,3398,13700
2008/09/01,3260,14350
2008/09/02,3370,14650
2008/09/03,3370,14400
2008/09/04,3375,14900
2008/09/05,3120,14500
2008/09/08,3191,15000
2008/09/09,3198,14600
2008/09/10,3250,14301
2008/09/11,3250,14500
2008/09/12,3120,14650
2008/09/15,3130,14210
2008/09/16,3200,14100
2008/09/17,3000,14100
2008/09/18,2944,14055
2008/09/19,3010,14375
2008/09/22,3126,14600
2008/09/23,3010,14500
2008/09/25,3050,14400
2008/09/26,3075,14450
2008/09/29,2930,14200
2008/09/30,3125,14500
2008/10/01,3020,14400
2008/10/02,3015,14050
2008/10/03,3010,14249
2008/10/06,2820,13800
2008/10/07,3040,13700
2008/10/08,2890,13261
2008/10/09,2800,13395
2008/10/10,2745,13100
2008/10/13,2717,12970
2008/10/14,2940,13048
2008/10/15,2829,12051
2008/10/16,2452,12050
2008/10/17,2405,12000
2008/10/20,2475,11700
2008/10/21,2670,12000
2008/10/22,2699,12500
2008/10/23,2461,11949
2008/10/24,2500,11450
2008/10/27,2500,10800
2008/10/28,2575,11350
2008/10/29,2758,11917
2008/10/30,2792,12000
2008/10/31,3000,11500
2008/11/03,3025,11550
2008/11/04,3100,11600
2008/11/05,2940,11800
2008/11/06,2710,11500
2008/11/07,2820,10905
2008/11/10,2937,10973
2008/11/11,2810,10990
2008/11/12,2764,10476
2008/11/13,2760,9900
2008/11/14,2887,10000
2008/11/17,2840,9676
2008/11/18,2750,9300
2008/11/19,2850,9260
2008/11/20,2770,8917
2008/11/21,2840,8750
2008/11/24,2870,9336
2008/11/25,3055,9400
2008/11/26,3100,9500
2008/11/27,3100,9718
2008/11/28,3075,9700
2008/12/01,2962,9700
2008/12/02,2990,9460
2008/12/03,2858,9000
2008/12/04,2900,9250
2008/12/05,2990,9075
2008/12/08,3201,9199
2008/12/09,3080,9777
2008/12/10,3098,9800
2008/12/11,3050,10240
2008/12/12,3000,10454
2008/12/15,2981,10600
2008/12/17,3001,10501
2008/12/18,2984,10550
2008/12/19,2900,10650
2008/12/22,3100,10751
2008/12/23,3100,10990
2008/12/24,3000,11000
2008/12/29,3050,11000
2008/12/30,3199,10700
2008/12/31,3135,10751
2009/01/02,3170,10969
2009/01/05,3000,11000
2009/01/06,3050,11500
2009/01/07,3000,11400
2009/01/08,2950,11300
2009/01/09,2950,11505
2009/01/12,2948,11800
2009/01/13,2771,11800
2009/01/14,2845,11440
2009/01/15,2891,10900
2009/01/16,2900,10538
2009/01/19,2865,10750
2009/01/20,2810,10498
2009/01/21,2751,10330
2009/01/22,2795,9900
2009/01/23,2800,9500
2009/01/26,2785,9750
2009/01/27,2840,10150
2009/01/28,2875,10100
2009/01/29,2890,9950
2009/01/30,2960,9718
2009/02/02,2825,9700
2009/02/03,2890,9080
2009/02/04,2875,9208
2009/02/05,2885,9300
2009/02/06,3069,9350
2009/02/09,3100,9445
2009/02/10,3225,9499
2009/02/11,3290,9480
2009/02/12,3200,9390
2009/02/13,3145,9250
2009/02/16,3100,9100
2009/02/17,3061,8801
2009/02/18,3105,9000
2009/02/19,3260,9000
2009/02/20,3100,8600
2009/02/23,3030,8699
2009/02/24,3000,8500
2009/02/25,2970,8620
2009/02/26,3049,8635
2009/02/27,2970,8500
2009/03/02,2975,8700
2009/03/03,2905,8650
2009/03/04,2975,8600
2009/03/05,2817,8658
2009/03/06,2740,8600
2009/03/09,2718,8350
2009/03/10,2609,8200
2009/03/11,2750,8450
2009/03/12,2795,8400
2009/03/13,2835,8449
2009/03/16,2900,8550
2009/03/17,2850,8550
2009/03/18,2801,8798
2009/03/19,2825,8700
2009/03/20,2905,8554
2009/03/23,3000,8545
2009/03/24,3126,8550
2009/03/25,3190,8500
2009/03/26,3148,8500
2009/03/27,3155,8500
2009/03/30,3199,8425
2009/03/31,3139,8509
2009/04/01,3330,8700
2009/04/02,3541,9025
2009/04/03,3450,9250
2009/04/06,3450,9050
2009/04/07,3310,8995
2009/04/08,3190,8799
2009/04/09,3300,9000
2009/04/14,3300,9200
2009/04/15,3300,9199
2009/04/16,3243,9300
2009/04/17,3300,9100
2009/04/20,3150,9082
2009/04/21,3190,9100
2009/04/23,3248,9300
2009/04/24,3150,9450
2009/04/28,3300,9423
2009/04/29,3235,9826
2009/04/30,3275,10001
2009/05/04,3225,10360
2009/05/05,3300,10450
2009/05/06,3280,10350
2009/05/07,3248,10546
2009/05/08,3285,10600
2009/05/11,3174,10550
2009/05/12,3038,10350
2009/05/13,2970,10270
2009/05/14,2985,10020
2009/05/15,3060,10001
2009/05/18,3050,10250
2009/05/19,3090,10400
2009/05/20,3085,10400
2009/05/21,3070,10057
2009/05/22,3100,9815
2009/05/25,3100,10200
2009/05/26,3145,10200
2009/05/27,3100,10330
2009/05/28,3120,10300
2009/05/29,3060,10355
2009/06/01,3035,11045
2009/06/02,3080,11400
2009/06/03,2975,10900
2009/06/04,3050,10950
2009/06/05,3000,10850
2009/06/08,3000,10650
2009/06/09,3000,10551
2009/06/10,2979,10700
2009/06/11,2860,10645
2009/06/12,2900,10620
2009/06/15,2876,10650
2009/06/17,2868,10650
2009/06/18,2950,10661
2009/06/19,2900,10750
2009/06/22,2878,10900
2009/06/23,2816,10600
2009/06/24,2943,10550
2009/06/25,2843,10490
2009/06/26,2885,10470
2009/06/29,2850,10450
2009/06/30,2902,10620
2009/07/01,3051,10650
2009/07/02,3046,10900
2009/07/03,3000,10899
2009/07/06,2925,10826
2009/07/07,2960,10800
2009/07/08,2960,10700
2009/07/09,2987,10900
2009/07/10,2980,10775
2009/07/13,2965,10651
2009/07/14,2914,10880
2009/07/15,2898,11015
2009/07/16,2875,11070
2009/07/17,2890,10951
2009/07/20,2899,11095
2009/07/21,2877,11300
2009/07/22,2850,11300
2009/07/23,2800,11395
2009/07/24,2840,11493
2009/07/27,2874,11499
2009/07/28,2970,11500
2009/07/29,2956,11311
2009/07/30,2857,11355
2009/07/31,2904,11300
2009/08/03,2960,11300
2009/08/04,3000,11300
2009/08/05,2950,11799
2009/08/06,2927,11700
2009/08/07,2970,11700
2009/08/11,2930,11646
2009/08/12,2875,11250
2009/08/13,2840,11200
2009/08/14,2854,11250
2009/08/17,2825,11000
2009/08/18,2810,11200
2009/08/19,2830,11050
2009/08/20,2866,11177
2009/08/21,2905,11210
2009/08/24,3010,11300
2009/08/25,2900,11200
2009/08/26,3000,11105
2009/08/27,3090,11150
2009/08/28,3182,11450
2009/08/31,3213,11500
2009/09/01,3290,11690
2009/09/02,3210,11116
2009/09/03,3319,11400
2009/09/04,3390,11521
2009/09/07,3360,11805
2009/09/08,3310,11699
2009/09/09,3298,11850
2009/09/10,3362,11820
2009/09/11,3480,12250
2009/09/14,3330,12050
2009/09/15,3325,11930
2009/09/16,3335,12450
2009/09/17,3549,12490
2009/09/18,3600,12795
2009/09/21,3500,12550
2009/09/22,3521,12512
2009/09/23,3549,12508
2009/09/25,3489,12840
2009/09/28,3450,12764
2009/09/29,3388,12509
2009/09/30,3390,12619
2009/10/01,3300,12314
2009/10/02,3255,11860
2009/10/05,3329,12000
2009/10/06,3385,12140
2009/10/07,3400,12072
2009/10/08,3300,12100
2009/10/09,3370,12200
2009/10/12,3400,12220
2009/10/13,3380,12099
2009/10/14,3410,11900
2009/10/15,3385,12075
2009/10/16,3254,12230
2009/10/19,3220,12031
2009/10/20,3330,12000
2009/10/21,3290,11651
2009/10/22,3430,11600
2009/10/23,3416,11600
2009/10/26,3319,11650
2009/10/27,3300,11200
2009/10/28,3232,11200
2009/10/29,3350,11250
2009/10/30,3295,11400
2009/11/02,3200,11200
2009/11/03,3170,11160
2009/11/04,3250,11270
2009/11/05,3200,11259
2009/11/06,3134,11350
2009/11/09,3220,11406
2009/11/10,3250,11410
2009/11/11,3360,11704
2009/11/12,3300,11761
2009/11/13,3290,11623
2009/11/16,3300,11550
2009/11/17,3338,11800
2009/11/18,3243,11799
2009/11/19,3225,11500
2009/11/20,3199,11350
2009/11/23,3200,11399
2009/11/24,3199,11300
2009/11/25,3170,11005
2009/11/26,3135,10500
2009/11/27,3105,10600
2009/11/30,3102,10455
2009/12/01,3170,10400
2009/12/02,3145,10390
2009/12/03,3140,10407
2009/12/04,3180,10130
2009/12/07,3148,9945
2009/12/08,3210,10000
2009/12/09,3240,10099
2009/12/10,3340,10250
2009/12/11,3418,10400
2009/12/14,3424,10448
2009/12/15,3443,10376
2009/12/17,3500,10900
2009/12/18,3416,11000
2009/12/21,3475,11193
2009/12/22,3428,10870
2009/12/23,3485,10800
2009/12/24,3499,10950
2009/12/28,3482,10950
2009/12/29,3493,10900
2009/12/30,3439,10655
2009/12/31,3473,10749
2010/01/04,3480,10632
2010/01/05,3501,10850
2010/01/06,3540,10865
2010/01/07,3490,10668
2010/01/08,3542,10679
2010/01/11,3330,10700
2010/01/12,3305,10767
2010/01/13,3250,10600
2010/01/14,3375,10500
2010/01/15,3316,10340
2010/01/18,3338,10299
2010/01/19,3301,10248
2010/01/20,3400,10200
2010/01/21,3359,10016
2010/01/22,3425,9800
2010/01/25,3370,9750
2010/01/26,3360,9600
2010/01/27,3400,9758
2010/01/28,3405,9800
2010/01/29,3355,9798
2010/02/01,3327,9800
2010/02/02,3280,9860
2010/02/03,3310,10150
2010/02/04,3372,9999
2010/02/05,3289,9800
2010/02/08,3345,9760
2010/02/09,3328,10059
2010/02/10,3317,10200
2010/02/11,3285,10200
2010/02/12,3246,10195
2010/02/15,3296,10000
2010/02/16,3290,10050
2010/02/17,3400,10400
2010/02/18,3390,10280
2010/02/19,3230,10100
2010/02/22,3231,10140
2010/02/23,3287,10340
2010/02/24,3220,10500
2010/02/25,3235,10700
2010/02/26,3250,10846
2010/03/01,3239,10841
2010/03/02,3219,10823
2010/03/03,3220,10820
2010/03/04,3235,10800
2010/03/05,3236,10900
2010/03/08,3290,11000
2010/03/09,3300,10950
2010/03/10,3321,11090
2010/03/11,3250,11500
2010/03/12,3275,11799
2010/03/15,3225,11450
2010/03/16,3265,11445
2010/03/17,3300,11451
2010/03/18,3315,11512
2010/03/19,3275,11403
2010/03/23,3270,11360
2010/03/24,3275,11700
2010/03/25,3400,12009
2010/03/26,3352,12000
2010/03/29,3340,12300
2010/03/30,3350,12100
2010/03/31,3420,11855
2010/04/01,3370,11456
2010/04/06,3400,11763
2010/04/07,3400,11865
2010/04/08,3320,11799
2010/04/09,3335,11840
2010/04/12,3322,11588
2010/04/13,3297,11590
2010/04/14,3282,11680
2010/04/15,3294,11760
2010/04/16,3250,11780
2010/04/19,3247,11700
2010/04/20,3259,11669
2010/04/21,3269,11745
2010/04/22,3219,11835
2010/04/23,3320,11750
2010/04/26,3315,12000
2010/04/28,3315,12000
2010/04/29,3330,12000
2010/04/30,3315,12000
2010/05/03,3350,12100
2010/05/04,3300,12000
2010/05/05,3280,11700
2010/05/06,3330,11600
2010/05/07,3250,11450
2010/05/10,3317,11984
2010/05/11,3349,11700
2010/05/12,3430,12234
2010/05/13,3300,11750
2010/05/14,3240,11750
2010/05/17,3225,11717
2010/05/18,3244,11600
2010/05/19,3214,11451
2010/05/20,3160,11250
2010/05/21,3092,11344
2010/05/24,3122,11360
2010/05/25,3061,11200
2010/05/26,3200,11302
2010/05/27,3189,11550
2010/05/28,3230,11620
2010/05/31,3200,11600
2010/06/01,3206,11500
2010/06/02,3194,11400
2010/06/03,3187,11250
2010/06/04,3124,10999
2010/06/07,3065,10651
2010/06/08,3105,10684
2010/06/09,3137,10726
2010/06/10,3179,10850
2010/06/11,3134,10860
2010/06/14,3175,10897
2010/06/15,3250,11200
2010/06/17,3323,11500
2010/06/18,3335,11490
2010/06/21,3337,11450
2010/06/22,3295,11100
2010/06/23,3300,10951
2010/06/24,3287,11200
2010/06/25,3258,10899
2010/06/28,3235,10900
2010/06/29,3229,11200
2010/06/30,3180,10930
2010/07/01,3091,10600
2010/07/02,3116,10800
2010/07/05,3127,10701
2010/07/06,3120,10850
2010/07/07,3100,10777
2010/07/08,3094,10883
2010/07/09,3091,10997
2010/07/12,3080,11092
2010/07/13,3100,11001
2010/07/14,3148,10760
2010/07/15,3185,11000
2010/07/16,3117,10900
2010/07/19,3055,10741
2010/07/20,3062,10650
2010/07/21,3080,10550
2010/07/22,3144,10900
2010/07/23,3127,10662
2010/07/26,3150,11000
2010/07/27,3185,11269
2010/07/28,3208,11199
2010/07/29,3180,11250
2010/07/30,3225,11295
2010/08/02,3165,11076
2010/08/03,3150,10994
2010/08/04,3125,11000
2010/08/05,3125,11051
2010/08/06,3150,11200
2010/08/10,3085,11100
2010/08/11,3076,10850
2010/08/12,3080,11394
2010/08/13,3080,11670
2010/08/16,3068,11470
2010/08/17,3065,11399
2010/08/18,3032,11257
2010/08/19,3019,11287
2010/08/20,2970,11210
2010/08/23,2973,10820
2010/08/24,2967,10923
2010/08/25,2954,10500
2010/08/26,2945,11260
2010/08/27,2939,11250
2010/08/30,2934,11260
2010/08/31,3003,11300
2010/09/01,3001,11150
2010/09/02,2910,11047
2010/09/03,2940,11249
2010/09/06,2958,11197
2010/09/07,2943,11051
2010/09/08,2900,10700
2010/09/09,2886,11075
2010/09/10,2920,11290
2010/09/13,2969,11450
2010/09/14,2969,11449
2010/09/15,2992,11550
2010/09/16,2994,11665
2010/09/17,3000,11875
2010/09/20,2978,11872
2010/09/21,3020,11885
2010/09/22,3004,11900
2010/09/23,3000,11900
2010/09/27,3045,12090
2010/09/28,3058,12180
2010/09/29,3130,12225
2010/09/30,3196,12500
2010/10/01,3161,12400
2010/10/04,3174,12680
2010/10/05,3172,12550
2010/10/06,3190,12590
2010/10/07,3180,12553
2010/10/08,3200,12560
2010/10/11,3200,12700
2010/10/12,3200,12700
2010/10/13,3250,12885
2010/10/14,3228,12900
2010/10/15,3209,12900
2010/10/18,3250,12700
2010/10/19,3218,12700
2010/10/20,3290,12746
2010/10/21,3325,12999
2010/10/22,3312,12900
2010/10/25,3300,13300
2010/10/26,3319,13247
2010/10/27,3327,13500
2010/10/28,3311,13480
2010/10/29,3340,13538
2010/11/01,3370,13400
2010/11/02,3370,13503
2010/11/03,3444,13490
2010/11/04,3470,13384
2010/11/05,3430,13300
2010/11/08,3430,13150
2010/11/09,3386,13200
2010/11/10,3425,13500
2010/11/11,3394,13205
2010/11/12,3330,13400
2010/11/15,3350,13261
2010/11/16,3399,13375
2010/11/17,3387,13250
2010/11/18,3400,13745
2010/11/19,3394,13651
2010/11/22,3369,13351
2010/11/23,3325,13539
2010/11/24,3318,13500
2010/11/25,3327,13355
2010/11/26,3321,13251
2010/11/29,3335,13250
2010/11/30,3251,13226
2010/12/01,3293,13282
2010/12/02,3338,13313
2010/12/03,3283,13440
2010/12/06,3335,13505
2010/12/07,3332,13400
2010/12/08,3275,13446
2010/12/09,3297,13420
2010/12/10,3260,13550
2010/12/13,3280,13560
2010/12/14,3300,13550
2010/12/15,3325,13460
2010/12/17,3405,13675
2010/12/20,3333,13664
2010/12/21,3370,13740
2010/12/22,3375,13800
2010/12/23,3365,13885
2010/12/24,3353,13749
2010/12/28,3378,13898
2010/12/29,3425,13989
2010/12/30,3450,13950
2010/12/31,3495,13900
2011/01/03,3490,13900
2011/01/04,3510,13950
2011/01/05,3488,13949
2011/01/06,3490,13925
2011/01/07,3500,14086
2011/01/10,3313,13911
2011/01/11,3305,14000
2011/01/12,3280,13805
2011/01/13,3270,13800
2011/01/14,3279,13880
2011/01/17,3259,13800
2011/01/18,3200,13650
2011/01/19,3185,13500
2011/01/20,3200,13400
2011/01/21,3252,13300
2011/01/24,3260,13170
2011/01/25,3314,12980
2011/01/26,3350,12900
2011/01/27,3375,12990
2011/01/28,3265,12649
2011/01/31,3120,12300
2011/02/01,3013,11993
2011/02/02,3075,11829
2011/02/03,3040,12000
2011/02/04,3030,12000
2011/02/07,3010,12075
2011/02/08,2987,12090
2011/02/09,2984,12100
2011/02/10,2920,12101
2011/02/11,2900,12200
2011/02/14,2918,12425
2011/02/15,2880,12280
2011/02/16,2880,12400
2011/02/17,2875,12400
2011/02/18,2850,12400
2011/02/21,2845,12023
2011/02/22,2780,11761
2011/02/23,2750,11747
2011/02/24,2700,11588
2011/02/25,2735,11570
2011/02/28,2782,11600
2011/03/01,2746,11590
2011/03/02,2650,11480
2011/03/03,2695,11600
2011/03/04,2655,11540
2011/03/07,2610,11353
2011/03/08,2685,11350
2011/03/09,2718,11339
2011/03/10,2655,11200
2011/03/11,2566,11190
2011/03/14,2637,11100
2011/03/15,2600,11000
2011/03/16,2571,10897
2011/03/17,2534,10700
2011/03/18,2597,10801
2011/03/22,2500,10620
2011/03/23,2428,10800
2011/03/24,2427,10650
2011/03/25,2455,10570
2011/03/28,2405,10750
2011/03/29,2375,10555
2011/03/30,2395,10600
2011/03/31,2400,10800
2011/04/01,2418,10900
2011/04/04,2475,10900
2011/04/05,2583,11179
2011/04/06,2590,11497
2011/04/07,2610,11650
2011/04/08,2624,11700
2011/04/11,2577,11450
2011/04/12,2549,11351
2011/04/13,2544,11491
2011/04/14,2577,11439
2011/04/15,2585,11500
2011/04/18,2579,11401
2011/04/19,2549,11301
2011/04/20,2450,11500
2011/04/21,2450,11346
2011/04/26,2495,11386
2011/04/28,2529,11295
2011/04/29,2500,11400
2011/05/03,2516,11461
2011/05/04,2515,11000
2011/05/05,2521,11139
2011/05/06,2534,11031
2011/05/09,2520,10776
2011/05/10,2555,10816
2011/05/11,2570,10935
2011/05/12,2504,10850
2011/05/13,2509,10876
2011/05/16,2530,10878
2011/05/17,2575,10900
2011/05/19,2570,10900
2011/05/20,2520,10700
2011/05/23,2554,10686
2011/05/24,2625,10675
2011/05/25,2650,10660
2011/05/26,2675,10505
2011/05/27,2725,10630
2011/05/30,2730,10900
2011/05/31,2740,10889
2011/06/01,2748,10791
2011/06/02,2690,10744
2011/06/03,2685,10700
2011/06/06,2626,10699
2011/06/07,2674,10887
2011/06/08,2640,11050
2011/06/09,2652,10940
2011/06/10,2660,11052
2011/06/13,2677,11025
2011/06/14,2635,10940
2011/06/15,2663,10925
2011/06/17,2700,10900
2011/06/20,2660,10929
2011/06/21,2699,11015
2011/06/22,2686,11063
2011/06/23,2626,11040
2011/06/24,2620,10925
2011/06/27,2621,10832
2011/06/28,2650,10900
2011/06/29,2670,10839
2011/06/30,2680,11000
2011/07/01,2690,11000
2011/07/04,2677,11050
2011/07/05,2686,11274
2011/07/06,2719,11201
2011/07/07,2700,11184
2011/07/08,2719,11225
2011/07/11,2761,10965
2011/07/12,2688,10980
2011/07/13,2790,10906
2011/07/14,2785,10920
2011/07/15,2755,10963
2011/07/18,2700,10860
2011/07/19,2727,11000
2011/07/20,2682,11040
2011/07/21,2656,10870
2011/07/22,2638,10900
2011/07/25,2600,10745
2011/07/26,2588,10800
2011/07/27,2610,10700
2011/07/28,2570,11000
2011/07/29,2580,10800
2011/08/01,2560,10600
2011/08/02,2560,10375
2011/08/03,2542,10500
2011/08/04,2500,10400
2011/08/05,2440,10545
2011/08/08,2310,10250
2011/08/10,2330,10400
2011/08/11,2330,10190
2011/08/12,2376,10140
2011/08/15,2425,10150
2011/08/16,2390,9850
2011/08/17,2412,10180
2011/08/18,2425,10000
2011/08/19,2364,9800
2011/08/22,2355,9790
2011/08/23,2369,9596
2011/08/24,2345,9451
2011/08/25,2340,9670
2011/08/26,2360,9651
2011/08/29,2346,9625
2011/08/30,2337,9699
2011/08/31,2360,10188
2011/09/01,2336,9980
2011/09/02,2335,9770
2011/09/05,2315,9801
2011/09/06,2333,9723
2011/09/07,2336,9905
2011/09/08,2340,9995
2011/09/09,2350,10000
2011/09/12,2330,9900
2011/09/13,2302,9900
2011/09/14,2377,9997
2011/09/15,2400,10100
2011/09/16,2389,10262
2011/09/19,2364,10156
2011/09/20,2376,10398
2011/09/21,2420,10300
2011/09/22,2370,10018
2011/09/23,2347,10027
2011/09/26,2340,10300
2011/09/27,2330,10355
2011/09/28,2335,10370
2011/09/29,2302,10344
2011/09/30,2325,10400
2011/10/03,2340,10300
2011/10/04,2310,10379
2011/10/05,2300,10275
2011/10/06,2314,10009
2011/10/07,2310,10175
2011/10/10,2310,10225
2011/10/11,2330,10399
2011/10/12,2360,10450
2011/10/13,2390,10450
2011/10/14,2402,10700
2011/10/17,2370,10445
2011/10/18,2394,10266
2011/10/19,2350,10400
2011/10/20,2360,10505
2011/10/21,2368,10544
2011/10/24,2365,10700
2011/10/25,2360,10625
2011/10/26,2325,10625
2011/10/27,2360,10650
2011/10/28,2400,10844
2011/10/31,2406,10850
2011/11/01,2380,10800
2011/11/02,2410,11050
2011/11/03,2430,11090
2011/11/04,2435,10995
2011/11/07,2488,10700
2011/11/08,2563,10770
2011/11/09,2585,10794
2011/11/10,2612,10650
2011/11/11,2618,10700
2011/11/14,2628,10700
2011/11/15,2676,10700
2011/11/16,2639,10580
2011/11/17,2640,10700
2011/11/18,2610,10500
2011/11/21,2610,10516
2011/11/22,2635,10550
2011/11/23,2621,10259
2011/12/02,2621,10259
2011/12/05,2621,10259
2011/12/06,2621,10259
2011/12/07,2621,10259
2011/12/08,2621,10259
2011/12/09,2621,10259
2011/12/12,2621,10259
2011/12/13,2748,10317
2011/12/14,2668,10322
2011/12/15,2680,10400
2011/12/19,2650,10407
2011/12/20,2645,10635
2011/12/21,2697,10600
2011/12/22,2730,10630
2011/12/23,2724,10600
2011/12/28,2720,10600
2011/12/29,2725,10500
2011/12/30,2739,10519
2012/01/03,2760,10500
2012/01/04,2780,10700
2012/01/05,2782,10600
2012/01/06,2800,10700
2012/01/09,2700,10670
2012/01/10,2690,10750
2012/01/11,2690,10680
2012/01/12,2671,10911
2012/01/13,2699,10940
2012/01/16,2721,10856
2012/01/17,2750,10870
2012/01/18,2808,10880
2012/01/19,2800,10945
2012/01/20,2814,10995
2012/01/23,2820,11030
2012/01/24,2799,10950
2012/01/25,2780,10932
2012/01/26,2805,10795
2012/01/27,2828,10880
2012/01/30,2830,10850
2012/01/31,2828,11000
2012/02/01,2855,11000
2012/02/02,2900,11200
2012/02/03,2905,11100
2012/02/06,2910,11050
2012/02/07,2908,10795
2012/02/08,2936,10900
2012/02/09,2968,10960
2012/02/10,2999,11333
2012/02/13,3050,11520
2012/02/14,3041,11499
2012/02/15,3073,11502
2012/02/16,3040,11500
2012/02/17,3069,11620
2012/02/20,3082,11780
2012/02/21,3085,11799
2012/02/22,3120,11820
2012/02/23,3150,11799
2012/02/24,3163,11740
2012/02/27,3150,11800
2012/02/28,3156,11800
2012/02/29,3160,11830
2012/03/01,3150,11885
2012/03/02,3170,11905
2012/03/05,3135,11950
2012/03/06,3104,11935
2012/03/07,3042,11951
2012/03/08,3012,12285
2012/03/09,3135,12450
2012/03/12,3174,12477
2012/03/13,3190,12558
2012/03/14,3285,12670
2012/03/15,3304,12468
2012/03/16,3220,12500
2012/03/19,3190,12665
2012/03/20,3184,12550
2012/03/22,3151,12800
2012/03/23,3160,13000
2012/03/26,3200,12890
2012/03/27,3256,12931
2012/03/28,3215,13000
2012/03/29,3235,13000
2012/03/30,3280,13000
2012/04/02,3288,13050
2012/04/03,3271,13344
2012/04/04,3275,13440
2012/04/05,3314,13500
2012/04/10,3305,13600
2012/04/11,3305,13780
2012/04/12,3278,13800
2012/04/13,3297,13738
2012/04/16,3181,13700
2012/04/17,3176,13699
2012/04/18,3159,13600
2012/04/19,3147,13617
2012/04/20,3149,13560
2012/04/23,3113,13375
2012/04/24,3080,13306
2012/04/25,3050,13321
2012/04/26,3098,13320
2012/04/30,3098,13595
2012/05/02,3105,13551
2012/05/03,3125,13565
2012/05/04,3131,13250
2012/05/07,3110,13335
2012/05/08,3091,13133
2012/05/09,3051,12945
2012/05/10,3048,12673
2012/05/11,3014,12621
2012/05/14,2955,12540
2012/05/15,2914,12452
2012/05/16,2900,12500
2012/05/17,2906,12700
2012/05/18,2934,12300
2012/05/21,2866,12420
2012/05/22,2870,12700
2012/05/23,2880,12557
2012/05/24,2811,12424
2012/05/25,2815,12650
2012/05/28,2824,12787
2012/05/29,2886,12870
2012/05/30,2800,12782
2012/05/31,2787,13300
2012/06/01,2785,13340
2012/06/04,2752,13155
2012/06/05,2700,13205
2012/06/06,2702,13199
2012/06/07,2735,13016
2012/06/08,2718,13199
2012/06/11,2685,13180
2012/06/12,2700,13153
2012/06/13,2760,13619
2012/06/14,2701,13400
2012/06/15,2816,13250
2012/06/18,2760,13498
2012/06/19,2765,13350
2012/06/20,2803,13057
2012/06/21,2800,13076
2012/06/22,2740,12956
2012/06/25,2679,12861
2012/06/26,2660,12990
2012/06/27,2666,12890
2012/06/28,2640,12825
2012/06/29,2675,12924
2012/07/02,2642,12653
2012/07/03,2685,12884
2012/07/04,2700,12800
2012/07/05,2767,12799
2012/07/06,2751,12699
2012/07/09,2691,12700
2012/07/10,2700,12590
2012/07/11,2659,12426
2012/07/12,2569,12322
2012/07/13,2551,12556
2012/07/16,2561,12638
2012/07/17,2570,12837
2012/07/18,2550,12700
2012/07/19,2500,12685
2012/07/20,2450,12615
2012/07/23,2460,12620
2012/07/24,2460,12600
2012/07/25,2470,13300
2012/07/26,2450,13097
2012/07/27,2500,13150
2012/07/30,2515,13000
2012/07/31,2588,13061
2012/08/01,2655,12800
2012/08/02,2682,12801
2012/08/03,2725,12860
2012/08/06,2665,12800
2012/08/07,2670,12760
2012/08/08,2645,12440
2012/08/10,2649,12565
2012/08/13,2627,12457
2012/08/14,2662,12700
2012/08/15,2640,12601
2012/08/16,2629,12690
2012/08/17,2690,13082
2012/08/20,2702,12950
2012/08/21,2755,13100
2012/08/22,2726,13002
2012/08/23,2792,13150
2012/08/24,2820,13000
2012/08/27,2790,13036
2012/08/28,2815,13000
2012/08/29,2782,13251
2012/08/30,2671,13170
2012/08/31,2660,13179
2012/09/03,2700,13800
2012/09/04,2700,14200
2012/09/05,2674,14150
2012/09/06,2650,14375
2012/09/07,2650,14428
2012/09/10,2774,14745
2012/09/11,2717,14462
2012/09/12,2824,14729
2012/09/13,2828,14681
2012/09/14,2875,14640
2012/09/17,2899,14400
2012/09/18,2975,14570
2012/09/19,2981,14600
2012/09/20,2950,14350
2012/09/21,3046,13821
2012/09/25,2990,13881
2012/09/26,2885,13800
2012/09/27,2925,13781
2012/09/28,2900,13775
2012/10/01,2893,13875
2012/10/02,2883,13960
2012/10/03,2835,14310
2012/10/04,2821,14233
2012/10/05,2813,14210
2012/10/08,2800,13975
2012/10/09,2775,13650
2012/10/10,2805,13700
2012/10/11,2776,13758
2012/10/12,2844,13810
2012/10/15,2838,13641
2012/10/16,2910,14083
2012/10/17,2987,14180
2012/10/18,3000,14095
2012/10/19,2980,13855
2012/10/22,2973,13834
2012/10/23,2890,13875
2012/10/24,2896,14000
2012/10/25,2936,14152
2012/10/26,2932,14150
2012/10/29,2880,14021
2012/10/30,2830,14154
2012/10/31,2899,14210
2012/11/01,2885,14210
2012/11/02,2979,14360
2012/11/05,3006,14700
2012/11/06,2929,14895
2012/11/07,2930,14990
2012/11/08,2870,15126
2012/11/09,2880,15199
2012/11/12,2820,15250
2012/11/13,2866,14867
2012/11/14,2860,14900
2012/11/15,2868,14889
2012/11/16,2846,14900
2012/11/19,2839,14900
2012/11/21,2850,14927
2012/11/22,2860,14933
2012/11/23,2900,14535
2012/11/24,2900,14535
2012/11/25,2900,14535
2012/11/26,2915,14650
2012/11/27,2929,14660
2012/11/28,2898,14350
2012/11/29,2920,14300
2012/11/30,2926,14300
2012/12/03,2870,14550
2012/12/04,2960,14700
2012/12/05,3010,14699
2012/12/06,3020,14580
2012/12/07,3061,14440
2012/12/10,3175,14400
2012/12/11,3285,14640
2012/12/12,3261,14800
2012/12/13,3350,15301
2012/12/14,3315,15150
2012/12/18,3420,15700
2012/12/19,3549,15700
2012/12/20,3494,15449
2012/12/21,3476,15300
2012/12/24,3450,15185
2012/12/27,3477,15500
2012/12/28,3455,15500
2012/12/31,3420,15700
2013/01/02,3520,15550
2013/01/03,3460,15800
2013/01/04,3486,16170
2013/01/07,3317,16250
2013/01/08,3340,16340
2013/01/09,3350,16361
2013/01/10,3300,16188
2013/01/11,3227,16400
2013/01/14,3275,16600
2013/01/15,3268,16610
2013/01/16,3296,16750
2013/01/17,3294,16454
2013/01/18,3300,16237
2013/01/21,3270,16000
2013/01/22,3265,15550
2013/01/23,3275,15498
2013/01/24,3345,15500
2013/01/25,3319,15450
2013/01/28,3200,15500
2013/01/29,3194,15450
2013/01/30,3200,15500
2013/01/31,3275,15500
2013/02/01,3287,15451
2013/02/04,3261,14550
2013/02/05,3209,14600
2013/02/06,3210,14508
2013/02/07,3212,14555
2013/02/08,3259,14840
2013/02/11,3300,14900
2013/02/12,3330,15033
2013/02/13,3355,15260
2013/02/14,3382,15496
2013/02/15,3289,15300
2013/02/18,3335,15169
2013/02/19,3296,15400
2013/02/20,3329,14950
2013/02/21,3315,15000
2013/02/22,3307,14889
2013/02/25,3368,15250
2013/02/26,3400,15200
2013/02/27,3390,15210
2013/02/28,3451,15500
2013/03/01,3504,15495
2013/03/04,3550,15700
2013/03/05,3615,15700
2013/03/06,3620,15900
2013/03/07,3588,16215
2013/03/08,3585,16320
2013/03/11,3597,16500
2013/03/12,3626,16150
2013/03/13,3525,16050
2013/03/14,3440,16000
2013/03/15,3350,16100
2013/03/18,3319,15846
2013/03/19,3280,15806
2013/03/20,3287,15700
2013/03/22,3255,15306
2013/03/25,3200,15350
2013/03/26,3250,15300
2013/03/27,3200,15250
2013/03/28,3205,15426
2013/04/02,3300,15350
2013/04/03,3339,15300
2013/04/04,3349,15300
2013/04/05,3341,15300
2013/04/08,3394,15300
2013/04/09,3335,15300
2013/04/10,3410,15500
2013/04/11,3425,15625
2013/04/12,3480,15600
2013/04/15,3366,15320
2013/04/16,3390,15450
2013/04/17,3395,15450
2013/04/18,3360,15450
2013/04/19,3385,15400
2013/04/22,3420,15251
2013/04/23,3425,15400
2013/04/24,3399,15361
2013/04/25,3460,15346
2013/04/26,3350,15300
2013/04/29,3370,15396
2013/04/30,3281,15450
2013/05/02,3336,15514
2013/05/03,3402,15507
2013/05/06,3352,15593
2013/05/07,3395,15400
2013/05/08,3430,15968
2013/05/09,3450,16400
2013/05/10,3500,16400
2013/05/13,3525,16292
2013/05/14,3476,15900
2013/05/15,3474,15976
2013/05/16,3285,16000
2013/05/17,3234,15900
2013/05/20,3145,15780
2013/05/21,3108,15900
2013/05/22,3150,15890
2013/05/23,3088,15600
2013/05/24,3169,15745
2013/05/27,3188,15855
2013/05/28,3275,15800
2013/05/29,3229,15751
2013/05/30,3180,15527
2013/05/31,3235,15629
2013/06/03,3105,15550
2013/06/04,3080,15355
2013/06/05,3030,15000
2013/06/06,3078,14546
2013/06/07,3050,14450
2013/06/10,3050,14950
2013/06/11,3030,14550
2013/06/12,3000,14868
2013/06/13,2960,14900
2013/06/14,2940,14990
2013/06/18,2938,14865
2013/06/19,2949,15248
2013/06/20,2876,14810
2013/06/21,2990,15000
2013/06/24,2895,15291
2013/06/25,2875,15200
2013/06/26,2851,15649
2013/06/27,2800,15515
2013/06/28,2979,15399
2013/07/01,3037,15176
2013/07/02,3025,15019
2013/07/03,2950,14797
2013/07/04,3000,14709
2013/07/05,2995,14792
2013/07/08,2914,14650
2013/07/09,2900,14600
2013/07/10,2868,14700
2013/07/11,2918,14848
2013/07/12,2952,14950
2013/07/15,2934,14700
2013/07/16,2886,14893
2013/07/17,2853,14860
2013/07/18,2835,14700
2013/07/19,2847,14600
2013/07/22,2883,15000
2013/07/23,2970,15040
2013/07/24,2948,15079
2013/07/25,2862,15257
2013/07/26,2852,15429
2013/07/29,2891,15400
2013/07/30,2922,15600
2013/07/31,2900,15610
2013/08/01,2859,15784
2013/08/02,2855,15900
2013/08/05,2860,15600
2013/08/06,2880,15050
2013/08/07,2917,15400
2013/08/08,3063,15238
2013/08/12,3050,15300
2013/08/13,3219,15182
2013/08/14,3109,15207
2013/08/15,3047,15196
2013/08/16,3037,15150
2013/08/19,3027,15350
2013/08/20,2977,15424
2013/08/21,2992,15500
2013/08/22,3022,14900
2013/08/23,3020,14899
2013/08/26,3031,14795
2013/08/27,2975,14689
2013/08/28,2968,14250
2013/08/29,3010,14280
2013/08/30,2963,14141
2013/09/02,2941,14767
2013/09/03,2925,15456
2013/09/04,2965,15971
2013/09/05,2940,16299
2013/09/06,2900,16309
2013/09/09,2930,16300
2013/09/10,2950,16200
2013/09/11,2950,16300
2013/09/12,2973,16302
2013/09/13,2979,16300
2013/09/16,3020,16378
2013/09/17,3100,16180
2013/09/18,3020,15940
2013/09/19,3110,15750
2013/09/20,3100,16095
2013/09/23,3074,15949
2013/09/25,3046,16000
2013/09/26,3061,15900
2013/09/27,3095,15996
2013/09/30,3020,16000
2013/10/01,3056,16000
2013/10/02,3100,15900
2013/10/03,3152,16145
2013/10/04,3162,16309
2013/10/07,3155,16275
2013/10/08,3115,16650
2013/10/09,3100,16524
2013/10/10,3133,16475
2013/10/11,3121,16300
2013/10/14,3111,16240
2013/10/15,3120,16040
2013/10/16,3129,15991
2013/10/17,3100,15800
2013/10/18,3120,16124
2013/10/21,3174,16525
2013/10/22,3146,16334
2013/10/23,3153,16450
2013/10/24,3137,16582
2013/10/25,3115,16493
2013/10/28,3121,16840
2013/10/29,3155,16988
2013/10/30,3190,17100
2013/10/31,3175,17599
2013/11/01,3165,17150
2013/11/04,3165,17174
2013/11/05,3150,17000
2013/11/06,3225,17105
2013/11/07,3225,17100
2013/11/08,3155,17075
2013/11/11,3170,17000
2013/11/12,3150,16800
2013/11/13,3140,16400
2013/11/14,3162,16470
2013/11/15,3201,16890
2013/11/18,3190,16650
2013/11/19,3239,16549
2013/11/20,3200,16508
2013/11/21,3200,16549
2013/11/22,3154,16395
2013/11/25,3180,15944
2013/11/26,3155,15201
2013/11/27,3084,15300
2013/11/28,3090,15312
2013/11/29,3130,15488
2013/12/02,3125,15305
2013/12/03,3095,15240
2013/12/04,3104,15200
2013/12/05,3044,14999
2013/12/06,3023,15099
2013/12/09,3130,15144
2013/12/10,3149,15325
2013/12/11,3134,15285
2013/12/12,3149,15150
2013/12/13,3101,15162
2013/12/17,3090,15000
2013/12/18,3070,14980
2013/12/19,3060,14850
2013/12/20,3081,14679
2013/12/23,3073,14528
2013/12/24,3085,14580
2013/12/27,3038,14600
2013/12/30,3099,14600
2013/12/31,3140,14600
2014/01/02,3143,14600
2014/01/03,3150,14510
2014/01/06,2938,14425
2014/01/07,2941,14620
2014/01/08,2940,14655
2014/01/09,2961,14750
2014/01/10,2940,14750
2014/01/13,2940,14800
2014/01/14,2945,14700
2014/01/15,3077,14825
2014/01/16,3060,14800
2014/01/17,2960,14860
2014/01/20,2995,14800
2014/01/21,2961,14600
2014/01/22,3040,14560
2014/01/23,3024,14550
2014/01/24,3033,14543
2014/01/27,2951,14400
2014/01/28,2942,14400
2014/01/29,2930,14344
2014/01/30,2945,14408
2014/01/31,2981,14722
2014/02/03,2940,14505
2014/02/04,2913,14723
2014/02/05,2915,15235
2014/02/06,3015,15220
2014/02/07,2931,15200
2014/02/10,2948,15439
2014/02/11,2972,15500
2014/02/12,2940,15461
2014/02/13,2932,14600
2014/02/14,2929,14599
2014/02/17,2960,14500
2014/02/18,2937,14249
2014/02/19,2968,14300
2014/02/20,2917,14134
2014/02/21,2930,14100
2014/02/24,2935,14132
2014/02/25,2926,13651
2014/02/26,2923,13665
2014/02/27,2917,13649
2014/02/28,2940,13201
2014/03/03,2910,12725
2014/03/04,2915,13150
2014/03/05,2940,13100
2014/03/06,2920,13075
2014/03/07,2890,13100
2014/03/10,2850,13180
2014/03/11,2865,13050
2014/03/12,2884,13000
2014/03/13,2850,13026
2014/03/14,2877,13045
2014/03/17,2903,13014
2014/03/18,2929,13028
2014/03/19,2955,12855
2014/03/20,2860,12850
2014/03/24,2970,12957
2014/03/25,2970,12900
2014/03/26,2960,13400
2014/03/27,2930,13450
2014/03/28,2955,13600
2014/03/31,2924,13780
2014/04/01,2939,14079
2014/04/02,2920,14050
2014/04/03,2897,14100
2014/04/04,2958,14208
2014/04/07,2985,14022
2014/04/08,3010,13989
2014/04/09,3016,14030
2014/04/10,3000,13801
2014/04/11,3060,13600
2014/04/14,3067,14195
2014/04/15,3020,13710
2014/04/16,3094,13834
2014/04/17,3040,13900
2014/04/22,3061,13889
2014/04/23,3050,13970
2014/04/24,3040,13900
2014/04/25,3080,13890
2014/04/29,3060,13872
2014/04/30,3060,13598
2014/05/02,3101,13900
2014/05/05,3105,13850
2014/05/06,3139,13800
2014/05/08,3248,13548
2014/05/09,3310,13600
2014/05/12,3290,13547
2014/05/13,3320,13650
2014/05/14,3193,13620
2014/05/15,3235,13538
2014/05/16,3209,13575
2014/05/19,3295,13595
2014/05/20,3135,13564
2014/05/21,3175,13585
2014/05/22,3220,13809
2014/05/23,3225,13732
2014/05/26,3239,13684
2014/05/27,3228,13700
2014/05/28,3255,13700
2014/05/29,3218,13672
2014/05/30,3250,13401
2014/06/02,3175,13495
2014/06/03,3268,13489
2014/06/04,3204,13481
2014/06/05,3245,13309
2014/06/06,3230,13299
2014/06/09,3160,13250
2014/06/10,3170,12950
2014/06/11,3200,12950
2014/06/12,3185,13200
2014/06/13,3160,13200
2014/06/17,3165,13300
2014/06/18,3144,13268
2014/06/19,3177,13198
2014/06/20,3260,13060
2014/06/23,3227,12925
2014/06/24,3226,13287
2014/06/25,3195,13014
2014/06/26,3141,12930
2014/06/27,3160,12798
2014/06/30,3135,12700
2014/07/01,3200,12570
2014/07/02,3183,12351
2014/07/03,3173,12100
2014/07/04,3163,12205
2014/07/07,3121,12111
2014/07/08,3135,12575
2014/07/09,3171,12425
2014/07/10,3080,12400
2014/07/11,3109,12401
2014/07/14,3191,12756
2014/07/15,3179,12995
2014/07/16,3159,12950
2014/07/17,3150,12940
2014/07/18,3169,12900
2014/07/21,3194,12810
2014/07/22,3275,12900
2014/07/23,3286,12900
2014/07/24,3306,12900
2014/07/25,3261,12899
2014/07/28,3280,12890
2014/07/29,3295,12874
2014/07/30,3256,12844
2014/07/31,3216,12809
2014/08/01,3280,12820
2014/08/04,3287,12800
2014/08/05,3250,12825
2014/08/06,3238,12700
2014/08/07,3225,12671
2014/08/08,3270,12520
2014/08/11,3260,12516
2014/08/12,3265,12910
2014/08/13,3270,12892
2014/08/14,3280,13033
2014/08/15,3229,13076
2014/08/18,3317,13281
2014/08/19,3275,13741
2014/08/20,3270,13750
2014/08/21,3250,13476
2014/08/22,3287,13478
2014/08/25,3325,13777
2014/08/26,3310,13615
2014/08/27,3311,13700
2014/08/28,3325,13700
2014/08/29,3311,13838
2014/09/01,3400,13838
2014/09/02,3350,14200
2014/09/03,3385,14471
2014/09/04,3373,14604
2014/09/05,3390,14861
2014/09/08,3450,15301
2014/09/09,3396,15423
2014/09/10,3398,15255
2014/09/11,3395,14940
2014/09/12,3305,14450
2014/09/15,3308,14390
2014/09/16,3295,14018
2014/09/17,3247,14111
2014/09/18,3263,13917
2014/09/19,3250,14109
2014/09/22,3000,14142
2014/09/23,3000,13923
2014/09/25,3000,13921
2014/09/26,2990,13886
2014/09/29,3020,13891
2014/09/30,2956,13999
2014/10/01,2860,13815
2014/10/02,2866,13747
2014/10/03,2900,13765
2014/10/06,2900,13883
2014/10/07,2844,13768
2014/10/08,2807,13417
2014/10/09,2847,13624
2014/10/10,2830,13313
2014/10/13,2810,13550
2014/10/14,2917,13457
2014/10/15,2790,13391
2014/10/16,2771,13647
2014/10/17,2775,13700
2014/10/20,2840,13464
2014/10/21,2812,13352
2014/10/22,2846,13352
2014/10/23,2801,13280
2014/10/24,2790,13205
2014/10/27,2803,13329
2014/10/28,2797,13150
2014/10/29,2804,12855
2014/10/30,2795,12850
2014/10/31,2960,13001
2014/11/03,2871,13050
2014/11/04,2818,12915
2014/11/05,2841,12885
2014/11/06,2790,12450
2014/11/07,2745,12251
2014/11/10,2740,12210
2014/11/11,2700,12252
2014/11/12,2768,12090
2014/11/13,2781,12111
2014/11/14,2700,12200
2014/11/17,2695,12090
2014/11/18,2581,11892
2014/11/19,2603,12150
2014/11/20,2605,11909
2014/11/21,2558,11995
2014/11/24,2615,12050
2014/11/25,2571,12060
2014/11/26,2602,12022
2014/11/27,2580,12039
2014/11/28,2557,12030
2014/12/01,2510,12250
2014/12/02,2508,12300
2014/12/03,2512,11950
2014/12/04,2528,11850
2014/12/05,2500,11850
2014/12/08,2454,11958
2014/12/09,2400,12398
2014/12/10,2454,11994
2014/12/11,2453,11900
2014/12/12,2502,11993
2014/12/15,2500,11770
2014/12/17,2432,11501
2014/12/18,2490,11770
2014/12/19,2550,12420
2014/12/22,2625,12032
2014/12/23,2728,12186
2014/12/24,2700,12124
2014/12/29,2740,12039
2014/12/30,2760,12000
2014/12/31,2750,12076
2015/01/02,2721,12400
2015/01/05,2550,12329
2015/01/06,2565,12000
2015/01/07,2603,12014
2015/01/08,2511,12100
2015/01/09,2485,12000
2015/01/12,2354,12100
2015/01/13,2335,11974
2015/01/14,2380,12114
2015/01/15,2320,12070
2015/01/16,2350,12210
2015/01/19,2417,12280
2015/01/20,2398,12417
2015/01/21,2391,12588
2015/01/22,2352,12500
2015/01/23,2369,12463
2015/01/26,2220,12343
2015/01/27,2189,12156
2015/01/28,2160,12133
2015/01/29,2045,12044
2015/01/30,2140,12050
2015/02/02,2141,12095
2015/02/03,2180,12360
2015/02/04,2150,12250
2015/02/05,2126,12100
2015/02/06,2085,12247
2015/02/09,2112,12050
2015/02/10,2050,11850
2015/02/11,2030,11501
2015/02/12,1991,11444
2015/02/13,1863,11360
2015/02/16,1840,11481
2015/02/17,1851,11658
2015/02/18,1889,11700
2015/02/19,1895,11975
2015/02/20,1915,12500
2015/02/23,1915,12040
2015/02/24,1857,11855
2015/02/25,1818,11812
2015/02/26,1840,11550
2015/02/27,1812,11422
2015/03/02,1831,11350
2015/03/03,1847,11360
2015/03/04,1836,11400
2015/03/05,1781,11500
2015/03/06,1790,11475
2015/03/09,1820,11350
2015/03/10,1800,11050
2015/03/11,1742,11000
2015/03/12,1754,10881
2015/03/13,1716,10800
2015/03/16,1690,10795
2015/03/17,1744,11175
2015/03/18,1744,10523
2015/03/19,1803,10850
2015/03/20,1855,10800
2015/03/23,1908,11001
2015/03/24,1935,11100
2015/03/25,1851,11100
2015/03/26,1796,10943
2015/03/27,1899,10925
2015/03/30,1890,11220
2015/03/31,1833,11267
2015/04/01,1830,11418
2015/04/02,1799,11688
2015/04/07,1742,11400
2015/04/08,1772,11400
2015/04/09,1785,11399
2015/04/10,1825,11400
2015/04/13,1835,11245
2015/04/14,1785,11073
2015/04/15,1783,11020
2015/04/16,1801,11055
2015/04/17,1796,11050
2015/04/20,1777,11031
2015/04/21,1785,10980
2015/04/22,1707,10917
2015/04/23,1723,10888
2015/04/24,1713,11100
2015/04/28,1746,11051
2015/04/29,1713,11101
2015/04/30,1702,11135
2015/05/04,1730,11250
2015/05/05,1778,11483
2015/05/06,1810,11378
2015/05/07,1728,11429
2015/05/08,1672,11496
2015/05/11,1630,11541
2015/05/12,1683,11634
2015/05/13,1720,11689
2015/05/14,1719,11753
2015/05/15,1766,11622
2015/05/18,1767,11560
2015/05/19,1895,11647
2015/05/20,1960,12047
2015/05/21,2116,11882
2015/05/22,2060,11905
2015/05/25,2015,11634
2015/05/26,1870,11436
2015/05/27,1881,11400
2015/05/28,1967,11451
2015/05/29,2030,11521
2015/06/01,2002,11365
2015/06/02,2000,11300
2015/06/03,1976,11250
2015/06/04,2005,11258
2015/06/05,1995,11083
2015/06/08,1939,11069
2015/06/09,1902,10990
2015/06/10,1944,10965
2015/06/11,1920,11000
2015/06/12,1940,10980
2015/06/15,1980,10923
2015/06/17,1985,10945
2015/06/18,1945,10801
2015/06/19,1913,10531
2015/06/22,1898,10200
2015/06/23,1840,10250
2015/06/24,1834,10000
2015/06/25,1833,10040
2015/06/26,1790,9936
2015/06/29,1793,9920
2015/06/30,1765,9900
2015/07/01,1759,9755
2015/07/02,1797,9797
2015/07/03,1820,10000
2015/07/06,1857,9834
2015/07/07,1835,9828
2015/07/08,1855,9900
2015/07/09,1969,9921
2015/07/10,2000,9900
2015/07/13,1926,9688
2015/07/14,1930,9800
2015/07/15,1944,9700
2015/07/16,2012,9990
2015/07/17,2044,10090
2015/07/20,1989,10000
2015/07/21,2035,10354
2015/07/22,2060,10038
2015/07/23,2084,9811
2015/07/24,2030,9750
2015/07/27,2070,9600
2015/07/28,2000,9500
2015/07/29,2113,9635
2015/07/30,2234,9525
2015/07/31,2251,9548
2015/08/03,2230,9453
2015/08/04,2210,9500
2015/08/05,2210,9400
2015/08/06,2204,9230
2015/08/07,2204,9318
2015/08/11,2248,9315
2015/08/12,2228,9104
2015/08/13,2204,9050
2015/08/14,2180,9300
2015/08/17,2200,9403
2015/08/18,2213,9550
2015/08/19,2139,9500
2015/08/20,2200,9500
2015/08/21,2180,9500
2015/08/24,2060,9271
2015/08/25,2117,9300
2015/08/26,2051,9318
2015/08/27,2075,9415
2015/08/28,2139,9462
2015/08/31,2170,9500
2015/09/01,2104,9640
2015/09/02,2130,9859
2015/09/03,2125,9900
2015/09/04,2139,9950
2015/09/07,2060,9839
2015/09/08,2065,9880
2015/09/09,2036,9950
2015/09/10,2035,9910
2015/09/11,2070,10000
2015/09/14,2103,10249
2015/09/15,2085,10293
2015/09/16,2085,11114
2015/09/17,2060,10982
2015/09/18,1998,11330
2015/09/21,1905,11360
2015/09/22,1950,11326
2015/09/23,1840,11051
2015/09/25,1806,11050
2015/09/28,1733,10921
2015/09/29,1716,11065
2015/09/30,1710,11099
2015/10/01,1741,11177
2015/10/02,1783,11596
2015/10/05,1801,11861
2015/10/06,1752,11900
2015/10/07,1725,11831
2015/10/08,1743,12084
2015/10/09,1769,12500
2015/10/12,1770,12300
2015/10/13,1751,12035
2015/10/14,1762,12120
2015/10/15,1765,12034
2015/10/16,1765,12293
2015/10/19,1758,12791
2015/10/20,1737,12600
2015/10/21,1728,12801
2015/10/22,1697,12994
2015/10/23,1763,12890
2015/10/26,1809,13255
2015/10/27,1733,13100
2015/10/28,1730,13000
2015/10/29,1680,13090
2015/10/30,1665,12951
2015/11/02,1650,13350
2015/11/03,1691,13480
2015/11/04,1691,13425
2015/11/05,1685,12659
2015/11/06,1639,12386
2015/11/09,1573,12272
2015/11/10,1600,12332
2015/11/11,1606,12440
2015/11/12,1575,12052
2015/11/13,1605,12192
2015/11/16,1565,12000
2015/11/17,1525,12000
2015/11/18,1602,12255
2015/11/19,1690,12166
2015/11/20,1675,12500
2015/11/23,1668,12325
