Date,PSG,Peregrine
2004/05/12,275,220
2004/05/13,275,220
2004/05/14,270,220
2004/05/17,270,220
2004/05/18,265,220
2004/05/19,270,220
2004/05/20,265,220
2004/05/21,260,220
2004/05/24,256,220
2004/05/25,260,220
2004/05/26,258,220
2004/05/27,267,215
2004/05/28,265,225
2004/05/31,262,236
2004/06/01,262,224
2004/06/02,260,218
2004/06/03,261,220
2004/06/04,261,225
2004/06/07,265,236
2004/06/08,270,238
2004/06/09,275,225
2004/06/10,285,225
2004/06/11,290,225
2004/06/14,290,225
2004/06/15,285,225
2004/06/17,285,225
2004/06/18,290,225
2004/06/21,294,225
2004/06/22,290,225
2004/06/23,290,223
2004/06/24,298,225
2004/06/25,300,225
2004/06/28,295,224
2004/06/29,297,224
2004/06/30,310,223
2004/07/01,305,223
2004/07/02,305,224
2004/07/05,295,220
2004/07/06,305,217
2004/07/07,305,225
2004/07/08,300,225
2004/07/09,305,229
2004/07/12,301,225
2004/07/13,308,225
2004/07/14,301,225
2004/07/15,309,216
2004/07/16,309,216
2004/07/19,305,220
2004/07/20,315,220
2004/07/21,320,220
2004/07/22,315,220
2004/07/23,310,215
2004/07/26,305,220
2004/07/27,301,218
2004/07/28,304,211
2004/07/29,303,215
2004/07/30,310,210
2004/08/02,315,210
2004/08/03,315,210
2004/08/04,322,214
2004/08/05,340,210
2004/08/06,330,215
2004/08/10,326,221
2004/08/11,325,210
2004/08/12,340,215
2004/08/13,340,220
2004/08/16,335,220
2004/08/17,340,220
2004/08/18,345,215
2004/08/19,335,220
2004/08/20,310,218
2004/08/23,325,225
2004/08/24,332,223
2004/08/25,335,225
2004/08/26,335,225
2004/08/27,335,223
2004/08/30,335,224
2004/08/31,350,220
2004/09/01,316,218
2004/09/02,345,220
2004/09/03,350,223
2004/09/06,355,224
2004/09/07,350,220
2004/09/08,340,220
2004/09/09,345,219
2004/09/10,348,220
2004/09/13,345,217
2004/09/14,340,217
2004/09/15,342,218
2004/09/16,350,225
2004/09/17,350,220
2004/09/20,350,225
2004/09/21,360,227
2004/09/22,365,230
2004/09/23,375,230
2004/09/27,375,235
2004/09/28,375,230
2004/09/29,360,230
2004/09/30,365,240
2004/10/01,365,240
2004/10/04,360,244
2004/10/05,365,240
2004/10/06,395,240
2004/10/07,375,245
2004/10/08,400,243
2004/10/11,440,250
2004/10/12,450,240
2004/10/13,440,245
2004/10/14,450,250
2004/10/15,435,250
2004/10/18,445,249
2004/10/19,460,250
2004/10/20,455,245
2004/10/21,450,250
2004/10/22,440,246
2004/10/25,440,245
2004/10/26,445,249
2004/10/27,440,250
2004/10/28,440,250
2004/10/29,440,250
2004/11/01,435,250
2004/11/02,445,240
2004/11/03,453,241
2004/11/04,470,240
2004/11/05,456,240
2004/11/08,470,245
2004/11/09,476,245
2004/11/10,480,245
2004/11/11,482,250
2004/11/12,485,250
2004/11/15,500,252
2004/11/16,520,252
2004/11/17,525,250
2004/11/18,520,255
2004/11/19,520,251
2004/11/22,525,255
2004/11/23,525,255
2004/11/24,530,255
2004/11/25,528,258
2004/11/26,530,264
2004/11/29,530,260
2004/11/30,542,268
2004/12/01,545,275
2004/12/02,545,277
2004/12/03,545,280
2004/12/06,555,280
2004/12/07,560,275
2004/12/08,550,275
2004/12/09,560,266
2004/12/10,560,270
2004/12/13,570,270
2004/12/14,590,275
2004/12/15,595,275
2004/12/17,625,275
2004/12/20,627,280
2004/12/21,680,280
2004/12/22,655,289
2004/12/23,680,300
2004/12/24,680,306
2004/12/28,690,319
2004/12/29,700,310
2004/12/30,700,315
2004/12/31,700,320
2005/01/03,698,315
2005/01/04,690,312
2005/01/05,695,310
2005/01/06,680,310
2005/01/07,675,310
2005/01/10,675,312
2005/01/11,670,316
2005/01/12,665,325
2005/01/13,665,330
2005/01/14,675,330
2005/01/17,675,325
2005/01/18,668,305
2005/01/19,660,320
2005/01/20,680,320
2005/01/21,670,310
2005/01/24,650,320
2005/01/25,650,320
2005/01/26,650,320
2005/01/27,668,320
2005/01/28,665,319
2005/01/31,670,315
2005/02/01,670,315
2005/02/02,675,330
2005/02/03,692,345
2005/02/04,699,340
2005/02/07,700,350
2005/02/08,696,350
2005/02/09,675,350
2005/02/10,685,360
2005/02/11,680,355
2005/02/14,675,345
2005/02/15,675,350
2005/02/16,680,349
2005/02/17,680,345
2005/02/18,680,345
2005/02/21,685,345
2005/02/22,695,340
2005/02/23,700,340
2005/02/24,700,340
2005/02/25,700,350
2005/02/28,700,340
2005/03/01,685,345
2005/03/02,670,340
2005/03/03,670,345
2005/03/04,686,348
2005/03/07,700,341
2005/03/08,700,341
2005/03/09,700,340
2005/03/10,690,347
2005/03/11,690,340
2005/03/14,695,339
2005/03/15,690,339
2005/03/16,695,335
2005/03/17,685,340
2005/03/18,690,340
2005/03/22,660,345
2005/03/23,640,340
2005/03/24,630,331
2005/03/29,640,332
2005/03/30,620,332
2005/03/31,655,335
2005/04/01,650,340
2005/04/04,675,340
2005/04/05,680,355
2005/04/06,690,350
2005/04/07,685,370
2005/04/08,680,375
2005/04/11,685,395
2005/04/12,685,380
2005/04/13,660,375
2005/04/14,660,375
2005/04/15,665,375
2005/04/18,660,370
2005/04/19,665,380
2005/04/20,660,378
2005/04/21,660,378
2005/04/22,660,380
2005/04/25,650,380
2005/04/26,650,385
2005/04/28,670,385
2005/04/29,673,390
2005/05/03,670,400
2005/05/04,681,405
2005/05/05,690,417
2005/05/06,700,425
2005/05/09,695,425
2005/05/10,715,405
2005/05/11,745,400
2005/05/12,750,395
2005/05/13,750,407
2005/05/16,750,405
2005/05/17,725,403
2005/05/18,735,405
2005/05/19,750,420
2005/05/20,773,449
2005/05/23,760,448
2005/05/24,780,445
2005/05/25,809,445
2005/05/26,829,444
2005/05/27,845,434
2005/05/30,820,420
2005/05/31,800,410
2005/06/01,780,412
2005/06/02,804,440
2005/06/03,800,440
2005/06/06,790,450
2005/06/07,790,465
2005/06/08,790,450
2005/06/09,795,450
2005/06/10,805,450
2005/06/13,812,432
2005/06/14,810,445
2005/06/15,810,445
2005/06/17,820,445
2005/06/20,822,444
2005/06/21,830,440
2005/06/22,835,440
2005/06/23,835,420
2005/06/24,835,410
2005/06/27,830,412
2005/06/28,830,417
2005/06/29,847,420
2005/06/30,845,426
2005/07/01,820,426
2005/07/04,800,430
2005/07/05,800,430
2005/07/06,800,430
2005/07/07,805,430
2005/07/08,800,435
2005/07/11,802,440
2005/07/12,811,450
2005/07/13,850,450
2005/07/14,845,455
2005/07/15,840,450
2005/07/18,855,450
2005/07/19,875,450
2005/07/20,880,450
2005/07/21,860,445
2005/07/22,865,450
2005/07/25,860,450
2005/07/26,822,460
2005/07/27,860,460
2005/07/28,847,460
2005/07/29,870,470
2005/08/01,875,460
2005/08/02,895,490
2005/08/03,885,480
2005/08/04,900,500
2005/08/05,900,519
2005/08/08,920,530
2005/08/10,980,525
2005/08/11,980,525
2005/08/12,945,519
2005/08/15,945,515
2005/08/16,944,517
2005/08/17,940,510
2005/08/18,910,510
2005/08/19,920,533
2005/08/22,940,550
2005/08/23,951,585
2005/08/24,910,580
2005/08/25,905,575
2005/08/26,916,575
2005/08/29,910,550
2005/08/30,910,556
2005/08/31,925,550
2005/09/01,954,550
2005/09/02,1030,560
2005/09/05,1035,555
2005/09/06,1060,547
2005/09/07,1065,550
2005/09/08,1050,568
2005/09/09,1070,561
2005/09/12,1075,570
2005/09/13,1070,565
2005/09/14,1060,560
2005/09/15,1065,584
2005/09/16,1065,598
2005/09/19,1080,590
2005/09/20,1091,600
2005/09/21,1150,600
2005/09/22,1160,600
2005/09/23,1200,600
2005/09/26,1250,600
2005/09/27,1230,595
2005/09/28,1230,595
2005/09/29,1235,586
2005/09/30,1230,610
2005/10/03,1240,615
2005/10/04,1260,620
2005/10/05,1265,620
2005/10/06,1255,620
2005/10/07,1216,600
2005/10/10,1229,610
2005/10/11,1195,600
2005/10/12,1126,610
2005/10/13,1076,600
2005/10/14,1021,580
2005/10/17,1059,575
2005/10/18,1070,580
2005/10/19,1050,575
2005/10/20,1040,580
2005/10/21,1030,570
2005/10/24,1000,580
2005/10/25,1100,580
2005/10/26,1065,595
2005/10/27,1095,580
2005/10/28,1109,639
2005/10/31,1125,625
2005/11/01,1149,650
2005/11/02,1130,665
2005/11/03,1140,665
2005/11/04,1130,663
2005/11/07,1175,662
2005/11/08,1181,650
2005/11/09,1190,660
2005/11/10,1190,660
2005/11/11,1200,660
2005/11/14,1190,625
2005/11/15,1180,630
2005/11/16,1175,620
2005/11/17,1170,620
2005/11/18,1140,609
2005/11/21,1139,615
2005/11/22,1100,617
2005/11/23,1100,610
2005/11/24,1105,620
2005/11/25,1140,601
2005/11/28,1155,610
2005/11/29,1165,605
2005/11/30,1170,600
2005/12/01,1185,590
2005/12/02,1195,590
2005/12/05,1190,619
2005/12/06,1200,605
2005/12/07,1200,601
2005/12/08,1235,605
2005/12/09,1250,595
2005/12/12,1330,595
2005/12/13,1329,595
2005/12/14,1290,600
2005/12/15,1325,619
2005/12/19,1320,600
2005/12/20,1350,601
2005/12/21,1375,619
2005/12/22,1400,620
2005/12/23,1500,640
2005/12/27,1575,640
2005/12/28,1575,640
2005/12/29,1600,649
2005/12/30,1650,640
2006/01/03,1605,660
2006/01/04,1535,655
2006/01/05,1570,660
2006/01/06,1565,650
2006/01/09,1520,675
2006/01/10,1532,700
2006/01/11,1530,700
2006/01/12,1561,720
2006/01/13,1599,725
2006/01/16,1580,715
2006/01/17,1560,700
2006/01/18,1566,685
2006/01/19,1571,700
2006/01/20,1650,725
2006/01/23,1610,710
2006/01/24,1660,710
2006/01/25,1690,700
2006/01/26,1700,711
2006/01/27,1700,730
2006/01/30,1705,726
2006/01/31,1705,732
2006/02/01,1701,750
2006/02/02,1740,750
2006/02/03,1735,725
2006/02/06,1790,725
2006/02/07,1790,725
2006/02/08,1750,715
2006/02/09,1758,730
2006/02/10,1750,729
2006/02/13,1750,720
2006/02/14,1760,721
2006/02/15,1782,725
2006/02/16,1796,735
2006/02/17,1800,800
2006/02/20,1830,775
2006/02/21,1875,737
2006/02/22,1990,770
2006/02/23,2051,775
2006/02/24,2102,770
2006/02/27,2200,780
2006/02/28,2266,781
2006/03/02,2375,795
2006/03/03,2450,795
2006/03/06,2380,800
2006/03/07,2150,800
2006/03/08,2050,790
2006/03/09,2100,783
2006/03/10,2150,785
2006/03/13,2195,805
2006/03/14,2170,810
2006/03/15,2190,830
2006/03/16,2197,821
2006/03/17,2100,825
2006/03/20,2195,825
2006/03/22,2270,825
2006/03/23,2230,815
2006/03/24,2201,827
2006/03/27,2200,835
2006/03/28,2200,835
2006/03/29,2240,830
2006/03/30,2270,835
2006/03/31,2350,825
2006/04/03,2367,834
2006/04/04,2360,834
2006/04/05,2380,825
2006/04/06,2380,835
2006/04/07,2340,857
2006/04/10,2350,900
2006/04/11,2375,900
2006/04/12,2400,900
2006/04/13,2380,950
2006/04/18,2420,945
2006/04/19,2395,930
2006/04/20,2265,925
2006/04/21,2275,945
2006/04/24,2215,930
2006/04/25,2160,932
2006/04/26,2135,936
2006/04/28,2100,960
2006/05/02,2022,975
2006/05/03,1998,990
2006/05/04,1965,985
2006/05/05,1957,980
2006/05/08,2011,980
2006/05/09,2100,951
2006/05/10,2245,965
2006/05/11,2275,980
2006/05/12,2220,975
2006/05/15,2010,915
2006/05/16,2100,910
2006/05/17,2080,900
2006/05/18,2089,889
2006/05/19,2100,880
2006/05/22,2040,860
2006/05/23,2020,865
2006/05/24,2000,900
2006/05/25,1955,875
2006/05/26,1980,914
2006/05/29,1975,922
2006/05/30,1950,900
2006/05/31,1920,900
2006/06/01,1861,898
2006/06/02,1950,880
2006/06/05,1950,880
2006/06/06,1910,840
2006/06/07,1850,825
2006/06/08,1600,770
2006/06/09,1728,760
2006/06/12,1700,780
2006/06/13,1590,785
2006/06/14,1570,770
2006/06/15,1640,795
2006/06/19,1755,795
2006/06/20,1850,790
2006/06/21,1950,790
2006/06/22,1900,790
2006/06/23,1840,760
2006/06/26,1800,735
2006/06/27,1810,760
2006/06/28,1880,760
2006/06/29,1920,775
2006/06/30,2000,800
2006/07/03,2030,820
2006/07/04,2036,810
2006/07/05,2041,810
2006/07/06,2050,800
2006/07/07,2100,795
2006/07/10,2100,790
2006/07/11,2100,790
2006/07/12,2110,795
2006/07/13,2070,791
2006/07/14,2040,791
2006/07/17,2005,790
2006/07/18,2000,775
2006/07/19,2050,785
2006/07/20,2000,785
2006/07/21,2000,810
2006/07/24,2030,800
2006/07/25,2030,800
2006/07/26,2100,810
2006/07/27,2150,800
2006/07/28,2130,800
2006/07/31,2150,849
2006/08/01,2140,850
2006/08/02,2100,839
2006/08/03,2075,825
2006/08/04,2065,812
2006/08/07,2000,810
2006/08/08,2040,815
2006/08/10,2030,820
2006/08/11,2040,820
2006/08/14,2100,815
2006/08/15,2050,810
2006/08/16,1998,819
2006/08/17,2005,825
2006/08/18,2050,830
2006/08/21,2050,810
2006/08/22,2049,815
2006/08/23,2015,818
2006/08/24,2040,825
2006/08/25,2030,825
2006/08/28,2030,825
2006/08/29,2020,815
2006/08/30,2100,820
2006/08/31,2200,820
2006/09/01,2275,865
2006/09/04,2320,890
2006/09/05,2340,874
2006/09/06,2400,870
2006/09/07,2355,870
2006/09/08,2345,870
2006/09/11,2274,868
2006/09/12,2350,850
2006/09/13,2370,845
2006/09/14,2365,870
2006/09/15,2480,881
2006/09/18,2415,881
2006/09/19,2415,885
2006/09/20,2400,885
2006/09/21,2400,900
2006/09/22,2390,900
2006/09/26,2344,901
2006/09/27,2360,912
2006/09/28,2370,935
2006/09/29,2379,935
2006/10/02,2210,930
2006/10/03,2200,920
2006/10/04,2100,926
2006/10/05,2100,927
2006/10/06,2115,930
2006/10/09,2175,932
2006/10/10,2181,940
2006/10/11,2225,940
2006/10/12,2290,940
2006/10/13,2400,930
2006/10/16,2400,940
2006/10/17,2339,950
2006/10/18,2275,970
2006/10/19,2270,960
2006/10/20,2252,985
2006/10/23,2280,985
2006/10/24,2261,1000
2006/10/25,2231,995
2006/10/26,2210,1000
2006/10/27,2273,995
2006/10/30,2260,1000
2006/10/31,2294,1050
2006/11/01,2299,1015
2006/11/02,2290,1011
2006/11/03,2300,1035
2006/11/06,2345,1030
2006/11/07,2339,1050
2006/11/08,2320,1050
2006/11/09,2299,1050
2006/11/10,2320,1050
2006/11/13,2314,1050
2006/11/14,2295,1040
2006/11/15,2345,1034
2006/11/16,2360,1030
2006/11/17,2385,1050
2006/11/20,2360,1050
2006/11/21,2435,1055
2006/11/22,2420,1060
2006/11/23,2445,1060
2006/11/24,2450,1070
2006/11/27,2425,1086
2006/11/28,2380,1100
2006/11/29,2390,1115
2006/11/30,2445,1125
2006/12/01,2520,1125
2006/12/04,2635,1135
2006/12/05,2620,1135
2006/12/06,2530,1135
2006/12/07,2590,1125
2006/12/08,2570,1130
2006/12/11,2540,1130
2006/12/12,2560,1130
2006/12/13,2650,1152
2006/12/14,2700,1170
2006/12/15,2690,1180
2006/12/18,2720,1180
2006/12/19,2760,1185
2006/12/20,2720,1200
2006/12/21,2700,1200
2006/12/22,2699,1210
2006/12/27,2693,1220
2006/12/28,2700,1225
2006/12/29,2700,1235
2007/01/02,2670,1248
2007/01/03,2699,1250
2007/01/04,2660,1262
2007/01/05,2700,1260
2007/01/09,2696,1247
2007/01/10,2750,1250
2007/01/11,2775,1250
2007/01/12,2822,1246
2007/01/15,2900,1245
2007/01/16,2865,1248
2007/01/17,2870,1250
2007/01/18,2865,1250
2007/01/19,2870,1250
2007/01/22,2899,1235
2007/01/23,2875,1235
2007/01/24,2875,1230
2007/01/25,2800,1237
2007/01/26,2766,1252
2007/01/29,2715,1272
2007/01/30,2810,1348
2007/01/31,2760,1331
2007/02/01,2800,1341
2007/02/02,2740,1342
2007/02/05,2700,1371
2007/02/06,2740,1371
2007/02/07,2725,1355
2007/02/08,2720,1350
2007/02/09,2700,1350
2007/02/12,2706,1330
2007/02/13,2720,1320
2007/02/14,2785,1345
2007/02/15,2830,1350
2007/02/16,2850,1355
2007/02/19,2850,1410
2007/02/20,2820,1369
2007/02/21,2800,1400
2007/02/22,2815,1455
2007/02/23,2800,1470
2007/02/26,2835,1500
2007/02/27,2800,1470
2007/02/28,2770,1423
2007/03/01,2675,1400
2007/03/02,2700,1400
2007/03/05,2540,1365
2007/03/06,2600,1405
2007/03/07,2580,1407
2007/03/08,2641,1442
2007/03/09,2720,1500
2007/03/12,2859,1485
2007/03/13,2885,1450
2007/03/14,2895,1440
2007/03/15,2800,1430
2007/03/16,2720,1470
2007/03/19,2760,1480
2007/03/20,2775,1469
2007/03/22,2790,1462
2007/03/23,2800,1464
2007/03/26,2800,1450
2007/03/27,2771,1440
2007/03/28,2775,1465
2007/03/29,2775,1480
2007/03/30,2840,1480
2007/04/02,2820,1510
2007/04/03,2800,1560
2007/04/04,2730,1616
2007/04/05,2790,1669
2007/04/10,2740,1685
2007/04/11,2735,1670
2007/04/12,2720,1660
2007/04/13,2720,1700
2007/04/16,2742,1660
2007/04/17,2753,1700
2007/04/18,2760,1700
2007/04/19,2731,1699
2007/04/20,2750,1700
2007/04/23,2804,1710
2007/04/24,2820,1700
2007/04/25,2810,1720
2007/04/26,2820,1715
2007/04/30,3050,1715
2007/05/02,2950,1748
2007/05/03,2876,1745
2007/05/04,2900,1743
2007/05/07,2846,1740
2007/05/08,2830,1700
2007/05/09,2840,1700
2007/05/10,2900,1695
2007/05/11,2860,1700
2007/05/14,2831,1744
2007/05/15,2815,1725
2007/05/16,2816,1725
2007/05/17,2775,1702
2007/05/18,2860,1705
2007/05/21,2895,1710
2007/05/22,2875,1715
2007/05/23,2901,1730
2007/05/24,2940,1740
2007/05/25,2865,1729
2007/05/28,2910,1715
2007/05/29,2880,1730
2007/05/30,2925,1750
2007/05/31,2990,1800
2007/06/01,3000,1788
2007/06/04,3000,1840
2007/06/05,2980,1875
2007/06/06,2962,1869
2007/06/07,2985,1830
2007/06/08,2950,1780
2007/06/11,2906,1780
2007/06/12,2900,1750
2007/06/13,2880,1713
2007/06/14,2855,1725
2007/06/15,2950,1750
2007/06/18,2900,1815
2007/06/19,2945,1830
2007/06/20,2900,1831
2007/06/21,2920,1840
2007/06/22,2900,1813
2007/06/25,2910,1800
2007/06/26,2880,1780
2007/06/27,2870,1766
2007/06/28,2870,1790
2007/06/29,2851,1820
2007/07/02,2870,1835
2007/07/03,2870,1815
2007/07/04,2825,1875
2007/07/05,2775,1825
2007/07/06,2825,1850
2007/07/09,2826,1850
2007/07/10,2845,1875
2007/07/11,2810,1900
2007/07/12,2810,1890
2007/07/13,2840,1900
2007/07/16,2840,1925
2007/07/17,2839,1925
2007/07/18,2820,1925
2007/07/19,2830,1924
2007/07/20,2830,2000
2007/07/23,2810,2050
2007/07/24,2800,2050
2007/07/25,2750,2045
2007/07/26,2750,2020
2007/07/27,2775,2010
2007/07/30,2775,1970
2007/07/31,2785,1969
2007/08/01,2700,1900
2007/08/02,2730,1945
2007/08/03,2690,1927
2007/08/06,2600,1890
2007/08/07,2600,1885
2007/08/08,2635,1895
2007/08/10,2610,1850
2007/08/13,2608,1821
2007/08/14,2640,1803
2007/08/15,2660,1805
2007/08/16,2550,1801
2007/08/17,2575,1790
2007/08/20,2600,1790
2007/08/21,2501,1780
2007/08/22,2500,1825
2007/08/23,2530,1860
2007/08/24,2595,1880
2007/08/27,2560,1875
2007/08/28,2575,1849
2007/08/29,2570,1810
2007/08/30,2600,1820
2007/08/31,2650,1835
2007/09/03,2625,1860
2007/09/04,2600,1940
2007/09/05,2640,1960
2007/09/06,2675,1976
2007/09/07,2620,2020
2007/09/10,2650,2000
2007/09/11,2650,2040
2007/09/12,2615,2050
2007/09/13,2600,2044
2007/09/14,2613,2000
2007/09/17,2615,1980
2007/09/18,2600,1970
2007/09/19,2600,2000
2007/09/20,2620,2000
2007/09/21,2535,2000
2007/09/25,2580,1950
2007/09/26,2539,1979
2007/09/27,2550,1990
2007/09/28,2615,1990
2007/10/01,2600,2010
2007/10/02,2605,2009
2007/10/03,2644,2119
2007/10/04,2600,2120
2007/10/05,2600,2163
2007/10/08,2600,2178
2007/10/09,2600,2159
2007/10/10,2600,2150
2007/10/11,2585,2130
2007/10/12,2575,2130
2007/10/15,2540,2129
2007/10/16,2540,2090
2007/10/17,2535,2115
2007/10/18,2536,2090
2007/10/19,2520,2056
2007/10/22,2500,2052
2007/10/23,2490,2074
2007/10/24,2425,2099
2007/10/25,2490,2120
2007/10/26,2470,2140
2007/10/29,2525,2180
2007/10/30,2540,2180
2007/10/31,2500,2150
2007/11/01,2510,2130
2007/11/02,2510,2100
2007/11/05,2500,2100
2007/11/06,2500,2099
2007/11/07,2525,2080
2007/11/08,2561,2079
2007/11/09,2635,2100
2007/11/12,2598,2080
2007/11/13,2635,2090
2007/11/14,2805,2130
2007/11/15,2770,2125
2007/11/16,2765,2098
2007/11/19,2750,2050
2007/11/20,2732,2070
2007/11/21,2750,2040
2007/11/22,2749,2040
2007/11/23,2720,2030
2007/11/26,2730,2034
2007/11/27,2748,2040
2007/11/28,2750,2030
2007/11/29,2750,2045
2007/11/30,2750,2030
2007/12/03,2750,2070
2007/12/04,2800,2085
2007/12/05,2790,2084
2007/12/06,2775,2050
2007/12/07,2755,2045
2007/12/10,2750,2010
2007/12/11,2790,2020
2007/12/12,2790,2010
2007/12/13,2735,2000
2007/12/14,2600,1985
2007/12/18,2660,1951
2007/12/19,2700,1910
2007/12/20,2660,1945
2007/12/21,2650,1933
2007/12/24,2640,1945
2007/12/27,2640,1975
2007/12/28,2630,1999
2007/12/31,2650,1999
2008/01/02,2605,2000
2008/01/03,2600,1980
2008/01/04,2610,2000
2008/01/07,2599,1990
2008/01/08,2600,1970
2008/01/09,2544,1939
2008/01/10,2524,1898
2008/01/11,2475,1855
2008/01/14,2399,1876
2008/01/15,2356,1805
2008/01/16,2225,1721
2008/01/17,2250,1701
2008/01/18,2224,1820
2008/01/21,2060,1694
2008/01/22,2030,1620
2008/01/23,2070,1589
2008/01/24,2100,1600
2008/01/25,2100,1596
2008/01/28,2050,1584
2008/01/29,2060,1591
2008/01/30,2020,1620
2008/01/31,1933,1595
2008/02/01,1915,1580
2008/02/04,1950,1590
2008/02/05,1920,1555
2008/02/06,1950,1515
2008/02/07,1950,1510
2008/02/08,1950,1510
2008/02/11,1974,1500
2008/02/12,2000,1490
2008/02/13,2020,1500
2008/02/14,2070,1599
2008/02/15,2100,1600
2008/02/18,2100,1590
2008/02/19,2064,1579
2008/02/20,2023,1555
2008/02/21,1955,1555
2008/02/22,1955,1550
2008/02/25,2000,1539
2008/02/26,2075,1565
2008/02/27,2100,1610
2008/02/28,2100,1600
2008/02/29,2085,1585
2008/03/03,2085,1600
2008/03/04,2020,1590
2008/03/05,2040,1590
2008/03/06,2020,1547
2008/03/07,2058,1480
2008/03/10,1999,1485
2008/03/11,1951,1430
2008/03/12,1930,1514
2008/03/13,1975,1501
2008/03/14,2010,1495
2008/03/17,1980,1484
2008/03/18,1969,1493
2008/03/19,1929,1505
2008/03/20,1895,1450
2008/03/25,1890,1470
2008/03/26,1801,1450
2008/03/27,1780,1448
2008/03/28,1780,1450
2008/03/31,1760,1500
2008/04/01,1790,1500
2008/04/02,1773,1500
2008/04/03,1790,1501
2008/04/04,1799,1490
2008/04/07,1790,1500
2008/04/08,1780,1472
2008/04/09,1900,1475
2008/04/10,1850,1458
2008/04/11,1838,1415
2008/04/14,1849,1390
2008/04/15,1858,1390
2008/04/16,1879,1380
2008/04/17,1885,1360
2008/04/18,1889,1400
2008/04/21,1990,1385
2008/04/22,1950,1366
2008/04/23,1968,1385
2008/04/24,1960,1375
2008/04/25,1955,1370
2008/04/29,1950,1393
2008/04/30,1950,1395
2008/05/05,1959,1365
2008/05/06,1980,1390
2008/05/07,1995,1360
2008/05/08,2000,1336
2008/05/09,2052,1325
2008/05/12,1950,1310
2008/05/13,1966,1290
2008/05/14,1975,1245
2008/05/15,1975,1260
2008/05/16,1985,1250
2008/05/19,2001,1250
2008/05/20,2005,1260
2008/05/21,2020,1260
2008/05/22,2030,1275
2008/05/23,2030,1275
2008/05/26,2032,1300
2008/05/27,2075,1340
2008/05/28,2040,1307
2008/05/29,2000,1283
2008/05/30,2020,1260
2008/06/02,1990,1225
2008/06/03,2000,1185
2008/06/04,2000,1200
2008/06/05,1995,1200
2008/06/06,2000,1165
2008/06/09,1950,1125
2008/06/10,1921,1109
2008/06/11,1900,1155
2008/06/12,1928,1225
2008/06/13,1975,1259
2008/06/17,1950,1250
2008/06/18,1949,1200
2008/06/19,1900,1201
2008/06/20,1949,1204
2008/06/23,1940,1136
2008/06/24,1850,1100
2008/06/25,1870,1090
2008/06/26,1865,1090
2008/06/27,1820,1085
2008/06/30,1782,1120
2008/07/01,1780,1095
2008/07/02,1779,1100
2008/07/03,1698,1060
2008/07/04,1710,1055
2008/07/07,1720,1045
2008/07/08,1760,1010
2008/07/09,1795,970
2008/07/10,1785,980
2008/07/11,1755,950
2008/07/14,1749,950
2008/07/15,1850,916
2008/07/16,1911,940
2008/07/17,2040,1000
2008/07/18,2050,1049
2008/07/21,2030,1030
2008/07/22,2030,1000
2008/07/23,2000,1035
2008/07/24,2000,1035
2008/07/25,2016,1030
2008/07/28,2010,1020
2008/07/29,2019,1051
2008/07/30,2050,1060
2008/07/31,2070,1070
2008/08/01,2069,1080
2008/08/04,1822,1064
2008/08/05,1825,1036
2008/08/06,1824,1050
2008/08/07,1810,1074
2008/08/08,1790,1079
2008/08/11,1790,1135
2008/08/12,1790,1127
2008/08/13,1799,1150
2008/08/14,1760,1200
2008/08/15,1800,1200
2008/08/18,1839,1199
2008/08/19,1820,1159
2008/08/20,1820,1130
2008/08/21,1820,1130
2008/08/22,1820,1151
2008/08/25,1860,1190
2008/08/26,1830,1180
2008/08/27,1840,1200
2008/08/28,1845,1263
2008/08/29,1838,1264
2008/09/01,1820,1265
2008/09/02,1820,1286
2008/09/03,1790,1290
2008/09/04,1766,1311
2008/09/05,1735,1250
2008/09/08,1742,1235
2008/09/09,1780,1251
2008/09/10,1751,1251
2008/09/11,1760,1230
2008/09/12,1755,1255
2008/09/15,1756,1230
2008/09/16,1755,1220
2008/09/17,1711,1180
2008/09/18,1700,1082
2008/09/19,1680,1152
2008/09/22,1701,1125
2008/09/23,1710,1100
2008/09/25,1690,1100
2008/09/26,1700,1100
2008/09/29,1675,1015
2008/09/30,1580,970
2008/10/01,1600,950
2008/10/02,1592,950
2008/10/03,1570,930
2008/10/06,1400,805
2008/10/07,1469,795
2008/10/08,1401,765
2008/10/09,1350,800
2008/10/10,1320,770
2008/10/13,1425,815
2008/10/14,1461,880
2008/10/15,1450,850
2008/10/16,1350,761
2008/10/17,1300,800
2008/10/20,1300,795
2008/10/21,1325,811
2008/10/22,1330,811
2008/10/23,1320,830
2008/10/24,1270,790
2008/10/27,1250,765
2008/10/28,1285,780
2008/10/29,1320,820
2008/10/30,1326,845
2008/10/31,1300,820
2008/11/03,1305,800
2008/11/04,1370,830
2008/11/05,1361,810
2008/11/06,1350,813
2008/11/07,1350,805
2008/11/10,1360,810
2008/11/11,1349,830
2008/11/12,1365,850
2008/11/13,1300,829
2008/11/14,1300,830
2008/11/17,1300,795
2008/11/18,1300,800
2008/11/19,1300,760
2008/11/20,1280,760
2008/11/21,1280,800
2008/11/24,1300,805
2008/11/25,1350,825
2008/11/26,1350,815
2008/11/27,1314,803
2008/11/28,1330,831
2008/12/01,1311,830
2008/12/02,1310,800
2008/12/03,1310,800
2008/12/04,1337,803
2008/12/05,1320,825
2008/12/08,1330,825
2008/12/09,1450,834
2008/12/10,1429,840
2008/12/11,1433,839
2008/12/12,1390,855
2008/12/15,1400,860
2008/12/17,1395,830
2008/12/18,1400,861
2008/12/19,1300,850
2008/12/22,1300,1040
2008/12/23,1302,900
2008/12/24,1302,900
2008/12/29,1500,880
2008/12/30,1350,830
2008/12/31,1350,830
2009/01/02,1310,830
2009/01/05,1400,860
2009/01/06,1405,860
2009/01/07,1400,849
2009/01/08,1400,805
2009/01/09,1430,750
2009/01/12,1430,750
2009/01/13,1435,750
2009/01/14,1450,820
2009/01/15,1450,790
2009/01/16,1436,770
2009/01/19,1420,785
2009/01/20,1420,765
2009/01/21,1420,785
2009/01/22,1420,785
2009/01/23,1415,740
2009/01/26,1400,723
2009/01/27,1415,750
2009/01/28,1438,735
2009/01/29,1435,727
2009/01/30,1440,721
2009/02/02,1475,715
2009/02/03,1500,715
2009/02/04,1485,715
2009/02/05,1485,710
2009/02/06,1500,680
2009/02/09,1475,680
2009/02/10,1475,690
2009/02/11,1475,665
2009/02/12,1475,625
2009/02/13,1475,600
2009/02/16,1475,540
2009/02/17,1475,510
2009/02/18,1450,525
2009/02/19,1425,520
2009/02/20,1430,500
2009/02/23,1435,490
2009/02/24,1435,480
2009/02/25,1440,481
2009/02/26,1452,486
2009/02/27,1456,476
2009/03/02,1440,465
2009/03/03,1425,465
2009/03/04,1400,480
2009/03/05,1410,490
2009/03/06,1420,491
2009/03/09,1302,510
2009/03/10,1392,510
2009/03/11,1392,535
2009/03/12,1393,510
2009/03/13,1410,520
2009/03/16,1430,520
2009/03/17,1440,520
2009/03/18,1440,520
2009/03/19,1400,520
2009/03/20,1440,550
2009/03/23,1440,566
2009/03/24,1440,565
2009/03/25,1400,570
2009/03/26,1400,575
2009/03/27,1450,570
2009/03/30,1400,575
2009/03/31,1400,576
2009/04/01,1440,570
2009/04/02,1500,590
2009/04/03,1485,600
2009/04/06,1540,575
2009/04/07,1525,590
2009/04/08,1525,580
2009/04/09,1551,570
2009/04/14,1580,560
2009/04/15,1580,560
2009/04/16,1536,560
2009/04/17,1550,551
2009/04/20,1552,550
2009/04/21,1560,551
2009/04/23,1579,555
2009/04/24,1575,553
2009/04/28,1550,570
2009/04/29,1585,590
2009/04/30,1585,650
2009/05/04,1600,637
2009/05/05,1585,637
2009/05/06,1592,637
2009/05/07,1645,660
2009/05/08,1680,665
2009/05/11,1650,675
2009/05/12,1625,690
2009/05/13,1590,700
2009/05/14,1535,720
2009/05/15,1512,750
2009/05/18,1590,760
2009/05/19,1600,745
2009/05/20,1580,745
2009/05/21,1580,710
2009/05/22,1580,650
2009/05/25,1590,669
2009/05/26,1580,695
2009/05/27,1585,720
2009/05/28,1595,669
2009/05/29,1565,675
2009/06/01,1600,680
2009/06/02,1625,655
2009/06/03,1675,700
2009/06/04,1650,635
2009/06/05,1670,641
2009/06/08,1670,715
2009/06/09,1680,740
2009/06/10,1750,729
2009/06/11,1800,650
2009/06/12,1753,652
2009/06/15,1730,670
2009/06/17,1770,656
2009/06/18,1640,660
2009/06/19,1640,698
2009/06/22,1675,679
2009/06/23,1700,615
2009/06/24,1700,615
2009/06/25,1690,636
2009/06/26,1700,651
2009/06/29,1700,701
2009/06/30,1690,701
2009/07/01,1700,695
2009/07/02,1700,695
2009/07/03,1700,680
2009/07/06,1700,680
2009/07/07,1710,685
2009/07/08,1710,685
2009/07/09,1750,700
2009/07/10,1740,700
2009/07/13,1720,710
2009/07/14,1749,720
2009/07/15,1770,700
2009/07/16,1755,715
2009/07/17,1740,721
2009/07/20,1770,750
2009/07/21,1770,750
2009/07/22,1790,775
2009/07/23,1830,775
2009/07/24,1850,800
2009/07/27,1850,850
2009/07/28,1898,900
2009/07/29,1801,900
2009/07/30,1850,920
2009/07/31,1875,883
2009/08/03,1949,883
2009/08/04,1905,880
2009/08/05,1945,875
2009/08/06,1950,890
2009/08/07,1940,900
2009/08/11,1900,890
2009/08/12,1975,890
2009/08/13,2080,885
2009/08/14,2100,895
2009/08/17,1950,895
2009/08/18,2000,900
2009/08/19,2001,885
2009/08/20,2050,889
2009/08/21,2100,890
2009/08/24,2090,870
2009/08/25,2075,880
2009/08/26,2100,895
2009/08/27,2050,900
2009/08/28,2075,916
2009/08/31,2075,950
2009/09/01,2080,950
2009/09/02,2070,950
2009/09/03,2250,970
2009/09/04,2200,998
2009/09/07,2226,980
2009/09/08,2230,960
2009/09/09,2224,955
2009/09/10,2230,949
2009/09/11,2240,940
2009/09/14,2250,960
2009/09/15,2201,950
2009/09/16,2200,949
2009/09/17,2300,945
2009/09/18,2300,945
2009/09/21,2240,940
2009/09/22,2240,910
2009/09/23,2220,916
2009/09/25,2210,916
2009/09/28,2220,940
2009/09/29,2311,925
2009/09/30,2340,930
2009/10/01,2339,935
2009/10/02,2338,900
2009/10/05,2338,900
2009/10/06,2337,900
2009/10/07,2275,910
2009/10/08,2340,922
2009/10/09,2300,920
2009/10/12,2259,920
2009/10/13,2160,915
2009/10/14,2130,900
2009/10/15,2135,900
2009/10/16,2105,900
2009/10/19,2170,885
2009/10/20,2170,870
2009/10/21,2170,882
2009/10/22,2145,920
2009/10/23,2150,925
2009/10/26,2120,930
2009/10/27,2100,930
2009/10/28,2112,928
2009/10/29,2200,928
2009/10/30,2200,930
2009/11/02,2154,930
2009/11/03,2180,930
2009/11/04,2249,930
2009/11/05,2300,930
2009/11/06,2300,930
2009/11/09,2300,950
2009/11/10,2365,930
2009/11/11,2445,950
2009/11/12,2430,950
2009/11/13,2390,955
2009/11/16,2400,955
2009/11/17,2444,950
2009/11/18,2449,950
2009/11/19,2450,950
2009/11/20,2500,950
2009/11/23,2502,950
2009/11/24,2584,958
2009/11/25,2680,950
2009/11/26,2600,960
2009/11/27,2450,954
2009/11/30,2484,955
2009/12/01,2420,960
2009/12/02,2431,975
2009/12/03,2415,975
2009/12/04,2355,995
2009/12/07,2300,1002
2009/12/08,2354,992
2009/12/09,2260,1010
2009/12/10,2275,1018
2009/12/11,2300,1060
2009/12/14,2350,1050
2009/12/15,2300,1049
2009/12/17,2300,1070
2009/12/18,2210,1080
2009/12/21,2200,1080
2009/12/22,2190,1095
2009/12/23,2191,1120
2009/12/24,2200,1120
2009/12/28,2198,1110
2009/12/29,2200,1110
2009/12/30,2198,1110
2009/12/31,2200,1110
2010/01/04,2185,1055
2010/01/05,2200,1055
2010/01/06,2195,1070
2010/01/07,2180,1090
2010/01/08,2200,1080
2010/01/11,2280,1080
2010/01/12,2250,1080
2010/01/13,2201,1080
2010/01/14,2230,1000
2010/01/15,2240,1080
2010/01/18,2280,1100
2010/01/19,2275,1100
2010/01/20,2265,1100
2010/01/21,2240,1100
2010/01/22,2250,1080
2010/01/25,2255,1085
2010/01/26,2230,1085
2010/01/27,2230,1085
2010/01/28,2250,1050
2010/01/29,2240,1050
2010/02/01,2230,1050
2010/02/02,2235,1060
2010/02/03,2280,1055
2010/02/04,2227,1050
2010/02/05,2210,1030
2010/02/08,2160,1025
2010/02/09,2200,1030
2010/02/10,2230,1030
2010/02/11,2240,1029
2010/02/12,2239,1020
2010/02/15,2235,1020
2010/02/16,2250,1020
2010/02/17,2250,1020
2010/02/18,2250,1020
2010/02/19,2280,1020
2010/02/22,2280,1010
2010/02/23,2230,1020
2010/02/24,2290,1015
2010/02/25,2256,1050
2010/02/26,2205,1080
2010/03/01,2250,1130
2010/03/02,2315,1115
2010/03/03,2355,1139
2010/03/04,2335,1135
2010/03/05,2370,1135
2010/03/08,2430,1126
2010/03/09,2475,1120
2010/03/10,2470,1120
2010/03/11,2460,1120
2010/03/12,2520,1131
2010/03/15,2530,1135
2010/03/16,2575,1135
2010/03/17,2600,1100
2010/03/18,2595,1094
2010/03/19,2580,1079
2010/03/23,2590,1080
2010/03/24,2550,1080
2010/03/25,2575,1090
2010/03/26,2550,1100
2010/03/29,2510,1100
2010/03/30,2520,1200
2010/03/31,2580,1190
2010/04/01,2719,1161
2010/04/06,2760,1180
2010/04/07,2800,1181
2010/04/08,2800,1280
2010/04/09,2780,1299
2010/04/12,2780,1290
2010/04/13,2781,1290
2010/04/14,2800,1270
2010/04/15,2825,1295
2010/04/16,2800,1295
2010/04/19,2780,1290
2010/04/20,2780,1250
2010/04/21,2785,1250
2010/04/22,2800,1260
2010/04/23,2785,1250
2010/04/26,2800,1259
2010/04/28,2780,1250
2010/04/29,2800,1260
2010/04/30,2820,1285
2010/05/03,2800,1284
2010/05/04,2790,1280
2010/05/05,2725,1250
2010/05/06,2780,1240
2010/05/07,2665,1200
2010/05/10,2700,1211
2010/05/11,2610,1250
2010/05/12,2670,1280
2010/05/13,2680,1250
2010/05/14,2700,1220
2010/05/17,2685,1210
2010/05/18,2690,1205
2010/05/19,2640,1259
2010/05/20,2625,1250
2010/05/21,2625,1195
2010/05/24,2630,1180
2010/05/25,2550,1171
2010/05/26,2585,1199
2010/05/27,2510,1180
2010/05/28,2550,1180
2010/05/31,2600,1190
2010/06/01,2550,1200
2010/06/02,2550,1180
2010/06/03,2550,1190
2010/06/04,2510,1180
2010/06/07,2491,1150
2010/06/08,2431,1187
2010/06/09,2385,1190
2010/06/10,2450,1180
2010/06/11,2450,1180
2010/06/14,2450,1181
2010/06/15,2450,1180
2010/06/17,2475,1145
2010/06/18,2490,1115
2010/06/21,2649,1140
2010/06/22,2790,1120
2010/06/23,2701,1115
2010/06/24,2760,1105
2010/06/25,2800,1080
2010/06/28,2765,1085
2010/06/29,2715,1050
2010/06/30,2710,1065
2010/07/01,2749,1075
2010/07/02,2725,1075
2010/07/05,2775,1075
2010/07/06,2775,1050
2010/07/07,2775,1050
2010/07/08,2775,1075
2010/07/09,2820,1045
2010/07/12,2810,1060
2010/07/13,2800,1060
2010/07/14,2800,1125
2010/07/15,2800,1125
2010/07/16,2800,1198
2010/07/19,2800,1115
2010/07/20,2846,1133
2010/07/21,2850,1148
2010/07/22,2850,1140
2010/07/23,2953,1140
2010/07/26,3050,1140
2010/07/27,3060,1130
2010/07/28,3045,1100
2010/07/29,3045,1120
2010/07/30,3000,1120
2010/08/02,3020,1175
2010/08/03,3000,1160
2010/08/04,3000,1150
2010/08/05,2990,1150
2010/08/06,3000,1150
2010/08/10,2966,1150
2010/08/11,2990,1150
2010/08/12,2990,1125
2010/08/13,2901,1110
2010/08/16,2950,1105
2010/08/17,2925,1115
2010/08/18,2945,1060
2010/08/19,3010,1060
2010/08/20,2999,1055
2010/08/23,3060,1060
2010/08/24,3000,1060
2010/08/25,2980,1060
2010/08/26,3020,1061
2010/08/27,3050,1100
2010/08/30,3050,1100
2010/08/31,3045,1100
2010/09/01,3075,1100
2010/09/02,3096,1100
2010/09/03,3300,1100
2010/09/06,3297,1100
2010/09/07,3110,1100
2010/09/08,3296,1075
2010/09/09,3315,1075
2010/09/10,3200,1070
2010/09/13,3305,1110
2010/09/14,3305,1119
2010/09/15,3270,1130
2010/09/16,3270,1130
2010/09/17,3271,1061
2010/09/20,3366,1120
2010/09/21,3400,1130
2010/09/22,3400,1140
2010/09/23,3404,1148
2010/09/27,3450,1190
2010/09/28,3455,1185
2010/09/29,3600,1185
2010/09/30,3705,1185
2010/10/01,3750,1195
2010/10/04,3760,1195
2010/10/05,3789,1190
2010/10/06,3750,1190
2010/10/07,3710,1180
2010/10/08,3700,1200
2010/10/11,3600,1180
2010/10/12,3575,1195
2010/10/13,3670,1200
2010/10/14,3700,1195
2010/10/15,3700,1200
2010/10/18,3700,1200
2010/10/19,3675,1185
2010/10/20,3675,1195
2010/10/21,3675,1240
2010/10/22,3700,1240
2010/10/25,3685,1250
2010/10/26,3655,1255
2010/10/27,3601,1255
2010/10/28,3600,1278
2010/10/29,3575,1298
2010/11/01,3550,1300
2010/11/02,3525,1340
2010/11/03,3525,1359
2010/11/04,3500,1319
2010/11/05,3476,1289
2010/11/08,3440,1305
2010/11/09,3551,1300
2010/11/10,3511,1300
2010/11/11,3520,1271
2010/11/12,3511,1250
2010/11/15,3500,1249
2010/11/16,3500,1270
2010/11/17,3500,1225
2010/11/18,3550,1225
2010/11/19,3575,1235
2010/11/22,3587,1225
2010/11/23,3560,1200
2010/11/24,3600,1195
2010/11/25,3650,1175
2010/11/26,3600,1170
2010/11/29,3600,1165
2010/11/30,3600,1125
2010/12/01,3570,1165
2010/12/02,3550,1165
2010/12/03,3550,1158
2010/12/06,3510,1160
2010/12/07,3500,1164
2010/12/08,3485,1170
2010/12/09,3500,1175
2010/12/10,3650,1200
2010/12/13,3650,1175
2010/12/14,3625,1175
2010/12/15,3598,1150
2010/12/17,3729,1150
2010/12/20,3865,1200
2010/12/21,3890,1190
2010/12/22,3900,1190
2010/12/23,3990,1190
2010/12/24,3961,1190
2010/12/28,4000,1155
2010/12/29,4087,1185
2010/12/30,3945,1185
2010/12/31,3940,1155
2011/01/03,3940,1155
2011/01/04,3965,1185
2011/01/05,3900,1185
2011/01/06,3900,1200
2011/01/07,3870,1180
2011/01/10,3854,1155
2011/01/11,3840,1180
2011/01/12,3785,1200
2011/01/13,3775,1180
2011/01/14,3800,1180
2011/01/17,3801,1160
2011/01/18,3850,1150
2011/01/19,3851,1135
2011/01/20,3850,1135
2011/01/21,3851,1130
2011/01/24,3811,1120
2011/01/25,3840,1105
2011/01/26,3850,1120
2011/01/27,3880,1100
2011/01/28,3850,1120
2011/01/31,3820,1110
2011/02/01,3861,1100
2011/02/02,3900,1100
2011/02/03,3906,1090
2011/02/04,3955,1100
2011/02/07,4100,1100
2011/02/08,4120,1072
2011/02/09,4110,1070
2011/02/10,4110,1080
2011/02/11,4020,1080
2011/02/14,4120,1100
2011/02/15,4100,1070
2011/02/16,4170,1080
2011/02/17,4160,1100
2011/02/18,4160,1080
2011/02/21,4300,1100
2011/02/22,4280,1076
2011/02/23,4270,1080
2011/02/24,4210,1086
2011/02/25,4264,1086
2011/02/28,4320,1085
2011/03/01,4374,1080
2011/03/02,4300,1060
2011/03/03,4235,1050
2011/03/04,4230,1050
2011/03/07,4230,1050
2011/03/08,4181,1030
2011/03/09,4112,1030
2011/03/10,4075,1051
2011/03/11,4071,1070
2011/03/14,4000,1090
2011/03/15,3866,1090
2011/03/16,3866,1090
2011/03/17,3850,1075
2011/03/18,3898,1075
2011/03/22,3860,1051
2011/03/23,3880,1085
2011/03/24,3880,1100
2011/03/25,3860,1100
2011/03/28,3860,1100
2011/03/29,3903,1100
2011/03/30,3912,1079
2011/03/31,3890,1080
2011/04/01,3879,1080
2011/04/04,3950,1090
2011/04/05,4200,1100
2011/04/06,4160,1112
2011/04/07,4125,1110
2011/04/08,4200,1120
2011/04/11,4200,1120
2011/04/12,4200,1101
2011/04/13,4210,1100
2011/04/14,4220,1100
2011/04/15,4230,1100
2011/04/18,4275,1099
2011/04/19,4349,1099
2011/04/20,4256,1094
2011/04/21,4255,1150
2011/04/26,4287,1120
2011/04/28,4300,1120
2011/04/29,4364,1120
2011/05/03,4402,1120
2011/05/04,4400,1100
2011/05/05,4300,1100
2011/05/06,4500,1100
2011/05/09,4360,1150
2011/05/10,4440,1100
2011/05/11,4400,1105
2011/05/12,4350,1100
2011/05/13,4420,1130
2011/05/16,4400,1130
2011/05/17,4500,1130
2011/05/19,4653,1124
2011/05/20,4650,1130
2011/05/23,4580,1120
2011/05/24,4600,1116
2011/05/25,4700,1115
2011/05/26,4770,1117
2011/05/27,4779,1130
2011/05/30,4890,1135
2011/05/31,4955,1125
2011/06/01,4995,1125
2011/06/02,4950,1125
2011/06/03,4925,1120
2011/06/06,4909,1120
2011/06/07,4900,1130
2011/06/08,4900,1140
2011/06/09,4950,1130
2011/06/10,4950,1150
2011/06/13,4890,1148
2011/06/14,4792,1150
2011/06/15,4755,1155
2011/06/17,4680,1155
2011/06/20,4743,1150
2011/06/21,4725,1150
2011/06/22,4761,1140
2011/06/23,4800,1125
2011/06/24,4820,1120
2011/06/27,4811,1120
2011/06/28,4780,1120
2011/06/29,4800,1126
2011/06/30,4795,1150
2011/07/01,4750,1130
2011/07/04,4805,1125
2011/07/05,4850,1126
2011/07/06,4985,1125
2011/07/07,5150,1135
2011/07/08,5074,1130
2011/07/11,5100,1140
2011/07/12,5025,1139
2011/07/13,5070,1150
2011/07/14,5080,1150
2011/07/15,5043,1150
2011/07/18,4988,1130
2011/07/19,4888,1126
2011/07/20,4863,1130
2011/07/21,4879,1130
2011/07/22,4885,1125
2011/07/25,4800,1123
2011/07/26,4800,1120
2011/07/27,4775,1120
2011/07/28,4690,1120
2011/07/29,4650,1120
2011/08/01,4800,1115
2011/08/02,4780,1115
2011/08/03,4650,1115
2011/08/04,4620,1103
2011/08/05,4395,1075
2011/08/08,4327,1085
2011/08/10,4399,1075
2011/08/11,4507,1045
2011/08/12,4513,1028
2011/08/15,4591,1030
2011/08/16,4671,1030
2011/08/17,4690,1030
2011/08/18,4669,1000
2011/08/19,4680,1000
2011/08/22,4699,1000
2011/08/23,4696,1000
2011/08/24,4676,1000
2011/08/25,4300,995
2011/08/26,4499,995
2011/08/29,4599,995
2011/08/30,4605,1000
2011/08/31,4560,1000
2011/09/01,4498,995
2011/09/02,4510,1000
2011/09/05,4500,995
2011/09/06,4500,995
2011/09/07,4500,995
2011/09/08,4500,1015
2011/09/09,4530,1050
2011/09/12,4498,1030
2011/09/13,4480,1030
2011/09/14,4488,1030
2011/09/15,4680,1016
2011/09/16,4650,1030
2011/09/19,4600,1030
2011/09/20,4630,1010
2011/09/21,4660,1032
2011/09/22,4593,998
2011/09/23,4540,980
2011/09/26,4510,980
2011/09/27,4510,1000
2011/09/28,4600,1000
2011/09/29,4600,1000
2011/09/30,4650,1000
2011/10/03,4650,1000
2011/10/04,4609,1000
2011/10/05,4600,1000
2011/10/06,4620,1000
2011/10/07,4666,1010
2011/10/10,4660,1000
2011/10/11,4700,1010
2011/10/12,4720,1010
2011/10/13,4700,1030
2011/10/14,4744,1020
2011/10/17,4800,1025
2011/10/18,4810,1025
2011/10/19,4800,1025
2011/10/20,4799,1020
2011/10/21,4761,1020
2011/10/24,4750,1039
2011/10/25,4750,1030
2011/10/26,4780,1040
2011/10/27,4810,1051
2011/10/28,4950,1050
2011/10/31,4955,1071
2011/11/01,4800,1080
2011/11/02,4831,1100
2011/11/03,4790,1085
2011/11/04,4790,1070
2011/11/07,4710,1099
2011/11/08,4763,1050
2011/11/09,4785,1098
2011/11/10,4850,1050
2011/11/11,4861,1095
2011/11/14,4876,1095
2011/11/15,4850,1030
2011/11/16,4875,1020
2011/11/17,4891,1000
2011/11/18,4803,1000
2011/11/21,4800,1000
2011/11/22,4800,1001
2011/11/23,4800,1001
2011/12/02,4800,1001
2011/12/05,4800,1001
2011/12/06,4800,1001
2011/12/07,4800,1001
2011/12/08,4800,1001
2011/12/09,4800,1001
2011/12/12,4800,1001
2011/12/13,4700,1030
2011/12/14,4635,990
2011/12/15,4670,990
2011/12/19,4650,982
2011/12/20,4652,982
2011/12/21,4665,975
2011/12/22,4617,975
2011/12/23,4621,975
2011/12/28,4631,975
2011/12/29,4631,975
2011/12/30,4700,975
2012/01/03,4706,975
2012/01/04,4711,985
2012/01/05,4711,990
2012/01/06,4730,1005
2012/01/09,4780,1002
2012/01/10,4751,1002
2012/01/11,4700,1020
2012/01/12,4750,1005
2012/01/13,4725,1000
2012/01/16,4740,1010
2012/01/17,4774,1000
2012/01/18,4700,1001
2012/01/19,4700,1002
2012/01/20,4650,1002
2012/01/23,4650,1000
2012/01/24,4634,995
2012/01/25,4638,995
2012/01/26,4700,1004
2012/01/27,4700,1004
2012/01/30,4700,975
2012/01/31,4700,1000
2012/02/01,4702,975
2012/02/02,4870,999
2012/02/03,4805,980
2012/02/06,4930,990
2012/02/07,4889,990
2012/02/08,4820,1005
2012/02/09,4924,1005
2012/02/10,4880,1050
2012/02/13,4820,1000
2012/02/14,4820,1001
2012/02/15,4835,1000
2012/02/16,4820,1001
2012/02/17,4850,1000
2012/02/20,4829,1000
2012/02/21,4740,1020
2012/02/22,4700,1002
2012/02/23,4697,1010
2012/02/24,4651,1010
2012/02/27,4700,1010
2012/02/28,4715,1001
2012/02/29,4700,1010
2012/03/01,4681,1014
2012/03/02,4738,1016
2012/03/05,4722,1025
2012/03/06,4640,1080
2012/03/07,4683,1060
2012/03/08,4683,1060
2012/03/09,4748,1060
2012/03/12,4760,1065
2012/03/13,4835,1065
2012/03/14,4870,1100
2012/03/15,4899,1099
2012/03/16,4840,1070
2012/03/19,4835,1080
2012/03/20,4895,1102
2012/03/22,4810,1100
2012/03/23,4750,1100
2012/03/26,4751,1070
2012/03/27,4805,1125
2012/03/28,4847,1125
2012/03/29,4800,1115
2012/03/30,4850,1100
2012/04/02,4874,1115
2012/04/03,4976,1115
2012/04/04,5100,1085
2012/04/05,5097,1115
2012/04/10,5088,1115
2012/04/11,5150,1115
2012/04/12,5192,1125
2012/04/13,5302,1117
2012/04/16,5203,1120
2012/04/17,5340,1101
2012/04/18,5477,1101
2012/04/19,5600,1080
2012/04/20,5675,1115
2012/04/23,5720,1076
2012/04/24,5850,1086
2012/04/25,5813,1090
2012/04/26,5776,1110
2012/04/30,5910,1110
2012/05/02,5900,1115
2012/05/03,5838,1125
2012/05/04,5800,1145
2012/05/07,5949,1100
2012/05/08,5940,1100
2012/05/09,5850,1103
2012/05/10,5849,1105
2012/05/11,5830,1117
2012/05/14,5790,1104
2012/05/15,5776,1137
2012/05/16,5750,1140
2012/05/17,5750,1169
2012/05/18,5738,1165
2012/05/21,5611,1180
2012/05/22,5656,1199
2012/05/23,5650,1199
2012/05/24,5650,1185
2012/05/25,5700,1185
2012/05/28,5725,1185
2012/05/29,5675,1175
2012/05/30,5750,1165
2012/05/31,5756,1160
2012/06/01,5849,1140
2012/06/04,5850,1140
2012/06/05,6050,1135
2012/06/06,6051,1101
2012/06/07,5989,1200
2012/06/08,6118,1245
2012/06/11,6199,1245
2012/06/12,6142,1219
2012/06/13,6173,1180
2012/06/14,6135,1180
2012/06/15,6076,1200
2012/06/18,6060,1205
2012/06/19,6075,1215
2012/06/20,6200,1215
2012/06/21,5949,1205
2012/06/22,5900,1230
2012/06/25,5850,1240
2012/06/26,5900,1230
2012/06/27,5900,1230
2012/06/28,5971,1220
2012/06/29,5911,1220
2012/07/02,5953,1225
2012/07/03,6150,1236
2012/07/04,6219,1250
2012/07/05,6251,1257
2012/07/06,6300,1275
2012/07/09,6300,1300
2012/07/10,6436,1339
2012/07/11,6399,1315
2012/07/12,6150,1310
2012/07/13,6120,1310
2012/07/16,6250,1290
2012/07/17,6400,1290
2012/07/18,6334,1287
2012/07/19,6425,1287
2012/07/20,6549,1300
2012/07/23,6400,1200
2012/07/24,6400,1150
2012/07/25,6500,1140
2012/07/26,6650,1134
2012/07/27,6700,1137
2012/07/30,6800,1130
2012/07/31,6800,1115
2012/08/01,6850,1110
2012/08/02,6800,1100
2012/08/03,6994,1100
2012/08/06,7015,1110
2012/08/07,6999,1120
2012/08/08,6996,1120
2012/08/10,6953,1115
2012/08/13,6825,1115
2012/08/14,6900,1115
2012/08/15,6655,1115
2012/08/16,6730,1130
2012/08/17,6689,1120
2012/08/20,6700,1130
2012/08/21,6650,1120
2012/08/22,6612,1130
2012/08/23,6685,1120
2012/08/24,6600,1120
2012/08/27,6590,1120
2012/08/28,6600,1120
2012/08/29,6600,1120
2012/08/30,6600,1120
2012/08/31,6501,1129
2012/09/03,6530,1120
2012/09/04,6625,1129
2012/09/05,6600,1129
2012/09/06,6728,1130
2012/09/07,6700,1140
2012/09/10,6650,1152
2012/09/11,6700,1155
2012/09/12,6899,1165
2012/09/13,6765,1160
2012/09/14,6800,1160
2012/09/17,6745,1160
2012/09/18,6745,1175
2012/09/19,6602,1175
2012/09/20,6701,1160
2012/09/21,6750,1160
2012/09/25,6735,1150
2012/09/26,6625,1150
2012/09/27,6651,1148
2012/09/28,6750,1120
2012/10/01,6800,1158
2012/10/02,6850,1158
2012/10/03,6820,1159
2012/10/04,6810,1149
2012/10/05,6875,1150
2012/10/08,6700,1140
2012/10/09,6600,1149
2012/10/10,6450,1115
2012/10/11,6352,1110
2012/10/12,6300,1120
2012/10/15,6385,1120
2012/10/16,6470,1120
2012/10/17,6575,1120
2012/10/18,6624,1120
2012/10/19,6511,1110
2012/10/22,6478,1110
2012/10/23,6490,1100
2012/10/24,6535,1100
2012/10/25,6520,1100
2012/10/26,6460,1100
2012/10/29,6299,1090
2012/10/30,6375,1090
2012/10/31,6320,1091
2012/11/01,6300,1080
2012/11/02,6396,1075
2012/11/05,6385,1065
2012/11/06,6438,1085
2012/11/07,6575,1080
2012/11/08,6525,1090
2012/11/09,6561,1080
2012/11/12,6562,1080
2012/11/13,6441,1050
2012/11/14,6310,1040
2012/11/15,6132,1040
2012/11/16,6242,1040
2012/11/19,6299,1030
2012/11/21,6448,991
2012/11/22,6350,990
2012/11/23,6380,990
2012/11/24,6380,990
2012/11/25,6380,990
2012/11/26,6387,1000
2012/11/27,6371,1000
2012/11/28,6349,989
2012/11/29,6360,1000
2012/11/30,6350,999
2012/12/03,6331,1010
2012/12/04,6290,1020
2012/12/05,6275,1030
2012/12/06,6200,1030
2012/12/07,6250,1040
2012/12/10,6150,1050
2012/12/11,6167,1070
2012/12/12,6141,1075
2012/12/13,6112,1100
2012/12/14,6171,1100
2012/12/18,6179,1101
2012/12/19,6180,1132
2012/12/20,6175,1125
2012/12/21,6070,1150
2012/12/24,6110,1125
2012/12/27,6115,1125
2012/12/28,6100,1130
2012/12/31,6070,1130
2013/01/02,6070,1110
2013/01/03,6060,1110
2013/01/04,6012,1070
2013/01/07,6000,1076
2013/01/08,6021,1076
2013/01/09,6100,1085
2013/01/10,6280,1120
2013/01/11,6280,1120
2013/01/14,6275,1100
2013/01/15,6216,1100
2013/01/16,6190,1076
2013/01/17,6240,1095
2013/01/18,6215,1094
2013/01/21,6220,1085
2013/01/22,6212,1085
2013/01/23,6220,1099
2013/01/24,6180,1042
2013/01/25,6119,1099
2013/01/28,6140,1087
2013/01/29,6120,1120
2013/01/30,6107,1120
2013/01/31,6090,1135
2013/02/01,6100,1140
2013/02/04,6100,1142
2013/02/05,6027,1145
2013/02/06,6016,1130
2013/02/07,6048,1128
2013/02/08,6011,1110
2013/02/11,6090,1113
2013/02/12,6238,1114
2013/02/13,6235,1119
2013/02/14,6228,1120
2013/02/15,6200,1095
2013/02/18,6175,1100
2013/02/19,6170,1125
2013/02/20,6168,1150
2013/02/21,6075,1105
2013/02/22,6054,1120
2013/02/25,6074,1140
2013/02/26,6164,1130
2013/02/27,6075,1110
2013/02/28,6126,1130
2013/03/01,6090,1130
2013/03/04,6092,1120
2013/03/05,6221,1130
2013/03/06,6250,1140
2013/03/07,6250,1120
2013/03/08,6180,1120
2013/03/11,6238,1120
2013/03/12,6220,1116
2013/03/13,6134,1116
2013/03/14,6129,1111
2013/03/15,6051,1110
2013/03/18,6028,1100
2013/03/19,6096,1145
2013/03/20,6060,1140
2013/03/22,6100,1140
2013/03/25,6210,1120
2013/03/26,6339,1115
2013/03/27,6282,1130
2013/03/28,6280,1130
2013/04/02,6350,1140
2013/04/03,6260,1135
2013/04/04,6180,1140
2013/04/05,6125,1125
2013/04/08,6200,1125
2013/04/09,6166,1130
2013/04/10,6160,1130
2013/04/11,6150,1125
2013/04/12,6190,1130
2013/04/15,6240,1120
2013/04/16,6583,1130
2013/04/17,6505,1125
2013/04/18,6610,1120
2013/04/19,6585,1130
2013/04/22,6588,1125
2013/04/23,6639,1120
2013/04/24,6690,1116
2013/04/25,6773,1116
2013/04/26,6723,1125
2013/04/29,6572,1119
2013/04/30,6600,1120
2013/05/02,6630,1125
2013/05/03,6580,1130
2013/05/06,6399,1124
2013/05/07,6400,1113
2013/05/08,6490,1120
2013/05/09,6447,1120
2013/05/10,6425,1120
2013/05/13,6600,1120
2013/05/14,6598,1098
2013/05/15,6700,1100
2013/05/16,6700,1100
2013/05/17,6720,1111
2013/05/20,6500,1139
2013/05/21,6450,1125
2013/05/22,6499,1120
2013/05/23,6400,1116
2013/05/24,6471,1105
2013/05/27,6327,1109
2013/05/28,6280,1110
2013/05/29,6301,1110
2013/05/30,6230,1110
2013/05/31,6280,1140
2013/06/03,6000,1110
2013/06/04,6200,1109
2013/06/05,6290,1107
2013/06/06,6150,1129
2013/06/07,6030,1147
2013/06/10,6055,1187
2013/06/11,6002,1215
2013/06/12,6076,1213
2013/06/13,6232,1234
2013/06/14,6500,1245
2013/06/18,6494,1285
2013/06/19,6470,1282
2013/06/20,6573,1251
2013/06/21,6825,1231
2013/06/24,6761,1230
2013/06/25,6897,1215
2013/06/26,7224,1205
2013/06/27,7100,1200
2013/06/28,6923,1175
2013/07/01,6910,1181
2013/07/02,7100,1163
2013/07/03,7100,1140
2013/07/04,7000,1159
2013/07/05,7049,1163
2013/07/08,7089,1173
2013/07/09,7036,1201
2013/07/10,6900,1205
2013/07/11,6865,1230
2013/07/12,6920,1214
2013/07/15,6942,1210
2013/07/16,6854,1205
2013/07/17,6825,1200
2013/07/18,6808,1210
2013/07/19,6601,1215
2013/07/22,6660,1130
2013/07/23,6670,1126
2013/07/24,6651,1110
2013/07/25,6673,1100
2013/07/26,6605,1119
2013/07/29,6521,1140
2013/07/30,6536,1140
2013/07/31,6390,1149
2013/08/01,6441,1150
2013/08/02,6465,1141
2013/08/05,6307,1140
2013/08/06,6452,1140
2013/08/07,6441,1139
2013/08/08,6450,1138
2013/08/12,6700,1135
2013/08/13,6698,1126
2013/08/14,6897,1115
2013/08/15,6675,1120
2013/08/16,6670,1125
2013/08/19,6716,1124
2013/08/20,6998,1125
2013/08/21,7000,1120
2013/08/22,7011,1120
2013/08/23,7100,1135
2013/08/26,7150,1140
2013/08/27,7010,1140
2013/08/28,7051,1135
2013/08/29,7100,1140
2013/08/30,6930,1154
2013/09/02,6975,1155
2013/09/03,7006,1165
2013/09/04,7117,1180
2013/09/05,7125,1185
2013/09/06,7225,1200
2013/09/09,7133,1199
2013/09/10,7100,1170
2013/09/11,7100,1180
2013/09/12,7099,1275
2013/09/13,7091,1275
2013/09/16,7144,1220
2013/09/17,7639,1220
2013/09/18,7340,1250
2013/09/19,7400,1270
2013/09/20,7442,1270
2013/09/23,7550,1269
2013/09/25,7812,1270
2013/09/26,7725,1270
2013/09/27,7715,1270
2013/09/30,8167,1280
2013/10/01,8102,1270
2013/10/02,8016,1270
2013/10/03,8045,1300
2013/10/04,8100,1300
2013/10/07,8053,1300
2013/10/08,7961,1280
2013/10/09,7900,1275
2013/10/10,7900,1280
2013/10/11,7837,1280
2013/10/14,7960,1286
2013/10/15,8000,1325
2013/10/16,8063,1360
2013/10/17,8150,1411
2013/10/18,8263,1440
2013/10/21,8250,1430
2013/10/22,8239,1420
2013/10/23,8200,1406
2013/10/24,8200,1391
2013/10/25,8296,1385
2013/10/28,8280,1387
2013/10/29,8250,1360
2013/10/30,8300,1395
2013/10/31,8250,1379
2013/11/01,8250,1370
2013/11/04,8157,1424
2013/11/05,8225,1420
2013/11/06,8166,1425
2013/11/07,8188,1430
2013/11/08,8112,1420
2013/11/11,8001,1420
2013/11/12,8000,1455
2013/11/13,8015,1480
2013/11/14,7995,1510
2013/11/15,8069,1550
2013/11/18,8000,1562
2013/11/19,7909,1557
2013/11/20,7895,1544
2013/11/21,7901,1540
2013/11/22,7916,1535
2013/11/25,7837,1535
2013/11/26,7845,1533
2013/11/27,7860,1560
2013/11/28,7750,1575
2013/11/29,7764,1570
2013/12/02,7747,1555
2013/12/03,7763,1565
2013/12/04,7702,1584
2013/12/05,7750,1630
2013/12/06,7811,1650
2013/12/09,7856,1675
2013/12/10,7954,1699
2013/12/11,7995,1691
2013/12/12,7950,1657
2013/12/13,7960,1655
2013/12/17,8100,1669
2013/12/18,8100,1656
2013/12/19,8125,1655
2013/12/20,8217,1656
2013/12/23,8403,1670
2013/12/24,8405,1655
2013/12/27,8509,1656
2013/12/30,8533,1658
2013/12/31,8570,1662
2014/01/02,8600,1667
2014/01/03,8611,1675
2014/01/06,8560,1685
2014/01/07,8276,1685
2014/01/08,8560,1685
2014/01/09,8560,1681
2014/01/10,8400,1680
2014/01/13,8449,1680
2014/01/14,8359,1680
2014/01/15,8300,1671
2014/01/16,8240,1675
2014/01/17,8215,1675
2014/01/20,8245,1665
2014/01/21,8300,1655
2014/01/22,8340,1657
2014/01/23,8300,1657
2014/01/24,8275,1650
2014/01/27,8230,1653
2014/01/28,8259,1650
2014/01/29,8159,1641
2014/01/30,7840,1635
2014/01/31,7950,1624
2014/02/03,7939,1610
2014/02/04,7800,1603
2014/02/05,7999,1654
2014/02/06,8150,1620
2014/02/07,8151,1625
2014/02/10,8050,1625
2014/02/11,8055,1625
2014/02/12,8200,1640
2014/02/13,8205,1635
2014/02/14,8250,1685
2014/02/17,8380,1720
2014/02/18,8699,1705
2014/02/19,8850,1750
2014/02/20,8960,1715
2014/02/21,9148,1751
2014/02/24,9000,1786
2014/02/25,8814,1785
2014/02/26,9050,1770
2014/02/27,9050,1789
2014/02/28,8902,1790
2014/03/03,8879,1760
2014/03/04,9000,1785
2014/03/05,9054,1790
2014/03/06,9550,1760
2014/03/07,9580,1750
2014/03/10,9690,1750
2014/03/11,9598,1776
2014/03/12,9500,1731
2014/03/13,9465,1740
2014/03/14,9400,1711
2014/03/17,9350,1711
2014/03/18,9295,1775
2014/03/19,9500,1765
2014/03/20,9500,1735
2014/03/24,9500,1740
2014/03/25,9500,1771
2014/03/26,9395,1820
2014/03/27,9377,1800
2014/03/28,9779,1850
2014/03/31,9280,1876
2014/04/01,9439,1870
2014/04/02,9500,1872
2014/04/03,9598,1880
2014/04/04,9308,1855
2014/04/07,9200,1843
2014/04/08,9450,1849
2014/04/09,9500,1894
2014/04/10,9858,1920
2014/04/11,9791,1942
2014/04/14,9940,1949
2014/04/15,9711,1940
2014/04/16,9850,1928
2014/04/17,9840,1929
2014/04/22,9850,1940
2014/04/23,9998,1940
2014/04/24,10100,1940
2014/04/25,10100,1930
2014/04/29,10290,1929
2014/04/30,10418,1930
2014/05/02,10865,1940
2014/05/05,10800,1939
2014/05/06,10798,1950
2014/05/08,10782,1960
2014/05/09,10901,1959
2014/05/12,10923,1950
2014/05/13,10829,1937
2014/05/14,10740,1940
2014/05/15,10657,1930
2014/05/16,10425,1930
2014/05/19,10370,1969
2014/05/20,10300,1990
2014/05/21,10190,1980
2014/05/22,10151,1974
2014/05/23,10200,1984
2014/05/26,10329,1984
2014/05/27,10245,1985
2014/05/28,10077,1985
2014/05/29,10120,1975
2014/05/30,10300,1972
2014/06/02,10350,1960
2014/06/03,10056,1940
2014/06/04,10045,1960
2014/06/05,9940,1975
2014/06/06,9890,2039
2014/06/09,9750,2070
2014/06/10,9879,2064
2014/06/11,9929,2020
2014/06/12,9945,2028
2014/06/13,9778,2100
2014/06/17,9630,2080
2014/06/18,9768,2105
2014/06/19,9800,2127
2014/06/20,9915,2147
2014/06/23,9730,2170
2014/06/24,9780,2123
2014/06/25,9700,2087
2014/06/26,9600,2100
2014/06/27,9490,2080
2014/06/30,9250,2100
2014/07/01,9686,2099
2014/07/02,9731,2134
2014/07/03,9873,2156
2014/07/04,9888,2140
2014/07/07,9865,2150
2014/07/08,9900,2145
2014/07/09,9810,2120
2014/07/10,9755,2135
2014/07/11,9880,2140
2014/07/14,9963,2164
2014/07/15,9951,2170
2014/07/16,10084,2180
2014/07/17,10005,2223
2014/07/18,10004,2225
2014/07/21,9995,2250
2014/07/22,10000,2298
2014/07/23,10005,2285
2014/07/24,10005,2265
2014/07/25,9929,2276
2014/07/28,9920,2280
2014/07/29,10000,2306
2014/07/30,9950,2307
2014/07/31,9875,2325
2014/08/01,9840,2316
2014/08/04,9895,2260
2014/08/05,9900,2229
2014/08/06,9756,2200
2014/08/07,9544,2215
2014/08/08,9550,2197
2014/08/11,9669,2200
2014/08/12,9510,2204
2014/08/13,9532,2222
2014/08/14,9579,2249
2014/08/15,9560,2235
2014/08/18,9485,2269
2014/08/19,9590,2283
2014/08/20,9521,2254
2014/08/21,9547,2235
2014/08/22,9525,2238
2014/08/25,9450,2262
2014/08/26,9500,2265
2014/08/27,9500,2285
2014/08/28,9435,2297
2014/08/29,9328,2286
2014/09/01,9500,2257
2014/09/02,9514,2277
2014/09/03,9572,2300
2014/09/04,9772,2300
2014/09/05,9811,2313
2014/09/08,9690,2344
2014/09/09,9550,2337
2014/09/10,9525,2338
2014/09/11,9550,2350
2014/09/12,9600,2349
2014/09/15,9600,2327
2014/09/16,9620,2340
2014/09/17,9770,2327
2014/09/18,9700,2390
2014/09/19,9832,2450
2014/09/22,9703,2388
2014/09/23,9586,2315
2014/09/25,9541,2308
2014/09/26,9579,2349
2014/09/29,9700,2283
2014/09/30,9619,2250
2014/10/01,9617,2250
2014/10/02,9688,2240
2014/10/03,9700,2250
2014/10/06,9754,2308
2014/10/07,9774,2250
2014/10/08,9868,2223
2014/10/09,9800,2250
2014/10/10,9750,2175
2014/10/13,10062,2286
2014/10/14,10200,2313
2014/10/15,10170,2279
2014/10/16,9944,2255
2014/10/17,10086,2247
2014/10/20,10024,2289
2014/10/21,10400,2300
2014/10/22,10590,2295
2014/10/23,10600,2284
2014/10/24,10569,2299
2014/10/27,10650,2287
2014/10/28,10900,2289
2014/10/29,11036,2285
2014/10/30,11100,2276
2014/10/31,11500,2299
2014/11/03,11300,2300
2014/11/04,11280,2315
2014/11/05,11501,2304
2014/11/06,11454,2318
2014/11/07,11170,2300
2014/11/10,11300,2319
2014/11/11,11299,2323
2014/11/12,11298,2295
2014/11/13,11288,2324
2014/11/14,11254,2325
2014/11/17,11225,2360
2014/11/18,11378,2420
2014/11/19,11370,2451
2014/11/20,11299,2436
2014/11/21,11276,2445
2014/11/24,11500,2460
2014/11/25,11760,2445
2014/11/26,11936,2420
2014/11/27,12055,2430
2014/11/28,12000,2430
2014/12/01,11804,2413
2014/12/02,11702,2400
2014/12/03,11761,2426
2014/12/04,11700,2387
2014/12/05,11825,2385
2014/12/08,11889,2379
2014/12/09,11898,2334
2014/12/10,11853,2334
2014/12/11,11700,2322
2014/12/12,11700,2281
2014/12/15,11797,2225
2014/12/17,11700,2251
2014/12/18,12024,2221
2014/12/19,12239,2275
2014/12/22,12357,2249
2014/12/23,12610,2250
2014/12/24,12688,2289
2014/12/29,12869,2319
2014/12/30,12757,2290
2014/12/31,12775,2320
2015/01/02,12942,2310
2015/01/05,12449,2239
2015/01/06,12517,2285
2015/01/07,12684,2285
2015/01/08,12875,2323
2015/01/09,12698,2300
2015/01/12,12650,2335
2015/01/13,12500,2360
2015/01/14,12627,2346
2015/01/15,12469,2329
2015/01/16,12605,2295
2015/01/19,12789,2280
2015/01/20,12807,2250
2015/01/21,12860,2250
2015/01/22,12875,2250
2015/01/23,12900,2270
2015/01/26,13296,2290
2015/01/27,13100,2310
2015/01/28,13225,2368
2015/01/29,13220,2400
2015/01/30,13256,2430
2015/02/02,13449,2420
2015/02/03,13895,2417
2015/02/04,14000,2403
2015/02/05,14101,2439
2015/02/06,14109,2450
2015/02/09,14245,2500
2015/02/10,14300,2569
2015/02/11,14550,2595
2015/02/12,14381,2649
2015/02/13,14400,2638
2015/02/16,14179,2600
2015/02/17,13975,2604
2015/02/18,13900,2581
2015/02/19,13745,2571
2015/02/20,13698,2529
2015/02/23,13750,2506
2015/02/24,13800,2508
2015/02/25,13850,2550
2015/02/26,13632,2550
2015/02/27,13681,2550
2015/03/02,13676,2570
2015/03/03,13967,2536
2015/03/04,14145,2522
2015/03/05,14425,2497
2015/03/06,14400,2498
2015/03/09,14195,2472
2015/03/10,13600,2410
2015/03/11,13750,2375
2015/03/12,14039,2400
2015/03/13,13980,2350
2015/03/16,14200,2336
2015/03/17,14500,2350
2015/03/18,14450,2505
2015/03/19,14475,2470
2015/03/20,15049,2527
2015/03/23,15250,2625
2015/03/24,15665,2603
2015/03/25,15635,2600
2015/03/26,15629,2568
2015/03/27,15967,2594
2015/03/30,16280,2599
2015/03/31,16540,2598
2015/04/01,16739,2625
2015/04/02,16750,2620
2015/04/07,17180,2679
2015/04/08,17415,2687
2015/04/09,17584,2695
2015/04/10,17989,2705
2015/04/13,18200,2750
2015/04/14,18204,2750
2015/04/15,18395,2754
2015/04/16,18380,2750
2015/04/17,18551,2767
2015/04/20,18700,2782
2015/04/21,19246,2764
2015/04/22,19948,2795
2015/04/23,19865,2760
2015/04/24,20036,2785
2015/04/28,20016,2779
2015/04/29,20000,2799
2015/04/30,19515,2792
2015/05/04,19970,2750
2015/05/05,19900,2790
2015/05/06,19508,2661
2015/05/07,19000,2677
2015/05/08,19000,2700
2015/05/11,19780,2700
2015/05/12,19928,2710
2015/05/13,20200,2759
2015/05/14,20068,2745
2015/05/15,20150,2790
2015/05/18,20779,2800
2015/05/19,20600,2800
2015/05/20,21187,2827
2015/05/21,21163,2750
2015/05/22,21190,2786
2015/05/25,21193,2787
2015/05/26,21244,2741
2015/05/27,21345,2780
2015/05/28,20700,2875
2015/05/29,20833,2879
2015/06/01,20400,2900
2015/06/02,19451,2920
2015/06/03,18689,2850
2015/06/04,18817,2870
2015/06/05,18809,2897
2015/06/08,18675,2850
2015/06/09,18591,2930
2015/06/10,18693,2975
2015/06/11,19400,2950
2015/06/12,19142,2959
2015/06/15,19142,2960
2015/06/17,19153,2960
2015/06/18,19050,2960
2015/06/19,18645,3033
2015/06/22,19124,3070
2015/06/23,19246,3035
2015/06/24,19450,3050
2015/06/25,20086,3150
2015/06/26,20000,3178
2015/06/29,19947,3115
2015/06/30,20495,3088
2015/07/01,20251,3149
2015/07/02,20202,3150
2015/07/03,20056,3150
2015/07/06,19751,3175
2015/07/07,18249,3160
2015/07/08,18925,3120
2015/07/09,18890,3100
2015/07/10,19200,3170
2015/07/13,19000,3234
2015/07/14,18519,3250
2015/07/15,19349,3250
2015/07/16,19291,3298
2015/07/17,19000,3418
2015/07/20,19050,3434
2015/07/21,19380,3390
2015/07/22,19280,3270
2015/07/23,19504,3305
2015/07/24,19030,3280
2015/07/27,18914,3275
2015/07/28,18670,3217
2015/07/29,19400,3340
2015/07/30,19233,3325
2015/07/31,19943,3297
2015/08/03,20395,3170
2015/08/04,20867,3269
2015/08/05,20941,3250
2015/08/06,20849,3248
2015/08/07,20975,3225
2015/08/11,20840,3250
2015/08/12,19445,3035
2015/08/13,19415,3064
2015/08/14,19570,3100
2015/08/17,19190,3049
2015/08/18,19340,3100
2015/08/19,19250,3016
2015/08/20,18546,2891
2015/08/21,18260,2880
2015/08/24,17959,2781
2015/08/25,19100,2915
2015/08/26,18735,2880
2015/08/27,19619,2857
2015/08/28,19178,2892
2015/08/31,19800,2900
2015/09/01,19360,2828
2015/09/02,19934,2863
2015/09/03,20490,2868
2015/09/04,20276,2905
2015/09/07,20057,2862
2015/09/08,20448,2970
2015/09/09,20483,3034
2015/09/10,20650,3025
2015/09/11,20700,3060
2015/09/14,20901,3120
2015/09/15,20900,3150
2015/09/16,20704,3199
2015/09/17,20800,3199
2015/09/18,21054,3089
2015/09/21,20900,3060
2015/09/22,20600,3055
2015/09/23,21431,3099
2015/09/25,21700,3020
2015/09/28,21235,2970
2015/09/29,21715,2898
2015/09/30,22250,2891
2015/10/01,23339,2896
2015/10/02,23068,2923
2015/10/05,24750,2983
2015/10/06,24298,2972
2015/10/07,24150,3024
2015/10/08,24459,2910
2015/10/09,25272,2925
2015/10/12,24298,2900
2015/10/13,24300,2926
2015/10/14,24260,2860
2015/10/15,24000,2840
2015/10/16,24227,2850
2015/10/19,24441,2910
2015/10/20,24493,2966
2015/10/21,24618,3040
2015/10/22,25200,3020
2015/10/23,25699,2995
2015/10/26,26050,3090
2015/10/27,25550,3087
2015/10/28,26670,3080
2015/10/29,26092,3067
2015/10/30,26692,3079
2015/11/02,26100,3070
2015/11/03,25804,3062
2015/11/04,26716,3050
2015/11/05,27497,3020
2015/11/06,26900,3011
2015/11/09,27443,3040
2015/11/10,27348,2971
2015/11/11,28200,2928
2015/11/12,27811,2900
2015/11/13,26550,2932
2015/11/16,26400,2930
2015/11/17,26959,2982
2015/11/18,27000,3000
2015/11/19,27350,3041
2015/11/20,27128,3082
2015/11/23,27500,3100
