Date,SBK,First Rand
2004/05/12,3890,935
2004/05/13,3850,935
2004/05/14,3726,902
2004/05/17,3825,925
2004/05/18,3800,915
2004/05/19,3972,960
2004/05/20,4001,971
2004/05/21,4001,955
2004/05/24,3905,930
2004/05/25,3930,955
2004/05/26,4065,975
2004/05/27,4200,1012
2004/05/28,4200,1000
2004/05/31,4200,1018
2004/06/01,4211,1010
2004/06/02,4280,1005
2004/06/03,4262,996
2004/06/04,4250,1000
2004/06/07,4350,1010
2004/06/08,4320,1020
2004/06/09,4290,1020
2004/06/10,4240,1007
2004/06/11,4180,1000
2004/06/14,4200,1015
2004/06/15,4230,1011
2004/06/17,4210,1005
2004/06/18,4229,1014
2004/06/21,4234,1020
2004/06/22,4295,1005
2004/06/23,4211,1015
2004/06/24,4310,1024
2004/06/25,4290,1010
2004/06/28,4217,1008
2004/06/29,4320,1020
2004/06/30,4300,1019
2004/07/01,4330,1010
2004/07/02,4290,1000
2004/07/05,4335,1019
2004/07/06,4300,1010
2004/07/07,4290,1010
2004/07/08,4235,1008
2004/07/09,4250,997
2004/07/12,4270,1005
2004/07/13,4345,1031
2004/07/14,4410,1027
2004/07/15,4375,1042
2004/07/16,4290,1010
2004/07/19,4279,1000
2004/07/20,4275,995
2004/07/21,4369,1015
2004/07/22,4310,1008
2004/07/23,4350,1010
2004/07/26,4310,1005
2004/07/27,4363,1010
2004/07/28,4350,1012
2004/07/29,4270,995
2004/07/30,4290,1004
2004/08/02,4330,1000
2004/08/03,4360,1003
2004/08/04,4330,1003
2004/08/05,4260,995
2004/08/06,4166,982
2004/08/10,4170,980
2004/08/11,4180,975
2004/08/12,4310,996
2004/08/13,4260,987
2004/08/16,4280,984
2004/08/17,4290,979
2004/08/18,4207,983
2004/08/19,4195,980
2004/08/20,4239,990
2004/08/23,4365,1020
2004/08/24,4387,1036
2004/08/25,4364,1036
2004/08/26,4367,1050
2004/08/27,4400,1061
2004/08/30,4410,1055
2004/08/31,4439,1069
2004/09/01,4530,1080
2004/09/02,4600,1090
2004/09/03,4600,1098
2004/09/06,4550,1080
2004/09/07,4590,1084
2004/09/08,4601,1091
2004/09/09,4685,1112
2004/09/10,4660,1098
2004/09/13,4765,1110
2004/09/14,4821,1125
2004/09/15,4655,1124
2004/09/16,4750,1145
2004/09/17,4750,1160
2004/09/20,4810,1185
2004/09/21,4880,1180
2004/09/22,4750,1160
2004/09/23,4800,1173
2004/09/27,4900,1170
2004/09/28,4875,1180
2004/09/29,4990,1210
2004/09/30,5091,1212
2004/10/01,5100,1210
2004/10/04,5140,1193
2004/10/05,5120,1190
2004/10/06,5160,1200
2004/10/07,5140,1199
2004/10/08,5040,1180
2004/10/11,5080,1185
2004/10/12,5001,1160
2004/10/13,4981,1170
2004/10/14,5000,1185
2004/10/15,5070,1192
2004/10/18,5060,1190
2004/10/19,5225,1190
2004/10/20,5165,1185
2004/10/21,5220,1195
2004/10/22,5136,1196
2004/10/25,5120,1175
2004/10/26,5250,1210
2004/10/27,5340,1226
2004/10/28,5399,1220
2004/10/29,5380,1215
2004/11/01,5401,1250
2004/11/02,5397,1260
2004/11/03,5400,1237
2004/11/04,5550,1244
2004/11/05,5700,1265
2004/11/08,6000,1290
2004/11/09,5900,1270
2004/11/10,5770,1242
2004/11/11,5740,1240
2004/11/12,5700,1249
2004/11/15,5645,1249
2004/11/16,5720,1250
2004/11/17,5780,1266
2004/11/18,5810,1258
2004/11/19,5800,1240
2004/11/22,5700,1245
2004/11/23,5625,1230
2004/11/24,5690,1251
2004/11/25,5850,1300
2004/11/26,5975,1295
2004/11/29,6035,1320
2004/11/30,6200,1330
2004/12/01,6175,1340
2004/12/02,6000,1334
2004/12/03,5849,1325
2004/12/06,5880,1325
2004/12/07,5940,1309
2004/12/08,5900,1300
2004/12/09,5939,1290
2004/12/10,5964,1300
2004/12/13,6101,1325
2004/12/14,6165,1310
2004/12/15,6195,1320
2004/12/17,6205,1330
2004/12/20,6210,1340
2004/12/21,6210,1346
2004/12/22,6350,1357
2004/12/23,6384,1374
2004/12/24,6440,1350
2004/12/28,6650,1385
2004/12/29,6680,1377
2004/12/30,6589,1360
2004/12/31,6580,1335
2005/01/03,6580,1366
2005/01/04,6550,1395
2005/01/05,6296,1380
2005/01/06,6160,1320
2005/01/07,6140,1345
2005/01/10,6200,1342
2005/01/11,6175,1303
2005/01/12,6100,1325
2005/01/13,6040,1320
2005/01/14,5990,1313
2005/01/17,5980,1290
2005/01/18,5815,1260
2005/01/19,5910,1270
2005/01/20,5909,1263
2005/01/21,6000,1299
2005/01/24,6050,1300
2005/01/25,6170,1298
2005/01/26,6280,1310
2005/01/27,6530,1346
2005/01/28,6400,1345
2005/01/31,6481,1365
2005/02/01,6349,1352
2005/02/02,6125,1311
2005/02/03,6230,1330
2005/02/04,6295,1357
2005/02/07,6110,1315
2005/02/08,6170,1300
2005/02/09,6300,1330
2005/02/10,6450,1360
2005/02/11,6500,1359
2005/02/14,6360,1349
2005/02/15,6350,1363
2005/02/16,6345,1394
2005/02/17,6330,1395
2005/02/18,6300,1375
2005/02/21,6300,1370
2005/02/22,6490,1405
2005/02/23,6400,1399
2005/02/24,6375,1395
2005/02/25,6450,1410
2005/02/28,6427,1399
2005/03/01,6360,1385
2005/03/02,6330,1381
2005/03/03,6400,1395
2005/03/04,6558,1419
2005/03/07,6510,1405
2005/03/08,6580,1425
2005/03/09,6560,1430
2005/03/10,6460,1422
2005/03/11,6405,1400
2005/03/14,6450,1394
2005/03/15,6395,1380
2005/03/16,6185,1350
2005/03/17,6100,1315
2005/03/18,6279,1300
2005/03/22,6300,1326
2005/03/23,6200,1319
2005/03/24,6200,1318
2005/03/29,6080,1323
2005/03/30,6180,1320
2005/03/31,6288,1333
2005/04/01,6290,1373
2005/04/04,6200,1346
2005/04/05,6100,1318
2005/04/06,6240,1321
2005/04/07,6350,1318
2005/04/08,6335,1322
2005/04/11,6270,1304
2005/04/12,6170,1291
2005/04/13,6035,1285
2005/04/14,6193,1320
2005/04/15,6201,1315
2005/04/18,6160,1320
2005/04/19,6130,1325
2005/04/20,6035,1305
2005/04/21,6121,1324
2005/04/22,6150,1300
2005/04/25,6201,1305
2005/04/26,6380,1340
2005/04/28,6139,1300
2005/04/29,6073,1295
2005/05/03,6298,1316
2005/05/04,6310,1340
2005/05/05,6450,1361
2005/05/06,6501,1385
2005/05/09,6601,1400
2005/05/10,6555,1390
2005/05/11,6481,1412
2005/05/12,6395,1381
2005/05/13,6353,1392
2005/05/16,6470,1402
2005/05/17,6370,1367
2005/05/18,6485,1376
2005/05/19,6530,1382
2005/05/20,6580,1400
2005/05/23,6515,1360
2005/05/24,6400,1365
2005/05/25,6440,1390
2005/05/26,6441,1387
2005/05/27,6471,1386
2005/05/30,6499,1385
2005/05/31,6194,1368
2005/06/01,6140,1335
2005/06/02,6200,1335
2005/06/03,6456,1375
2005/06/06,6570,1410
2005/06/07,6600,1443
2005/06/08,6600,1445
2005/06/09,6530,1430
2005/06/10,6513,1454
2005/06/13,6450,1410
2005/06/14,6430,1395
2005/06/15,6550,1440
2005/06/17,6462,1453
2005/06/20,6480,1449
2005/06/21,6490,1450
2005/06/22,6501,1449
2005/06/23,6449,1430
2005/06/24,6425,1390
2005/06/27,6500,1387
2005/06/28,6460,1415
2005/06/29,6510,1422
2005/06/30,6465,1387
2005/07/01,6520,1390
2005/07/04,6470,1397
2005/07/05,6423,1396
2005/07/06,6499,1392
2005/07/07,6500,1400
2005/07/08,6410,1393
2005/07/11,6495,1423
2005/07/12,6600,1490
2005/07/13,6831,1501
2005/07/14,7050,1546
2005/07/15,7000,1480
2005/07/18,7000,1515
2005/07/19,7000,1550
2005/07/20,7190,1543
2005/07/21,7150,1545
2005/07/22,7250,1570
2005/07/25,7220,1582
2005/07/26,7200,1560
2005/07/27,7200,1591
2005/07/28,7225,1620
2005/07/29,7070,1585
2005/08/01,7294,1605
2005/08/02,7430,1630
2005/08/03,7490,1615
2005/08/04,7451,1602
2005/08/05,7390,1620
2005/08/08,7501,1660
2005/08/10,7700,1692
2005/08/11,7580,1695
2005/08/12,7430,1681
2005/08/15,7300,1659
2005/08/16,7275,1648
2005/08/17,7064,1604
2005/08/18,7030,1605
2005/08/19,7141,1624
2005/08/22,7170,1625
2005/08/23,7100,1639
2005/08/24,7049,1611
2005/08/25,7070,1586
2005/08/26,6990,1552
2005/08/29,6999,1545
2005/08/30,6920,1523
2005/08/31,6950,1520
2005/09/01,6990,1576
2005/09/02,7200,1615
2005/09/05,7170,1609
2005/09/06,7170,1616
2005/09/07,7205,1670
2005/09/08,7080,1640
2005/09/09,7075,1620
2005/09/12,7035,1640
2005/09/13,7000,1650
2005/09/14,7010,1675
2005/09/15,7069,1655
2005/09/16,7200,1680
2005/09/19,7140,1660
2005/09/20,7130,1647
2005/09/21,7100,1650
2005/09/22,6960,1627
2005/09/23,6879,1610
2005/09/26,6930,1647
2005/09/27,6935,1654
2005/09/28,6885,1657
2005/09/29,6901,1663
2005/09/30,7000,1695
2005/10/03,6989,1650
2005/10/04,6950,1645
2005/10/05,6950,1635
2005/10/06,6815,1602
2005/10/07,6780,1588
2005/10/10,6761,1612
2005/10/11,6861,1616
2005/10/12,6780,1611
2005/10/13,6610,1568
2005/10/14,6525,1551
2005/10/17,6635,1560
2005/10/18,6612,1550
2005/10/19,6520,1491
2005/10/20,6725,1530
2005/10/21,6725,1520
2005/10/24,6890,1570
2005/10/25,6880,1570
2005/10/26,6930,1589
2005/10/27,6890,1550
2005/10/28,6900,1545
2005/10/31,6920,1579
2005/11/01,7025,1624
2005/11/02,7071,1615
2005/11/03,7120,1635
2005/11/04,7120,1615
2005/11/07,7239,1635
2005/11/08,6980,1566
2005/11/09,6870,1600
2005/11/10,6945,1635
2005/11/11,7100,1665
2005/11/14,7327,1700
2005/11/15,7225,1660
2005/11/16,7100,1655
2005/11/17,7080,1670
2005/11/18,7045,1649
2005/11/21,7000,1625
2005/11/22,6905,1590
2005/11/23,7036,1602
2005/11/24,7171,1630
2005/11/25,7075,1605
2005/11/28,7001,1590
2005/11/29,6941,1603
2005/11/30,6850,1580
2005/12/01,6800,1561
2005/12/02,6800,1595
2005/12/05,6840,1625
2005/12/06,7120,1690
2005/12/07,7315,1760
2005/12/08,7100,1725
2005/12/09,6950,1725
2005/12/12,7090,1740
2005/12/13,7130,1755
2005/12/14,7230,1740
2005/12/15,7400,1802
2005/12/19,7595,1848
2005/12/20,7500,1850
2005/12/21,7601,1876
2005/12/22,7690,1882
2005/12/23,7800,1900
2005/12/27,7853,1945
2005/12/28,7630,1900
2005/12/29,7650,1900
2005/12/30,7581,1845
2006/01/03,7701,1895
2006/01/04,7740,1875
2006/01/05,7550,1831
2006/01/06,7910,1892
2006/01/09,8000,1900
2006/01/10,8125,1915
2006/01/11,8244,1965
2006/01/12,8200,1939
2006/01/13,8340,1947
2006/01/16,8185,1900
2006/01/17,7900,1845
2006/01/18,7800,1840
2006/01/19,8277,1935
2006/01/20,8200,1920
2006/01/23,8215,1909
2006/01/24,8240,1915
2006/01/25,8180,1911
2006/01/26,8083,1880
2006/01/27,8277,1900
2006/01/30,8165,1885
2006/01/31,8199,1935
2006/02/01,8400,1975
2006/02/02,8455,1984
2006/02/03,8150,1925
2006/02/06,8095,1999
2006/02/07,8020,1926
2006/02/08,7900,1870
2006/02/09,8099,1920
2006/02/10,8060,1904
2006/02/13,7900,1856
2006/02/14,7850,1821
2006/02/15,7930,1850
2006/02/16,8000,1910
2006/02/17,8409,1990
2006/02/20,8230,1990
2006/02/21,8361,2020
2006/02/22,8522,2015
2006/02/23,8515,2035
2006/02/24,8320,1970
2006/02/27,8299,1981
2006/02/28,7901,1870
2006/03/02,8100,1910
2006/03/03,7870,1886
2006/03/06,8080,1915
2006/03/07,7755,1778
2006/03/08,7730,1832
2006/03/09,7950,1940
2006/03/10,8000,1888
2006/03/13,8060,1920
2006/03/14,8080,1949
2006/03/15,8300,2000
2006/03/16,8310,2030
2006/03/17,8498,2040
2006/03/20,8600,2075
2006/03/22,8571,2060
2006/03/23,8800,2080
2006/03/24,8700,2078
2006/03/27,8555,2093
2006/03/28,8530,2025
2006/03/29,8466,2050
2006/03/30,8650,2080
2006/03/31,8480,2000
2006/04/03,8780,2038
2006/04/04,8605,1976
2006/04/05,8470,2005
2006/04/06,8380,1956
2006/04/07,8359,2010
2006/04/10,8340,2005
2006/04/11,8500,2015
2006/04/12,8500,1975
2006/04/13,8440,2020
2006/04/18,8800,2015
2006/04/19,8800,2043
2006/04/20,8795,2020
2006/04/21,8648,2010
2006/04/24,8350,1985
2006/04/25,8435,1970
2006/04/26,8600,1976
2006/04/28,8580,1980
2006/05/02,8451,1966
2006/05/03,8340,1935
2006/05/04,8340,1918
2006/05/05,8405,1930
2006/05/08,8365,1906
2006/05/09,8454,1925
2006/05/10,8450,1928
2006/05/11,8460,1905
2006/05/12,8255,1864
2006/05/15,8000,1813
2006/05/16,8030,1875
2006/05/17,7975,1880
2006/05/18,7900,1861
2006/05/19,7790,1819
2006/05/22,7400,1712
2006/05/23,7800,1780
2006/05/24,7630,1735
2006/05/25,7684,1780
2006/05/26,7830,1825
2006/05/29,7990,1850
2006/05/30,7849,1786
2006/05/31,7803,1771
2006/06/01,8035,1810
2006/06/02,8200,1875
2006/06/05,8151,1870
2006/06/06,7860,1780
2006/06/07,7570,1720
2006/06/08,7050,1620
2006/06/09,7670,1780
2006/06/12,7617,1723
2006/06/13,7450,1725
2006/06/14,7690,1755
2006/06/15,7899,1820
2006/06/19,7999,1820
2006/06/20,7950,1815
2006/06/21,7855,1765
2006/06/22,7605,1736
2006/06/23,7301,1645
2006/06/26,6890,1540
2006/06/27,7025,1552
2006/06/28,7240,1586
2006/06/29,7500,1651
2006/06/30,7700,1690
2006/07/03,7970,1769
2006/07/04,7980,1760
2006/07/05,7606,1700
2006/07/06,7530,1700
2006/07/07,7679,1719
2006/07/10,7815,1755
2006/07/11,7685,1711
2006/07/12,7725,1750
2006/07/13,7480,1685
2006/07/14,7301,1660
2006/07/17,7000,1591
2006/07/18,7211,1600
2006/07/19,7400,1656
2006/07/20,7470,1656
2006/07/21,7310,1655
2006/07/24,7358,1665
2006/07/25,7259,1670
2006/07/26,7350,1670
2006/07/27,7500,1715
2006/07/28,7570,1695
2006/07/31,7640,1727
2006/08/01,7541,1661
2006/08/02,7379,1649
2006/08/03,7380,1650
2006/08/04,7470,1670
2006/08/07,7350,1620
2006/08/08,7440,1630
2006/08/10,7469,1632
2006/08/11,7560,1641
2006/08/14,7375,1620
2006/08/15,7400,1620
2006/08/16,7450,1624
2006/08/17,7689,1689
2006/08/18,7555,1704
2006/08/21,7644,1711
2006/08/22,7774,1730
2006/08/23,7680,1720
2006/08/24,7520,1720
2006/08/25,7579,1730
2006/08/28,7810,1760
2006/08/29,7840,1792
2006/08/30,8050,1822
2006/08/31,7783,1785
2006/09/01,7795,1800
2006/09/04,8099,1840
2006/09/05,8055,1835
2006/09/06,7875,1805
2006/09/07,7701,1767
2006/09/08,7645,1750
2006/09/11,7292,1691
2006/09/12,7600,1712
2006/09/13,7700,1753
2006/09/14,7600,1721
2006/09/15,7700,1762
2006/09/18,7829,1810
2006/09/19,7996,1804
2006/09/20,8095,1800
2006/09/21,8051,1840
2006/09/22,7690,1795
2006/09/26,7700,1800
2006/09/27,7539,1775
2006/09/28,7770,1789
2006/09/29,7781,1770
2006/10/02,7740,1750
2006/10/03,7780,1750
2006/10/04,7871,1770
2006/10/05,8000,1795
2006/10/06,7979,1815
2006/10/09,8015,1821
2006/10/10,7999,1788
2006/10/11,7990,1785
2006/10/12,8100,1800
2006/10/13,8200,1850
2006/10/16,8600,1875
2006/10/17,8350,1852
2006/10/18,8390,1855
2006/10/19,8401,1840
2006/10/20,8352,1840
2006/10/23,8380,1815
2006/10/24,8409,1825
2006/10/25,8400,1835
2006/10/26,8260,1804
2006/10/27,8340,1811
2006/10/30,8315,1810
2006/10/31,8650,1927
2006/11/01,8685,1961
2006/11/02,8600,1930
2006/11/03,8550,1935
2006/11/06,8600,1977
2006/11/07,8650,1958
2006/11/08,8700,1980
2006/11/09,8600,1958
2006/11/10,8571,1939
2006/11/13,8580,1950
2006/11/14,8575,1935
2006/11/15,8450,1919
2006/11/16,8499,1899
2006/11/17,8480,1888
2006/11/20,8515,1901
2006/11/21,8790,1955
2006/11/22,8875,2008
2006/11/23,8975,2040
2006/11/24,8960,2030
2006/11/27,8975,2039
2006/11/28,8820,1955
2006/11/29,8760,1993
2006/11/30,8800,1977
2006/12/01,8850,1997
2006/12/04,8740,2002
2006/12/05,8800,1970
2006/12/06,8750,1965
2006/12/07,8695,1970
2006/12/08,8650,1970
2006/12/11,8699,1952
2006/12/12,8600,1945
2006/12/13,8700,1999
2006/12/14,8750,2043
2006/12/15,8810,2070
2006/12/18,8950,2080
2006/12/19,8900,2060
2006/12/20,9119,2152
2006/12/21,9456,2235
2006/12/22,9500,2255
2006/12/27,9550,2254
2006/12/28,9450,2230
2006/12/29,9450,2220
2007/01/02,9480,2219
2007/01/03,9265,2171
2007/01/04,9050,2115
2007/01/05,9150,2181
2007/01/09,9776,2310
2007/01/10,9700,2275
2007/01/11,9700,2265
2007/01/12,9700,2260
2007/01/15,9951,2310
2007/01/16,10050,2350
2007/01/17,10050,2350
2007/01/18,10300,2382
2007/01/19,9952,2319
2007/01/22,10110,2365
2007/01/23,10020,2365
2007/01/24,10000,2343
2007/01/25,9910,2291
2007/01/26,9941,2325
2007/01/29,9851,2282
2007/01/30,9920,2310
2007/01/31,9900,2300
2007/02/01,10250,2360
2007/02/02,10090,2337
2007/02/05,10025,2284
2007/02/06,10250,2358
2007/02/07,10115,2330
2007/02/08,9935,2242
2007/02/09,9800,2261
2007/02/12,9660,2282
2007/02/13,9795,2285
2007/02/14,9685,2250
2007/02/15,10045,2314
2007/02/16,10300,2380
2007/02/19,10400,2360
2007/02/20,10450,2350
2007/02/21,10249,2360
2007/02/22,10400,2455
2007/02/23,10425,2445
2007/02/26,10500,2467
2007/02/27,10201,2382
2007/02/28,10050,2395
2007/03/01,9800,2316
2007/03/02,10000,2300
2007/03/05,9600,2186
2007/03/06,9750,2210
2007/03/07,9800,2230
2007/03/08,10150,2299
2007/03/09,10350,2355
2007/03/12,10240,2350
2007/03/13,10200,2291
2007/03/14,9820,2250
2007/03/15,9895,2245
2007/03/16,9750,2178
2007/03/19,9795,2214
2007/03/20,10200,2280
2007/03/22,10222,2349
2007/03/23,10500,2371
2007/03/26,10450,2285
2007/03/27,10500,2330
2007/03/28,10400,2285
2007/03/29,10530,2377
2007/03/30,10680,2460
2007/04/02,10800,2430
2007/04/03,10945,2455
2007/04/04,10950,2460
2007/04/05,10780,2437
2007/04/10,10810,2440
2007/04/11,10680,2375
2007/04/12,11040,2430
2007/04/13,11030,2520
2007/04/16,11199,2468
2007/04/17,11560,2575
2007/04/18,11200,2505
2007/04/19,11150,2520
2007/04/20,11260,2559
2007/04/23,11250,2531
2007/04/24,11095,2535
2007/04/25,11100,2545
2007/04/26,11100,2520
2007/04/30,11080,2520
2007/05/02,11120,2510
2007/05/03,11095,2514
2007/05/04,11000,2487
2007/05/07,10900,2461
2007/05/08,10700,2420
2007/05/09,10960,2416
2007/05/10,11040,2465
2007/05/11,11160,2459
2007/05/14,10802,2415
2007/05/15,10700,2370
2007/05/16,10545,2325
2007/05/17,10512,2325
2007/05/18,10700,2330
2007/05/21,10795,2343
2007/05/22,10860,2405
2007/05/23,11086,2485
2007/05/24,11020,2405
2007/05/25,10925,2375
2007/05/28,10970,2385
2007/05/29,10900,2397
2007/05/30,10625,2315
2007/05/31,10525,2289
2007/06/01,10689,2290
2007/06/04,10400,2280
2007/06/05,10350,2284
2007/06/06,10350,2275
2007/06/07,10500,2300
2007/06/08,10200,2239
2007/06/11,10375,2305
2007/06/12,10240,2277
2007/06/13,10330,2300
2007/06/14,10650,2374
2007/06/15,10651,2369
2007/06/18,10611,2331
2007/06/19,10679,2360
2007/06/20,10605,2350
2007/06/21,10400,2330
2007/06/22,10340,2306
2007/06/25,10125,2300
2007/06/26,10000,2230
2007/06/27,10050,2187
2007/06/28,9978,2240
2007/06/29,9830,2260
2007/07/02,10060,2275
2007/07/03,10000,2280
2007/07/04,9990,2235
2007/07/05,9812,2220
2007/07/06,10300,2275
2007/07/09,10465,2320
2007/07/10,10740,2390
2007/07/11,10694,2400
2007/07/12,10770,2365
2007/07/13,10820,2355
2007/07/16,10700,2360
2007/07/17,10520,2331
2007/07/18,10540,2351
2007/07/19,10565,2360
2007/07/20,10623,2359
2007/07/23,11099,2431
2007/07/24,10955,2460
2007/07/25,10520,2409
2007/07/26,10401,2330
2007/07/27,9850,2280
2007/07/30,10200,2310
2007/07/31,10210,2318
2007/08/01,10100,2300
2007/08/02,10060,2330
2007/08/03,9820,2260
2007/08/06,9700,2234
2007/08/07,10120,2299
2007/08/08,10720,2370
2007/08/10,10000,2250
2007/08/13,10400,2340
2007/08/14,9985,2240
2007/08/15,9899,2240
2007/08/16,9480,2155
2007/08/17,9205,2175
2007/08/20,9599,2190
2007/08/21,9610,2135
2007/08/22,9950,2189
2007/08/23,10100,2235
2007/08/24,10150,2240
2007/08/27,10350,2289
2007/08/28,10005,2210
2007/08/29,10090,2260
2007/08/30,10050,2316
2007/08/31,10449,2335
2007/09/03,10580,2340
2007/09/04,10790,2355
2007/09/05,10400,2270
2007/09/06,10250,2300
2007/09/07,9985,2230
2007/09/10,10045,2280
2007/09/11,10263,2308
2007/09/12,10040,2285
2007/09/13,10070,2285
2007/09/14,9905,2301
2007/09/17,9875,2320
2007/09/18,9860,2249
2007/09/19,10000,2280
2007/09/20,9965,2292
2007/09/21,9850,2251
2007/09/25,9795,2180
2007/09/26,9940,2200
2007/09/27,10051,2236
2007/09/28,9946,2210
2007/10/01,9905,2190
2007/10/02,10500,2290
2007/10/03,11000,2400
2007/10/04,11010,2400
2007/10/05,11075,2439
2007/10/08,11080,2438
2007/10/09,10880,2390
2007/10/10,10775,2428
2007/10/11,10845,2485
2007/10/12,10791,2420
2007/10/15,10575,2370
2007/10/16,10490,2374
2007/10/17,10790,2395
2007/10/18,10600,2395
2007/10/19,10600,2367
2007/10/22,10549,2335
2007/10/23,10945,2399
2007/10/24,11099,2430
2007/10/25,11540,2540
2007/10/26,11530,2580
2007/10/29,11490,2600
2007/10/30,11660,2595
2007/10/31,11730,2570
2007/11/01,11749,2510
2007/11/02,11425,2525
2007/11/05,11520,2521
2007/11/06,11375,2559
2007/11/07,11090,2521
2007/11/08,11155,2561
2007/11/09,11195,2578
2007/11/12,11359,2580
2007/11/13,11350,2575
2007/11/14,11352,2570
2007/11/15,11200,2570
2007/11/16,11100,2515
2007/11/19,10805,2338
2007/11/20,10900,2399
2007/11/21,10900,2389
2007/11/22,10850,2366
2007/11/23,10900,2335
2007/11/26,10632,2263
2007/11/27,10500,2220
2007/11/28,10650,2185
2007/11/29,10690,2213
2007/11/30,10500,2150
2007/12/03,10351,2120
2007/12/04,10565,2130
2007/12/05,10800,2205
2007/12/06,10780,2145
2007/12/07,10895,2095
2007/12/10,10999,2075
2007/12/11,11050,2125
2007/12/12,10890,2184
2007/12/13,10570,2070
2007/12/14,10307,2040
2007/12/18,10300,2050
2007/12/19,10000,2050
2007/12/20,10000,2100
2007/12/21,10200,2085
2007/12/24,10250,2075
2007/12/27,10550,2100
2007/12/28,10500,2076
2007/12/31,10008,1975
2008/01/02,10140,2025
2008/01/03,9950,1970
2008/01/04,9850,1937
2008/01/07,9850,1900
2008/01/08,9860,1959
2008/01/09,9702,1957
2008/01/10,9591,1860
2008/01/11,9500,1800
2008/01/14,9640,1854
2008/01/15,9500,1828
2008/01/16,9350,1841
2008/01/17,9550,1850
2008/01/18,9400,1779
2008/01/21,9199,1725
2008/01/22,9395,1745
2008/01/23,9400,1716
2008/01/24,9766,1790
2008/01/25,9600,1770
2008/01/28,9110,1660
2008/01/29,9249,1677
2008/01/30,9300,1671
2008/01/31,8960,1660
2008/02/01,9200,1760
2008/02/04,9201,1790
2008/02/05,8810,1680
2008/02/06,8900,1643
2008/02/07,8590,1611
2008/02/08,8502,1615
2008/02/11,8500,1599
2008/02/12,8800,1648
2008/02/13,9100,1710
2008/02/14,9325,1739
2008/02/15,8900,1710
2008/02/18,9300,1719
2008/02/19,9580,1775
2008/02/20,9390,1750
2008/02/21,9600,1741
2008/02/22,9450,1760
2008/02/25,9575,1805
2008/02/26,9900,1938
2008/02/27,9540,1921
2008/02/28,9599,1872
2008/02/29,9850,1870
2008/03/03,9420,1799
2008/03/04,9301,1703
2008/03/05,9200,1651
2008/03/06,9533,1676
2008/03/07,9400,1620
2008/03/10,9300,1622
2008/03/11,9629,1699
2008/03/12,9449,1686
2008/03/13,9149,1614
2008/03/14,9200,1600
2008/03/17,8930,1540
2008/03/18,9200,1604
2008/03/19,9085,1582
2008/03/20,8970,1540
2008/03/25,8970,1605
2008/03/26,9200,1610
2008/03/27,9350,1655
2008/03/28,9163,1647
2008/03/31,8820,1600
2008/04/01,9169,1620
2008/04/02,9450,1708
2008/04/03,9225,1685
2008/04/04,9351,1693
2008/04/07,9400,1705
2008/04/08,9390,1717
2008/04/09,9340,1710
2008/04/10,9090,1665
2008/04/11,9179,1650
2008/04/14,9050,1616
2008/04/15,9040,1668
2008/04/16,9000,1630
2008/04/17,8950,1600
2008/04/18,9020,1619
2008/04/21,9165,1633
2008/04/22,9100,1635
2008/04/23,8999,1633
2008/04/24,8750,1596
2008/04/25,8659,1586
2008/04/29,8800,1581
2008/04/30,9000,1566
2008/05/05,8975,1555
2008/05/06,8901,1550
2008/05/07,8951,1540
2008/05/08,8900,1561
2008/05/09,8849,1555
2008/05/12,8880,1545
2008/05/13,8790,1555
2008/05/14,8740,1570
2008/05/15,8660,1584
2008/05/16,8720,1580
2008/05/19,8800,1544
2008/05/20,8800,1535
2008/05/21,8690,1540
2008/05/22,8701,1515
2008/05/23,8726,1520
2008/05/26,8745,1518
2008/05/27,8749,1500
2008/05/28,8725,1479
2008/05/29,8521,1441
2008/05/30,8310,1470
2008/06/02,8170,1461
2008/06/03,8100,1433
2008/06/04,8400,1483
2008/06/05,8499,1507
2008/06/06,8475,1448
2008/06/09,8139,1418
2008/06/10,8055,1392
2008/06/11,8000,1376
2008/06/12,8150,1384
2008/06/13,8006,1353
2008/06/17,7840,1334
2008/06/18,7801,1325
2008/06/19,7735,1321
2008/06/20,7600,1324
2008/06/23,7396,1313
2008/06/24,7280,1290
2008/06/25,7675,1305
2008/06/26,7455,1300
2008/06/27,7576,1335
2008/06/30,7630,1330
2008/07/01,7410,1309
2008/07/02,7525,1315
2008/07/03,7255,1304
2008/07/04,7276,1303
2008/07/07,7720,1348
2008/07/08,7630,1360
2008/07/09,7716,1400
2008/07/10,7680,1396
2008/07/11,7480,1372
2008/07/14,7490,1338
2008/07/15,7500,1329
2008/07/16,7993,1480
2008/07/17,8450,1550
2008/07/18,8510,1501
2008/07/21,8040,1471
2008/07/22,7830,1460
2008/07/23,8500,1550
2008/07/24,8849,1589
2008/07/25,8774,1527
2008/07/28,8750,1524
2008/07/29,8952,1600
2008/07/30,8995,1642
2008/07/31,9090,1672
2008/08/01,8622,1620
2008/08/04,8701,1628
2008/08/05,8750,1618
2008/08/06,8772,1585
2008/08/07,8704,1599
2008/08/08,8715,1578
2008/08/11,9000,1606
2008/08/12,9090,1559
2008/08/13,9000,1527
2008/08/14,8990,1546
2008/08/15,8870,1633
2008/08/18,8812,1611
2008/08/19,8449,1529
2008/08/20,8385,1510
2008/08/21,8420,1507
2008/08/22,8500,1510
2008/08/25,8532,1540
2008/08/26,8500,1524
2008/08/27,8800,1610
2008/08/28,9200,1674
2008/08/29,9000,1642
2008/09/01,8971,1650
2008/09/02,9143,1660
2008/09/03,9048,1660
2008/09/04,9069,1665
2008/09/05,9040,1656
2008/09/08,9515,1731
2008/09/09,9288,1728
2008/09/10,9350,1753
2008/09/11,8890,1669
2008/09/12,8990,1700
2008/09/15,8800,1662
2008/09/16,8767,1625
2008/09/17,8298,1581
2008/09/18,8088,1550
2008/09/19,8920,1645
2008/09/22,9230,1745
2008/09/23,8750,1625
2008/09/25,8890,1675
2008/09/26,8850,1680
2008/09/29,8580,1617
2008/09/30,9353,1671
2008/10/01,8781,1644
2008/10/02,8690,1626
2008/10/03,8700,1605
2008/10/06,7835,1475
2008/10/07,7900,1514
2008/10/08,7700,1480
2008/10/09,7700,1499
2008/10/10,7441,1452
2008/10/13,7700,1450
2008/10/14,8100,1500
2008/10/15,8000,1510
2008/10/16,7751,1438
2008/10/17,7505,1376
2008/10/20,7700,1318
2008/10/21,7490,1294
2008/10/22,7000,1197
2008/10/23,6999,1172
2008/10/24,7290,1215
2008/10/27,7050,1170
2008/10/28,7370,1220
2008/10/29,7530,1274
2008/10/30,7730,1340
2008/10/31,7700,1399
2008/11/03,7900,1416
2008/11/04,7950,1428
2008/11/05,7500,1381
2008/11/06,7370,1360
2008/11/07,7401,1364
2008/11/10,7650,1450
2008/11/11,7415,1385
2008/11/12,7450,1401
2008/11/13,7451,1375
2008/11/14,7475,1390
2008/11/17,7340,1368
2008/11/18,7379,1361
2008/11/19,7700,1410
2008/11/20,7560,1370
2008/11/21,7350,1370
2008/11/24,7450,1411
2008/11/25,8000,1500
2008/11/26,8100,1550
2008/11/27,8400,1615
2008/11/28,8658,1650
2008/12/01,8365,1650
2008/12/02,7764,1455
2008/12/03,7615,1415
2008/12/04,7960,1468
2008/12/05,8100,1524
2008/12/08,8270,1610
2008/12/09,8259,1643
2008/12/10,8349,1600
2008/12/11,8199,1511
2008/12/12,7933,1484
2008/12/15,8150,1502
2008/12/17,8719,1595
2008/12/18,9050,1690
2008/12/19,8380,1585
2008/12/22,8450,1504
2008/12/23,8450,1530
2008/12/24,8211,1560
2008/12/29,8300,1590
2008/12/30,8300,1592
2008/12/31,8300,1611
2009/01/02,8150,1578
2009/01/05,8490,1585
2009/01/06,8521,1664
2009/01/07,8500,1585
2009/01/08,8175,1540
2009/01/09,8607,1570
2009/01/12,8639,1600
2009/01/13,8401,1584
2009/01/14,8325,1570
2009/01/15,8148,1459
2009/01/16,8100,1511
2009/01/19,7730,1417
2009/01/20,7700,1415
2009/01/21,7680,1435
2009/01/22,7340,1365
2009/01/23,7200,1301
2009/01/26,7100,1330
2009/01/27,7525,1420
2009/01/28,7700,1540
2009/01/29,7150,1506
2009/01/30,7090,1490
2009/02/02,6750,1390
2009/02/03,7000,1425
2009/02/04,7231,1467
2009/02/05,7172,1423
2009/02/06,7629,1510
2009/02/09,7700,1540
2009/02/10,7684,1520
2009/02/11,7430,1485
2009/02/12,7050,1448
2009/02/13,7080,1430
2009/02/16,6950,1392
2009/02/17,6775,1320
2009/02/18,6875,1300
2009/02/19,6650,1260
2009/02/20,6300,1181
2009/02/23,6461,1210
2009/02/24,6270,1218
2009/02/25,6450,1220
2009/02/26,6717,1275
2009/02/27,6500,1205
2009/03/02,6200,1150
2009/03/03,6050,1116
2009/03/04,6015,1160
2009/03/05,6239,1140
2009/03/06,6285,1175
2009/03/09,6285,1135
2009/03/10,6975,1136
2009/03/11,7560,1187
2009/03/12,7500,1230
2009/03/13,7825,1200
2009/03/16,7699,1170
2009/03/17,7375,1128
2009/03/18,7610,1154
2009/03/19,7950,1222
2009/03/20,7698,1220
2009/03/23,8220,1268
2009/03/24,8328,1310
2009/03/25,8658,1363
2009/03/26,8110,1270
2009/03/27,7800,1250
2009/03/30,7671,1190
2009/03/31,7950,1206
2009/04/01,7890,1280
2009/04/02,8150,1330
2009/04/03,8180,1380
2009/04/06,8199,1341
2009/04/07,8000,1339
2009/04/08,7900,1302
2009/04/09,8400,1350
2009/04/14,8616,1400
2009/04/15,8675,1372
2009/04/16,8622,1320
2009/04/17,8635,1325
2009/04/20,8180,1250
2009/04/21,7900,1210
2009/04/23,8100,1275
2009/04/24,8000,1250
2009/04/28,8020,1299
2009/04/29,8070,1336
2009/04/30,8250,1305
2009/05/04,8650,1383
2009/05/05,8498,1380
2009/05/06,8340,1360
2009/05/07,8060,1321
2009/05/08,8160,1325
2009/05/11,8260,1310
2009/05/12,8320,1334
2009/05/13,8050,1300
2009/05/14,8130,1280
2009/05/15,8180,1312
2009/05/18,8450,1353
2009/05/19,8720,1390
2009/05/20,8799,1420
2009/05/21,8550,1370
2009/05/22,8560,1400
2009/05/25,8400,1352
2009/05/26,8450,1347
2009/05/27,8525,1380
2009/05/28,8321,1377
2009/05/29,8250,1365
2009/06/01,8536,1385
2009/06/02,8600,1346
2009/06/03,8510,1344
2009/06/04,8565,1354
2009/06/05,8490,1330
2009/06/08,8410,1331
2009/06/09,8360,1344
2009/06/10,8550,1355
2009/06/11,8450,1360
2009/06/12,8490,1385
2009/06/15,8580,1390
2009/06/17,8515,1358
2009/06/18,8550,1375
2009/06/19,8500,1356
2009/06/22,8271,1340
2009/06/23,8315,1329
2009/06/24,8500,1330
2009/06/25,8426,1334
2009/06/26,8700,1380
2009/06/29,9015,1400
2009/06/30,8870,1406
2009/07/01,8980,1435
2009/07/02,8830,1392
2009/07/03,8818,1424
2009/07/06,8890,1393
2009/07/07,8930,1429
2009/07/08,9061,1439
2009/07/09,9160,1450
2009/07/10,9300,1469
2009/07/13,9375,1460
2009/07/14,9375,1505
2009/07/15,9543,1539
2009/07/16,9600,1515
2009/07/17,9600,1506
2009/07/20,9585,1540
2009/07/21,9575,1545
2009/07/22,9515,1542
2009/07/23,9650,1528
2009/07/24,9700,1538
2009/07/27,9617,1526
2009/07/28,9301,1518
2009/07/29,9298,1470
2009/07/30,9405,1525
2009/07/31,9338,1517
2009/08/03,9511,1517
2009/08/04,9325,1520
2009/08/05,9240,1515
2009/08/06,9202,1526
2009/08/07,9420,1531
2009/08/11,9525,1495
2009/08/12,9570,1485
2009/08/13,9551,1485
2009/08/14,9247,1498
2009/08/17,9045,1455
2009/08/18,9400,1477
2009/08/19,9223,1468
2009/08/20,9170,1477
2009/08/21,9375,1501
2009/08/24,9750,1560
2009/08/25,9825,1558
2009/08/26,9930,1590
2009/08/27,10064,1615
2009/08/28,9935,1591
2009/08/31,10050,1588
2009/09/01,9875,1597
2009/09/02,9699,1570
2009/09/03,9560,1528
2009/09/04,9500,1535
2009/09/07,9550,1555
2009/09/08,9799,1590
2009/09/09,9750,1574
2009/09/10,9835,1555
2009/09/11,9760,1576
2009/09/14,9551,1530
2009/09/15,9550,1569
2009/09/16,9752,1570
2009/09/17,10090,1625
2009/09/18,10030,1641
2009/09/21,10100,1642
2009/09/22,10140,1655
2009/09/23,9790,1650
2009/09/25,9900,1637
2009/09/28,9915,1675
2009/09/29,9675,1627
2009/09/30,9715,1651
2009/10/01,9667,1623
2009/10/02,9450,1588
2009/10/05,9425,1591
2009/10/06,9560,1627
2009/10/07,9640,1628
2009/10/08,9610,1630
2009/10/09,9665,1630
2009/10/12,9850,1625
2009/10/13,9969,1670
2009/10/14,10400,1720
2009/10/15,10294,1715
2009/10/16,10000,1682
2009/10/19,10250,1710
2009/10/20,10169,1715
2009/10/21,10400,1765
2009/10/22,10199,1765
2009/10/23,9985,1758
2009/10/26,9845,1741
2009/10/27,9911,1730
2009/10/28,9625,1720
2009/10/29,9950,1790
2009/10/30,9820,1779
2009/11/02,9650,1725
2009/11/03,9500,1689
2009/11/04,9371,1673
2009/11/05,9525,1690
2009/11/06,9261,1635
2009/11/09,9590,1718
2009/11/10,9746,1750
2009/11/11,9775,1730
2009/11/12,9710,1758
2009/11/13,9640,1729
2009/11/16,9695,1741
2009/11/17,9675,1735
2009/11/18,9701,1746
2009/11/19,9688,1725
2009/11/20,9545,1730
2009/11/23,9695,1746
2009/11/24,9695,1780
2009/11/25,9710,1770
2009/11/26,9560,1745
2009/11/27,9680,1744
2009/11/30,9580,1737
2009/12/01,9700,1754
2009/12/02,9724,1758
2009/12/03,9719,1745
2009/12/04,9700,1770
2009/12/07,9675,1765
2009/12/08,9700,1782
2009/12/09,9850,1790
2009/12/10,10040,1810
2009/12/11,10098,1850
2009/12/14,10247,1832
2009/12/15,10200,1814
2009/12/17,10190,1834
2009/12/18,10200,1835
2009/12/21,10150,1813
2009/12/22,10215,1820
2009/12/23,10198,1822
2009/12/24,10275,1830
2009/12/28,10300,1857
2009/12/29,10076,1819
2009/12/30,10160,1815
2009/12/31,10200,1834
2010/01/04,10150,1840
2010/01/05,10395,1886
2010/01/06,10380,1892
2010/01/07,10300,1894
2010/01/08,10299,1900
2010/01/11,10250,1880
2010/01/12,10320,1865
2010/01/13,10258,1869
2010/01/14,10320,1843
2010/01/15,10425,1844
2010/01/18,10500,1858
2010/01/19,10597,1875
2010/01/20,10800,1902
2010/01/21,10800,1900
2010/01/22,10439,1870
2010/01/25,10525,1868
2010/01/26,10500,1860
2010/01/27,10550,1825
2010/01/28,10797,1850
2010/01/29,10885,1865
2010/02/01,10800,1835
2010/02/02,10701,1835
2010/02/03,10670,1839
2010/02/04,10600,1801
2010/02/05,10219,1775
2010/02/08,10339,1770
2010/02/09,10700,1825
2010/02/10,10515,1806
2010/02/11,10420,1807
2010/02/12,10370,1764
2010/02/15,10600,1829
2010/02/16,10697,1799
2010/02/17,10900,1830
2010/02/18,10855,1824
2010/02/19,10801,1800
2010/02/22,10674,1805
2010/02/23,10550,1815
2010/02/24,10580,1804
2010/02/25,10625,1810
2010/02/26,10746,1819
2010/03/01,10950,1855
2010/03/02,11100,1870
2010/03/03,11090,1890
2010/03/04,11194,1910
2010/03/05,11265,1958
2010/03/08,11440,1955
2010/03/09,11201,1935
2010/03/10,11293,1969
2010/03/11,11239,1955
2010/03/12,11450,1965
2010/03/15,11255,1966
2010/03/16,11400,1980
2010/03/17,11700,2000
2010/03/18,11800,2056
2010/03/19,11680,2045
2010/03/23,11612,2040
2010/03/24,11573,2040
2010/03/25,11580,2047
2010/03/26,11480,1989
2010/03/29,11390,1998
2010/03/30,11375,2005
2010/03/31,11460,2020
2010/04/01,11475,2020
2010/04/06,11735,2026
2010/04/07,11699,2049
2010/04/08,11525,1967
2010/04/09,11700,1995
2010/04/12,11455,1977
2010/04/13,11420,1980
2010/04/14,11550,2015
2010/04/15,11700,2012
2010/04/16,11525,2000
2010/04/19,11201,1989
2010/04/20,11360,2024
2010/04/21,11304,2015
2010/04/22,11300,1991
2010/04/23,11125,2000
2010/04/26,11548,2080
2010/04/28,11145,2000
2010/04/29,11250,2035
2010/04/30,11469,2043
2010/05/03,11550,2036
2010/05/04,11300,1999
2010/05/05,11000,1954
2010/05/06,11100,1985
2010/05/07,10400,1875
2010/05/10,10935,1985
2010/05/11,11020,2020
2010/05/12,11377,2080
2010/05/13,11349,2050
2010/05/14,10981,1990
2010/05/17,10999,1972
2010/05/18,11135,2015
2010/05/19,11000,2000
2010/05/20,10415,1900
2010/05/21,10504,1915
2010/05/24,10924,1960
2010/05/25,10415,1900
2010/05/26,10752,1956
2010/05/27,10708,1970
2010/05/28,10695,1960
2010/05/31,10560,1944
2010/06/01,10605,1944
2010/06/02,10776,1996
2010/06/03,10632,1936
2010/06/04,10400,1906
2010/06/07,10299,1860
2010/06/08,10170,1806
2010/06/09,10300,1865
2010/06/10,10395,1899
2010/06/11,10300,1857
2010/06/14,10500,1900
2010/06/15,10550,1940
2010/06/17,10500,1967
2010/06/18,10646,1895
2010/06/21,10625,1898
2010/06/22,10784,1938
2010/06/23,10670,1900
2010/06/24,10550,1900
2010/06/25,10450,1886
2010/06/28,10400,1900
2010/06/29,10466,1870
2010/06/30,10239,1806
2010/07/01,10200,1817
2010/07/02,10325,1861
2010/07/05,10400,1860
2010/07/06,10700,1908
2010/07/07,10920,1930
2010/07/08,11000,1965
2010/07/09,11087,1971
2010/07/12,11017,1960
2010/07/13,11200,2005
2010/07/14,11100,1984
2010/07/15,11010,1954
2010/07/16,11157,1980
2010/07/19,11050,1960
2010/07/20,10990,1971
2010/07/21,11300,2015
2010/07/22,11495,2052
2010/07/23,11621,2062
2010/07/26,11700,2080
2010/07/27,11700,2040
2010/07/28,11441,2035
2010/07/29,11518,2040
2010/07/30,11350,2025
2010/08/02,11450,2060
2010/08/03,11100,1992
2010/08/04,11000,1959
2010/08/05,10960,1952
2010/08/06,10750,1944
2010/08/10,10694,1905
2010/08/11,10550,1855
2010/08/12,10694,1872
2010/08/13,10350,1866
2010/08/16,10499,1876
2010/08/17,10401,1905
2010/08/18,10130,1860
2010/08/19,10293,1865
2010/08/20,10285,1845
2010/08/23,10400,1904
2010/08/24,10370,1885
2010/08/25,10075,1858
2010/08/26,10200,1875
2010/08/27,10154,1857
2010/08/30,10350,1885
2010/08/31,10453,1933
2010/09/01,10695,2014
2010/09/02,10682,1981
2010/09/03,10700,1995
2010/09/06,10512,1993
2010/09/07,10260,1950
2010/09/08,10361,1976
2010/09/09,10260,1996
2010/09/10,10340,2019
2010/09/13,10590,2055
2010/09/14,10400,2017
2010/09/15,10631,2021
2010/09/16,10410,2010
2010/09/17,10490,2000
2010/09/20,10737,2030
2010/09/21,10700,2050
2010/09/22,10590,2050
2010/09/23,10555,2062
2010/09/27,10834,2101
2010/09/28,10900,2092
2010/09/29,10889,2118
2010/09/30,11100,2146
2010/10/01,10865,2108
2010/10/04,10891,2115
2010/10/05,10969,2131
2010/10/06,10911,2117
2010/10/07,10838,2082
2010/10/08,10875,2098
2010/10/11,10800,2054
2010/10/12,10729,2069
2010/10/13,11098,2111
2010/10/14,11049,2085
2010/10/15,10920,2070
2010/10/18,10922,2066
2010/10/19,10741,2072
2010/10/20,10700,2070
2010/10/21,10715,2087
2010/10/22,10531,2065
2010/10/25,10550,2038
2010/10/26,10460,2040
2010/10/27,10375,2015
2010/10/28,10323,2042
2010/10/29,10330,2061
2010/11/01,10450,2093
2010/11/02,10418,2095
2010/11/03,10420,2140
2010/11/04,10550,2200
2010/11/05,10490,2230
2010/11/08,10525,2210
2010/11/09,10592,2230
2010/11/10,10505,2195
2010/11/11,10321,2196
2010/11/12,10518,2253
2010/11/15,10500,2247
2010/11/16,10400,2229
2010/11/17,10771,2220
2010/11/18,10614,2157
2010/11/19,10556,2123
2010/11/22,10525,2125
2010/11/23,10469,2081
2010/11/24,10480,2119
2010/11/25,10495,2115
2010/11/26,10529,2102
2010/11/29,10380,2050
2010/11/30,10203,2005
2010/12/01,10351,2029
2010/12/02,10188,2044
2010/12/03,10128,2084
2010/12/06,10145,1864
2010/12/07,10116,1860
2010/12/08,10155,1843
2010/12/09,10200,1875
2010/12/10,10271,1842
2010/12/13,10250,1830
2010/12/14,10250,1865
2010/12/15,10543,1880
2010/12/17,10500,1857
2010/12/20,10407,1870
2010/12/21,10590,1899
2010/12/22,10610,1910
2010/12/23,10685,1921
2010/12/24,10650,1911
2010/12/28,10615,1930
2010/12/29,10630,1935
2010/12/30,10750,1949
2010/12/31,10755,1951
2011/01/03,10950,1971
2011/01/04,10932,1989
2011/01/05,10931,2000
2011/01/06,11000,2015
2011/01/07,10790,1998
2011/01/10,10638,1996
2011/01/11,10800,2059
2011/01/12,10843,2090
2011/01/13,10856,2105
2011/01/14,10700,2081
2011/01/17,10660,2037
2011/01/18,10699,2031
2011/01/19,10550,2000
2011/01/20,10400,1995
2011/01/21,10633,1995
2011/01/24,10580,1984
2011/01/25,10554,1992
2011/01/26,10560,1986
2011/01/27,10785,2000
2011/01/28,10560,1955
2011/01/31,10522,1949
2011/02/01,10450,1963
2011/02/02,10625,1990
2011/02/03,10725,2002
2011/02/04,10642,1963
2011/02/07,10399,1935
2011/02/08,10300,1930
2011/02/09,10300,1912
2011/02/10,10119,1893
2011/02/11,10369,1945
2011/02/14,10287,1973
2011/02/15,10185,1975
2011/02/16,10175,2001
2011/02/17,10185,2005
2011/02/18,10193,1990
2011/02/21,10265,2005
2011/02/22,10140,1970
2011/02/23,9950,1937
2011/02/24,9870,1901
2011/02/25,10000,1951
2011/02/28,9985,1959
2011/03/01,9885,1930
2011/03/02,9924,1929
2011/03/03,9880,1936
2011/03/04,9870,1942
2011/03/07,9918,1906
2011/03/08,9775,1930
2011/03/09,9750,1934
2011/03/10,9610,1890
2011/03/11,9733,1903
2011/03/14,9765,1898
2011/03/15,9497,1828
2011/03/16,9650,1857
2011/03/17,9734,1911
2011/03/18,9737,1870
2011/03/22,9837,1868
2011/03/23,9880,1919
2011/03/24,9900,1945
2011/03/25,9930,1928
2011/03/28,9980,1890
2011/03/29,10236,1929
2011/03/30,10475,1990
2011/03/31,10400,2010
2011/04/01,10551,2038
2011/04/04,10390,2035
2011/04/05,10418,2052
2011/04/06,10420,2065
2011/04/07,10437,2045
2011/04/08,10199,2028
2011/04/11,10130,2030
2011/04/12,10103,2018
2011/04/13,10048,2027
2011/04/14,10050,1986
2011/04/15,9900,1939
2011/04/18,9623,1902
2011/04/19,9754,1935
2011/04/20,10020,1995
2011/04/21,10055,2010
2011/04/26,10225,2050
2011/04/28,10176,2060
2011/04/29,10303,2066
2011/05/03,10223,2008
2011/05/04,10051,1972
2011/05/05,9834,1970
2011/05/06,10049,2009
2011/05/09,9915,1993
2011/05/10,10129,2008
2011/05/11,9963,1999
2011/05/12,9864,1970
2011/05/13,9980,1980
2011/05/16,10035,2008
2011/05/17,9959,1985
2011/05/19,9989,2001
2011/05/20,9986,1981
2011/05/23,9835,1941
2011/05/24,10020,2000
2011/05/25,9920,1975
2011/05/26,10050,2000
2011/05/27,10225,2021
2011/05/30,10190,2025
2011/05/31,10250,2050
2011/06/01,10130,2027
2011/06/02,9995,2018
2011/06/03,9905,1980
2011/06/06,9850,1978
2011/06/07,9930,1980
2011/06/08,9899,1979
2011/06/09,9811,1978
2011/06/10,9720,1949
2011/06/13,9695,1962
2011/06/14,9535,1956
2011/06/15,9649,1940
2011/06/17,9605,1938
2011/06/20,9673,1924
2011/06/21,9780,1935
2011/06/22,9635,1910
2011/06/23,9600,1884
2011/06/24,9714,1921
2011/06/27,9723,1902
2011/06/28,9899,1934
2011/06/29,9999,1982
2011/06/30,9997,1985
2011/07/01,10100,1980
2011/07/04,10119,1979
2011/07/05,10220,2020
2011/07/06,10100,2020
2011/07/07,10146,2005
2011/07/08,10077,1950
2011/07/11,10000,1940
2011/07/12,10091,1940
2011/07/13,10149,1945
2011/07/14,10199,1970
2011/07/15,10085,1976
2011/07/18,9925,1947
2011/07/19,9900,1960
2011/07/20,9881,1971
2011/07/21,10006,1979
2011/07/22,9760,1951
2011/07/25,9890,1980
2011/07/26,9850,1959
2011/07/27,9715,1960
2011/07/28,9705,1950
2011/07/29,9735,1927
2011/08/01,9700,1953
2011/08/02,9645,1922
2011/08/03,9545,1898
2011/08/04,9360,1837
2011/08/05,9374,1867
2011/08/08,9029,1790
2011/08/10,9050,1806
2011/08/11,9450,1881
2011/08/12,9554,1917
2011/08/15,9690,1936
2011/08/16,9416,1917
2011/08/17,9592,1937
2011/08/18,9249,1900
2011/08/19,9509,1927
2011/08/22,9501,1949
2011/08/23,9500,1901
2011/08/24,9634,1937
2011/08/25,9310,1931
2011/08/26,9449,1930
2011/08/29,9883,2029
2011/08/30,9845,1999
2011/08/31,9980,2022
2011/09/01,10001,2038
2011/09/02,9675,1997
2011/09/05,9554,1986
2011/09/06,9207,1930
2011/09/07,9676,2015
2011/09/08,9750,2091
2011/09/09,9511,2050
2011/09/12,9430,2005
2011/09/13,9600,2060
2011/09/14,9718,2094
2011/09/15,9879,2096
2011/09/16,9668,2060
2011/09/19,9589,2032
2011/09/20,9591,2025
2011/09/21,9725,2043
2011/09/22,9371,2006
2011/09/23,9286,1964
2011/09/26,9246,1965
2011/09/27,9576,2039
2011/09/28,9612,2031
2011/09/29,9265,1970
2011/09/30,9279,1960
2011/10/03,9359,1979
2011/10/04,9262,1931
2011/10/05,9302,1981
2011/10/06,9412,2020
2011/10/07,9624,2065
2011/10/10,9700,1985
2011/10/11,9650,2010
2011/10/12,9658,2014
2011/10/13,9735,2004
2011/10/14,9760,1989
2011/10/17,9703,1996
2011/10/18,9634,1960
2011/10/19,9600,1925
2011/10/20,9555,1905
2011/10/21,9600,1975
2011/10/24,9724,1939
2011/10/25,9775,1990
2011/10/26,9735,1951
2011/10/27,9807,1974
2011/10/28,9940,1980
2011/10/31,9780,1974
2011/11/01,9694,1926
2011/11/02,9640,1955
2011/11/03,9616,1958
2011/11/04,9401,1935
2011/11/07,9704,1985
2011/11/08,9670,1984
2011/11/09,9480,1952
2011/11/10,9574,1956
2011/11/11,9516,1962
2011/11/14,9515,1955
2011/11/15,9545,1981
2011/11/16,9660,1988
2011/11/17,9600,1982
2011/11/18,9425,1935
2011/11/21,9249,1890
2011/11/22,9338,1920
2011/11/23,9307,1911
2011/12/02,9307,1911
2011/12/05,9307,1911
2011/12/06,9307,1911
2011/12/07,9307,1911
2011/12/08,9307,1911
2011/12/09,9307,1911
2011/12/12,9307,1911
2011/12/13,9799,2048
2011/12/14,9676,2017
2011/12/15,9843,2076
2011/12/19,9764,2050
2011/12/20,9566,2059
2011/12/21,9600,2025
2011/12/22,9770,2070
2011/12/23,9775,2075
2011/12/28,10017,2105
2011/12/29,9990,2089
2011/12/30,9875,2074
2012/01/03,10041,2129
2012/01/04,10100,2105
2012/01/05,9990,2120
2012/01/06,10069,2140
2012/01/09,10000,2133
2012/01/10,10050,2135
2012/01/11,10044,2135
2012/01/12,10100,2177
2012/01/13,10150,2173
2012/01/16,10250,2172
2012/01/17,10265,2190
2012/01/18,10325,2235
2012/01/19,10554,2269
2012/01/20,10600,2280
2012/01/23,10750,2285
2012/01/24,10600,2266
2012/01/25,10530,2220
2012/01/26,10616,2241
2012/01/27,10650,2264
2012/01/30,10627,2238
2012/01/31,10716,2255
2012/02/01,10720,2290
2012/02/02,10870,2300
2012/02/03,10950,2320
2012/02/06,10802,2275
2012/02/07,10855,2284
2012/02/08,10936,2299
2012/02/09,10990,2329
2012/02/10,10844,2285
2012/02/13,11000,2287
2012/02/14,11025,2265
2012/02/15,11001,2285
2012/02/16,10870,2264
2012/02/17,10974,2294
2012/02/20,11035,2290
2012/02/21,11020,2302
2012/02/22,10896,2273
2012/02/23,11001,2348
2012/02/24,11048,2474
2012/02/27,10885,2396
2012/02/28,10975,2425
2012/02/29,11056,2390
2012/03/01,11110,2463
2012/03/02,10990,2445
2012/03/05,10899,2440
2012/03/06,10770,2389
2012/03/07,10799,2391
2012/03/08,10890,2424
2012/03/09,10948,2426
2012/03/12,10900,2433
2012/03/13,11001,2460
2012/03/14,11110,2485
2012/03/15,11295,2487
2012/03/16,11355,2400
2012/03/19,11250,2375
2012/03/20,11190,2360
2012/03/22,11060,2329
2012/03/23,11189,2337
2012/03/26,11108,2369
2012/03/27,11249,2416
2012/03/28,11126,2418
2012/03/29,11034,2400
2012/03/30,11136,2370
2012/04/02,11250,2390
2012/04/03,11350,2406
2012/04/04,11024,2356
2012/04/05,11125,2360
2012/04/10,11260,2383
2012/04/11,11190,2370
2012/04/12,11115,2390
2012/04/13,11200,2389
2012/04/16,11205,2360
2012/04/17,11290,2361
2012/04/18,11375,2412
2012/04/19,11270,2390
2012/04/20,11331,2470
2012/04/23,11100,2413
2012/04/24,11098,2431
2012/04/25,11124,2477
2012/04/26,11278,2511
2012/04/30,11475,2527
2012/05/02,11365,2566
2012/05/03,11687,2610
2012/05/04,11690,2607
2012/05/07,11575,2597
2012/05/08,11514,2582
2012/05/09,11449,2561
2012/05/10,11621,2620
2012/05/11,11710,2614
2012/05/14,11410,2580
2012/05/15,11364,2560
2012/05/16,11487,2594
2012/05/17,11505,2600
2012/05/18,11320,2500
2012/05/21,11300,2485
2012/05/22,11409,2530
2012/05/23,11309,2480
2012/05/24,11310,2506
2012/05/25,11300,2500
2012/05/28,11300,2497
2012/05/29,11556,2556
2012/05/30,11351,2525
2012/05/31,11400,2575
2012/06/01,11480,2571
2012/06/04,11550,2597
2012/06/05,11515,2605
2012/06/06,11603,2624
2012/06/07,11745,2695
2012/06/08,11631,2684
2012/06/11,11329,2643
2012/06/12,11446,2690
2012/06/13,11561,2690
2012/06/14,11370,2675
2012/06/15,11222,2644
2012/06/18,11483,2696
2012/06/19,11648,2760
2012/06/20,11750,2779
2012/06/21,11800,2782
2012/06/22,11816,2785
2012/06/25,11500,2763
2012/06/26,11276,2699
2012/06/27,11201,2716
2012/06/28,10980,2640
2012/06/29,11054,2639
2012/07/02,11100,2690
2012/07/03,11320,2730
2012/07/04,11278,2699
2012/07/05,11425,2682
2012/07/06,11311,2698
2012/07/09,11440,2669
2012/07/10,11366,2700
2012/07/11,11237,2710
2012/07/12,11200,2681
2012/07/13,11166,2655
2012/07/16,11247,2710
2012/07/17,11176,2738
2012/07/18,11325,2772
2012/07/19,11200,2753
2012/07/20,11075,2717
2012/07/23,11008,2697
2012/07/24,11127,2691
2012/07/25,11186,2703
2012/07/26,11180,2700
2012/07/27,11585,2765
2012/07/30,11681,2835
2012/07/31,11401,2764
2012/08/01,11555,2785
2012/08/02,11510,2790
2012/08/03,11795,2900
2012/08/06,11800,2890
2012/08/07,11670,2862
2012/08/08,11733,2840
2012/08/10,11711,2825
2012/08/13,11682,2815
2012/08/14,11759,2860
2012/08/15,11619,2815
2012/08/16,11343,2779
2012/08/17,11250,2736
2012/08/20,11085,2730
2012/08/21,11129,2765
2012/08/22,11075,2770
2012/08/23,11145,2749
2012/08/24,11157,2763
2012/08/27,11200,2782
2012/08/28,11115,2803
2012/08/29,11192,2803
2012/08/30,10955,2738
2012/08/31,11100,2745
2012/09/03,11175,2738
2012/09/04,11080,2771
2012/09/05,10975,2783
2012/09/06,11200,2808
2012/09/07,11190,2766
2012/09/10,10601,2725
2012/09/11,10595,2755
2012/09/12,10615,2735
2012/09/13,10439,2659
2012/09/14,10240,2562
2012/09/17,10395,2550
2012/09/18,10499,2637
2012/09/19,10450,2700
2012/09/20,10425,2705
2012/09/21,10550,2732
2012/09/25,10745,2765
2012/09/26,10613,2745
2012/09/27,10550,2753
2012/09/28,10563,2789
2012/10/01,10563,2789
2012/10/02,10600,2800
2012/10/03,10480,2830
2012/10/04,10420,2842
2012/10/05,10335,2739
2012/10/08,10200,2590
2012/10/09,10179,2600
2012/10/10,10370,2652
2012/10/11,10505,2680
2012/10/12,10476,2705
2012/10/15,10525,2701
2012/10/16,10589,2770
2012/10/17,10630,2802
2012/10/18,10460,2753
2012/10/19,10453,2702
2012/10/22,10641,2769
2012/10/23,10580,2778
2012/10/24,10660,2808
2012/10/25,10700,2812
2012/10/26,10658,2796
2012/10/29,10549,2843
2012/10/30,10750,2855
2012/10/31,10711,2878
2012/11/01,10700,2900
2012/11/02,10850,2950
2012/11/05,10845,2940
2012/11/06,10999,3019
2012/11/07,10940,3030
2012/11/08,11101,3030
2012/11/09,10800,2989
2012/11/12,10750,2995
2012/11/13,10626,2990
2012/11/14,10605,3037
2012/11/15,10590,2962
2012/11/16,10606,3010
2012/11/19,10786,3046
2012/11/21,10682,2956
2012/11/22,10663,2963
2012/11/23,10615,2938
2012/11/24,10615,2938
2012/11/25,10615,2938
2012/11/26,10575,2893
2012/11/27,10524,2879
2012/11/28,10537,2915
2012/11/29,10543,2963
2012/11/30,10515,2905
2012/12/03,10637,2960
2012/12/04,10569,2974
2012/12/05,10801,3036
2012/12/06,10852,3026
2012/12/07,10805,3036
2012/12/10,10712,3080
2012/12/11,10898,3058
2012/12/12,10970,3039
2012/12/13,11125,3008
2012/12/14,11408,2970
2012/12/18,11515,3007
2012/12/19,11699,3035
2012/12/20,11927,3133
2012/12/21,11939,3066
2012/12/24,11854,3067
2012/12/27,12030,3100
2012/12/28,11900,3095
2012/12/31,11888,3100
2013/01/02,11943,3127
2013/01/03,11975,3140
2013/01/04,11993,3157
2013/01/07,11960,3211
2013/01/08,11967,3216
2013/01/09,11870,3198
2013/01/10,11853,3164
2013/01/11,11750,3175
2013/01/14,11915,3170
2013/01/15,11850,3089
2013/01/16,11740,3180
2013/01/17,11880,3250
2013/01/18,11712,3300
2013/01/21,11927,3309
2013/01/22,11864,3300
2013/01/23,11783,3261
2013/01/24,11695,3248
2013/01/25,11721,3305
2013/01/28,11875,3289
2013/01/29,11735,3333
2013/01/30,11625,3296
2013/01/31,11667,3225
2013/02/01,11650,3185
2013/02/04,11726,3119
2013/02/05,11944,3170
2013/02/06,11652,3178
2013/02/07,11895,3181
2013/02/08,11875,3178
2013/02/11,11780,3180
2013/02/12,11760,3170
2013/02/13,11880,3160
2013/02/14,11951,3149
2013/02/15,11820,3095
2013/02/18,11845,3103
2013/02/19,11899,3135
2013/02/20,11951,3110
2013/02/21,11900,3077
2013/02/22,11790,3050
2013/02/25,11825,3073
2013/02/26,11716,3030
2013/02/27,11525,2992
2013/02/28,11649,3085
2013/03/01,11810,3140
2013/03/04,11559,3083
2013/03/05,11835,3220
2013/03/06,11650,3126
2013/03/07,11551,3133
2013/03/08,11770,3145
2013/03/11,11900,3134
2013/03/12,11760,3086
2013/03/13,11452,3022
2013/03/14,11625,3058
2013/03/15,11375,3023
2013/03/18,11370,3061
2013/03/19,11624,3106
2013/03/20,11689,3132
2013/03/22,11685,3199
2013/03/25,11806,3230
2013/03/26,11966,3253
2013/03/27,11860,3225
2013/03/28,11839,3220
2013/04/02,11945,3285
2013/04/03,11750,3252
2013/04/04,11705,3240
2013/04/05,11650,3180
2013/04/08,11535,3200
2013/04/09,11450,3200
2013/04/10,11600,3207
2013/04/11,11646,3206
2013/04/12,11501,3200
2013/04/15,11017,3116
2013/04/16,11198,3140
2013/04/17,10823,3070
2013/04/18,10920,3091
2013/04/19,11035,3116
2013/04/22,11100,3096
2013/04/23,11202,3130
2013/04/24,11221,3083
2013/04/25,11251,3080
2013/04/26,11227,3095
2013/04/29,11275,3083
2013/04/30,11210,3118
2013/05/02,11290,3136
2013/05/03,11198,3100
2013/05/06,11180,3081
2013/05/07,11311,3138
2013/05/08,11375,3200
2013/05/09,11485,3201
2013/05/10,11550,3160
2013/05/13,11490,3152
2013/05/14,11480,3150
2013/05/15,11450,3175
2013/05/16,11479,3191
2013/05/17,11381,3142
2013/05/20,11018,3085
2013/05/21,11225,3165
2013/05/22,11345,3111
2013/05/23,11115,3014
2013/05/24,11100,3012
2013/05/27,11129,3010
2013/05/28,11308,3035
2013/05/29,11000,2974
2013/05/30,11170,2971
2013/05/31,11186,2950
2013/06/03,10950,2825
2013/06/04,11140,2815
2013/06/05,11032,2771
2013/06/06,10860,2700
2013/06/07,10990,2725
2013/06/10,10810,2700
2013/06/11,10600,2637
2013/06/12,10604,2650
2013/06/13,10570,2655
2013/06/14,10545,2743
2013/06/18,10973,2819
2013/06/19,10750,2823
2013/06/20,10532,2724
2013/06/21,10740,2740
2013/06/24,10521,2726
2013/06/25,10636,2780
2013/06/26,11035,2875
2013/06/27,11085,2880
2013/06/28,11148,2893
2013/07/01,11150,2949
2013/07/02,11202,2940
2013/07/03,10779,2830
2013/07/04,10930,2898
2013/07/05,10567,2809
2013/07/08,10651,2845
2013/07/09,10780,2880
2013/07/10,10600,2800
2013/07/11,10783,2855
2013/07/12,10885,2894
2013/07/15,10954,2906
2013/07/16,10764,2840
2013/07/17,10933,2845
2013/07/18,10856,2876
2013/07/19,10816,2855
2013/07/22,10850,2877
2013/07/23,11086,2926
2013/07/24,11055,2880
2013/07/25,10910,2899
2013/07/26,10820,2874
2013/07/29,10950,2925
2013/07/30,10930,2860
2013/07/31,11051,2966
2013/08/01,11298,2945
2013/08/02,11300,2950
2013/08/05,11400,2956
2013/08/06,11311,2980
2013/08/07,11350,2976
2013/08/08,11309,3010
2013/08/12,11320,3042
2013/08/13,11425,3077
2013/08/14,11585,3122
2013/08/15,11395,3085
2013/08/16,11523,3105
2013/08/19,11400,3036
2013/08/20,11408,3050
2013/08/21,11316,3020
2013/08/22,11446,3020
2013/08/23,11525,3000
2013/08/26,11550,3035
2013/08/27,11448,3055
2013/08/28,11250,2975
2013/08/29,11385,3014
2013/08/30,11450,3007
2013/09/02,11509,3055
2013/09/03,11563,3074
2013/09/04,11411,3060
2013/09/05,11550,3108
2013/09/06,11588,3136
2013/09/09,11301,3130
2013/09/10,11332,3230
2013/09/11,11475,3275
2013/09/12,11615,3356
2013/09/13,11723,3340
2013/09/16,11650,3310
2013/09/17,11840,3370
2013/09/18,11666,3322
2013/09/19,12100,3450
2013/09/20,11957,3440
2013/09/23,12005,3410
2013/09/25,12130,3470
2013/09/26,12165,3445
2013/09/27,12080,3392
2013/09/30,11988,3350
2013/10/01,11986,3436
2013/10/02,11932,3415
2013/10/03,12166,3450
2013/10/04,12242,3446
2013/10/07,12253,3389
2013/10/08,12160,3358
2013/10/09,12000,3322
2013/10/10,12200,3422
2013/10/11,12230,3420
2013/10/14,12235,3475
2013/10/15,12440,3548
2013/10/16,12750,3585
2013/10/17,12620,3572
2013/10/18,12700,3570
2013/10/21,12769,3582
2013/10/22,12567,3545
2013/10/23,12560,3533
2013/10/24,12427,3551
2013/10/25,12450,3517
2013/10/28,12673,3600
2013/10/29,12750,3600
2013/10/30,12740,3619
2013/10/31,12752,3600
2013/11/01,12694,3543
2013/11/04,12540,3536
2013/11/05,12351,3479
2013/11/06,12459,3445
2013/11/07,12450,3428
2013/11/08,12451,3320
2013/11/11,12439,3320
2013/11/12,12505,3328
2013/11/13,12175,3286
2013/11/14,12257,3290
2013/11/15,12273,3300
2013/11/18,12325,3360
2013/11/19,12225,3310
2013/11/20,12377,3325
2013/11/21,12236,3300
2013/11/22,12117,3280
2013/11/25,12157,3300
2013/11/26,11925,3185
2013/11/27,12011,3300
2013/11/28,12200,3358
2013/11/29,12065,3381
2013/12/02,12200,3385
2013/12/03,11976,3280
2013/12/04,11972,3290
2013/12/05,12015,3313
2013/12/06,12288,3405
2013/12/09,12399,3425
2013/12/10,12249,3386
2013/12/11,12299,3379
2013/12/12,12115,3270
2013/12/13,12002,3292
2013/12/17,12300,3350
2013/12/18,12159,3342
2013/12/19,12500,3400
2013/12/20,12749,3399
2013/12/23,12705,3386
2013/12/24,12850,3404
2013/12/27,12859,3474
2013/12/30,13019,3542
2013/12/31,12942,3589
2014/01/02,13031,3571
2014/01/03,12853,3550
2014/01/06,12630,3462
2014/01/07,12886,3500
2014/01/08,12792,3445
2014/01/09,12695,3378
2014/01/10,12753,3385
2014/01/13,13025,3432
2014/01/14,12850,3375
2014/01/15,12800,3400
2014/01/16,12751,3380
2014/01/17,12645,3343
2014/01/20,12570,3330
2014/01/21,12455,3400
2014/01/22,12725,3421
2014/01/23,12712,3400
2014/01/24,12295,3289
2014/01/27,12050,3271
2014/01/28,12196,3275
2014/01/29,11801,3200
2014/01/30,11501,3102
2014/01/31,11695,3112
2014/02/03,11595,3048
2014/02/04,11417,3055
2014/02/05,11416,3041
2014/02/06,11585,3067
2014/02/07,11800,3145
2014/02/10,11709,3125
2014/02/11,11560,3105
2014/02/12,11770,3161
2014/02/13,11629,3140
2014/02/14,11896,3180
2014/02/17,12066,3228
2014/02/18,11900,3213
2014/02/19,11920,3237
2014/02/20,11910,3215
2014/02/21,11850,3277
2014/02/24,12412,3405
2014/02/25,12546,3441
2014/02/26,12244,3391
2014/02/27,12174,3374
2014/02/28,12321,3417
2014/03/03,12125,3449
2014/03/04,12301,3501
2014/03/05,12455,3499
2014/03/06,12687,3539
2014/03/07,12800,3541
2014/03/10,12565,3500
2014/03/11,12453,3511
2014/03/12,12313,3435
2014/03/13,12297,3441
2014/03/14,12429,3440
2014/03/17,12920,3460
2014/03/18,12804,3451
2014/03/19,12805,3480
2014/03/20,12688,3480
2014/03/24,12945,3442
2014/03/25,13281,3560
2014/03/26,13650,3665
2014/03/27,13589,3606
2014/03/28,13900,3590
2014/03/31,13880,3610
2014/04/01,14010,3610
2014/04/02,14050,3640
2014/04/03,13940,3655
2014/04/04,14000,3740
2014/04/07,14026,3809
2014/04/08,14370,3875
2014/04/09,13999,3812
2014/04/10,14197,3804
2014/04/11,14090,3716
2014/04/14,13896,3755
2014/04/15,13600,3744
2014/04/16,13690,3749
2014/04/17,13890,3800
2014/04/22,13976,3844
2014/04/23,13854,3834
2014/04/24,13816,3870
2014/04/25,13993,3907
2014/04/29,13850,3886
2014/04/30,13808,3866
2014/05/02,14100,3936
2014/05/05,13900,3890
2014/05/06,13950,3910
2014/05/08,14255,3950
2014/05/09,14379,3905
2014/05/12,14372,3915
2014/05/13,14437,3950
2014/05/14,14500,3946
2014/05/15,14300,3920
2014/05/16,14116,3900
2014/05/19,14250,3955
2014/05/20,14224,3960
2014/05/21,14200,3940
2014/05/22,14388,3980
2014/05/23,14500,4025
2014/05/26,14350,4019
2014/05/27,14240,3934
2014/05/28,14200,3963
2014/05/29,14300,3985
2014/05/30,14165,3983
2014/06/02,14140,4001
2014/06/03,14050,3966
2014/06/04,14200,3965
2014/06/05,14432,3970
2014/06/06,14600,4030
2014/06/09,14550,4030
2014/06/10,14800,4077
2014/06/11,14700,4060
2014/06/12,14685,4092
2014/06/13,14674,4043
2014/06/17,14600,4110
2014/06/18,14410,3986
2014/06/19,14710,4034
2014/06/20,14626,4096
2014/06/23,14701,4087
2014/06/24,14694,4120
2014/06/25,14480,4049
2014/06/26,14481,4040
2014/06/27,14379,4028
2014/06/30,14500,4075
2014/07/01,14570,4100
2014/07/02,14570,4082
2014/07/03,14419,4044
2014/07/04,14464,4077
2014/07/07,14562,4055
2014/07/08,14600,4093
2014/07/09,14698,4129
2014/07/10,14450,4075
2014/07/11,14614,4113
2014/07/14,14530,4142
2014/07/15,14524,4153
2014/07/16,14665,4268
2014/07/17,14610,4250
2014/07/18,14600,4258
2014/07/21,14498,4248
2014/07/22,14546,4315
2014/07/23,14655,4350
2014/07/24,14767,4318
2014/07/25,14728,4266
2014/07/28,14900,4377
2014/07/29,14930,4433
2014/07/30,14600,4288
2014/07/31,14474,4325
2014/08/01,14450,4363
2014/08/04,14695,4458
2014/08/05,14621,4423
2014/08/06,14375,4358
2014/08/07,14333,4331
2014/08/08,14445,4342
2014/08/11,14641,4423
2014/08/12,14650,4439
2014/08/13,14586,4419
2014/08/14,14085,4415
2014/08/15,13913,4310
2014/08/18,13951,4295
2014/08/19,13995,4331
2014/08/20,13780,4274
2014/08/21,13929,4350
2014/08/22,13810,4346
2014/08/25,13850,4362
2014/08/26,13891,4375
2014/08/27,13900,4325
2014/08/28,13795,4344
2014/08/29,13800,4325
2014/09/01,13793,4350
2014/09/02,13880,4439
2014/09/03,13943,4457
2014/09/04,14050,4530
2014/09/05,14000,4585
2014/09/08,13793,4661
2014/09/09,13648,4528
2014/09/10,13698,4520
2014/09/11,13503,4436
2014/09/12,13349,4398
2014/09/15,13360,4325
2014/09/16,13642,4400
2014/09/17,13870,4414
2014/09/18,13974,4472
2014/09/19,13938,4513
2014/09/22,13600,4360
2014/09/23,13371,4339
2014/09/25,13230,4230
2014/09/26,13201,4314
2014/09/29,13123,4301
2014/09/30,13065,4302
2014/10/01,13035,4280
2014/10/02,12801,4215
2014/10/03,12995,4260
2014/10/06,13015,4245
2014/10/07,12850,4186
2014/10/08,12675,4140
2014/10/09,12894,4144
2014/10/10,12750,4080
2014/10/13,12801,4140
2014/10/14,12917,4213
2014/10/15,12543,4121
2014/10/16,12693,4232
2014/10/17,12929,4310
2014/10/20,12797,4271
2014/10/21,12940,4349
2014/10/22,12910,4330
2014/10/23,13014,4329
2014/10/24,12895,4340
2014/10/27,12988,4354
2014/10/28,13150,4504
2014/10/29,13371,4610
2014/10/30,13531,4590
2014/10/31,13875,4720
2014/11/03,13830,4760
2014/11/04,13590,4720
2014/11/05,13246,4672
2014/11/06,13424,4689
2014/11/07,13300,4640
2014/11/10,13401,4720
2014/11/11,13381,4780
2014/11/12,13643,4835
2014/11/13,13840,4867
2014/11/14,13689,4875
2014/11/17,13757,4882
2014/11/18,13860,4895
2014/11/19,13790,4846
2014/11/20,13714,4780
2014/11/21,13996,4981
2014/11/24,13890,4997
2014/11/25,13878,4973
2014/11/26,13713,4978
2014/11/27,13810,4999
2014/11/28,13620,4970
2014/12/01,13350,4865
2014/12/02,13559,4900
2014/12/03,13850,4915
2014/12/04,13845,4830
2014/12/05,14060,4897
2014/12/08,14251,4968
2014/12/09,13950,4875
2014/12/10,13900,4915
2014/12/11,13670,4858
2014/12/12,13655,4771
2014/12/15,13570,4699
2014/12/17,13647,4662
2014/12/18,14402,4983
2014/12/19,14157,4900
2014/12/22,14091,4977
2014/12/23,14388,5014
2014/12/24,14200,4950
2014/12/29,14441,5100
2014/12/30,14351,5014
2014/12/31,14348,5057
2015/01/02,14226,5002
2015/01/05,13526,4772
2015/01/06,14060,4868
2015/01/07,14384,4965
2015/01/08,14600,5031
2015/01/09,14283,4899
2015/01/12,14175,4821
2015/01/13,14600,4963
2015/01/14,14010,4843
2015/01/15,13943,4892
2015/01/16,14024,4825
2015/01/19,14075,4774
2015/01/20,14195,4834
2015/01/21,14275,4776
2015/01/22,14555,4850
2015/01/23,14500,4903
2015/01/26,14750,4975
2015/01/27,15004,5128
2015/01/28,15315,5243
2015/01/29,15320,5138
2015/01/30,15462,5208
2015/02/02,15315,5160
2015/02/03,16038,5250
2015/02/04,15830,5145
2015/02/05,15311,5160
2015/02/06,15425,5188
2015/02/09,15336,5190
2015/02/10,15175,5190
2015/02/11,15070,5144
2015/02/12,15253,5249
2015/02/13,15403,5249
2015/02/16,15300,5299
2015/02/17,15301,5285
2015/02/18,15325,5263
2015/02/19,15409,5250
2015/02/20,15532,5205
2015/02/23,15491,5235
2015/02/24,15481,5305
2015/02/25,15673,5337
2015/02/26,15697,5405
2015/02/27,15251,5350
2015/03/02,15125,5323
2015/03/03,14978,5271
2015/03/04,14890,5282
2015/03/05,15696,5398
2015/03/06,15703,5458
2015/03/09,15665,5370
2015/03/10,15600,5260
2015/03/11,15435,5290
2015/03/12,15407,5505
2015/03/13,15355,5448
2015/03/16,15640,5502
2015/03/17,15890,5460
2015/03/18,16105,5449
2015/03/19,16150,5365
2015/03/20,16111,5396
2015/03/23,16470,5365
2015/03/24,16991,5495
2015/03/25,16850,5487
2015/03/26,16673,5447
2015/03/27,16700,5455
2015/03/30,16850,5592
2015/03/31,16800,5584
2015/04/01,16765,5598
2015/04/02,16800,5632
2015/04/07,17001,5712
2015/04/08,17099,5720
2015/04/09,17215,5765
2015/04/10,17390,5728
2015/04/13,17335,5720
2015/04/14,17453,5735
2015/04/15,17519,5715
2015/04/16,17625,5750
2015/04/17,17500,5690
2015/04/20,17195,5729
2015/04/21,17271,5749
2015/04/22,17418,5750
2015/04/23,17499,5800
2015/04/24,17499,5759
2015/04/28,17580,5720
2015/04/29,17254,5649
2015/04/30,17460,5683
2015/05/04,17221,5652
2015/05/05,17400,5630
2015/05/06,17239,5472
2015/05/07,17044,5418
2015/05/08,17129,5463
2015/05/11,17003,5452
2015/05/12,16964,5447
2015/05/13,16880,5420
2015/05/14,16666,5361
2015/05/15,16947,5392
2015/05/18,17084,5477
2015/05/19,17147,5507
2015/05/20,17000,5470
2015/05/21,16750,5452
2015/05/22,16806,5455
2015/05/25,16868,5452
2015/05/26,16350,5350
2015/05/27,16344,5343
2015/05/28,16400,5305
2015/05/29,15810,5200
2015/06/01,16011,5200
2015/06/02,15872,5250
2015/06/03,15670,5164
2015/06/04,15482,5160
2015/06/05,15626,5140
2015/06/08,15734,5230
2015/06/09,15750,5230
2015/06/10,15776,5304
2015/06/11,15810,5280
2015/06/12,15611,5212
2015/06/15,15512,5101
2015/06/17,15280,5102
2015/06/18,15308,5079
2015/06/19,15229,5107
2015/06/22,15700,5230
2015/06/23,15925,5340
2015/06/24,16004,5344
2015/06/25,16168,5450
2015/06/26,15967,5328
2015/06/29,15794,5252
2015/06/30,16017,5332
2015/07/01,15960,5252
2015/07/02,15988,5309
2015/07/03,15932,5299
2015/07/06,15950,5240
2015/07/07,15247,5050
2015/07/08,15621,5195
2015/07/09,16094,5301
2015/07/10,16000,5336
2015/07/13,16235,5462
2015/07/14,15920,5469
2015/07/15,15800,5490
2015/07/16,15850,5490
2015/07/17,15797,5520
2015/07/20,15775,5575
2015/07/21,15675,5550
2015/07/22,15236,5459
2015/07/23,15489,5529
2015/07/24,15152,5474
2015/07/27,15300,5360
2015/07/28,15150,5356
2015/07/29,15379,5485
2015/07/30,15250,5390
2015/07/31,15228,5474
2015/08/03,15211,5460
2015/08/04,15625,5638
2015/08/05,15690,5725
2015/08/06,15820,5688
2015/08/07,15721,5631
2015/08/11,16032,5650
2015/08/12,15400,5396
2015/08/13,15470,5459
2015/08/14,15395,5393
2015/08/17,15270,5276
2015/08/18,15289,5331
2015/08/19,15028,5210
2015/08/20,14526,5167
2015/08/21,14488,5116
2015/08/24,14300,4993
2015/08/25,14871,5333
2015/08/26,14388,5266
2015/08/27,14585,5219
2015/08/28,14750,5289
2015/08/31,14612,5291
2015/09/01,14230,5061
2015/09/02,14357,5158
2015/09/03,14701,5229
2015/09/04,14326,5038
2015/09/07,13870,5020
2015/09/08,13926,5102
2015/09/09,14050,5209
2015/09/10,13847,5073
2015/09/11,13846,5041
2015/09/14,14098,5170
2015/09/15,13946,5182
2015/09/16,14158,5225
2015/09/17,14353,5295
2015/09/18,14300,5259
2015/09/21,13920,5210
2015/09/22,13885,5168
2015/09/23,13900,5129
2015/09/25,13639,5060
2015/09/28,13239,4876
2015/09/29,13376,4874
2015/09/30,13500,4915
2015/10/01,13856,5006
2015/10/02,13973,5015
2015/10/05,14539,5092
2015/10/06,14185,5070
2015/10/07,14519,5110
2015/10/08,14359,4965
2015/10/09,14807,4992
2015/10/12,14446,4981
2015/10/13,14390,4933
2015/10/14,14318,4874
2015/10/15,14647,4919
2015/10/16,14300,4865
2015/10/19,14793,4999
2015/10/20,14699,4967
2015/10/21,14610,4967
2015/10/22,14570,5054
2015/10/23,14895,5108
2015/10/26,14503,5137
2015/10/27,14545,5115
2015/10/28,14550,5175
2015/10/29,14301,5066
2015/10/30,14393,5079
2015/11/02,14562,5219
2015/11/03,14098,5156
2015/11/04,14387,5177
2015/11/05,14310,5164
2015/11/06,14000,5072
2015/11/09,14074,5079
2015/11/10,13953,5031
2015/11/11,13825,4930
2015/11/12,13602,4824
2015/11/13,13409,4752
2015/11/16,13401,4722
2015/11/17,13604,4787
2015/11/18,13515,4800
2015/11/19,14000,5004
2015/11/20,13981,5023
2015/11/23,13741,4932
