Date,SBK,RMB
2004/05/12,3890,1412
2004/05/13,3850,1460
2004/05/14,3726,1415
2004/05/17,3825,1450
2004/05/18,3800,1405
2004/05/19,3972,1482
2004/05/20,4001,1501
2004/05/21,4001,1513
2004/05/24,3905,1490
2004/05/25,3930,1508
2004/05/26,4065,1531
2004/05/27,4200,1587
2004/05/28,4200,1570
2004/05/31,4200,1590
2004/06/01,4211,1585
2004/06/02,4280,1605
2004/06/03,4262,1590
2004/06/04,4250,1592
2004/06/07,4350,1601
2004/06/08,4320,1600
2004/06/09,4290,1605
2004/06/10,4240,1586
2004/06/11,4180,1571
2004/06/14,4200,1614
2004/06/15,4230,1588
2004/06/17,4210,1600
2004/06/18,4229,1600
2004/06/21,4234,1600
2004/06/22,4295,1590
2004/06/23,4211,1589
2004/06/24,4310,1631
2004/06/25,4290,1590
2004/06/28,4217,1587
2004/06/29,4320,1600
2004/06/30,4300,1615
2004/07/01,4330,1611
2004/07/02,4290,1600
2004/07/05,4335,1610
2004/07/06,4300,1605
2004/07/07,4290,1610
2004/07/08,4235,1601
2004/07/09,4250,1600
2004/07/12,4270,1595
2004/07/13,4345,1625
2004/07/14,4410,1641
2004/07/15,4375,1656
2004/07/16,4290,1590
2004/07/19,4279,1570
2004/07/20,4275,1570
2004/07/21,4369,1610
2004/07/22,4310,1573
2004/07/23,4350,1590
2004/07/26,4310,1605
2004/07/27,4363,1610
2004/07/28,4350,1600
2004/07/29,4270,1580
2004/07/30,4290,1609
2004/08/02,4330,1599
2004/08/03,4360,1598
2004/08/04,4330,1590
2004/08/05,4260,1565
2004/08/06,4166,1549
2004/08/10,4170,1540
2004/08/11,4180,1525
2004/08/12,4310,1530
2004/08/13,4260,1530
2004/08/16,4280,1530
2004/08/17,4290,1515
2004/08/18,4207,1512
2004/08/19,4195,1509
2004/08/20,4239,1539
2004/08/23,4365,1580
2004/08/24,4387,1598
2004/08/25,4364,1600
2004/08/26,4367,1600
2004/08/27,4400,1620
2004/08/30,4410,1618
2004/08/31,4439,1615
2004/09/01,4530,1635
2004/09/02,4600,1665
2004/09/03,4600,1660
2004/09/06,4550,1650
2004/09/07,4590,1670
2004/09/08,4601,1679
2004/09/09,4685,1708
2004/09/10,4660,1699
2004/09/13,4765,1705
2004/09/14,4821,1708
2004/09/15,4655,1715
2004/09/16,4750,1735
2004/09/17,4750,1770
2004/09/20,4810,1810
2004/09/21,4880,1841
2004/09/22,4750,1810
2004/09/23,4800,1800
2004/09/27,4900,1815
2004/09/28,4875,1816
2004/09/29,4990,1897
2004/09/30,5091,1879
2004/10/01,5100,1880
2004/10/04,5140,1875
2004/10/05,5120,1845
2004/10/06,5160,1865
2004/10/07,5140,1840
2004/10/08,5040,1795
2004/10/11,5080,1820
2004/10/12,5001,1802
2004/10/13,4981,1815
2004/10/14,5000,1820
2004/10/15,5070,1850
2004/10/18,5060,1813
2004/10/19,5225,1845
2004/10/20,5165,1800
2004/10/21,5220,1850
2004/10/22,5136,1865
2004/10/25,5120,1789
2004/10/26,5250,1865
2004/10/27,5340,1867
2004/10/28,5399,1851
2004/10/29,5380,1880
2004/11/01,5401,1948
2004/11/02,5397,1930
2004/11/03,5400,1920
2004/11/04,5550,1945
2004/11/05,5700,1983
2004/11/08,6000,2020
2004/11/09,5900,1980
2004/11/10,5770,1950
2004/11/11,5740,1980
2004/11/12,5700,1980
2004/11/15,5645,1975
2004/11/16,5720,1975
2004/11/17,5780,1975
2004/11/18,5810,1981
2004/11/19,5800,1975
2004/11/22,5700,1965
2004/11/23,5625,1951
2004/11/24,5690,2000
2004/11/25,5850,2125
2004/11/26,5975,2100
2004/11/29,6035,2120
2004/11/30,6200,2100
2004/12/01,6175,2105
2004/12/02,6000,2165
2004/12/03,5849,2169
2004/12/06,5880,2150
2004/12/07,5940,2135
2004/12/08,5900,2105
2004/12/09,5939,2100
2004/12/10,5964,2100
2004/12/13,6101,2151
2004/12/14,6165,2160
2004/12/15,6195,2150
2004/12/17,6205,2190
2004/12/20,6210,2190
2004/12/21,6210,2185
2004/12/22,6350,2190
2004/12/23,6384,2190
2004/12/24,6440,2185
2004/12/28,6650,2185
2004/12/29,6680,2185
2004/12/30,6589,2190
2004/12/31,6580,2176
2005/01/03,6580,2210
2005/01/04,6550,2200
2005/01/05,6296,2200
2005/01/06,6160,2130
2005/01/07,6140,2120
2005/01/10,6200,2140
2005/01/11,6175,2120
2005/01/12,6100,2125
2005/01/13,6040,2125
2005/01/14,5990,2105
2005/01/17,5980,2091
2005/01/18,5815,2049
2005/01/19,5910,2050
2005/01/20,5909,2021
2005/01/21,6000,2060
2005/01/24,6050,2050
2005/01/25,6170,2040
2005/01/26,6280,2055
2005/01/27,6530,2095
2005/01/28,6400,2110
2005/01/31,6481,2150
2005/02/01,6349,2149
2005/02/02,6125,2120
2005/02/03,6230,2129
2005/02/04,6295,2125
2005/02/07,6110,2090
2005/02/08,6170,2050
2005/02/09,6300,2120
2005/02/10,6450,2150
2005/02/11,6500,2135
2005/02/14,6360,2115
2005/02/15,6350,2150
2005/02/16,6345,2160
2005/02/17,6330,2205
2005/02/18,6300,2181
2005/02/21,6300,2200
2005/02/22,6490,2200
2005/02/23,6400,2200
2005/02/24,6375,2180
2005/02/25,6450,2229
2005/02/28,6427,2175
2005/03/01,6360,2160
2005/03/02,6330,2165
2005/03/03,6400,2160
2005/03/04,6558,2210
2005/03/07,6510,2215
2005/03/08,6580,2215
2005/03/09,6560,2240
2005/03/10,6460,2215
2005/03/11,6405,2220
2005/03/14,6450,2239
2005/03/15,6395,2219
2005/03/16,6185,2160
2005/03/17,6100,2133
2005/03/18,6279,2116
2005/03/22,6300,2145
2005/03/23,6200,2076
2005/03/24,6200,2080
2005/03/29,6080,2075
2005/03/30,6180,2087
2005/03/31,6288,2143
2005/04/01,6290,2200
2005/04/04,6200,2173
2005/04/05,6100,2094
2005/04/06,6240,2106
2005/04/07,6350,2075
2005/04/08,6335,2118
2005/04/11,6270,2101
2005/04/12,6170,2070
2005/04/13,6035,2058
2005/04/14,6193,2107
2005/04/15,6201,2117
2005/04/18,6160,2135
2005/04/19,6130,2106
2005/04/20,6035,2100
2005/04/21,6121,2100
2005/04/22,6150,2079
2005/04/25,6201,2055
2005/04/26,6380,2130
2005/04/28,6139,2095
2005/04/29,6073,2065
2005/05/03,6298,2087
2005/05/04,6310,2135
2005/05/05,6450,2179
2005/05/06,6501,2205
2005/05/09,6601,2270
2005/05/10,6555,2250
2005/05/11,6481,2269
2005/05/12,6395,2200
2005/05/13,6353,2201
2005/05/16,6470,2230
2005/05/17,6370,2200
2005/05/18,6485,2220
2005/05/19,6530,2220
2005/05/20,6580,2205
2005/05/23,6515,2211
2005/05/24,6400,2209
2005/05/25,6440,2260
2005/05/26,6441,2245
2005/05/27,6471,2240
2005/05/30,6499,2218
2005/05/31,6194,2155
2005/06/01,6140,2168
2005/06/02,6200,2165
2005/06/03,6456,2225
2005/06/06,6570,2279
2005/06/07,6600,2325
2005/06/08,6600,2311
2005/06/09,6530,2318
2005/06/10,6513,2313
2005/06/13,6450,2299
2005/06/14,6430,2227
2005/06/15,6550,2299
2005/06/17,6462,2281
2005/06/20,6480,2299
2005/06/21,6490,2297
2005/06/22,6501,2300
2005/06/23,6449,2289
2005/06/24,6425,2235
2005/06/27,6500,2215
2005/06/28,6460,2235
2005/06/29,6510,2248
2005/06/30,6465,2225
2005/07/01,6520,2202
2005/07/04,6470,2202
2005/07/05,6423,2225
2005/07/06,6499,2213
2005/07/07,6500,2195
2005/07/08,6410,2245
2005/07/11,6495,2255
2005/07/12,6600,2345
2005/07/13,6831,2400
2005/07/14,7050,2470
2005/07/15,7000,2390
2005/07/18,7000,2459
2005/07/19,7000,2520
2005/07/20,7190,2480
2005/07/21,7150,2490
2005/07/22,7250,2520
2005/07/25,7220,2510
2005/07/26,7200,2500
2005/07/27,7200,2530
2005/07/28,7225,2550
2005/07/29,7070,2505
2005/08/01,7294,2525
2005/08/02,7430,2579
2005/08/03,7490,2570
2005/08/04,7451,2535
2005/08/05,7390,2557
2005/08/08,7501,2600
2005/08/10,7700,2699
2005/08/11,7580,2650
2005/08/12,7430,2630
2005/08/15,7300,2563
2005/08/16,7275,2600
2005/08/17,7064,2514
2005/08/18,7030,2486
2005/08/19,7141,2514
2005/08/22,7170,2549
2005/08/23,7100,2551
2005/08/24,7049,2503
2005/08/25,7070,2485
2005/08/26,6990,2420
2005/08/29,6999,2444
2005/08/30,6920,2406
2005/08/31,6950,2405
2005/09/01,6990,2480
2005/09/02,7200,2574
2005/09/05,7170,2558
2005/09/06,7170,2575
2005/09/07,7205,2649
2005/09/08,7080,2615
2005/09/09,7075,2590
2005/09/12,7035,2620
2005/09/13,7000,2650
2005/09/14,7010,2630
2005/09/15,7069,2665
2005/09/16,7200,2636
2005/09/19,7140,2590
2005/09/20,7130,2630
2005/09/21,7100,2620
2005/09/22,6960,2580
2005/09/23,6879,2540
2005/09/26,6930,2619
2005/09/27,6935,2615
2005/09/28,6885,2600
2005/09/29,6901,2619
2005/09/30,7000,2620
2005/10/03,6989,2570
2005/10/04,6950,2540
2005/10/05,6950,2539
2005/10/06,6815,2465
2005/10/07,6780,2456
2005/10/10,6761,2475
2005/10/11,6861,2532
2005/10/12,6780,2528
2005/10/13,6610,2436
2005/10/14,6525,2430
2005/10/17,6635,2434
2005/10/18,6612,2386
2005/10/19,6520,2333
2005/10/20,6725,2449
2005/10/21,6725,2405
2005/10/24,6890,2510
2005/10/25,6880,2492
2005/10/26,6930,2535
2005/10/27,6890,2474
2005/10/28,6900,2500
2005/10/31,6920,2420
2005/11/01,7025,2440
2005/11/02,7071,2480
2005/11/03,7120,2536
2005/11/04,7120,2450
2005/11/07,7239,2460
2005/11/08,6980,2390
2005/11/09,6870,2420
2005/11/10,6945,2507
2005/11/11,7100,2506
2005/11/14,7327,2624
2005/11/15,7225,2545
2005/11/16,7100,2539
2005/11/17,7080,2524
2005/11/18,7045,2475
2005/11/21,7000,2475
2005/11/22,6905,2410
2005/11/23,7036,2436
2005/11/24,7171,2500
2005/11/25,7075,2453
2005/11/28,7001,2425
2005/11/29,6941,2410
2005/11/30,6850,2400
2005/12/01,6800,2401
2005/12/02,6800,2475
2005/12/05,6840,2475
2005/12/06,7120,2550
2005/12/07,7315,2655
2005/12/08,7100,2640
2005/12/09,6950,2620
2005/12/12,7090,2630
2005/12/13,7130,2650
2005/12/14,7230,2588
2005/12/15,7400,2720
2005/12/19,7595,2686
2005/12/20,7500,2770
2005/12/21,7601,2850
2005/12/22,7690,2851
2005/12/23,7800,2885
2005/12/27,7853,2925
2005/12/28,7630,2832
2005/12/29,7650,2875
2005/12/30,7581,2790
2006/01/03,7701,2825
2006/01/04,7740,2780
2006/01/05,7550,2736
2006/01/06,7910,2910
2006/01/09,8000,2889
2006/01/10,8125,2882
2006/01/11,8244,2950
2006/01/12,8200,2890
2006/01/13,8340,2900
2006/01/16,8185,2814
2006/01/17,7900,2746
2006/01/18,7800,2740
2006/01/19,8277,2900
2006/01/20,8200,2925
2006/01/23,8215,2906
2006/01/24,8240,2957
2006/01/25,8180,2935
2006/01/26,8083,2863
2006/01/27,8277,2844
2006/01/30,8165,2820
2006/01/31,8199,2850
2006/02/01,8400,2935
2006/02/02,8455,2963
2006/02/03,8150,2855
2006/02/06,8095,2936
2006/02/07,8020,2896
2006/02/08,7900,2825
2006/02/09,8099,2855
2006/02/10,8060,2850
2006/02/13,7900,2805
2006/02/14,7850,2710
2006/02/15,7930,2746
2006/02/16,8000,2870
2006/02/17,8409,3025
2006/02/20,8230,3000
2006/02/21,8361,3046
2006/02/22,8522,3089
2006/02/23,8515,3120
2006/02/24,8320,2960
2006/02/27,8299,3000
2006/02/28,7901,2800
2006/03/02,8100,2945
2006/03/03,7870,2850
2006/03/06,8080,2883
2006/03/07,7755,2701
2006/03/08,7730,2779
2006/03/09,7950,2900
2006/03/10,8000,2859
2006/03/13,8060,2899
2006/03/14,8080,2900
2006/03/15,8300,3000
2006/03/16,8310,3020
2006/03/17,8498,3000
2006/03/20,8600,3015
2006/03/22,8571,3049
2006/03/23,8800,3080
2006/03/24,8700,3050
2006/03/27,8555,3076
2006/03/28,8530,3009
2006/03/29,8466,3001
2006/03/30,8650,3020
2006/03/31,8480,2915
2006/04/03,8780,2941
2006/04/04,8605,2948
2006/04/05,8470,2967
2006/04/06,8380,2860
2006/04/07,8359,2950
2006/04/10,8340,2920
2006/04/11,8500,2975
2006/04/12,8500,2895
2006/04/13,8440,2900
2006/04/18,8800,2915
2006/04/19,8800,2960
2006/04/20,8795,2959
2006/04/21,8648,2944
2006/04/24,8350,2905
2006/04/25,8435,2890
2006/04/26,8600,2831
2006/04/28,8580,2900
2006/05/02,8451,2860
2006/05/03,8340,2838
2006/05/04,8340,2841
2006/05/05,8405,2871
2006/05/08,8365,2839
2006/05/09,8454,2870
2006/05/10,8450,2871
2006/05/11,8460,2840
2006/05/12,8255,2760
2006/05/15,8000,2650
2006/05/16,8030,2685
2006/05/17,7975,2680
2006/05/18,7900,2636
2006/05/19,7790,2600
2006/05/22,7400,2535
2006/05/23,7800,2650
2006/05/24,7630,2600
2006/05/25,7684,2645
2006/05/26,7830,2695
2006/05/29,7990,2735
2006/05/30,7849,2615
2006/05/31,7803,2660
2006/06/01,8035,2650
2006/06/02,8200,2769
2006/06/05,8151,2750
2006/06/06,7860,2600
2006/06/07,7570,2570
2006/06/08,7050,2360
2006/06/09,7670,2584
2006/06/12,7617,2502
2006/06/13,7450,2539
2006/06/14,7690,2602
2006/06/15,7899,2710
2006/06/19,7999,2650
2006/06/20,7950,2689
2006/06/21,7855,2613
2006/06/22,7605,2615
2006/06/23,7301,2471
2006/06/26,6890,2282
2006/06/27,7025,2360
2006/06/28,7240,2400
2006/06/29,7500,2430
2006/06/30,7700,2470
2006/07/03,7970,2600
2006/07/04,7980,2600
2006/07/05,7606,2533
2006/07/06,7530,2524
2006/07/07,7679,2532
2006/07/10,7815,2580
2006/07/11,7685,2520
2006/07/12,7725,2545
2006/07/13,7480,2470
2006/07/14,7301,2425
2006/07/17,7000,2399
2006/07/18,7211,2365
2006/07/19,7400,2500
2006/07/20,7470,2445
2006/07/21,7310,2430
2006/07/24,7358,2448
2006/07/25,7259,2450
2006/07/26,7350,2453
2006/07/27,7500,2565
2006/07/28,7570,2490
2006/07/31,7640,2545
2006/08/01,7541,2433
2006/08/02,7379,2430
2006/08/03,7380,2406
2006/08/04,7470,2455
2006/08/07,7350,2396
2006/08/08,7440,2445
2006/08/10,7469,2399
2006/08/11,7560,2406
2006/08/14,7375,2434
2006/08/15,7400,2443
2006/08/16,7450,2450
2006/08/17,7689,2556
2006/08/18,7555,2530
2006/08/21,7644,2545
2006/08/22,7774,2610
2006/08/23,7680,2630
2006/08/24,7520,2633
2006/08/25,7579,2601
2006/08/28,7810,2636
2006/08/29,7840,2670
2006/08/30,8050,2719
2006/08/31,7783,2716
2006/09/01,7795,2715
2006/09/04,8099,2780
2006/09/05,8055,2770
2006/09/06,7875,2737
2006/09/07,7701,2700
2006/09/08,7645,2687
2006/09/11,7292,2620
2006/09/12,7600,2635
2006/09/13,7700,2691
2006/09/14,7600,2649
2006/09/15,7700,2700
2006/09/18,7829,2812
2006/09/19,7996,2780
2006/09/20,8095,2760
2006/09/21,8051,2800
2006/09/22,7690,2759
2006/09/26,7700,2790
2006/09/27,7539,2712
2006/09/28,7770,2710
2006/09/29,7781,2700
2006/10/02,7740,2677
2006/10/03,7780,2660
2006/10/04,7871,2691
2006/10/05,8000,2773
2006/10/06,7979,2756
2006/10/09,8015,2755
2006/10/10,7999,2745
2006/10/11,7990,2750
2006/10/12,8100,2798
2006/10/13,8200,2850
2006/10/16,8600,2860
2006/10/17,8350,2810
2006/10/18,8390,2850
2006/10/19,8401,2850
2006/10/20,8352,2838
2006/10/23,8380,2790
2006/10/24,8409,2830
2006/10/25,8400,2780
2006/10/26,8260,2750
2006/10/27,8340,2775
2006/10/30,8315,2758
2006/10/31,8650,2899
2006/11/01,8685,2905
2006/11/02,8600,2890
2006/11/03,8550,2920
2006/11/06,8600,2950
2006/11/07,8650,2985
2006/11/08,8700,3020
2006/11/09,8600,3000
2006/11/10,8571,2985
2006/11/13,8580,3002
2006/11/14,8575,2960
2006/11/15,8450,2950
2006/11/16,8499,2935
2006/11/17,8480,2920
2006/11/20,8515,2930
2006/11/21,8790,2983
2006/11/22,8875,3050
2006/11/23,8975,3080
2006/11/24,8960,3042
2006/11/27,8975,3001
2006/11/28,8820,3000
2006/11/29,8760,3060
2006/11/30,8800,3030
2006/12/01,8850,3018
2006/12/04,8740,3020
2006/12/05,8800,3019
2006/12/06,8750,2985
2006/12/07,8695,2990
2006/12/08,8650,2966
2006/12/11,8699,2959
2006/12/12,8600,2940
2006/12/13,8700,3000
2006/12/14,8750,3050
2006/12/15,8810,3095
2006/12/18,8950,3136
2006/12/19,8900,3130
2006/12/20,9119,3243
2006/12/21,9456,3385
2006/12/22,9500,3382
2006/12/27,9550,3420
2006/12/28,9450,3380
2006/12/29,9450,3340
2007/01/02,9480,3379
2007/01/03,9265,3260
2007/01/04,9050,3176
2007/01/05,9150,3289
2007/01/09,9776,3380
2007/01/10,9700,3355
2007/01/11,9700,3362
2007/01/12,9700,3380
2007/01/15,9951,3500
2007/01/16,10050,3520
2007/01/17,10050,3523
2007/01/18,10300,3600
2007/01/19,9952,3520
2007/01/22,10110,3590
2007/01/23,10020,3520
2007/01/24,10000,3520
2007/01/25,9910,3400
2007/01/26,9941,3420
2007/01/29,9851,3342
2007/01/30,9920,3400
2007/01/31,9900,3350
2007/02/01,10250,3440
2007/02/02,10090,3450
2007/02/05,10025,3390
2007/02/06,10250,3427
2007/02/07,10115,3350
2007/02/08,9935,3300
2007/02/09,9800,3344
2007/02/12,9660,3330
2007/02/13,9795,3330
2007/02/14,9685,3291
2007/02/15,10045,3400
2007/02/16,10300,3500
2007/02/19,10400,3464
2007/02/20,10450,3450
2007/02/21,10249,3400
2007/02/22,10400,3541
2007/02/23,10425,3550
2007/02/26,10500,3562
2007/02/27,10201,3355
2007/02/28,10050,3427
2007/03/01,9800,3300
2007/03/02,10000,3330
2007/03/05,9600,3175
2007/03/06,9750,3220
2007/03/07,9800,3235
2007/03/08,10150,3396
2007/03/09,10350,3475
2007/03/12,10240,3490
2007/03/13,10200,3370
2007/03/14,9820,3250
2007/03/15,9895,3280
2007/03/16,9750,3200
2007/03/19,9795,3216
2007/03/20,10200,3300
2007/03/22,10222,3440
2007/03/23,10500,3484
2007/03/26,10450,3345
2007/03/27,10500,3360
2007/03/28,10400,3315
2007/03/29,10530,3470
2007/03/30,10680,3599
2007/04/02,10800,3533
2007/04/03,10945,3720
2007/04/04,10950,3580
2007/04/05,10780,3585
2007/04/10,10810,3620
2007/04/11,10680,3550
2007/04/12,11040,3581
2007/04/13,11030,3700
2007/04/16,11199,3698
2007/04/17,11560,3730
2007/04/18,11200,3768
2007/04/19,11150,3721
2007/04/20,11260,3810
2007/04/23,11250,3725
2007/04/24,11095,3757
2007/04/25,11100,3770
2007/04/26,11100,3700
2007/04/30,11080,3758
2007/05/02,11120,3705
2007/05/03,11095,3670
2007/05/04,11000,3610
2007/05/07,10900,3623
2007/05/08,10700,3575
2007/05/09,10960,3585
2007/05/10,11040,3650
2007/05/11,11160,3597
2007/05/14,10802,3550
2007/05/15,10700,3520
2007/05/16,10545,3485
2007/05/17,10512,3451
2007/05/18,10700,3484
2007/05/21,10795,3484
2007/05/22,10860,3500
2007/05/23,11086,3645
2007/05/24,11020,3621
2007/05/25,10925,3590
2007/05/28,10970,3520
2007/05/29,10900,3499
2007/05/30,10625,3441
2007/05/31,10525,3465
2007/06/01,10689,3420
2007/06/04,10400,3360
2007/06/05,10350,3400
2007/06/06,10350,3356
2007/06/07,10500,3379
2007/06/08,10200,3328
2007/06/11,10375,3410
2007/06/12,10240,3350
2007/06/13,10330,3385
2007/06/14,10650,3470
2007/06/15,10651,3550
2007/06/18,10611,3459
2007/06/19,10679,3460
2007/06/20,10605,3450
2007/06/21,10400,3428
2007/06/22,10340,3400
2007/06/25,10125,3406
2007/06/26,10000,3305
2007/06/27,10050,3266
2007/06/28,9978,3300
2007/06/29,9830,3286
2007/07/02,10060,3320
2007/07/03,10000,3320
2007/07/04,9990,3250
2007/07/05,9812,3230
2007/07/06,10300,3300
2007/07/09,10465,3440
2007/07/10,10740,3550
2007/07/11,10694,3550
2007/07/12,10770,3466
2007/07/13,10820,3460
2007/07/16,10700,3495
2007/07/17,10520,3499
2007/07/18,10540,3484
2007/07/19,10565,3450
2007/07/20,10623,3445
2007/07/23,11099,3511
2007/07/24,10955,3581
2007/07/25,10520,3512
2007/07/26,10401,3460
2007/07/27,9850,3384
2007/07/30,10200,3399
2007/07/31,10210,3400
2007/08/01,10100,3350
2007/08/02,10060,3399
2007/08/03,9820,3271
2007/08/06,9700,3290
2007/08/07,10120,3311
2007/08/08,10720,3440
2007/08/10,10000,3356
2007/08/13,10400,3382
2007/08/14,9985,3255
2007/08/15,9899,3310
2007/08/16,9480,3262
2007/08/17,9205,3115
2007/08/20,9599,3200
2007/08/21,9610,3180
2007/08/22,9950,3230
2007/08/23,10100,3275
2007/08/24,10150,3288
2007/08/27,10350,3345
2007/08/28,10005,3295
2007/08/29,10090,3350
2007/08/30,10050,3392
2007/08/31,10449,3455
2007/09/03,10580,3510
2007/09/04,10790,3470
2007/09/05,10400,3413
2007/09/06,10250,3400
2007/09/07,9985,3292
2007/09/10,10045,3379
2007/09/11,10263,3465
2007/09/12,10040,3344
2007/09/13,10070,3381
2007/09/14,9905,3357
2007/09/17,9875,3335
2007/09/18,9860,3270
2007/09/19,10000,3331
2007/09/20,9965,3345
2007/09/21,9850,3270
2007/09/25,9795,3200
2007/09/26,9940,3280
2007/09/27,10051,3351
2007/09/28,9946,3337
2007/10/01,9905,3303
2007/10/02,10500,3411
2007/10/03,11000,3580
2007/10/04,11010,3615
2007/10/05,11075,3615
2007/10/08,11080,3600
2007/10/09,10880,3601
2007/10/10,10775,3610
2007/10/11,10845,3700
2007/10/12,10791,3622
2007/10/15,10575,3486
2007/10/16,10490,3495
2007/10/17,10790,3579
2007/10/18,10600,3531
2007/10/19,10600,3503
2007/10/22,10549,3480
2007/10/23,10945,3471
2007/10/24,11099,3541
2007/10/25,11540,3670
2007/10/26,11530,3800
2007/10/29,11490,3840
2007/10/30,11660,3840
2007/10/31,11730,3800
2007/11/01,11749,3750
2007/11/02,11425,3700
2007/11/05,11520,3700
2007/11/06,11375,3810
2007/11/07,11090,3705
2007/11/08,11155,3750
2007/11/09,11195,3765
2007/11/12,11359,3745
2007/11/13,11350,3760
2007/11/14,11352,3800
2007/11/15,11200,3726
2007/11/16,11100,3700
2007/11/19,10805,3618
2007/11/20,10900,3600
2007/11/21,10900,3520
2007/11/22,10850,3619
2007/11/23,10900,3550
2007/11/26,10632,3400
2007/11/27,10500,3290
2007/11/28,10650,3315
2007/11/29,10690,3320
2007/11/30,10500,3400
2007/12/03,10351,3318
2007/12/04,10565,3245
2007/12/05,10800,3315
2007/12/06,10780,3320
2007/12/07,10895,3300
2007/12/10,10999,3265
2007/12/11,11050,3290
2007/12/12,10890,3290
2007/12/13,10570,3200
2007/12/14,10307,3043
2007/12/18,10300,3002
2007/12/19,10000,2970
2007/12/20,10000,3080
2007/12/21,10200,3007
2007/12/24,10250,3049
2007/12/27,10550,3100
2007/12/28,10500,3110
2007/12/31,10008,2960
2008/01/02,10140,3031
2008/01/03,9950,3006
2008/01/04,9850,2976
2008/01/07,9850,2933
2008/01/08,9860,2970
2008/01/09,9702,2901
2008/01/10,9591,2821
2008/01/11,9500,2810
2008/01/14,9640,2820
2008/01/15,9500,2790
2008/01/16,9350,2775
2008/01/17,9550,2795
2008/01/18,9400,2750
2008/01/21,9199,2685
2008/01/22,9395,2700
2008/01/23,9400,2699
2008/01/24,9766,2849
2008/01/25,9600,2725
2008/01/28,9110,2641
2008/01/29,9249,2660
2008/01/30,9300,2733
2008/01/31,8960,2600
2008/02/01,9200,2840
2008/02/04,9201,2780
2008/02/05,8810,2600
2008/02/06,8900,2628
2008/02/07,8590,2574
2008/02/08,8502,2580
2008/02/11,8500,2540
2008/02/12,8800,2600
2008/02/13,9100,2660
2008/02/14,9325,2670
2008/02/15,8900,2575
2008/02/18,9300,2665
2008/02/19,9580,2780
2008/02/20,9390,2750
2008/02/21,9600,2770
2008/02/22,9450,2800
2008/02/25,9575,2800
2008/02/26,9900,3000
2008/02/27,9540,2900
2008/02/28,9599,2830
2008/02/29,9850,2800
2008/03/03,9420,2786
2008/03/04,9301,2702
2008/03/05,9200,2575
2008/03/06,9533,2663
2008/03/07,9400,2560
2008/03/10,9300,2530
2008/03/11,9629,2656
2008/03/12,9449,2612
2008/03/13,9149,2597
2008/03/14,9200,2580
2008/03/17,8930,2441
2008/03/18,9200,2537
2008/03/19,9085,2580
2008/03/20,8970,2455
2008/03/25,8970,2580
2008/03/26,9200,2570
2008/03/27,9350,2590
2008/03/28,9163,2550
2008/03/31,8820,2450
2008/04/01,9169,2500
2008/04/02,9450,2650
2008/04/03,9225,2680
2008/04/04,9351,2667
2008/04/07,9400,2710
2008/04/08,9390,2725
2008/04/09,9340,2702
2008/04/10,9090,2650
2008/04/11,9179,2600
2008/04/14,9050,2555
2008/04/15,9040,2610
2008/04/16,9000,2581
2008/04/17,8950,2542
2008/04/18,9020,2575
2008/04/21,9165,2599
2008/04/22,9100,2550
2008/04/23,8999,2562
2008/04/24,8750,2500
2008/04/25,8659,2435
2008/04/29,8800,2461
2008/04/30,9000,2488
2008/05/05,8975,2455
2008/05/06,8901,2450
2008/05/07,8951,2446
2008/05/08,8900,2470
2008/05/09,8849,2495
2008/05/12,8880,2485
2008/05/13,8790,2481
2008/05/14,8740,2480
2008/05/15,8660,2530
2008/05/16,8720,2510
2008/05/19,8800,2451
2008/05/20,8800,2445
2008/05/21,8690,2420
2008/05/22,8701,2400
2008/05/23,8726,2385
2008/05/26,8745,2410
2008/05/27,8749,2400
2008/05/28,8725,2376
2008/05/29,8521,2320
2008/05/30,8310,2372
2008/06/02,8170,2340
2008/06/03,8100,2308
2008/06/04,8400,2380
2008/06/05,8499,2382
2008/06/06,8475,2345
2008/06/09,8139,2280
2008/06/10,8055,2251
2008/06/11,8000,2200
2008/06/12,8150,2215
2008/06/13,8006,2170
2008/06/17,7840,2140
2008/06/18,7801,2125
2008/06/19,7735,2134
2008/06/20,7600,2140
2008/06/23,7396,2092
2008/06/24,7280,2076
2008/06/25,7675,2105
2008/06/26,7455,2100
2008/06/27,7576,2158
2008/06/30,7630,2100
2008/07/01,7410,2119
2008/07/02,7525,2092
2008/07/03,7255,2042
2008/07/04,7276,2071
2008/07/07,7720,2110
2008/07/08,7630,2146
2008/07/09,7716,2220
2008/07/10,7680,2211
2008/07/11,7480,2205
2008/07/14,7490,2193
2008/07/15,7500,2179
2008/07/16,7993,2348
2008/07/17,8450,2485
2008/07/18,8510,2401
2008/07/21,8040,2315
2008/07/22,7830,2245
2008/07/23,8500,2375
2008/07/24,8849,2489
2008/07/25,8774,2380
2008/07/28,8750,2424
2008/07/29,8952,2520
2008/07/30,8995,2618
2008/07/31,9090,2600
2008/08/01,8622,2475
2008/08/04,8701,2476
2008/08/05,8750,2460
2008/08/06,8772,2410
2008/08/07,8704,2432
2008/08/08,8715,2420
2008/08/11,9000,2428
2008/08/12,9090,2400
2008/08/13,9000,2400
2008/08/14,8990,2410
2008/08/15,8870,2496
2008/08/18,8812,2463
2008/08/19,8449,2399
2008/08/20,8385,2418
2008/08/21,8420,2365
2008/08/22,8500,2415
2008/08/25,8532,2450
2008/08/26,8500,2445
2008/08/27,8800,2515
2008/08/28,9200,2670
2008/08/29,9000,2617
2008/09/01,8971,2562
2008/09/02,9143,2560
2008/09/03,9048,2558
2008/09/04,9069,2550
2008/09/05,9040,2540
2008/09/08,9515,2700
2008/09/09,9288,2695
2008/09/10,9350,2700
2008/09/11,8890,2600
2008/09/12,8990,2600
2008/09/15,8800,2530
2008/09/16,8767,2520
2008/09/17,8298,2360
2008/09/18,8088,2350
2008/09/19,8920,2600
2008/09/22,9230,2705
2008/09/23,8750,2585
2008/09/25,8890,2640
2008/09/26,8850,2620
2008/09/29,8580,2471
2008/09/30,9353,2600
2008/10/01,8781,2480
2008/10/02,8690,2480
2008/10/03,8700,2579
2008/10/06,7835,2287
2008/10/07,7900,2400
2008/10/08,7700,2261
2008/10/09,7700,2265
2008/10/10,7441,2299
2008/10/13,7700,2300
2008/10/14,8100,2445
2008/10/15,8000,2300
2008/10/16,7751,2225
2008/10/17,7505,2131
2008/10/20,7700,2100
2008/10/21,7490,2060
2008/10/22,7000,1900
2008/10/23,6999,1850
2008/10/24,7290,1990
2008/10/27,7050,1900
2008/10/28,7370,1985
2008/10/29,7530,2010
2008/10/30,7730,2150
2008/10/31,7700,2269
2008/11/03,7900,2290
2008/11/04,7950,2233
2008/11/05,7500,2268
2008/11/06,7370,2175
2008/11/07,7401,2228
2008/11/10,7650,2280
2008/11/11,7415,2210
2008/11/12,7450,2265
2008/11/13,7451,2246
2008/11/14,7475,2300
2008/11/17,7340,2210
2008/11/18,7379,2180
2008/11/19,7700,2220
2008/11/20,7560,2294
2008/11/21,7350,2210
2008/11/24,7450,2250
2008/11/25,8000,2400
2008/11/26,8100,2490
2008/11/27,8400,2550
2008/11/28,8658,2669
2008/12/01,8365,2510
2008/12/02,7764,2345
2008/12/03,7615,2230
2008/12/04,7960,2420
2008/12/05,8100,2498
2008/12/08,8270,2630
2008/12/09,8259,2630
2008/12/10,8349,2600
2008/12/11,8199,2450
2008/12/12,7933,2370
2008/12/15,8150,2340
2008/12/17,8719,2520
2008/12/18,9050,2674
2008/12/19,8380,2411
2008/12/22,8450,2300
2008/12/23,8450,2425
2008/12/24,8211,2389
2008/12/29,8300,2451
2008/12/30,8300,2504
2008/12/31,8300,2570
2009/01/02,8150,2467
2009/01/05,8490,2525
2009/01/06,8521,2588
2009/01/07,8500,2500
2009/01/08,8175,2435
2009/01/09,8607,2510
2009/01/12,8639,2530
2009/01/13,8401,2500
2009/01/14,8325,2385
2009/01/15,8148,2331
2009/01/16,8100,2393
2009/01/19,7730,2215
2009/01/20,7700,2240
2009/01/21,7680,2220
2009/01/22,7340,2187
2009/01/23,7200,2129
2009/01/26,7100,2085
2009/01/27,7525,2200
2009/01/28,7700,2360
2009/01/29,7150,2320
2009/01/30,7090,2295
2009/02/02,6750,2117
2009/02/03,7000,2225
2009/02/04,7231,2325
2009/02/05,7172,2250
2009/02/06,7629,2460
2009/02/09,7700,2360
2009/02/10,7684,2404
2009/02/11,7430,2310
2009/02/12,7050,2350
2009/02/13,7080,2230
2009/02/16,6950,2170
2009/02/17,6775,2100
2009/02/18,6875,2060
2009/02/19,6650,2004
2009/02/20,6300,1930
2009/02/23,6461,1942
2009/02/24,6270,2018
2009/02/25,6450,2017
2009/02/26,6717,2075
2009/02/27,6500,1925
2009/03/02,6200,1800
2009/03/03,6050,1865
2009/03/04,6015,1840
2009/03/05,6239,1815
2009/03/06,6285,1805
2009/03/09,6285,1804
2009/03/10,6975,1817
2009/03/11,7560,1840
2009/03/12,7500,1950
2009/03/13,7825,1921
2009/03/16,7699,1900
2009/03/17,7375,1845
2009/03/18,7610,1925
2009/03/19,7950,2002
2009/03/20,7698,2000
2009/03/23,8220,2085
2009/03/24,8328,2112
2009/03/25,8658,2225
2009/03/26,8110,2115
2009/03/27,7800,2074
2009/03/30,7671,1985
2009/03/31,7950,2060
2009/04/01,7890,2031
2009/04/02,8150,2180
2009/04/03,8180,2201
2009/04/06,8199,2208
2009/04/07,8000,2150
2009/04/08,7900,2085
2009/04/09,8400,2250
2009/04/14,8616,2300
2009/04/15,8675,2297
2009/04/16,8622,2205
2009/04/17,8635,2200
2009/04/20,8180,2100
2009/04/21,7900,2015
2009/04/23,8100,2047
2009/04/24,8000,2050
2009/04/28,8020,2117
2009/04/29,8070,2177
2009/04/30,8250,2240
2009/05/04,8650,2310
2009/05/05,8498,2293
2009/05/06,8340,2247
2009/05/07,8060,2180
2009/05/08,8160,2199
2009/05/11,8260,2203
2009/05/12,8320,2225
2009/05/13,8050,2141
2009/05/14,8130,2135
2009/05/15,8180,2190
2009/05/18,8450,2250
2009/05/19,8720,2316
2009/05/20,8799,2325
2009/05/21,8550,2275
2009/05/22,8560,2307
2009/05/25,8400,2230
2009/05/26,8450,2248
2009/05/27,8525,2235
2009/05/28,8321,2250
2009/05/29,8250,2205
2009/06/01,8536,2251
2009/06/02,8600,2235
2009/06/03,8510,2205
2009/06/04,8565,2215
2009/06/05,8490,2187
2009/06/08,8410,2150
2009/06/09,8360,2156
2009/06/10,8550,2205
2009/06/11,8450,2200
2009/06/12,8490,2230
2009/06/15,8580,2256
2009/06/17,8515,2189
2009/06/18,8550,2245
2009/06/19,8500,2235
2009/06/22,8271,2230
2009/06/23,8315,2192
2009/06/24,8500,2235
2009/06/25,8426,2230
2009/06/26,8700,2290
2009/06/29,9015,2348
2009/06/30,8870,2345
2009/07/01,8980,2400
2009/07/02,8830,2342
2009/07/03,8818,2380
2009/07/06,8890,2349
2009/07/07,8930,2412
2009/07/08,9061,2428
2009/07/09,9160,2435
2009/07/10,9300,2489
2009/07/13,9375,2454
2009/07/14,9375,2558
2009/07/15,9543,2570
2009/07/16,9600,2544
2009/07/17,9600,2495
2009/07/20,9585,2549
2009/07/21,9575,2551
2009/07/22,9515,2580
2009/07/23,9650,2560
2009/07/24,9700,2600
2009/07/27,9617,2525
2009/07/28,9301,2521
2009/07/29,9298,2442
2009/07/30,9405,2528
2009/07/31,9338,2525
2009/08/03,9511,2520
2009/08/04,9325,2520
2009/08/05,9240,2550
2009/08/06,9202,2575
2009/08/07,9420,2599
2009/08/11,9525,2500
2009/08/12,9570,2460
2009/08/13,9551,2462
2009/08/14,9247,2499
2009/08/17,9045,2437
2009/08/18,9400,2440
2009/08/19,9223,2411
2009/08/20,9170,2431
2009/08/21,9375,2530
2009/08/24,9750,2595
2009/08/25,9825,2619
2009/08/26,9930,2620
2009/08/27,10064,2669
2009/08/28,9935,2684
2009/08/31,10050,2645
2009/09/01,9875,2683
2009/09/02,9699,2660
2009/09/03,9560,2545
2009/09/04,9500,2595
2009/09/07,9550,2555
2009/09/08,9799,2669
2009/09/09,9750,2600
2009/09/10,9835,2615
2009/09/11,9760,2616
2009/09/14,9551,2570
2009/09/15,9550,2560
2009/09/16,9752,2601
2009/09/17,10090,2720
2009/09/18,10030,2750
2009/09/21,10100,2740
2009/09/22,10140,2809
2009/09/23,9790,2720
2009/09/25,9900,2790
2009/09/28,9915,2790
2009/09/29,9675,2744
2009/09/30,9715,2732
2009/10/01,9667,2705
2009/10/02,9450,2619
2009/10/05,9425,2699
2009/10/06,9560,2667
2009/10/07,9640,2700
2009/10/08,9610,2699
2009/10/09,9665,2690
2009/10/12,9850,2705
2009/10/13,9969,2734
2009/10/14,10400,2800
2009/10/15,10294,2820
2009/10/16,10000,2720
2009/10/19,10250,2800
2009/10/20,10169,2827
2009/10/21,10400,2900
2009/10/22,10199,2865
2009/10/23,9985,2890
2009/10/26,9845,2814
2009/10/27,9911,2829
2009/10/28,9625,2828
2009/10/29,9950,2920
2009/10/30,9820,2865
2009/11/02,9650,2783
2009/11/03,9500,2745
2009/11/04,9371,2745
2009/11/05,9525,2705
2009/11/06,9261,2647
2009/11/09,9590,2766
2009/11/10,9746,2775
2009/11/11,9775,2825
2009/11/12,9710,2866
2009/11/13,9640,2773
2009/11/16,9695,2831
2009/11/17,9675,2830
2009/11/18,9701,2826
2009/11/19,9688,2822
2009/11/20,9545,2760
2009/11/23,9695,2800
2009/11/24,9695,2837
2009/11/25,9710,2828
2009/11/26,9560,2750
2009/11/27,9680,2775
2009/11/30,9580,2800
2009/12/01,9700,2830
2009/12/02,9724,2833
2009/12/03,9719,2800
2009/12/04,9700,2770
2009/12/07,9675,2761
2009/12/08,9700,2824
2009/12/09,9850,2790
2009/12/10,10040,2780
2009/12/11,10098,2870
2009/12/14,10247,2895
2009/12/15,10200,2876
2009/12/17,10190,2930
2009/12/18,10200,2931
2009/12/21,10150,2900
2009/12/22,10215,2920
2009/12/23,10198,2882
2009/12/24,10275,2910
2009/12/28,10300,2957
2009/12/29,10076,2910
2009/12/30,10160,2887
2009/12/31,10200,2960
2010/01/04,10150,2950
2010/01/05,10395,3020
2010/01/06,10380,3000
2010/01/07,10300,3000
2010/01/08,10299,3010
2010/01/11,10250,2980
2010/01/12,10320,2916
2010/01/13,10258,2965
2010/01/14,10320,2950
2010/01/15,10425,2915
2010/01/18,10500,3000
2010/01/19,10597,3005
2010/01/20,10800,3080
2010/01/21,10800,3060
2010/01/22,10439,3010
2010/01/25,10525,3022
2010/01/26,10500,3025
2010/01/27,10550,3000
2010/01/28,10797,3060
2010/01/29,10885,3089
2010/02/01,10800,3003
2010/02/02,10701,3015
2010/02/03,10670,3040
2010/02/04,10600,2952
2010/02/05,10219,2886
2010/02/08,10339,2886
2010/02/09,10700,2960
2010/02/10,10515,2952
2010/02/11,10420,2954
2010/02/12,10370,2843
2010/02/15,10600,3000
2010/02/16,10697,2955
2010/02/17,10900,2951
2010/02/18,10855,3010
2010/02/19,10801,2955
2010/02/22,10674,2922
2010/02/23,10550,2962
2010/02/24,10580,2900
2010/02/25,10625,2913
2010/02/26,10746,2939
2010/03/01,10950,2950
2010/03/02,11100,3022
2010/03/03,11090,3080
2010/03/04,11194,3090
2010/03/05,11265,3107
2010/03/08,11440,3160
2010/03/09,11201,3078
2010/03/10,11293,3179
2010/03/11,11239,3115
2010/03/12,11450,3150
2010/03/15,11255,3135
2010/03/16,11400,3208
2010/03/17,11700,3210
2010/03/18,11800,3323
2010/03/19,11680,3255
2010/03/23,11612,3260
2010/03/24,11573,3250
2010/03/25,11580,3250
2010/03/26,11480,3200
2010/03/29,11390,3180
2010/03/30,11375,3147
2010/03/31,11460,3237
2010/04/01,11475,3220
2010/04/06,11735,3250
2010/04/07,11699,3280
2010/04/08,11525,3174
2010/04/09,11700,3277
2010/04/12,11455,3233
2010/04/13,11420,3228
2010/04/14,11550,3287
2010/04/15,11700,3288
2010/04/16,11525,3275
2010/04/19,11201,3250
2010/04/20,11360,3300
2010/04/21,11304,3338
2010/04/22,11300,3321
2010/04/23,11125,3300
2010/04/26,11548,3425
2010/04/28,11145,3317
2010/04/29,11250,3367
2010/04/30,11469,3367
2010/05/03,11550,3390
2010/05/04,11300,3325
2010/05/05,11000,3250
2010/05/06,11100,3290
2010/05/07,10400,3081
2010/05/10,10935,3299
2010/05/11,11020,3315
2010/05/12,11377,3484
2010/05/13,11349,3475
2010/05/14,10981,3365
2010/05/17,10999,3350
2010/05/18,11135,3415
2010/05/19,11000,3440
2010/05/20,10415,3273
2010/05/21,10504,3272
2010/05/24,10924,3420
2010/05/25,10415,3300
2010/05/26,10752,3441
2010/05/27,10708,3470
2010/05/28,10695,3413
2010/05/31,10560,3374
2010/06/01,10605,3320
2010/06/02,10776,3370
2010/06/03,10632,3305
2010/06/04,10400,3220
2010/06/07,10299,3120
2010/06/08,10170,3003
2010/06/09,10300,3050
2010/06/10,10395,3138
2010/06/11,10300,3075
2010/06/14,10500,3235
2010/06/15,10550,3270
2010/06/17,10500,3295
2010/06/18,10646,3285
2010/06/21,10625,3278
2010/06/22,10784,3300
2010/06/23,10670,3289
2010/06/24,10550,3240
2010/06/25,10450,3280
2010/06/28,10400,3270
2010/06/29,10466,3240
2010/06/30,10239,3120
2010/07/01,10200,3177
2010/07/02,10325,3184
2010/07/05,10400,3174
2010/07/06,10700,3290
2010/07/07,10920,3312
2010/07/08,11000,3358
2010/07/09,11087,3358
2010/07/12,11017,3360
2010/07/13,11200,3410
2010/07/14,11100,3414
2010/07/15,11010,3354
2010/07/16,11157,3379
2010/07/19,11050,3400
2010/07/20,10990,3371
2010/07/21,11300,3475
2010/07/22,11495,3530
2010/07/23,11621,3558
2010/07/26,11700,3551
2010/07/27,11700,3509
2010/07/28,11441,3470
2010/07/29,11518,3479
2010/07/30,11350,3450
2010/08/02,11450,3500
2010/08/03,11100,3365
2010/08/04,11000,3293
2010/08/05,10960,3310
2010/08/06,10750,3280
2010/08/10,10694,3250
2010/08/11,10550,3180
2010/08/12,10694,3162
2010/08/13,10350,3157
2010/08/16,10499,3167
2010/08/17,10401,3243
2010/08/18,10130,3135
2010/08/19,10293,3160
2010/08/20,10285,3126
2010/08/23,10400,3232
2010/08/24,10370,3205
2010/08/25,10075,3180
2010/08/26,10200,3219
2010/08/27,10154,3219
2010/08/30,10350,3288
2010/08/31,10453,3333
2010/09/01,10695,3429
2010/09/02,10682,3422
2010/09/03,10700,3397
2010/09/06,10512,3430
2010/09/07,10260,3335
2010/09/08,10361,3387
2010/09/09,10260,3440
2010/09/10,10340,3459
2010/09/13,10590,3511
2010/09/14,10400,3491
2010/09/15,10631,3500
2010/09/16,10410,3490
2010/09/17,10490,3461
2010/09/20,10737,3562
2010/09/21,10700,3577
2010/09/22,10590,3540
2010/09/23,10555,3590
2010/09/27,10834,3680
2010/09/28,10900,3680
2010/09/29,10889,3734
2010/09/30,11100,3795
2010/10/01,10865,3770
2010/10/04,10891,3740
2010/10/05,10969,3780
2010/10/06,10911,3790
2010/10/07,10838,3697
2010/10/08,10875,3754
2010/10/11,10800,3705
2010/10/12,10729,3736
2010/10/13,11098,3782
2010/10/14,11049,3717
2010/10/15,10920,3648
2010/10/18,10922,3686
2010/10/19,10741,3695
2010/10/20,10700,3629
2010/10/21,10715,3715
2010/10/22,10531,3635
2010/10/25,10550,3596
2010/10/26,10460,3645
2010/10/27,10375,3605
2010/10/28,10323,3650
2010/10/29,10330,3614
2010/11/01,10450,3685
2010/11/02,10418,3635
2010/11/03,10420,3700
2010/11/04,10550,3679
2010/11/05,10490,3675
2010/11/08,10525,3695
2010/11/09,10592,3712
2010/11/10,10505,3750
2010/11/11,10321,3680
2010/11/12,10518,3713
2010/11/15,10500,3655
2010/11/16,10400,3638
2010/11/17,10771,3647
2010/11/18,10614,3626
2010/11/19,10556,3595
2010/11/22,10525,3564
2010/11/23,10469,3515
2010/11/24,10480,3603
2010/11/25,10495,3631
2010/11/26,10529,3650
2010/11/29,10380,3584
2010/11/30,10203,3531
2010/12/01,10351,3550
2010/12/02,10188,3549
2010/12/03,10128,3639
2010/12/06,10145,3601
2010/12/07,10116,3555
2010/12/08,10155,3619
2010/12/09,10200,3635
2010/12/10,10271,3587
2010/12/13,10250,3565
2010/12/14,10250,3560
2010/12/15,10543,3694
2010/12/17,10500,3800
2010/12/20,10407,3760
2010/12/21,10590,3825
2010/12/22,10610,3858
2010/12/23,10685,3880
2010/12/24,10650,3831
2010/12/28,10615,3870
2010/12/29,10630,3861
2010/12/30,10750,3850
2010/12/31,10755,3850
2011/01/03,10950,3865
2011/01/04,10932,3886
2011/01/05,10931,3925
2011/01/06,11000,3955
2011/01/07,10790,3900
2011/01/10,10638,3910
2011/01/11,10800,3969
2011/01/12,10843,3970
2011/01/13,10856,3985
2011/01/14,10700,3960
2011/01/17,10660,3920
2011/01/18,10699,3931
2011/01/19,10550,3911
2011/01/20,10400,3853
2011/01/21,10633,3872
2011/01/24,10580,3859
2011/01/25,10554,3870
2011/01/26,10560,3820
2011/01/27,10785,3927
2011/01/28,10560,3899
2011/01/31,10522,3837
2011/02/01,10450,3850
2011/02/02,10625,3875
2011/02/03,10725,3870
2011/02/04,10642,3829
2011/02/07,10399,3755
2011/02/08,10300,3716
2011/02/09,10300,3700
2011/02/10,10119,3661
2011/02/11,10369,3715
2011/02/14,10287,3735
2011/02/15,10185,3748
2011/02/16,10175,3757
2011/02/17,10185,3774
2011/02/18,10193,3775
2011/02/21,10265,3837
2011/02/22,10140,3783
2011/02/23,9950,3700
2011/02/24,9870,3727
2011/02/25,10000,3835
2011/02/28,9985,3844
2011/03/01,9885,3790
2011/03/02,9924,3784
2011/03/03,9880,3750
2011/03/04,9870,3800
2011/03/07,9918,3800
2011/03/08,9775,3742.424242
2011/03/09,9750,3756.818182
2011/03/10,9610,3653.181818
2011/03/11,9733,3661.818182
2011/03/14,9765,3648.863636
2011/03/15,9497,3509.242424
2011/03/16,9650,3615.757576
2011/03/17,9734,3653.181818
2011/03/18,9737,3588.409091
2011/03/22,9837,3645.984848
2011/03/23,9880,3670.454545
2011/03/24,9900,3706.439394
2011/03/25,9930,3762.575758
2011/03/28,9980,3706.439394
2011/03/29,10236,3755.378788
2011/03/30,10475,3883.484848
2011/03/31,10400,4030.30303
2011/04/01,10551,4000.075758
2011/04/04,10390,3964.090909
2011/04/05,10418,4000.075758
2011/04/06,10420,4214.545455
2011/04/07,10437,4038.939394
2011/04/08,10199,4060.530303
2011/04/11,10130,4097.954545
2011/04/12,10103,4086.439394
2011/04/13,10048,4007.272727
2011/04/14,10050,3873.409091
2011/04/15,9900,3835.984848
2011/04/18,9623,3670.454545
2011/04/19,9754,3768.333333
2011/04/20,10020,3897.878788
2011/04/21,10055,3887.80303
2011/04/26,10225,4027.424242
2011/04/28,10176,4049.015152
2011/04/29,10303,4077.80303
2011/05/03,10223,3991.439394
2011/05/04,10051,3866.212121
2011/05/05,9834,3828.787879
2011/05/06,10049,3900.757576
2011/05/09,9915,3900.757576
2011/05/10,10129,3979.924242
2011/05/11,9963,3958.333333
2011/05/12,9864,3886.363636
2011/05/13,9980,3922.348485
2011/05/16,10035,3955.454545
2011/05/17,9959,3920.909091
2011/05/19,9989,3943.939394
2011/05/20,9986,3887.80303
2011/05/23,9835,3797.121212
2011/05/24,10020,3919.469697
2011/05/25,9920,3871.969697
2011/05/26,10050,3951.136364
2011/05/27,10225,3977.045455
2011/05/30,10190,3943.939394
2011/05/31,10250,4059.090909
2011/06/01,10130,4028.863636
2011/06/02,9995,3929.545455
2011/06/03,9905,3860.454545
2011/06/06,9850,3837.424242
2011/06/07,9930,3850.378788
2011/06/08,9899,3843.181818
2011/06/09,9811,3814.393939
2011/06/10,9720,3742.424242
2011/06/13,9695,3728.030303
2011/06/14,9535,3726.590909
2011/06/15,9649,3728.030303
2011/06/17,9605,3807.19697
2011/06/20,9673,3713.636364
2011/06/21,9780,3697.80303
2011/06/22,9635,3660.378788
2011/06/23,9600,3602.80303
2011/06/24,9714,3627.272727
2011/06/27,9723,3677.651515
2011/06/28,9899,3735.227273
2011/06/29,9999,3778.409091
2011/06/30,9997,3835.984848
2011/07/01,10100,3857.575758
2011/07/04,10119,3857.575758
2011/07/05,10220,3907.954545
2011/07/06,10100,3907.954545
2011/07/07,10146,3857.575758
2011/07/08,10077,3818.712121
2011/07/11,10000,3785.606061
2011/07/12,10091,3800
2011/07/13,10149,3785.606061
2011/07/14,10199,3800
2011/07/15,10085,3828.787879
2011/07/18,9925,3758.257576
2011/07/19,9900,3752.5
2011/07/20,9881,3771.212121
2011/07/21,10006,3800
2011/07/22,9760,3728.030303
2011/07/25,9890,3772.651515
2011/07/26,9850,3752.5
2011/07/27,9715,3755.378788
2011/07/28,9705,3679.090909
2011/07/29,9735,3634.469697
2011/08/01,9700,3667.575758
2011/08/02,9645,3641.666667
2011/08/03,9545,3592.727273
2011/08/04,9360,3479.015152
2011/08/05,9374,3507.80303
2011/08/08,9029,3365.30303
2011/08/10,9050,3316.363636
2011/08/11,9450,3432.954545
2011/08/12,9554,3545.227273
2011/08/15,9690,3548.106061
2011/08/16,9416,3470.378788
2011/08/17,9592,3525.075758
2011/08/18,9249,3470.378788
2011/08/19,9509,3480.454545
2011/08/22,9501,3546.666667
2011/08/23,9500,3502.045455
2011/08/24,9634,3484.772727
2011/08/25,9310,3499.166667
2011/08/26,9449,3532.272727
2011/08/29,9883,3633.030303
2011/08/30,9845,3640.227273
2011/08/31,9980,3663.257576
2011/09/01,10001,3697.80303
2011/09/02,9675,3584.090909
2011/09/05,9554,3558.181818
2011/09/06,9207,3464.621212
2011/09/07,9676,3612.878788
2011/09/08,9750,3751.060606
2011/09/09,9511,3697.80303
2011/09/12,9430,3648.863636
2011/09/13,9600,3720.833333
2011/09/14,9718,3854.69697
2011/09/15,9879,3866.212121
2011/09/16,9668,3821.590909
2011/09/19,9589,3729.469697
2011/09/20,9591,3776.969697
2011/09/21,9725,3764.015152
2011/09/22,9371,3605.681818
2011/09/23,9286,3535.151515
2011/09/26,9246,3597.045455
2011/09/27,9576,3692.045455
2011/09/28,9612,3756.818182
2011/09/29,9265,3647.424242
2011/09/30,9279,3654.621212
2011/10/03,9359,3654.621212
2011/10/04,9262,3555.30303
2011/10/05,9302,3699.242424
2011/10/06,9412,3729.469697
2011/10/07,9624,3771.212121
2011/10/10,9700,3676.212121
2011/10/11,9650,3621.515152
2011/10/12,9658,3637.348485
2011/10/13,9735,3599.924242
2011/10/14,9760,3591.287879
2011/10/17,9703,3588.409091
2011/10/18,9634,3543.787879
2011/10/19,9600,3566.818182
2011/10/20,9555,3490.530303
2011/10/21,9600,3566.818182
2011/10/24,9724,3552.424242
2011/10/25,9775,3633.030303
2011/10/26,9735,3605.681818
2011/10/27,9807,3633.030303
2011/10/28,9940,3598.484848
2011/10/31,9780,3605.681818
2011/11/01,9694,3484.772727
2011/11/02,9640,3620.075758
2011/11/03,9616,3620.075758
2011/11/04,9401,3610
2011/11/07,9704,3723.712121
2011/11/08,9670,3735.227273
2011/11/09,9480,3669.015152
2011/11/10,9574,3661.818182
2011/11/11,9516,3650.30303
2011/11/14,9515,3640.227273
2011/11/15,9545,3723.712121
2011/11/16,9660,3730.909091
2011/11/17,9600,3702.121212
2011/11/18,9425,3599.924242
2011/11/21,9249,3527.954545
2011/11/22,9338,3542.348485
2011/11/23,9307,3517.878788
2011/12/02,9307,3517.878788
2011/12/05,9307,3517.878788
2011/12/06,9307,3517.878788
2011/12/07,9307,3517.878788
2011/12/08,9307,3517.878788
2011/12/09,9307,3517.878788
2011/12/12,9307,3517.878788
2011/12/13,9799,3866.212121
2011/12/14,9676,3785.606061
2011/12/15,9843,3789.924242
2011/12/19,9764,3828.787879
2011/12/20,9566,3792.80303
2011/12/21,9600,3785.606061
2011/12/22,9770,3846.060606
2011/12/23,9775,3884.924242
2011/12/28,10017,3942.5
2011/12/29,9990,3949.69697
2011/12/30,9875,3929.545455
2012/01/03,10041,3984.242424
2012/01/04,10100,4008.712121
2012/01/05,9990,4047.575758
2012/01/06,10069,4099.393939
2012/01/09,10000,4080.681818
2012/01/10,10050,4060.530303
2012/01/11,10044,4080.681818
2012/01/12,10100,4131.060606
2012/01/13,10150,4097.954545
2012/01/16,10250,4102.272727
2012/01/17,10265,4172.80303
2012/01/18,10325,4208.787879
2012/01/19,10554,4275
2012/01/20,10600,4302.348485
2012/01/23,10750,4312.424242
2012/01/24,10600,4247.651515
2012/01/25,10530,4210.227273
2012/01/26,10616,4246.212121
2012/01/27,10650,4246.212121
2012/01/30,10627,4200.151515
2012/01/31,10716,4190.075758
2012/02/01,10720,4312.424242
2012/02/02,10870,4354.166667
2012/02/03,10950,4395.909091
2012/02/06,10802,4349.848485
2012/02/07,10855,4378.636364
2012/02/08,10936,4387.272727
2012/02/09,10990,4447.727273
2012/02/10,10844,4309.545455
2012/02/13,11000,4339.772727
2012/02/14,11025,4296.590909
2012/02/15,11001,4336.893939
2012/02/16,10870,4310.984848
2012/02/17,10974,4358.484848
2012/02/20,11035,4357.045455
2012/02/21,11020,4375.757576
2012/02/22,10896,4312.424242
2012/02/23,11001,4420.378788
2012/02/24,11048,4585.909091
2012/02/27,10885,4508.181818
2012/02/28,10975,4560
2012/02/29,11056,4498.106061
2012/03/01,11110,4598.863636
2012/03/02,10990,4598.863636
2012/03/05,10899,4601.742424
2012/03/06,10770,4483.712121
2012/03/07,10799,4534.090909
2012/03/08,10890,4577.272727
2012/03/09,10948,4606.060606
2012/03/12,10900,4606.060606
2012/03/13,11001,4646.363636
2012/03/14,11110,4706.818182
2012/03/15,11295,4703.939394
2012/03/16,11355,4534.090909
2012/03/19,11250,4548.484848
2012/03/20,11190,4493.787879
2012/03/22,11060,4391.590909
2012/03/23,11189,4416.060606
2012/03/26,11108,4466.439394
2012/03/27,11249,4557.121212
2012/03/28,11126,4567.19697
2012/03/29,11034,4534.090909
2012/03/30,11136,4500.984848
2012/04/02,11250,4548.484848
2012/04/03,11350,4558.560606
2012/04/04,11024,4450.606061
2012/04/05,11125,4511.060606
2012/04/10,11260,4548.484848
2012/04/11,11190,4519.69697
2012/04/12,11115,4545.606061
2012/04/13,11200,4542.727273
2012/04/16,11205,4502.424242
2012/04/17,11290,4562.878788
2012/04/18,11375,4663.636364
2012/04/19,11270,4594.545455
2012/04/20,11331,4735.606061
2012/04/23,11100,4643.484848
2012/04/24,11098,4678.030303
2012/04/25,11124,4750
2012/04/26,11278,4833.484848
2012/04/30,11475,4836.363636
2012/05/02,11365,4908.333333
2012/05/03,11687,4991.818182
2012/05/04,11690,5022.045455
2012/05/07,11575,4984.621212
2012/05/08,11514,4914.090909
2012/05/09,11449,4893.939394
2012/05/10,11621,4951.515152
2012/05/11,11710,4937.121212
2012/05/14,11410,4880.984848
2012/05/15,11364,4843.560606
2012/05/16,11487,4873.787879
2012/05/17,11505,4878.106061
2012/05/18,11320,4724.090909
2012/05/21,11300,4692.424242
2012/05/22,11409,4787.424242
2012/05/23,11309,4678.030303
2012/05/24,11310,4732.727273
2012/05/25,11300,4726.969697
2012/05/28,11300,4742.80303
2012/05/29,11556,4803.257576
2012/05/30,11351,4712.575758
2012/05/31,11400,4807.575758
2012/06/01,11480,4793.181818
2012/06/04,11550,4807.575758
2012/06/05,11515,4807.575758
2012/06/06,11603,4821.969697
2012/06/07,11745,4978.863636
2012/06/08,11631,4948.636364
2012/06/11,11329,4929.924242
2012/06/12,11446,5023.484848
2012/06/13,11561,5007.651515
2012/06/14,11370,4980.30303
2012/06/15,11222,4944.318182
2012/06/18,11483,5124.242424
2012/06/19,11648,5186.136364
2012/06/20,11750,5219.242424
2012/06/21,11800,5255.227273
2012/06/22,11816,5246.590909
2012/06/25,11500,5197.651515
2012/06/26,11276,5095.454545
2012/06/27,11201,5135.757576
2012/06/28,10980,4937.121212
2012/06/29,11054,5020.606061
2012/07/02,11100,5081.060606
2012/07/03,11320,5128.560606
2012/07/04,11278,5108.409091
2012/07/05,11425,5045.075758
2012/07/06,11311,5082.5
2012/07/09,11440,5030.681818
2012/07/10,11366,5037.878788
2012/07/11,11237,5023.484848
2012/07/12,11200,4980.30303
2012/07/13,11166,4970.227273
2012/07/16,11247,5121.363636
2012/07/17,11176,5194.772727
2012/07/18,11325,5232.19697
2012/07/19,11200,5183.257576
2012/07/20,11075,5170.30303
2012/07/23,11008,5154.469697
2012/07/24,11127,5127.121212
2012/07/25,11186,5145.833333
2012/07/26,11180,5173.181818
2012/07/27,11585,5361.742424
2012/07/30,11681,5446.666667
2012/07/31,11401,5278.257576
2012/08/01,11555,5343.030303
2012/08/02,11510,5338.712121
2012/08/03,11795,5505.681818
2012/08/06,11800,5474.015152
2012/08/07,11670,5436.590909
2012/08/08,11733,5416.439394
2012/08/10,11711,5410.681818
2012/08/13,11682,5419.318182
2012/08/14,11759,5522.954545
2012/08/15,11619,5439.469697
2012/08/16,11343,5400.606061
2012/08/17,11250,5315.681818
2012/08/20,11085,5268.181818
2012/08/21,11129,5298.409091
2012/08/22,11075,5286.893939
2012/08/23,11145,5296.969697
2012/08/24,11157,5330.075758
2012/08/27,11200,5383.333333
2012/08/28,11115,5377.575758
2012/08/29,11192,5343.030303
2012/08/30,10955,5242.272727
2012/08/31,11100,5233.636364
2012/09/03,11175,5271.060606
2012/09/04,11080,5282.575758
2012/09/05,10975,5282.575758
2012/09/06,11200,5307.045455
2012/09/07,11190,5282.575758
2012/09/10,10601,5180.378788
2012/09/11,10595,5253.787879
2012/09/12,10615,5181.818182
2012/09/13,10439,5148.712121
2012/09/14,10240,5059.469697
2012/09/17,10395,5037.878788
2012/09/18,10499,5124.242424
2012/09/19,10450,5213.484848
2012/09/20,10425,5189.015152
2012/09/21,10550,5226.439394
2012/09/25,10745,5302.727273
2012/09/26,10613,5294.090909
2012/09/27,10550,5259.545455
2012/09/28,10563,5325.757576
2012/10/01,10563,5363.181818
2012/10/02,10600,5396.287879
2012/10/03,10480,5402.045455
2012/10/04,10420,5426.515152
2012/10/05,10335,5305.606061
2012/10/08,10200,5043.636364
2012/10/09,10179,5063.787879
2012/10/10,10370,5124.242424
2012/10/11,10505,5178.939394
2012/10/12,10476,5229.318182
2012/10/15,10525,5245.151515
2012/10/16,10589,5328.636364
2012/10/17,10630,5360.30303
2012/10/18,10460,5350.227273
2012/10/19,10453,5248.030303
2012/10/22,10641,5386.212121
2012/10/23,10580,5384.772727
2012/10/24,10660,5443.787879
2012/10/25,10700,5459.621212
2012/10/26,10658,5435.151515
2012/10/29,10549,5497.045455
2012/10/30,10750,5586.287879
2012/10/31,10711,5475.454545
2012/11/01,10700,5603.560606
2012/11/02,10850,5571.893939
2012/11/05,10845,5720.151515
2012/11/06,10999,5809.393939
2012/11/07,10940,5799.318182
2012/11/08,11101,5823.787879
2012/11/09,10800,5770.530303
2012/11/12,10750,5756.136364
2012/11/13,10626,5754.69697
2012/11/14,10605,5779.166667
2012/11/15,10590,5668.333333
2012/11/16,10606,5738.863636
2012/11/19,10786,5868.409091
2012/11/21,10682,5681.287879
2012/11/22,10663,5711.515152
2012/11/23,10615,5556.060606
2012/11/24,10615,5556.060606
2012/11/25,10615,5556.060606
2012/11/26,10575,5520.075758
2012/11/27,10524,5564.69697
2012/11/28,10537,5580.530303
2012/11/29,10543,5642.424242
2012/11/30,10515,5639.545455
2012/12/03,10637,5687.045455
2012/12/04,10569,5705.757576
2012/12/05,10801,5812.272727
2012/12/06,10852,5865.530303
2012/12/07,10805,5891.439394
2012/12/10,10712,5901.515152
2012/12/11,10898,5887.121212
2012/12/12,10970,5843.939394
2012/12/13,11125,5786.363636
2012/12/14,11408,5734.545455
2012/12/18,11515,5771.969697
2012/12/19,11699,5848.257576
2012/12/20,11927,5985
2012/12/21,11939,5851.136364
2012/12/24,11854,5862.651515
2012/12/27,12030,5969.166667
2012/12/28,11900,5946.136364
2012/12/31,11888,5858.333333
2013/01/02,11943,6045.454545
2013/01/03,11975,6088.636364
2013/01/04,11993,6176.439394
2013/01/07,11960,6213.863636
2013/01/08,11967,6189.393939
2013/01/09,11870,6252.727273
2013/01/10,11853,6160.606061
2013/01/11,11750,6210.984848
2013/01/14,11915,6203.787879
2013/01/15,11850,6055.530303
2013/01/16,11740,6199.469697
2013/01/17,11880,6311.742424
2013/01/18,11712,6333.333333
2013/01/21,11927,6441.287879
2013/01/22,11864,6396.666667
2013/01/23,11783,6323.257576
2013/01/24,11695,6282.954545
2013/01/25,11721,6353.484848
2013/01/28,11875,6389.469697
2013/01/29,11735,6428.333333
2013/01/30,11625,6297.348485
2013/01/31,11667,6177.878788
2013/02/01,11650,6095.833333
2013/02/04,11726,6087.19697
2013/02/05,11944,6208.106061
2013/02/06,11652,6111.666667
2013/02/07,11895,6131.818182
2013/02/08,11875,6159.166667
2013/02/11,11780,6223.939394
2013/02/12,11760,6192.272727
2013/02/13,11880,6153.409091
2013/02/14,11951,6085.757576
2013/02/15,11820,6055.530303
2013/02/18,11845,6084.318182
2013/02/19,11899,6133.257576
2013/02/20,11951,6045.454545
2013/02/21,11900,5964.848485
2013/02/22,11790,5907.272727
2013/02/25,11825,5930.30303
2013/02/26,11716,5861.212121
2013/02/27,11525,5746.060606
2013/02/28,11649,5892.878788
2013/03/01,11810,5956.212121
2013/03/04,11559,5911.590909
2013/03/05,11835,6103.030303
2013/03/06,11650,5905.833333
2013/03/07,11551,5900.075758
2013/03/08,11770,5944.69697
2013/03/11,11900,5879.924242
2013/03/12,11760,5830.984848
2013/03/13,11452,5760.454545
2013/03/14,11625,5881.363636
2013/03/15,11375,5761.893939
2013/03/18,11370,5843.939394
2013/03/19,11624,5901.515152
2013/03/20,11689,5901.515152
2013/03/22,11685,6023.863636
2013/03/25,11806,6045.454545
2013/03/26,11966,6067.045455
2013/03/27,11860,6005.151515
2013/03/28,11839,5987.878788
2013/04/02,11945,6159.166667
2013/04/03,11750,5995.075758
2013/04/04,11705,5976.363636
2013/04/05,11650,5887.121212
2013/04/08,11535,5996.515152
2013/04/09,11450,5941.818182
2013/04/10,11600,5985
2013/04/11,11646,5930.30303
2013/04/12,11501,5901.515152
2013/04/15,11017,5737.424242
2013/04/16,11198,5848.257576
2013/04/17,10823,5704.318182
2013/04/18,10920,5702.878788
2013/04/19,11035,5823.787879
2013/04/22,11100,5721.590909
2013/04/23,11202,5851.136364
2013/04/24,11221,5763.333333
2013/04/25,11251,5746.060606
2013/04/26,11227,5720.151515
2013/04/29,11275,5707.19697
2013/04/30,11210,5733.106061
2013/05/02,11290,5842.5
2013/05/03,11198,5782.045455
2013/05/06,11180,5733.106061
2013/05/07,11311,5806.515152
2013/05/08,11375,5959.090909
2013/05/09,11485,5908.712121
2013/05/10,11550,5891.439394
2013/05/13,11490,5888.560606
2013/05/14,11480,5911.590909
2013/05/15,11450,5908.712121
2013/05/16,11479,5972.045455
2013/05/17,11381,5858.333333
2013/05/20,11018,5720.151515
2013/05/21,11225,5920.227273
2013/05/22,11345,5842.5
2013/05/23,11115,5656.818182
2013/05/24,11100,5656.818182
2013/05/27,11129,5659.69697
2013/05/28,11308,5744.621212
2013/05/29,11000,5640.984848
2013/05/30,11170,5665.454545
2013/05/31,11186,5727.348485
2013/06/03,10950,5417.878788
2013/06/04,11140,5469.69697
2013/06/05,11032,5364.621212
2013/06/06,10860,5282.575758
2013/06/07,10990,5309.924242
2013/06/10,10810,5256.666667
2013/06/11,10600,5181.818182
2013/06/12,10604,5189.015152
2013/06/13,10570,5246.590909
2013/06/14,10545,5397.727273
2013/06/18,10973,5511.439394
2013/06/19,10750,5498.484848
2013/06/20,10532,5260.984848
2013/06/21,10740,5312.80303
2013/06/24,10521,5253.787879
2013/06/25,10636,5364.621212
2013/06/26,11035,5528.712121
2013/06/27,11085,5599.242424
2013/06/28,11148,5671.212121
2013/07/01,11150,5813.712121
2013/07/02,11202,5799.318182
2013/07/03,10779,5609.318182
2013/07/04,10930,5700
2013/07/05,10567,5507.121212
2013/07/08,10651,5599.242424
2013/07/09,10780,5622.272727
2013/07/10,10600,5426.515152
2013/07/11,10783,5603.560606
2013/07/12,10885,5728.787879
2013/07/15,10954,5743.181818
2013/07/16,10764,5632.348485
2013/07/17,10933,5557.5
2013/07/18,10856,5610.757576
2013/07/19,10816,5584.848485
2013/07/22,10850,5594.924242
2013/07/23,11086,5790.681818
2013/07/24,11055,5695.681818
2013/07/25,10910,5710.075758
2013/07/26,10820,5640.984848
2013/07/29,10950,5746.060606
2013/07/30,10930,5702.878788
2013/07/31,11051,5843.939394
2013/08/01,11298,5858.333333
2013/08/02,11300,5895.757576
2013/08/05,11400,5823.787879
2013/08/06,11311,5809.393939
2013/08/07,11350,5898.636364
2013/08/08,11309,5901.515152
2013/08/12,11320,5993.636364
2013/08/13,11425,6013.787879
2013/08/14,11585,6136.136364
2013/08/15,11395,6002.272727
2013/08/16,11523,6031.060606
2013/08/19,11400,5910.151515
2013/08/20,11408,5966.287879
2013/08/21,11316,5927.424242
2013/08/22,11446,5891.439394
2013/08/23,11525,5930.30303
2013/08/26,11550,5960.530303
2013/08/27,11448,5959.090909
2013/08/28,11250,5774.848485
2013/08/29,11385,5874.166667
2013/08/30,11450,5819.469697
2013/09/02,11509,5974.924242
2013/09/03,11563,6045.454545
2013/09/04,11411,5937.5
2013/09/05,11550,6080
2013/09/06,11588,6153.409091
2013/09/09,11301,6087.19697
2013/09/10,11332,6254.166667
2013/09/11,11475,6333.333333
2013/09/12,11615,6516.136364
2013/09/13,11723,6517.575758
2013/09/16,11650,6470.075758
2013/09/17,11840,6621.212121
2013/09/18,11666,6484.469697
2013/09/19,12100,6837.121212
2013/09/20,11957,6756.515152
2013/09/23,12005,6729.166667
2013/09/25,12130,6851.515152
2013/09/26,12165,6785.30303
2013/09/27,12080,6690.30303
2013/09/30,11988,6642.80303
2013/10/01,11986,6782.424242
2013/10/02,11932,6765.151515
2013/10/03,12166,6801.136364
2013/10/04,12242,6772.348485
2013/10/07,12253,6684.545455
2013/10/08,12160,6599.621212
2013/10/09,12000,6543.484848
2013/10/10,12200,6749.318182
2013/10/11,12230,6730.606061
2013/10/14,12235,6837.121212
2013/10/15,12440,6956.590909
2013/10/16,12750,7078.939394
2013/10/17,12620,7030
2013/10/18,12700,7038.636364
2013/10/21,12769,7060.227273
2013/10/22,12567,7064.545455
2013/10/23,12560,6979.621212
2013/10/24,12427,7024.242424
2013/10/25,12450,6981.060606
2013/10/28,12673,7139.393939
2013/10/29,12750,7130.757576
2013/10/30,12740,7188.333333
2013/10/31,12752,7244.469697
2013/11/01,12694,7168.181818
2013/11/04,12540,7132.19697
2013/11/05,12351,6973.863636
2013/11/06,12459,6958.030303
2013/11/07,12450,6873.106061
2013/11/08,12451,6677.348485
2013/11/11,12439,6711.893939
2013/11/12,12505,6665.833333
2013/11/13,12175,6588.106061
2013/11/14,12257,6609.69697
2013/11/15,12273,6671.590909
2013/11/18,12325,6828.484848
2013/11/19,12225,6693.181818
2013/11/20,12377,6733.484848
2013/11/21,12236,6609.69697
2013/11/22,12117,6621.212121
2013/11/25,12157,6664.393939
2013/11/26,11925,6539.166667
2013/11/27,12011,6677.348485
2013/11/28,12200,6822.727273
2013/11/29,12065,6789.621212
2013/12/02,12200,6763.712121
2013/12/03,11976,6501.742424
2013/12/04,11972,6513.257576
2013/12/05,12015,6570.833333
2013/12/06,12288,6707.575758
2013/12/09,12399,6798.257576
2013/12/10,12249,6773.787879
2013/12/11,12299,6662.954545
2013/12/12,12115,6405.30303
2013/12/13,12002,6560.757576
2013/12/17,12300,6687.424242
2013/12/18,12159,6644.242424
2013/12/19,12500,6697.5
2013/12/20,12749,6567.954545
2013/12/23,12705,6606.818182
2013/12/24,12850,6606.818182
2013/12/27,12859,6721.969697
2013/12/30,13019,6953.712121
2013/12/31,12942,6959.469697
2014/01/02,13031,7037.19697
2014/01/03,12853,6986.818182
2014/01/06,12630,6750.757576
2014/01/07,12886,6840
2014/01/08,12792,6773.787879
2014/01/09,12695,6665.833333
2014/01/10,12753,6723.409091
2014/01/13,13025,6901.893939
2014/01/14,12850,6687.424242
2014/01/15,12800,6660.075758
2014/01/16,12751,6637.045455
2014/01/17,12645,6553.560606
2014/01/20,12570,6611.136364
2014/01/21,12455,6746.439394
2014/01/22,12725,6848.636364
2014/01/23,12712,6780.984848
2014/01/24,12295,6619.772727
2014/01/27,12050,6536.287879
2014/01/28,12196,6510.378788
2014/01/29,11801,6297.348485
2014/01/30,11501,6111.666667
2014/01/31,11695,6154.848485
2014/02/03,11595,6045.454545
2014/02/04,11417,6117.424242
2014/02/05,11416,6044.015152
2014/02/06,11585,6133.257576
2014/02/07,11800,6261.363636
2014/02/10,11709,6160.606061
2014/02/11,11560,6127.5
2014/02/12,11770,6280.075758
2014/02/13,11629,6235.454545
2014/02/14,11896,6317.5
2014/02/17,12066,6426.893939
2014/02/18,11900,6365
2014/02/19,11920,6413.939394
2014/02/20,11910,6448.484848
2014/02/21,11850,6616.893939
2014/02/24,12412,6832.80303
2014/02/25,12546,6956.590909
2014/02/26,12244,6822.727273
2014/02/27,12174,6760.833333
2014/02/28,12321,6891.818182
2014/03/03,12125,6887.5
2014/03/04,12301,6886.060606
2014/03/05,12455,6801.136364
2014/03/06,12687,6922.045455
2014/03/07,12800,6845.757576
2014/03/10,12565,6726.287879
2014/03/11,12453,6835.681818
2014/03/12,12313,6657.19697
2014/03/13,12297,6749.318182
2014/03/14,12429,6785.30303
2014/03/17,12920,6793.939394
2014/03/18,12804,6642.80303
2014/03/19,12805,6631.287879
2014/03/20,12688,6606.818182
2014/03/24,12945,6448.484848
2014/03/25,13281,6721.969697
2014/03/26,13650,6916.287879
2014/03/27,13589,6887.5
2014/03/28,13900,6868.787879
2014/03/31,13880,6903.333333
2014/04/01,14010,6910.530303
2014/04/02,14050,6983.939394
2014/04/03,13940,7025.681818
2014/04/04,14000,7110.606061
2014/04/07,14026,7182.575758
2014/04/08,14370,7237.272727
2014/04/09,13999,7205.606061
2014/04/10,14197,7254.545455
2014/04/11,14090,7073.181818
2014/04/14,13896,7122.121212
2014/04/15,13600,7011.287879
2014/04/16,13690,7113.484848
2014/04/17,13890,7283.333333
2014/04/22,13976,7320.757576
2014/04/23,13854,7232.954545
2014/04/24,13816,7255.984848
2014/04/25,13993,7401.363636
2014/04/29,13850,7304.924242
2014/04/30,13808,7255.984848
2014/05/02,14100,7513.636364
2014/05/05,13900,7327.954545
2014/05/06,13950,7385.530303
2014/05/08,14255,7384.090909
2014/05/09,14379,7325.075758
2014/05/12,14372,7280.454545
2014/05/13,14437,7448.863636
2014/05/14,14500,7388.409091
2014/05/15,14300,7330.833333
2014/05/16,14116,7290.530303
2014/05/19,14250,7458.939394
2014/05/20,14224,7437.348485
2014/05/21,14200,7376.893939
2014/05/22,14388,7427.272727
2014/05/23,14500,7565.454545
2014/05/26,14350,7558.257576
2014/05/27,14240,7355.30303
2014/05/28,14200,7394.166667
2014/05/29,14300,7494.924242
2014/05/30,14165,7481.969697
2014/06/02,14140,7492.045455
2014/06/03,14050,7466.136364
2014/06/04,14200,7450.30303
2014/06/05,14432,7471.893939
2014/06/06,14600,7592.80303
2014/06/09,14550,7555.378788
2014/06/10,14800,7651.818182
2014/06/11,14700,7647.5
2014/06/12,14685,7644.621212
2014/06/13,14674,7520.833333
2014/06/17,14600,7618.712121
2014/06/18,14410,7513.636364
2014/06/19,14710,7611.515152
2014/06/20,14626,7702.19697
2014/06/23,14701,7644.621212
2014/06/24,14694,7650.378788
2014/06/25,14480,7556.818182
2014/06/26,14481,7556.818182
2014/06/27,14379,7556.818182
2014/06/30,14500,7569.772727
2014/07/01,14570,7591.363636
2014/07/02,14570,7611.515152
2014/07/03,14419,7533.787879
2014/07/04,14464,7572.651515
2014/07/07,14562,7592.80303
2014/07/08,14600,7621.590909
2014/07/09,14698,7718.030303
2014/07/10,14450,7600
2014/07/11,14614,7653.257576
2014/07/14,14530,7700.757576
2014/07/15,14524,7732.424242
2014/07/16,14665,7895.075758
2014/07/17,14610,7890.757576
2014/07/18,14600,7916.666667
2014/07/21,14498,7854.772727
2014/07/22,14546,8008.787879
2014/07/23,14655,8096.590909
2014/07/24,14767,8034.69697
2014/07/25,14728,8010.227273
2014/07/28,14900,8170
2014/07/29,14930,8229.015152
2014/07/30,14600,7982.878788
2014/07/31,14474,8037.575758
2014/08/01,14450,8007.348485
2014/08/04,14695,8272.19697
2014/08/05,14621,8247.727273
2014/08/06,14375,8010.227273
2014/08/07,14333,8003.030303
2014/08/08,14445,8031.818182
2014/08/11,14641,8250.606061
2014/08/12,14650,8164.242424
2014/08/13,14586,8240.530303
2014/08/14,14085,8227.575758
2014/08/15,13913,8082.19697
2014/08/18,13951,8103.787879
2014/08/19,13995,8172.878788
2014/08/20,13780,8057.727273
2014/08/21,13929,8191.590909
2014/08/22,13810,8121.060606
2014/08/25,13850,8148.409091
2014/08/26,13891,8239.090909
2014/08/27,13900,8145.530303
2014/08/28,13795,8181.515152
2014/08/29,13800,8057.727273
2014/09/01,13793,8135.454545
2014/09/02,13880,8319.69697
2014/09/03,13943,8385.909091
2014/09/04,14050,8541.363636
2014/09/05,14000,8508.257576
2014/09/08,13793,8594.621212
2014/09/09,13648,8393.106061
2014/09/10,13698,8341.287879
2014/09/11,13503,8322.575758
2014/09/12,13349,8257.80303
2014/09/15,13360,8146.969697
2014/09/16,13642,8270.757576
2014/09/17,13870,8347.045455
2014/09/18,13974,8439.166667
2014/09/19,13938,8424.772727
2014/09/22,13600,8157.045455
2014/09/23,13371,8072.121212
2014/09/25,13230,7923.863636
2014/09/26,13201,8170
2014/09/29,13123,8090.833333
2014/09/30,13065,8161.363636
2014/10/01,13035,8054.848485
2014/10/02,12801,7886.439394
2014/10/03,12995,8075
2014/10/06,13015,8053.409091
2014/10/07,12850,7952.651515
2014/10/08,12675,7882.121212
2014/10/09,12894,7925.30303
2014/10/10,12750,7745.378788
2014/10/13,12801,7844.69697
2014/10/14,12917,7978.560606
2014/10/15,12543,7778.484848
2014/10/16,12693,7838.939394
2014/10/17,12929,8010.227273
2014/10/20,12797,7933.939394
2014/10/21,12940,8151.287879
2014/10/22,12910,8086.515152
2014/10/23,13014,8027.5
2014/10/24,12895,8044.772727
2014/10/27,12988,8060.606061
2014/10/28,13150,8329.772727
2014/10/29,13371,8560.075758
2014/10/30,13531,8506.818182
2014/10/31,13875,8810.530303
2014/11/03,13830,8806.212121
2014/11/04,13590,8721.287879
2014/11/05,13246,8609.015152
2014/11/06,13424,8680.984848
2014/11/07,13300,8578.787879
2014/11/10,13401,8773.106061
2014/11/11,13381,8803.333333
2014/11/12,13643,8906.969697
2014/11/13,13840,8917.045455
2014/11/14,13689,8895.454545
2014/11/17,13757,8863.787879
2014/11/18,13860,8892.575758
2014/11/19,13790,8846.515152
2014/11/20,13714,8649.318182
2014/11/21,13996,9075.378788
2014/11/24,13890,9045.151515
2014/11/25,13878,8996.212121
2014/11/26,13713,8953.030303
2014/11/27,13810,9118.560606
2014/11/28,13620,9014.924242
2014/12/01,13350,8783.181818
2014/12/02,13559,8935.757576
2014/12/03,13850,8999.090909
2014/12/04,13845,8775.984848
2014/12/05,14060,8902.651515
2014/12/08,14251,8961.666667
2014/12/09,13950,8676.666667
2014/12/10,13900,8931.439394
2014/12/11,13670,8869.545455
2014/12/12,13655,8754.393939
2014/12/15,13570,8626.287879
2014/12/17,13647,8562.954545
2014/12/18,14402,9065.30303
2014/12/19,14157,9079.69697
2014/12/22,14091,9062.424242
2014/12/23,14388,9115.681818
2014/12/24,14200,9020.681818
2014/12/29,14441,9284.090909
2014/12/30,14351,9168.939394
2014/12/31,14348,9261.060606
2015/01/02,14226,9120
2015/01/05,13526,8672.348485
2015/01/06,14060,8932.878788
2015/01/07,14384,9096.969697
2015/01/08,14600,9155.984848
2015/01/09,14283,8986.136364
2015/01/12,14175,8809.090909
2015/01/13,14600,9147.348485
2015/01/14,14010,8866.666667
2015/01/15,13943,8919.924242
2015/01/16,14024,8791.818182
2015/01/19,14075,8801.893939
2015/01/20,14195,8837.878788
2015/01/21,14275,8780.30303
2015/01/22,14555,8894.015152
2015/01/23,14500,9042.272727
2015/01/26,14750,9166.060606
2015/01/27,15004,9286.969697
2015/01/28,15315,9445.30303
2015/01/29,15320,9263.939394
2015/01/30,15462,9538.863636
2015/02/02,15315,9406.439394
2015/02/03,16038,9471.212121
2015/02/04,15830,9337.348485
2015/02/05,15311,9397.80303
2015/02/06,15425,9514.393939
2015/02/09,15336,9533.106061
2015/02/10,15175,9505.757576
2015/02/11,15070,9439.545455
2015/02/12,15253,9694.318182
2015/02/13,15403,9724.545455
2015/02/16,15300,9783.560606
2015/02/17,15301,9717.348485
2015/02/18,15325,9721.666667
2015/02/19,15409,9551.818182
2015/02/20,15532,9606.515152
2015/02/23,15491,9763.409091
2015/02/24,15481,9931.818182
2015/02/25,15673,9923.181818
2015/02/26,15697,9927.5
2015/02/27,15251,9770.606061
2015/03/02,15125,9812.348485
2015/03/03,14978,9625.227273
2015/03/04,14890,9816.666667
2015/03/05,15696,9910.227273
2015/03/06,15703,10018.18182
2015/03/09,15665,9844.015152
2015/03/10,15600,9571.969697
2015/03/11,15435,9479.848485
2015/03/12,15407,9926.060606
2015/03/13,15355,9967.80303
2015/03/16,15640,10035.45455
2015/03/17,15890,9878.560606
2015/03/18,16105,9964.924242
2015/03/19,16150,9720.227273
2015/03/20,16111,9839.69697
2015/03/23,16470,9672.727273
2015/03/24,16991,9960.606061
2015/03/25,16850,9859.848485
2015/03/26,16673,9766.287879
2015/03/27,16700,9910.227273
2015/03/30,16850,10169.31818
2015/03/31,16800,10058.48485
2015/04/01,16765,10205.30303
2015/04/02,16800,10218.25758
2015/04/07,17001,10316.13636
2015/04/08,17099,10280.15152
2015/04/09,17215,10392.42424
2015/04/10,17390,10379.4697
2015/04/13,17335,10350.68182
2015/04/14,17453,10442.80303
2015/04/15,17519,10301.74242
2015/04/16,17625,10442.80303
2015/04/17,17500,10277.27273
2015/04/20,17195,10421.21212
2015/04/21,17271,10363.63636
2015/04/22,17418,10403.93939
2015/04/23,17499,10491.74242
2015/04/24,17499,10473.0303
2015/04/28,17580,10419.77273
2015/04/29,17254,10320.45455
2015/04/30,17460,10323.33333
2015/05/04,17221,10254.24242
2015/05/05,17400,10215.37879
2015/05/06,17239,10061.36364
2015/05/07,17044,9789.318182
2015/05/08,17129,9846.893939
2015/05/11,17003,9926.060606
2015/05/12,16964,9867.045455
2015/05/13,16880,9859.848485
2015/05/14,16666,9688.560606
2015/05/15,16947,9823.863636
2015/05/18,17084,9931.818182
2015/05/19,17147,10012.42424
2015/05/20,17000,9976.439394
2015/05/21,16750,9951.969697
2015/05/22,16806,9920.30303
2015/05/25,16868,9982.19697
2015/05/26,16350,9691.439394
2015/05/27,16344,9665.530303
2015/05/28,16400,9609.393939
2015/05/29,15810,9423.712121
2015/06/01,16011,9363.257576
2015/06/02,15872,9452.5
2015/06/03,15670,9238.030303
2015/06/04,15482,9249.545455
2015/06/05,15626,9262.5
2015/06/08,15734,9363.257576
2015/06/09,15750,9317.19697
2015/06/10,15776,9478.409091
2015/06/11,15810,9406.439394
2015/06/12,15611,9288.409091
2015/06/15,15512,9120
2015/06/17,15280,9033.636364
2015/06/18,15308,9032.19697
2015/06/19,15229,9068.181818
2015/06/22,15700,9331.590909
2015/06/23,15925,9512.954545
2015/06/24,16004,9456.818182
2015/06/25,16168,9643.939394
2015/06/26,15967,9564.772727
2015/06/29,15794,9436.666667
2015/06/30,16017,9564.772727
2015/07/01,15960,9406.439394
2015/07/02,15988,9512.954545
2015/07/03,15932,9471.212121
2015/07/06,15950,9341.666667
2015/07/07,15247,9063.863636
2015/07/08,15621,9223.636364
2015/07/09,16094,9507.19697
2015/07/10,16000,9596.439394
2015/07/13,16235,9779.242424
2015/07/14,15920,9750.454545
2015/07/15,15800,9786.439394
2015/07/16,15850,9874.242424
2015/07/17,15797,9956.287879
2015/07/20,15775,9976.439394
2015/07/21,15675,9895.833333
2015/07/22,15236,9747.575758
2015/07/23,15489,9898.712121
2015/07/24,15152,9702.954545
2015/07/27,15300,9571.969697
2015/07/28,15150,9635.30303
2015/07/29,15379,9787.878788
2015/07/30,15250,9622.348485
2015/07/31,15228,9838.257576
2015/08/03,15211,9756.212121
2015/08/04,15625,10165
2015/08/05,15690,10231.21212
2015/08/06,15820,10169.31818
2015/08/07,15721,10185.15152
2015/08/11,16032,10236.9697
2015/08/12,15400,9658.333333
2015/08/13,15470,9820.984848
2015/08/14,15395,9736.060606
2015/08/17,15270,9464.015152
2015/08/18,15289,9633.863636
2015/08/19,15028,9487.045455
2015/08/20,14526,9285.530303
2015/08/21,14488,9256.742424
2015/08/24,14300,8971.742424
2015/08/25,14871,9563.333333
2015/08/26,14388,9452.5
2015/08/27,14585,9344.545455
2015/08/28,14750,9702.954545
2015/08/31,14612,9665.530303
2015/09/01,14230,9286.969697
2015/09/02,14357,9550.378788
2015/09/03,14701,9741.818182
2015/09/04,14326,9278.333333
2015/09/07,13870,9069.621212
2015/09/08,13926,9262.5
2015/09/09,14050,9299.924242
2015/09/10,13847,9291.287879
2015/09/11,13846,9112.80303
2015/09/14,14098,9469.772727
2015/09/15,13946,9540.30303
2015/09/16,14158,9616.590909
2015/09/17,14353,9852.651515
2015/09/18,14300,9766.287879
2015/09/21,13920,9757.651515
2015/09/22,13885,9799.393939
2015/09/23,13900,9776.363636
2015/09/25,13639,9655.454545
2015/09/28,13239,9312.878788
2015/09/29,13376,9331.590909
2015/09/30,13500,9488.484848
2015/10/01,13856,9819.545455
2015/10/02,13973,9750.454545
2015/10/05,14539,9744.69697
2015/10/06,14185,9779.242424
2015/10/07,14519,9975
2015/10/08,14359,9759.090909
2015/10/09,14807,9828.181818
2015/10/12,14446,9710.151515
2015/10/13,14390,9652.575758
2015/10/14,14318,9583.484848
2015/10/15,14647,9557.575758
2015/10/16,14300,9520.151515
2015/10/19,14793,9753.333333
2015/10/20,14699,9567.651515
2015/10/21,14610,9514.393939
2015/10/22,14570,9609.393939
2015/10/23,14895,9593.560606
2015/10/26,14503,9707.272727
2015/10/27,14545,9643.939394
2015/10/28,14550,9708.712121
2015/10/29,14301,9626.666667
2015/10/30,14393,9713.030303
2015/11/02,14562,9793.636364
2015/11/03,14098,9682.80303
2015/11/04,14387,9744.69697
2015/11/05,14310,9704.393939
2015/11/06,14000,9571.969697
2015/11/09,14074,9534.545455
2015/11/10,13953,9389.166667
2015/11/11,13825,9333.030303
2015/11/12,13602,9022.121212
2015/11/13,13409,8788.939394
2015/11/16,13401,8780.30303
2015/11/17,13604,8953.030303
2015/11/18,13515,8853.712121
2015/11/19,14000,9107.045455
2015/11/20,13981,9263.939394
2015/11/23,13741,9212.121212
