Date,Truworth,MrPrice
2004/05/12,1000,780
2004/05/13,980,781
2004/05/14,980,780
2004/05/17,970,760
2004/05/18,960,760
2004/05/19,970,765
2004/05/20,966,750
2004/05/21,982,750
2004/05/24,965,761
2004/05/25,967,755
2004/05/26,975,775
2004/05/27,961,780
2004/05/28,943,790
2004/05/31,955,805
2004/06/01,975,820
2004/06/02,974,820
2004/06/03,975,820
2004/06/04,970,805
2004/06/07,970,810
2004/06/08,975,810
2004/06/09,975,810
2004/06/10,976,810
2004/06/11,975,815
2004/06/14,1000,810
2004/06/15,985,810
2004/06/17,951,811
2004/06/18,975,820
2004/06/21,975,795
2004/06/22,985,785
2004/06/23,992,800
2004/06/24,994,800
2004/06/25,980,810
2004/06/28,1005,815
2004/06/29,1005,810
2004/06/30,1011,810
2004/07/01,1020,815
2004/07/02,1040,815
2004/07/05,1050,815
2004/07/06,1020,814
2004/07/07,1015,825
2004/07/08,1025,830
2004/07/09,1030,815
2004/07/12,1025,810
2004/07/13,1025,810
2004/07/14,1040,825
2004/07/15,1040,830
2004/07/16,1038,825
2004/07/19,1030,825
2004/07/20,1025,825
2004/07/21,1024,825
2004/07/22,1015,825
2004/07/23,1000,825
2004/07/26,1020,825
2004/07/27,1015,825
2004/07/28,1015,824
2004/07/29,1000,825
2004/07/30,1025,825
2004/08/02,1050,822
2004/08/03,1010,820
2004/08/04,1035,814
2004/08/05,1038,800
2004/08/06,1031,799
2004/08/10,1040,800
2004/08/11,1029,790
2004/08/12,1050,800
2004/08/13,1050,795
2004/08/16,1062,795
2004/08/17,1050,781
2004/08/18,1040,770
2004/08/19,1050,798
2004/08/20,1050,785
2004/08/23,1046,780
2004/08/24,1050,785
2004/08/25,1055,795
2004/08/26,1050,790
2004/08/27,1060,790
2004/08/30,1050,790
2004/08/31,1060,800
2004/09/01,1095,820
2004/09/02,1130,820
2004/09/03,1175,840
2004/09/06,1130,837
2004/09/07,1126,835
2004/09/08,1160,825
2004/09/09,1210,835
2004/09/10,1200,830
2004/09/13,1179,821
2004/09/14,1165,810
2004/09/15,1190,816
2004/09/16,1200,819
2004/09/17,1210,829
2004/09/20,1250,825
2004/09/21,1280,825
2004/09/22,1270,850
2004/09/23,1280,840
2004/09/27,1290,845
2004/09/28,1319,869
2004/09/29,1294,885
2004/09/30,1280,890
2004/10/01,1250,900
2004/10/04,1275,900
2004/10/05,1270,910
2004/10/06,1275,890
2004/10/07,1280,880
2004/10/08,1280,864
2004/10/11,1275,855
2004/10/12,1265,840
2004/10/13,1260,846
2004/10/14,1257,850
2004/10/15,1260,860
2004/10/18,1260,870
2004/10/19,1285,875
2004/10/20,1300,875
2004/10/21,1294,880
2004/10/22,1279,880
2004/10/25,1285,880
2004/10/26,1269,880
2004/10/27,1249,899
2004/10/28,1300,891
2004/10/29,1399,900
2004/11/01,1399,960
2004/11/02,1400,975
2004/11/03,1430,990
2004/11/04,1500,980
2004/11/05,1515,990
2004/11/08,1575,990
2004/11/09,1575,1026
2004/11/10,1620,1050
2004/11/11,1599,1075
2004/11/12,1590,1090
2004/11/15,1600,1080
2004/11/16,1594,1080
2004/11/17,1555,1100
2004/11/18,1550,1095
2004/11/19,1555,1095
2004/11/22,1544,1090
2004/11/23,1532,1080
2004/11/24,1550,1080
2004/11/25,1565,1090
2004/11/26,1650,1099
2004/11/29,1635,1105
2004/11/30,1675,1130
2004/12/01,1650,1130
2004/12/02,1650,1150
2004/12/03,1620,1150
2004/12/06,1592,1135
2004/12/07,1570,1085
2004/12/08,1530,1044
2004/12/09,1550,1020
2004/12/10,1575,1040
2004/12/13,1595,1060
2004/12/14,1600,1090
2004/12/15,1600,1110
2004/12/17,1627,1110
2004/12/20,1615,1115
2004/12/21,1650,1112
2004/12/22,1681,1136
2004/12/23,1715,1160
2004/12/24,1715,1170
2004/12/28,1715,1200
2004/12/29,1725,1220
2004/12/30,1715,1220
2004/12/31,1710,1244
2005/01/03,1720,1240
2005/01/04,1715,1252
2005/01/05,1650,1230
2005/01/06,1600,1190
2005/01/07,1615,1170
2005/01/10,1610,1148
2005/01/11,1620,1120
2005/01/12,1590,1055
2005/01/13,1620,1090
2005/01/14,1578,1100
2005/01/17,1570,1125
2005/01/18,1574,1115
2005/01/19,1615,1102
2005/01/20,1610,1130
2005/01/21,1661,1113
2005/01/24,1705,1130
2005/01/25,1670,1130
2005/01/26,1698,1132
2005/01/27,1715,1140
2005/01/28,1720,1140
2005/01/31,1700,1143
2005/02/01,1650,1115
2005/02/02,1615,1135
2005/02/03,1625,1130
2005/02/04,1595,1120
2005/02/07,1605,1100
2005/02/08,1600,1100
2005/02/09,1600,1100
2005/02/10,1600,1090
2005/02/11,1612,1100
2005/02/14,1640,1100
2005/02/15,1640,1125
2005/02/16,1640,1125
2005/02/17,1635,1095
2005/02/18,1647,1095
2005/02/21,1661,1110
2005/02/22,1690,1150
2005/02/23,1750,1170
2005/02/24,1773,1180
2005/02/25,1800,1200
2005/02/28,1740,1200
2005/03/01,1730,1101
2005/03/02,1749,1150
2005/03/03,1750,1180
2005/03/04,1780,1190
2005/03/07,1760,1200
2005/03/08,1740,1200
2005/03/09,1711,1190
2005/03/10,1726,1200
2005/03/11,1685,1200
2005/03/14,1670,1250
2005/03/15,1670,1260
2005/03/16,1624,1200
2005/03/17,1590,1220
2005/03/18,1620,1170
2005/03/22,1620,1200
2005/03/23,1625,1155
2005/03/24,1620,1120
2005/03/29,1590,1140
2005/03/30,1610,1120
2005/03/31,1630,1145
2005/04/01,1640,1130
2005/04/04,1601,1115
2005/04/05,1590,1110
2005/04/06,1594,1109
2005/04/07,1600,1106
2005/04/08,1601,1115
2005/04/11,1600,1115
2005/04/12,1572,1080
2005/04/13,1570,1080
2005/04/14,1592,1125
2005/04/15,1580,1100
2005/04/18,1560,1070
2005/04/19,1645,1082
2005/04/20,1584,1080
2005/04/21,1580,1085
2005/04/22,1600,1085
2005/04/25,1585,1090
2005/04/26,1578,1090
2005/04/28,1580,1110
2005/04/29,1605,1120
2005/05/03,1620,1110
2005/05/04,1630,1120
2005/05/05,1640,1135
2005/05/06,1670,1150
2005/05/09,1702,1158
2005/05/10,1680,1166
2005/05/11,1660,1168
2005/05/12,1692,1175
2005/05/13,1680,1175
2005/05/16,1660,1175
2005/05/17,1662,1155
2005/05/18,1661,1150
2005/05/19,1701,1155
2005/05/20,1724,1155
2005/05/23,1700,1170
2005/05/24,1681,1185
2005/05/25,1676,1205
2005/05/26,1701,1225
2005/05/27,1704,1226
2005/05/30,1701,1215
2005/05/31,1675,1210
2005/06/01,1670,1180
2005/06/02,1730,1175
2005/06/03,1730,1200
2005/06/06,1724,1221
2005/06/07,1825,1235
2005/06/08,1760,1245
2005/06/09,1752,1245
2005/06/10,1801,1240
2005/06/13,1815,1240
2005/06/14,1779,1240
2005/06/15,1775,1290
2005/06/17,1819,1250
2005/06/20,1841,1210
2005/06/21,1850,1180
2005/06/22,1825,1190
2005/06/23,1790,1199
2005/06/24,1755,1190
2005/06/27,1750,1200
2005/06/28,1768,1199
2005/06/29,1771,1190
2005/06/30,1740,1190
2005/07/01,1725,1199
2005/07/04,1735,1199
2005/07/05,1755,1200
2005/07/06,1760,1210
2005/07/07,1760,1200
2005/07/08,1801,1216
2005/07/11,1800,1245
2005/07/12,1840,1245
2005/07/13,1891,1250
2005/07/14,1880,1290
2005/07/15,1860,1280
2005/07/18,1825,1290
2005/07/19,1845,1295
2005/07/20,1838,1295
2005/07/21,1809,1300
2005/07/22,1802,1300
2005/07/25,1880,1339
2005/07/26,1837,1360
2005/07/27,1880,1363
2005/07/28,1900,1400
2005/07/29,1880,1425
2005/08/01,1890,1451
2005/08/02,1930,1460
2005/08/03,1940,1440
2005/08/04,1941,1420
2005/08/05,1926,1395
2005/08/08,1965,1410
2005/08/10,1975,1410
2005/08/11,1915,1420
2005/08/12,1890,1435
2005/08/15,1900,1420
2005/08/16,1865,1420
2005/08/17,1820,1410
2005/08/18,1840,1420
2005/08/19,1920,1456
2005/08/22,1976,1465
2005/08/23,1981,1460
2005/08/24,1940,1460
2005/08/25,1908,1450
2005/08/26,1920,1470
2005/08/29,1920,1455
2005/08/30,1885,1421
2005/08/31,1900,1425
2005/09/01,1890,1425
2005/09/02,1950,1430
2005/09/05,1930,1440
2005/09/06,1950,1430
2005/09/07,1963,1455
2005/09/08,1975,1470
2005/09/09,2000,1510
2005/09/12,1980,1480
2005/09/13,1985,1470
2005/09/14,1990,1451
2005/09/15,1995,1469
2005/09/16,1965,1465
2005/09/19,2020,1470
2005/09/20,2065,1500
2005/09/21,2019,1500
2005/09/22,2020,1469
2005/09/23,2000,1499
2005/09/26,1995,1456
2005/09/27,1980,1470
2005/09/28,1966,1470
2005/09/29,1990,1470
2005/09/30,2030,1470
2005/10/03,2016,1450
2005/10/04,2002,1455
2005/10/05,1985,1465
2005/10/06,1950,1450
2005/10/07,1950,1390
2005/10/10,1940,1396
2005/10/11,1956,1410
2005/10/12,1970,1401
2005/10/13,1930,1370
2005/10/14,1850,1342
2005/10/17,1883,1390
2005/10/18,1890,1391
2005/10/19,1881,1375
2005/10/20,1901,1430
2005/10/21,1902,1461
2005/10/24,1940,1465
2005/10/25,1855,1500
2005/10/26,1900,1510
2005/10/27,1880,1510
2005/10/28,1865,1490
2005/10/31,1900,1500
2005/11/01,1930,1492
2005/11/02,2010,1520
2005/11/03,2080,1570
2005/11/04,2050,1575
2005/11/07,2040,1620
2005/11/08,2041,1630
2005/11/09,2030,1600
2005/11/10,2040,1590
2005/11/11,2030,1590
2005/11/14,2025,1600
2005/11/15,2035,1575
2005/11/16,2060,1580
2005/11/17,2010,1600
2005/11/18,2045,1620
2005/11/21,2051,1614
2005/11/22,2050,1585
2005/11/23,2060,1621
2005/11/24,2060,1660
2005/11/25,2020,1675
2005/11/28,2026,1670
2005/11/29,1991,1621
2005/11/30,2000,1620
2005/12/01,1990,1627
2005/12/02,2017,1645
2005/12/05,2001,1620
2005/12/06,2112,1675
2005/12/07,2100,1674
2005/12/08,2056,1675
2005/12/09,2080,1699
2005/12/12,2110,1696
2005/12/13,2100,1695
2005/12/14,2112,1690
2005/12/15,2115,1670
2005/12/19,2115,1675
2005/12/20,2110,1700
2005/12/21,2130,1711
2005/12/22,2178,1750
2005/12/23,2225,1751
2005/12/27,2280,1800
2005/12/28,2300,1812
2005/12/29,2333,1849
2005/12/30,2400,1870
2006/01/03,2425,1850
2006/01/04,2426,1850
2006/01/05,2397,1880
2006/01/06,2431,1900
2006/01/09,2486,1950
2006/01/10,2550,1985
2006/01/11,2501,1990
2006/01/12,2500,1980
2006/01/13,2514,1970
2006/01/16,2482,1945
2006/01/17,2530,1900
2006/01/18,2500,1890
2006/01/19,2550,1948
2006/01/20,2530,1950
2006/01/23,2580,1950
2006/01/24,2560,1990
2006/01/25,2558,2000
2006/01/26,2520,2000
2006/01/27,2550,2020
2006/01/30,2550,2000
2006/01/31,2555,2000
2006/02/01,2576,2000
2006/02/02,2575,1992
2006/02/03,2535,1975
2006/02/06,2480,1946
2006/02/07,2485,1890
2006/02/08,2460,1890
2006/02/09,2500,1885
2006/02/10,2569,1870
2006/02/13,2505,1875
2006/02/14,2448,1856
2006/02/15,2449,1878
2006/02/16,2500,1945
2006/02/17,2570,1975
2006/02/20,2565,2012
2006/02/21,2509,2012
2006/02/22,2550,2058
2006/02/23,2650,2070
2006/02/24,2655,2120
2006/02/27,2710,2120
2006/02/28,2610,2120
2006/03/02,2650,2100
2006/03/03,2616,2065
2006/03/06,2650,2065
2006/03/07,2640,2065
2006/03/08,2580,2035
2006/03/09,2600,2075
2006/03/10,2659,2100
2006/03/13,2600,2085
2006/03/14,2680,2075
2006/03/15,2710,2075
2006/03/16,2701,2090
2006/03/17,2691,2085
2006/03/20,2707,2100
2006/03/22,2780,2100
2006/03/23,2820,2100
2006/03/24,2862,2130
2006/03/27,2880,2150
2006/03/28,2900,2120
2006/03/29,2876,2120
2006/03/30,2840,2160
2006/03/31,2845,2140
2006/04/03,2870,2172
2006/04/04,2801,2264
2006/04/05,2900,2270
2006/04/06,2900,2254
2006/04/07,2900,2245
2006/04/10,2860,2245
2006/04/11,2801,2250
2006/04/12,2750,2210
2006/04/13,2777,2200
2006/04/18,2760,2190
2006/04/19,2740,2199
2006/04/20,2680,2160
2006/04/21,2671,2130
2006/04/24,2662,2100
2006/04/25,2715,2090
2006/04/26,2870,2150
2006/04/28,2900,2185
2006/05/02,2900,2208
2006/05/03,2880,2240
2006/05/04,2870,2235
2006/05/05,2900,2250
2006/05/08,2895,2255
2006/05/09,2861,2260
2006/05/10,2900,2302
2006/05/11,2900,2270
2006/05/12,2830,2260
2006/05/15,2688,2120
2006/05/16,2700,2125
2006/05/17,2640,2090
2006/05/18,2499,2020
2006/05/19,2411,1982
2006/05/22,2649,1920
2006/05/23,2541,1979
2006/05/24,2438,1960
2006/05/25,2505,1991
2006/05/26,2525,2050
2006/05/29,2540,2060
2006/05/30,2491,2059
2006/05/31,2415,2050
2006/06/01,2531,2075
2006/06/02,2611,2150
2006/06/05,2650,2100
2006/06/06,2495,2050
2006/06/07,2350,1974
2006/06/08,2200,1900
2006/06/09,2300,1910
2006/06/12,2350,1910
2006/06/13,2250,1834
2006/06/14,2306,1885
2006/06/15,2360,1935
2006/06/19,2465,1960
2006/06/20,2352,1950
2006/06/21,2320,1938
2006/06/22,2150,1890
2006/06/23,2055,1750
2006/06/26,1960,1610
2006/06/27,2005,1651
2006/06/28,2011,1683
2006/06/29,2020,1700
2006/06/30,2150,1750
2006/07/03,2270,1801
2006/07/04,2240,1886
2006/07/05,2100,1800
2006/07/06,2100,1800
2006/07/07,2052,1800
2006/07/10,2115,1805
2006/07/11,2170,1805
2006/07/12,2278,1835
2006/07/13,2200,1790
2006/07/14,2160,1790
2006/07/17,2050,1757
2006/07/18,2065,1770
2006/07/19,2106,1790
2006/07/20,2175,1800
2006/07/21,2220,1750
2006/07/24,2205,1730
2006/07/25,2211,1775
2006/07/26,2257,1795
2006/07/27,2245,1800
2006/07/28,2201,1815
2006/07/31,2250,1835
2006/08/01,2170,1830
2006/08/02,2125,1815
2006/08/03,2150,1810
2006/08/04,2100,1785
2006/08/07,2120,1770
2006/08/08,2125,1810
2006/08/10,2150,1830
2006/08/11,2200,1825
2006/08/14,2220,1825
2006/08/15,2220,1829
2006/08/16,2300,1835
2006/08/17,2382,1930
2006/08/18,2365,1960
2006/08/21,2335,1980
2006/08/22,2290,1990
2006/08/23,2265,1970
2006/08/24,2330,1976
2006/08/25,2275,1980
2006/08/28,2299,1980
2006/08/29,2332,1975
2006/08/30,2357,1980
2006/08/31,2292,1950
2006/09/01,2270,1920
2006/09/04,2186,1828
2006/09/05,2211,1900
2006/09/06,2255,1900
2006/09/07,2230,1860
2006/09/08,2271,1845
2006/09/11,2185,1820
2006/09/12,2231,1811
2006/09/13,2262,1821
2006/09/14,2255,1845
2006/09/15,2231,1835
2006/09/18,2285,1835
2006/09/19,2341,1840
2006/09/20,2340,1870
2006/09/21,2359,1900
2006/09/22,2300,1910
2006/09/26,2330,1908
2006/09/27,2352,1920
2006/09/28,2375,1925
2006/09/29,2331,1900
2006/10/02,2365,1950
2006/10/03,2398,1945
2006/10/04,2460,1920
2006/10/05,2435,1920
2006/10/06,2400,1890
2006/10/09,2352,1900
2006/10/10,2429,1890
2006/10/11,2359,1915
2006/10/12,2361,1925
2006/10/13,2401,2000
2006/10/16,2450,2015
2006/10/17,2574,2111
2006/10/18,2660,2165
2006/10/19,2645,2100
2006/10/20,2646,2045
2006/10/23,2710,2000
2006/10/24,2660,2005
2006/10/25,2617,2020
2006/10/26,2600,2000
2006/10/27,2550,2089
2006/10/30,2541,2055
2006/10/31,2580,2055
2006/11/01,2620,2061
2006/11/02,2610,2151
2006/11/03,2660,2190
2006/11/06,2715,2225
2006/11/07,2752,2170
2006/11/08,2795,2190
2006/11/09,2799,2230
2006/11/10,2765,2220
2006/11/13,2713,2190
2006/11/14,2760,2198
2006/11/15,2785,2244
2006/11/16,2820,2245
2006/11/17,2809,2225
2006/11/20,2890,2225
2006/11/21,2901,2338
2006/11/22,2981,2410
2006/11/23,3026,2400
2006/11/24,2930,2400
2006/11/27,2975,2400
2006/11/28,2960,2375
2006/11/29,2970,2360
2006/11/30,2991,2340
2006/12/01,3001,2380
2006/12/04,3010,2360
2006/12/05,3010,2375
2006/12/06,2990,2365
2006/12/07,2991,2340
2006/12/08,2994,2302
2006/12/11,3000,2320
2006/12/12,2990,2300
2006/12/13,3001,2305
2006/12/14,3000,2350
2006/12/15,3000,2395
2006/12/18,3080,2470
2006/12/19,3055,2455
2006/12/20,3116,2495
2006/12/21,3132,2509
2006/12/22,3135,2486
2006/12/27,3200,2520
2006/12/28,3221,2500
2006/12/29,3204,2524
2007/01/02,3210,2500
2007/01/03,3185,2490
2007/01/04,3170,2455
2007/01/05,3130,2470
2007/01/09,3160,2522
2007/01/10,3120,2590
2007/01/11,3141,2690
2007/01/12,3171,2750
2007/01/15,3290,2805
2007/01/16,3435,2850
2007/01/17,3500,2830
2007/01/18,3551,2880
2007/01/19,3491,2888
2007/01/22,3520,2890
2007/01/23,3485,2890
2007/01/24,3492,2950
2007/01/25,3490,3021
2007/01/26,3471,3100
2007/01/29,3445,3025
2007/01/30,3386,3000
2007/01/31,3439,3000
2007/02/01,3400,2980
2007/02/02,3380,3060
2007/02/05,3300,3030
2007/02/06,3325,2949
2007/02/07,3390,2849
2007/02/08,3476,2899
2007/02/09,3565,2950
2007/02/12,3560,2940
2007/02/13,3712,3055
2007/02/14,3691,3060
2007/02/15,3620,3000
2007/02/16,3656,2970
2007/02/19,3650,2900
2007/02/20,3660,2890
2007/02/21,3570,2910
2007/02/22,3560,2920
2007/02/23,3600,2950
2007/02/26,3535,2985
2007/02/27,3498,2980
2007/02/28,3400,2970
2007/03/01,3350,2930
2007/03/02,3380,2970
2007/03/05,3210,2780
2007/03/06,3290,2761
2007/03/07,3375,2835
2007/03/08,3350,2820
2007/03/09,3301,2830
2007/03/12,3355,2811
2007/03/13,3340,2770
2007/03/14,3265,2670
2007/03/15,3275,2770
2007/03/16,3295,2800
2007/03/19,3380,2810
2007/03/20,3480,2910
2007/03/22,3580,2990
2007/03/23,3569,3088
2007/03/26,3494,3037
2007/03/27,3501,3035
2007/03/28,3630,3039
2007/03/29,3700,3000
2007/03/30,3550,2980
2007/04/02,3691,3000
2007/04/03,3635,2975
2007/04/04,3601,2970
2007/04/05,3585,2940
2007/04/10,3641,2948
2007/04/11,3675,2930
2007/04/12,3722,2930
2007/04/13,3740,2960
2007/04/16,3900,3000
2007/04/17,3850,3020
2007/04/18,3775,3070
2007/04/19,3715,3064
2007/04/20,3850,3055
2007/04/23,3875,3056
2007/04/24,3870,3066
2007/04/25,3870,3085
2007/04/26,3890,3148
2007/04/30,3926,3235
2007/05/02,4040,3240
2007/05/03,4170,3200
2007/05/04,4201,3240
2007/05/07,4152,3240
2007/05/08,4135,3221
2007/05/09,4123,3233
2007/05/10,4085,3150
2007/05/11,4101,3106
2007/05/14,4100,3075
2007/05/15,4000,3081
2007/05/16,3999,3198
2007/05/17,4054,3200
2007/05/18,4110,3187
2007/05/21,4161,3252
2007/05/22,4220,3280
2007/05/23,4300,3252
2007/05/24,4225,3180
2007/05/25,4200,3165
2007/05/28,4201,3165
2007/05/29,4165,3175
2007/05/30,4070,3095
2007/05/31,4150,3048
2007/06/01,4169,3200
2007/06/04,4030,3160
2007/06/05,3915,3090
2007/06/06,3795,3020
2007/06/07,3788,3000
2007/06/08,3680,2913
2007/06/11,3700,2960
2007/06/12,3700,2900
2007/06/13,3690,2870
2007/06/14,3675,2905
2007/06/15,3546,2900
2007/06/18,3600,2950
2007/06/19,3560,2883
2007/06/20,3645,2900
2007/06/21,3640,2925
2007/06/22,3600,2861
2007/06/25,3560,2803
2007/06/26,3530,2750
2007/06/27,3481,2715
2007/06/28,3500,2700
2007/06/29,3650,2721
2007/07/02,3642,2740
2007/07/03,3760,2830
2007/07/04,3765,2860
2007/07/05,3800,2850
2007/07/06,3800,2830
2007/07/09,3900,2890
2007/07/10,3845,2920
2007/07/11,3800,2900
2007/07/12,3780,2909
2007/07/13,3745,2890
2007/07/16,3725,2835
2007/07/17,3745,2807
2007/07/18,3730,2800
2007/07/19,3741,2798
2007/07/20,3750,2800
2007/07/23,3770,2850
2007/07/24,3685,2819
2007/07/25,3689,2772
2007/07/26,3600,2775
2007/07/27,3579,2750
2007/07/30,3600,2766
2007/07/31,3655,2780
2007/08/01,3560,2730
2007/08/02,3565,2700
2007/08/03,3594,2670
2007/08/06,3450,2640
2007/08/07,3485,2640
2007/08/08,3485,2700
2007/08/10,3485,2690
2007/08/13,3545,2700
2007/08/14,3535,2680
2007/08/15,3435,2580
2007/08/16,3300,2500
2007/08/17,3230,2500
2007/08/20,3249,2560
2007/08/21,3250,2550
2007/08/22,3275,2620
2007/08/23,3330,2670
2007/08/24,3286,2635
2007/08/27,3340,2640
2007/08/28,3300,2650
2007/08/29,3290,2581
2007/08/30,3295,2600
2007/08/31,3277,2675
2007/09/03,3375,2700
2007/09/04,3330,2770
2007/09/05,3340,2700
2007/09/06,3320,2680
2007/09/07,3310,2620
2007/09/10,3235,2595
2007/09/11,3350,2650
2007/09/12,3360,2600
2007/09/13,3290,2585
2007/09/14,3250,2551
2007/09/17,3290,2590
2007/09/18,3280,2650
2007/09/19,3299,2625
2007/09/20,3259,2660
2007/09/21,3160,2610
2007/09/25,3090,2644
2007/09/26,3150,2640
2007/09/27,3224,2625
2007/09/28,3161,2620
2007/10/01,3140,2625
2007/10/02,3230,2650
2007/10/03,3410,2720
2007/10/04,3540,2710
2007/10/05,3555,2690
2007/10/08,3500,2740
2007/10/09,3495,2710
2007/10/10,3550,2725
2007/10/11,3490,2775
2007/10/12,3410,2695
2007/10/15,3400,2690
2007/10/16,3400,2660
2007/10/17,3400,2625
2007/10/18,3371,2638
2007/10/19,3417,2720
2007/10/22,3360,2690
2007/10/23,3348,2650
2007/10/24,3350,2674
2007/10/25,3350,2645
2007/10/26,3389,2685
2007/10/29,3420,2670
2007/10/30,3399,2680
2007/10/31,3260,2640
2007/11/01,3251,2680
2007/11/02,3294,2680
2007/11/05,3320,2690
2007/11/06,3315,2650
2007/11/07,3335,2649
2007/11/08,3212,2579
2007/11/09,3300,2550
2007/11/12,3240,2550
2007/11/13,3201,2540
2007/11/14,3200,2515
2007/11/15,3175,2600
2007/11/16,3297,2525
2007/11/19,3155,2450
2007/11/20,3139,2400
2007/11/21,3080,2341
2007/11/22,3010,2300
2007/11/23,3000,2280
2007/11/26,2945,2275
2007/11/27,2875,2210
2007/11/28,2825,2190
2007/11/29,2775,2170
2007/11/30,2860,2175
2007/12/03,2820,2175
2007/12/04,2910,2174
2007/12/05,2830,2170
2007/12/06,2860,2200
2007/12/07,2900,2250
2007/12/10,2775,2235
2007/12/11,2750,2210
2007/12/12,2675,2230
2007/12/13,2715,2175
2007/12/14,2700,2160
2007/12/18,2640,2150
2007/12/19,2550,2097
2007/12/20,2525,2050
2007/12/21,2700,2110
2007/12/24,2699,2195
2007/12/27,2649,2215
2007/12/28,2700,2145
2007/12/31,2700,2200
2008/01/02,2765,2190
2008/01/03,2651,2129
2008/01/04,2595,2110
2008/01/07,2540,2051
2008/01/08,2695,2050
2008/01/09,2605,2110
2008/01/10,2646,2164
2008/01/11,2605,2140
2008/01/14,2602,2099
2008/01/15,2603,2025
2008/01/16,2555,1980
2008/01/17,2525,1970
2008/01/18,2674,1945
2008/01/21,2610,1979
2008/01/22,2690,1940
2008/01/23,2625,1960
2008/01/24,2686,2089
2008/01/25,2605,1975
2008/01/28,2510,1901
2008/01/29,2525,1900
2008/01/30,2500,1900
2008/01/31,2600,1890
2008/02/01,2495,1890
2008/02/04,2498,1920
2008/02/05,2405,1816
2008/02/06,2430,1840
2008/02/07,2375,1855
2008/02/08,2415,1822
2008/02/11,2450,1771
2008/02/12,2515,1800
2008/02/13,2550,1840
2008/02/14,2623,1920
2008/02/15,2625,1906
2008/02/18,2641,1925
2008/02/19,2686,2040
2008/02/20,2653,1980
2008/02/21,2770,1971
2008/02/22,2700,2050
2008/02/25,2683,2051
2008/02/26,2785,2010
2008/02/27,2766,2000
2008/02/28,2800,2010
2008/02/29,2651,1975
2008/03/03,2730,1930
2008/03/04,2730,1940
2008/03/05,2660,1900
2008/03/06,2619,1852
2008/03/07,2580,1815
2008/03/10,2502,1867
2008/03/11,2596,1830
2008/03/12,2629,1899
2008/03/13,2580,1870
2008/03/14,2600,1851
2008/03/17,2532,1740
2008/03/18,2500,1740
2008/03/19,2539,1750
2008/03/20,2465,1808
2008/03/25,2520,1850
2008/03/26,2499,1840
2008/03/27,2518,1840
2008/03/28,2510,1841
2008/03/31,2550,1820
2008/04/01,2689,1860
2008/04/02,2820,1867
2008/04/03,2780,1919
2008/04/04,2800,1900
2008/04/07,2831,1935
2008/04/08,2800,1920
2008/04/09,2836,1925
2008/04/10,2679,1850
2008/04/11,2638,1795
2008/04/14,2610,1785
2008/04/15,2642,1800
2008/04/16,2725,1780
2008/04/17,2730,1764
2008/04/18,2710,1740
2008/04/21,2698,1715
2008/04/22,2670,1714
2008/04/23,2685,1710
2008/04/24,2650,1690
2008/04/25,2601,1685
2008/04/29,2640,1670
2008/04/30,2560,1670
2008/05/05,2650,1705
2008/05/06,2699,1700
2008/05/07,2650,1665
2008/05/08,2590,1660
2008/05/09,2593,1675
2008/05/12,2556,1650
2008/05/13,2579,1655
2008/05/14,2581,1674
2008/05/15,2560,1665
2008/05/16,2610,1665
2008/05/19,2660,1690
2008/05/20,2615,1675
2008/05/21,2550,1659
2008/05/22,2545,1640
2008/05/23,2500,1640
2008/05/26,2480,1650
2008/05/27,2390,1600
2008/05/28,2431,1650
2008/05/29,2310,1605
2008/05/30,2291,1600
2008/06/02,2340,1595
2008/06/03,2350,1599
2008/06/04,2330,1600
2008/06/05,2418,1600
2008/06/06,2446,1585
2008/06/09,2265,1600
2008/06/10,2219,1615
2008/06/11,2258,1610
2008/06/12,2250,1621
2008/06/13,2266,1612
2008/06/17,2200,1590
2008/06/18,2263,1577
2008/06/19,2235,1599
2008/06/20,2162,1590
2008/06/23,2150,1485
2008/06/24,2140,1470
2008/06/25,2100,1480
2008/06/26,2105,1480
2008/06/27,2190,1497
2008/06/30,2295,1500
2008/07/01,2270,1500
2008/07/02,2290,1520
2008/07/03,2230,1471
2008/07/04,2220,1459
2008/07/07,2212,1450
2008/07/08,2240,1440
2008/07/09,2243,1515
2008/07/10,2270,1520
2008/07/11,2246,1500
2008/07/14,2240,1530
2008/07/15,2245,1532
2008/07/16,2341,1600
2008/07/17,2575,1700
2008/07/18,2600,1743
2008/07/21,2526,1680
2008/07/22,2620,1700
2008/07/23,2790,1820
2008/07/24,2840,1890
2008/07/25,2780,1850
2008/07/28,2756,1880
2008/07/29,2810,1882
2008/07/30,2900,1940
2008/07/31,2907,1956
2008/08/01,2745,1930
2008/08/04,2773,1905
2008/08/05,2755,1916
2008/08/06,2750,1983
2008/08/07,2871,2032
2008/08/08,2950,2090
2008/08/11,3161,2214
2008/08/12,3215,2283
2008/08/13,3035,2240
2008/08/14,3100,2275
2008/08/15,3175,2280
2008/08/18,3115,2250
2008/08/19,3065,2195
2008/08/20,2949,2147
2008/08/21,2974,2110
2008/08/22,2956,2077
2008/08/25,2980,2065
2008/08/26,2935,2090
2008/08/27,2970,2150
2008/08/28,3100,2272
2008/08/29,3118,2219
2008/09/01,3050,2200
2008/09/02,3120,2250
2008/09/03,3250,2331
2008/09/04,3240,2365
2008/09/05,3240,2376
2008/09/08,3055,2456
2008/09/09,3190,2500
2008/09/10,3190,2484
2008/09/11,3080,2380
2008/09/12,3100,2380
2008/09/15,3100,2341
2008/09/16,2990,2240
2008/09/17,2880,2180
2008/09/18,2870,2250
2008/09/19,3120,2300
2008/09/22,3190,2445
2008/09/23,3043,2340
2008/09/25,2800,2250
2008/09/26,2975,2166
2008/09/29,2752,2100
2008/09/30,2919,2225
2008/10/01,2979,2191
2008/10/02,3075,2250
2008/10/03,3130,2316
2008/10/06,2990,2180
2008/10/07,3020,2199
2008/10/08,2870,2060
2008/10/09,3001,2067
2008/10/10,2875,1975
2008/10/13,3050,2130
2008/10/14,3145,2230
2008/10/15,3058,2180
2008/10/16,2820,2070
2008/10/17,2700,1955
2008/10/20,2750,2062
2008/10/21,2855,2100
2008/10/22,2760,1995
2008/10/23,2625,1930
2008/10/24,2550,1880
2008/10/27,2520,1951
2008/10/28,2670,2005
2008/10/29,2810,2200
2008/10/30,3140,2265
2008/10/31,3315,2400
2008/11/03,3305,2450
2008/11/04,3600,2470
2008/11/05,3180,2400
2008/11/06,3100,2289
2008/11/07,2990,2240
2008/11/10,3019,2300
2008/11/11,2970,2275
2008/11/12,3000,2220
2008/11/13,3099,2300
2008/11/14,3114,2450
2008/11/17,3090,2357
2008/11/18,3045,2400
2008/11/19,3100,2400
2008/11/20,3050,2400
2008/11/21,3040,2360
2008/11/24,3099,2355
2008/11/25,3145,2450
2008/11/26,3130,2440
2008/11/27,3125,2405
2008/11/28,3171,2393
2008/12/01,3220,2369
2008/12/02,3175,2345
2008/12/03,3148,2332
2008/12/04,3226,2420
2008/12/05,3230,2420
2008/12/08,3350,2456
2008/12/09,3420,2465
2008/12/10,3469,2469
2008/12/11,3440,2440
2008/12/12,3340,2430
2008/12/15,3250,2290
2008/12/17,3443,2365
2008/12/18,3390,2430
2008/12/19,3350,2405
2008/12/22,3499,2442
2008/12/23,3465,2428
2008/12/24,3475,2430
2008/12/29,3500,2450
2008/12/30,3550,2475
2008/12/31,3410,2475
2009/01/02,3695,2549
2009/01/05,3800,2650
2009/01/06,3740,2651
2009/01/07,3660,2650
2009/01/08,3515,2600
2009/01/09,3650,2580
2009/01/12,3645,2616
2009/01/13,3570,2600
2009/01/14,3545,2575
2009/01/15,3413,2488
2009/01/16,3434,2500
2009/01/19,3440,2580
2009/01/20,3480,2576
2009/01/21,3450,2550
2009/01/22,3448,2500
2009/01/23,3424,2450
2009/01/26,3450,2540
2009/01/27,3489,2580
2009/01/28,3590,2636
2009/01/29,3481,2550
2009/01/30,3525,2600
2009/02/02,3525,2580
2009/02/03,3582,2585
2009/02/04,3600,2533
2009/02/05,3561,2528
2009/02/06,3579,2578
2009/02/09,3560,2600
2009/02/10,3600,2577
2009/02/11,3550,2565
2009/02/12,3551,2530
2009/02/13,3570,2500
2009/02/16,3540,2498
2009/02/17,3459,2427
2009/02/18,3350,2415
2009/02/19,3410,2450
2009/02/20,3330,2381
2009/02/23,3250,2405
2009/02/24,3237,2409
2009/02/25,3200,2428
2009/02/26,3238,2527
2009/02/27,3114,2380
2009/03/02,3159,2360
2009/03/03,3050,2358
2009/03/04,3008,2350
2009/03/05,2897,2224
2009/03/06,2888,2220
2009/03/09,2775,2180
2009/03/10,2750,2255
2009/03/11,2791,2300
2009/03/12,2855,2300
2009/03/13,3045,2316
2009/03/16,2956,2310
2009/03/17,2894,2230
2009/03/18,3040,2400
2009/03/19,3163,2500
2009/03/20,3100,2530
2009/03/23,3145,2561
2009/03/24,3160,2573
2009/03/25,3160,2563
2009/03/26,3110,2550
2009/03/27,3150,2580
2009/03/30,3150,2500
2009/03/31,3213,2425
2009/04/01,3200,2535
2009/04/02,3300,2625
2009/04/03,3280,2669
2009/04/06,3240,2650
2009/04/07,3270,2650
2009/04/08,3325,2645
2009/04/09,3402,2630
2009/04/14,3510,2651
2009/04/15,3350,2660
2009/04/16,3449,2625
2009/04/17,3460,2635
2009/04/20,3450,2594
2009/04/21,3425,2574
2009/04/23,3530,2710
2009/04/24,3484,2715
2009/04/28,3547,2675
2009/04/29,3515,2700
2009/04/30,3400,2610
2009/05/04,3700,2770
2009/05/05,3620,2805
2009/05/06,3600,2750
2009/05/07,3550,2720
2009/05/08,3593,2755
2009/05/11,3602,2720
2009/05/12,3610,2725
2009/05/13,3456,2678
2009/05/14,3416,2638
2009/05/15,3526,2620
2009/05/18,3500,2660
2009/05/19,3510,2719
2009/05/20,3600,2660
2009/05/21,3550,2660
2009/05/22,3600,2659
2009/05/25,3624,2675
2009/05/26,3565,2650
2009/05/27,3609,2680
2009/05/28,3689,2690
2009/05/29,3630,2714
2009/06/01,3861,2820
2009/06/02,3825,2795
2009/06/03,3675,2749
2009/06/04,3800,2770
2009/06/05,3800,2870
2009/06/08,3695,2870
2009/06/09,3645,2880
2009/06/10,3700,2873
2009/06/11,3750,2931
2009/06/12,3705,2890
2009/06/15,3661,2940
2009/06/17,3590,2851
2009/06/18,3640,2840
2009/06/19,3583,2802
2009/06/22,3651,2725
2009/06/23,3540,2740
2009/06/24,3725,2741
2009/06/25,3686,2782
2009/06/26,3690,2805
2009/06/29,3685,2850
2009/06/30,3700,2808
2009/07/01,3790,2890
2009/07/02,3820,2875
2009/07/03,3795,2900
2009/07/06,3705,2880
2009/07/07,3770,2860
2009/07/08,3830,2901
2009/07/09,3800,2950
2009/07/10,3765,2970
2009/07/13,3767,2986
2009/07/14,3923,3039
2009/07/15,4049,3100
2009/07/16,4050,3043
2009/07/17,3985,3005
2009/07/20,4049,2981
2009/07/21,3946,3030
2009/07/22,3900,3040
2009/07/23,3835,3010
2009/07/24,3776,3005
2009/07/27,3798,3029
2009/07/28,3818,3050
2009/07/29,3810,2983
2009/07/30,3822,3040
2009/07/31,3999,3053
2009/08/03,4035,3079
2009/08/04,3920,3050
2009/08/05,3945,3035
2009/08/06,3880,3000
2009/08/07,3869,2975
2009/08/11,3789,2901
2009/08/12,3700,2850
2009/08/13,3784,2899
2009/08/14,3790,2915
2009/08/17,3600,2800
2009/08/18,3735,2850
2009/08/19,3721,2850
2009/08/20,3840,2911
2009/08/21,3900,2940
2009/08/24,4030,3025
2009/08/25,3955,3020
2009/08/26,4000,3003
2009/08/27,4035,3058
2009/08/28,3989,3125
2009/08/31,3935,3052
2009/09/01,3999,3090
2009/09/02,3922,3020
2009/09/03,3865,3000
2009/09/04,3851,2952
2009/09/07,3820,2975
2009/09/08,3775,2950
2009/09/09,3818,2925
2009/09/10,3894,2950
2009/09/11,4050,3019
2009/09/14,3900,2961
2009/09/15,3898,3050
2009/09/16,4000,3131
2009/09/17,4101,3203
2009/09/18,4205,3311
2009/09/21,4290,3500
2009/09/22,4215,3360
2009/09/23,4185,3360
2009/09/25,4201,3359
2009/09/28,4205,3398
2009/09/29,4139,3350
2009/09/30,4250,3400
2009/10/01,4269,3458
2009/10/02,4115,3435
2009/10/05,4205,3303
2009/10/06,4290,3375
2009/10/07,4290,3380
2009/10/08,4359,3460
2009/10/09,4499,3520
2009/10/12,4565,3580
2009/10/13,4532,3574
2009/10/14,4510,3560
2009/10/15,4559,3536
2009/10/16,4515,3580
2009/10/19,4500,3530
2009/10/20,4450,3450
2009/10/21,4550,3499
2009/10/22,4515,3510
2009/10/23,4535,3560
2009/10/26,4500,3580
2009/10/27,4490,3500
2009/10/28,4500,3400
2009/10/29,4560,3490
2009/10/30,4500,3590
2009/11/02,4400,3445
2009/11/03,4268,3300
2009/11/04,4235,3290
2009/11/05,4160,3245
2009/11/06,4152,3200
2009/11/09,4240,3290
2009/11/10,4310,3295
2009/11/11,4375,3369
2009/11/12,4377,3375
2009/11/13,4275,3330
2009/11/16,4300,3350
2009/11/17,4300,3340
2009/11/18,4230,3304
2009/11/19,4175,3310
2009/11/20,4200,3275
2009/11/23,4270,3280
2009/11/24,4304,3315
2009/11/25,4260,3299
2009/11/26,4100,3250
2009/11/27,4164,3275
2009/11/30,4161,3260
2009/12/01,4222,3245
2009/12/02,4159,3235
2009/12/03,4180,3250
2009/12/04,4100,3250
2009/12/07,4108,3230
2009/12/08,4180,3190
2009/12/09,4100,3172
2009/12/10,4216,3180
2009/12/11,4228,3262
2009/12/14,4245,3280
2009/12/15,4299,3230
2009/12/17,4300,3300
2009/12/18,4300,3445
2009/12/21,4258,3400
2009/12/22,4276,3405
2009/12/23,4299,3410
2009/12/24,4300,3420
2009/12/28,4400,3449
2009/12/29,4338,3419
2009/12/30,4325,3458
2009/12/31,4360,3500
2010/01/04,4399,3501
2010/01/05,4385,3520
2010/01/06,4448,3530
2010/01/07,4300,3560
2010/01/08,4330,3580
2010/01/11,4250,3571
2010/01/12,4249,3510
2010/01/13,4251,3525
2010/01/14,4275,3526
2010/01/15,4249,3525
2010/01/18,4225,3490
2010/01/19,4202,3510
2010/01/20,4140,3520
2010/01/21,4182,3490
2010/01/22,4140,3449
2010/01/25,4148,3439
2010/01/26,4175,3425
2010/01/27,4191,3450
2010/01/28,4200,3499
2010/01/29,4240,3519
2010/02/01,4220,3511
2010/02/02,4250,3575
2010/02/03,4389,3600
2010/02/04,4421,3650
2010/02/05,4350,3600
2010/02/08,4340,3560
2010/02/09,4350,3620
2010/02/10,4460,3642
2010/02/11,4476,3670
2010/02/12,4400,3610
2010/02/15,4434,3634
2010/02/16,4479,3645
2010/02/17,4485,3715
2010/02/18,4495,3784
2010/02/19,4684,3881
2010/02/22,4820,3837
2010/02/23,4900,3855
2010/02/24,4900,3880
2010/02/25,4850,3865
2010/02/26,4944,3855
2010/03/01,5125,3880
2010/03/02,5115,3960
2010/03/03,5190,4040
2010/03/04,5223,4075
2010/03/05,5190,4049
2010/03/08,5275,4120
2010/03/09,5420,4149
2010/03/10,5521,4210
2010/03/11,5400,4150
2010/03/12,5378,4150
2010/03/15,5370,4070
2010/03/16,5355,4060
2010/03/17,5420,4200
2010/03/18,5656,4200
2010/03/19,5468,4099
2010/03/23,5415,4100
2010/03/24,5300,4030
2010/03/25,5400,4055
2010/03/26,5447,4090
2010/03/29,5357,4075
2010/03/30,5206,4000
2010/03/31,5230,3980
2010/04/01,5397,4110
2010/04/06,5580,4215
2010/04/07,5550,4200
2010/04/08,5356,4120
2010/04/09,5399,4200
2010/04/12,5384,4156
2010/04/13,5394,4149
2010/04/14,5489,4180
2010/04/15,5425,4240
2010/04/16,5300,4121
2010/04/19,5236,4140
2010/04/20,5350,4170
2010/04/21,5400,4250
2010/04/22,5370,4176
2010/04/23,5290,4178
2010/04/26,5299,4198
2010/04/28,5220,4194
2010/04/29,5310,4181
2010/04/30,5320,4190
2010/05/03,5375,4250
2010/05/04,5281,4270
2010/05/05,5220,4090
2010/05/06,5260,4178
2010/05/07,4938,4026
2010/05/10,5261,4185
2010/05/11,5450,4280
2010/05/12,5500,4379
2010/05/13,5399,4330
2010/05/14,5365,4313
2010/05/17,5400,4302
2010/05/18,5485,4252
2010/05/19,5457,4310
2010/05/20,5260,4173
2010/05/21,5170,4116
2010/05/24,5340,4181
2010/05/25,5103,4100
2010/05/26,5300,4260
2010/05/27,5395,4400
2010/05/28,5450,4522
2010/05/31,5436,4479
2010/06/01,5415,4425
2010/06/02,5539,4550
2010/06/03,5390,4565
2010/06/04,5350,4450
2010/06/07,5275,4355
2010/06/08,5250,4392
2010/06/09,5303,4500
2010/06/10,5370,4550
2010/06/11,5450,4638
2010/06/14,5400,4606
2010/06/15,5500,4740
2010/06/17,5571,4835
2010/06/18,5641,4859
2010/06/21,5620,4770
2010/06/22,5750,4737
2010/06/23,5699,4695
2010/06/24,5546,4700
2010/06/25,5575,4615
2010/06/28,5595,4620
2010/06/29,5355,4566
2010/06/30,5363,4475
2010/07/01,5290,4500
2010/07/02,5330,4520
2010/07/05,5400,4600
2010/07/06,5530,4801
2010/07/07,5602,4855
2010/07/08,5605,4905
2010/07/09,5550,4895
2010/07/12,5574,4851
2010/07/13,5571,4942
2010/07/14,5600,4870
2010/07/15,5700,4880
2010/07/16,5635,4900
2010/07/19,5619,4940
2010/07/20,5614,4955
2010/07/21,5650,4950
2010/07/22,5745,5020
2010/07/23,5720,5038
2010/07/26,5811,5110
2010/07/27,5750,5009
2010/07/28,5795,5038
2010/07/29,5960,5085
2010/07/30,5831,5049
2010/08/02,5939,5120
2010/08/03,5783,4999
2010/08/04,5770,4925
2010/08/05,5703,4840
2010/08/06,5710,4825
2010/08/10,5720,4855
2010/08/11,5555,4800
2010/08/12,5580,4785
2010/08/13,5600,4900
2010/08/16,5620,4791
2010/08/17,5670,4775
2010/08/18,5501,4671
2010/08/19,5480,4691
2010/08/20,5421,4640
2010/08/23,5540,4637
2010/08/24,5527,4600
2010/08/25,5365,4601
2010/08/26,5434,4695
2010/08/27,5592,4851
2010/08/30,5720,4838
2010/08/31,5855,4940
2010/09/01,6100,5090
2010/09/02,6066,5034
2010/09/03,6060,4980
2010/09/06,6025,5029
2010/09/07,5946,4980
2010/09/08,5970,4934
2010/09/09,6100,5074
2010/09/10,6197,5112
2010/09/13,6350,5162
2010/09/14,6251,5147
2010/09/15,6320,5149
2010/09/16,6290,5078
2010/09/17,6170,5110
2010/09/20,6375,5150
2010/09/21,6344,5170
2010/09/22,6399,5150
2010/09/23,6475,5160
2010/09/27,6519,5272
2010/09/28,6639,5275
2010/09/29,6800,5430
2010/09/30,7000,5500
2010/10/01,6963,5489
2010/10/04,6821,5319
2010/10/05,6800,5320
2010/10/06,6710,5300
2010/10/07,6689,5300
2010/10/08,6724,5300
2010/10/11,6700,5300
2010/10/12,6847,5399
2010/10/13,6912,5539
2010/10/14,6900,5600
2010/10/15,6812,5620
2010/10/18,6943,5650
2010/10/19,6945,5845
2010/10/20,6880,5840
2010/10/21,6944,5949
2010/10/22,6880,5814
2010/10/25,6800,5762
2010/10/26,6750,5838
2010/10/27,6720,5823
2010/10/28,6849,6240
2010/10/29,6901,6366
2010/11/01,6990,6421
2010/11/02,7097,6500
2010/11/03,7269,6640
2010/11/04,7400,6690
2010/11/05,7326,6520
2010/11/08,7260,6500
2010/11/09,7236,6549
2010/11/10,7380,6519
2010/11/11,7400,6340
2010/11/12,7370,6310
2010/11/15,7400,6360
2010/11/16,7356,6350
2010/11/17,7364,6300
2010/11/18,7374,6475
2010/11/19,7428,6384
2010/11/22,7445,6430
2010/11/23,7350,6441
2010/11/24,7400,6490
2010/11/25,7440,6589
2010/11/26,7450,6609
2010/11/29,7420,6480
2010/11/30,7200,6421
2010/12/01,7375,6540
2010/12/02,7490,6690
2010/12/03,7400,6760
2010/12/06,7500,6908
2010/12/07,7395,6697
2010/12/08,7523,6709
2010/12/09,7566,6749
2010/12/10,7490,6600
2010/12/13,7386,6625
2010/12/14,7250,6644
2010/12/15,7150,6490
2010/12/17,6992,6302
2010/12/20,7009,6350
2010/12/21,7125,6399
2010/12/22,7146,6450
2010/12/23,7095,6500
2010/12/24,7025,6500
2010/12/28,7105,6443
2010/12/29,7248,6545
2010/12/30,7124,6600
2010/12/31,7165,6650
2011/01/03,7196,6613
2011/01/04,7195,6574
2011/01/05,7189,6550
2011/01/06,7200,6550
2011/01/07,7175,6566
2011/01/10,7050,6470
2011/01/11,7005,6480
2011/01/12,7000,6400
2011/01/13,6930,6450
2011/01/14,7111,6440
2011/01/17,7050,6400
2011/01/18,6800,6200
2011/01/19,6773,5995
2011/01/20,6580,5760
2011/01/21,6650,5851
2011/01/24,6680,5800
2011/01/25,6685,5751
2011/01/26,6750,5899
2011/01/27,6781,5947
2011/01/28,6542,5890
2011/01/31,6379,5686
2011/02/01,6370,5640
2011/02/02,6401,5700
2011/02/03,6575,5645
2011/02/04,6525,5589
2011/02/07,6450,5550
2011/02/08,6435,5640
2011/02/09,6300,5700
2011/02/10,6120,5601
2011/02/11,6144,5605
2011/02/14,6329,5900
2011/02/15,6435,5950
2011/02/16,6310,6007
2011/02/17,6482,5960
2011/02/18,6550,6017
2011/02/21,6679,6140
2011/02/22,6330,6000
2011/02/23,6290,5867
2011/02/24,6180,5789
2011/02/25,6300,5953
2011/02/28,6376,5995
2011/03/01,6485,6030
2011/03/02,6557,6030
2011/03/03,6625,6128
2011/03/04,6702,6127
2011/03/07,6710,6100
2011/03/08,6700,6079
2011/03/09,6751,6170
2011/03/10,6616,5895
2011/03/11,6695,5877
2011/03/14,6610,5850
2011/03/15,6479,5772
2011/03/16,6580,5880
2011/03/17,6600,5893
2011/03/18,6625,5878
2011/03/22,6695,5840
2011/03/23,6850,6090
2011/03/24,6897,6180
2011/03/25,6850,6100
2011/03/28,6870,6116
2011/03/29,6950,6075
2011/03/30,7179,6195
2011/03/31,7050,6125
2011/04/01,7200,6338
2011/04/04,7400,6352
2011/04/05,7500,6457
2011/04/06,7525,6524
2011/04/07,7520,6602
2011/04/08,7515,6620
2011/04/11,7499,6612
2011/04/12,7355,6560
2011/04/13,7301,6500
2011/04/14,7320,6600
2011/04/15,7330,6634
2011/04/18,7180,6548
2011/04/19,7165,6480
2011/04/20,7296,6504
2011/04/21,7376,6473
2011/04/26,7405,6500
2011/04/28,7545,6830
2011/04/29,7597,6720
2011/05/03,7579,6770
2011/05/04,7390,6700
2011/05/05,7300,6600
2011/05/06,7340,6622
2011/05/09,7272,6656
2011/05/10,7313,6680
2011/05/11,7285,6600
2011/05/12,7230,6579
2011/05/13,7249,6579
2011/05/16,7312,6579
2011/05/17,7286,6370
2011/05/19,7245,6389
2011/05/20,7216,6299
2011/05/23,7015,6190
2011/05/24,7200,6393
2011/05/25,7100,6326
2011/05/26,7165,6390
2011/05/27,7284,6500
2011/05/30,7173,6446
2011/05/31,7240,6401
2011/06/01,7225,6475
2011/06/02,7176,6450
2011/06/03,7000,6410
2011/06/06,6990,6400
2011/06/07,7000,6500
2011/06/08,6998,6478
2011/06/09,6985,6488
2011/06/10,6934,6510
2011/06/13,6930,6486
2011/06/14,6989,6489
2011/06/15,6950,6430
2011/06/17,6900,6600
2011/06/20,6936,6340
2011/06/21,6951,6365
2011/06/22,6900,6373
2011/06/23,6700,6240
2011/06/24,6833,6368
2011/06/27,6983,6400
2011/06/28,7189,6521
2011/06/29,7185,6651
2011/06/30,7329,6820
2011/07/01,7313,6958
2011/07/04,7310,6950
2011/07/05,7480,6870
2011/07/06,7336,6835
2011/07/07,7397,6989
2011/07/08,7299,6950
2011/07/11,7220,6853
2011/07/12,7144,6957
2011/07/13,7350,7049
2011/07/14,7250,7050
2011/07/15,7410,7100
2011/07/18,7271,7085
2011/07/19,7350,7200
2011/07/20,7333,7235
2011/07/21,7401,7321
2011/07/22,7339,7275
2011/07/25,7440,7260
2011/07/26,7398,7300
2011/07/27,7300,7340
2011/07/28,7270,7400
2011/07/29,7238,7370
2011/08/01,7320,7448
2011/08/02,7318,7500
2011/08/03,7267,7302
2011/08/04,7066,7133
2011/08/05,7154,7048
2011/08/08,6870,6850
2011/08/10,6858,6852
2011/08/11,6950,6949
2011/08/12,7100,7300
2011/08/15,7213,7370
2011/08/16,7226,7370
2011/08/17,7342,7370
2011/08/18,7314,7200
2011/08/19,7389,7190
2011/08/22,7664,7198
2011/08/23,7425,7099
2011/08/24,7591,7158
2011/08/25,7342,7020
2011/08/26,7323,6840
2011/08/29,7601,7100
2011/08/30,7675,7155
2011/08/31,7755,7375
2011/09/01,7956,7600
2011/09/02,7847,7540
2011/09/05,7562,7434
2011/09/06,7385,7456
2011/09/07,7515,7405
2011/09/08,7794,7514
2011/09/09,7658,7400
2011/09/12,7570,7390
2011/09/13,7620,7300
2011/09/14,7655,7373
2011/09/15,7842,7333
2011/09/16,7720,7402
2011/09/19,7669,7419
2011/09/20,7690,7450
2011/09/21,7505,7285
2011/09/22,7195,6900
2011/09/23,6950,6650
2011/09/26,7025,6593
2011/09/27,7148,6880
2011/09/28,7083,6800
2011/09/29,7025,6800
2011/09/30,7050,6729
2011/10/03,6940,6566
2011/10/04,6663,6512
2011/10/05,6657,6525
2011/10/06,6785,6460
2011/10/07,6901,6575
2011/10/10,7099,6735
2011/10/11,7176,6920
2011/10/12,7302,6999
2011/10/13,7220,6990
2011/10/14,7219,7040
2011/10/17,7200,7085
2011/10/18,7399,7105
2011/10/19,7500,7250
2011/10/20,7390,7170
2011/10/21,7553,7135
2011/10/24,7600,7150
2011/10/25,7715,7321
2011/10/26,7825,7400
2011/10/27,7850,7460
2011/10/28,8175,7700
2011/10/31,8020,7640
2011/11/01,7940,7550
2011/11/02,7970,7700
2011/11/03,8005,7801
2011/11/04,7950,7818
2011/11/07,8050,7900
2011/11/08,8244,8030
2011/11/09,8120,7991
2011/11/10,8035,8020
2011/11/11,8065,8026
2011/11/14,7995,8100
2011/11/15,7988,8116
2011/11/16,7782,7965
2011/11/17,7759,8090
2011/11/18,7611,8065
2011/11/21,7571,7935
2011/11/22,7516,7900
2011/11/23,7420,7780
2011/12/02,7420,7780
2011/12/05,7420,7780
2011/12/06,7420,7780
2011/12/07,7420,7780
2011/12/08,7420,7780
2011/12/09,7420,7780
2011/12/12,7420,7780
2011/12/13,7725,8255
2011/12/14,7533,8217
2011/12/15,7474,8005
2011/12/19,7580,8075
2011/12/20,7474,8100
2011/12/21,7424,8030
2011/12/22,7630,8085
2011/12/23,7477,8080
2011/12/28,7480,7960
2011/12/29,7500,7990
2011/12/30,7385,7980
2012/01/03,7655,8115
2012/01/04,7677,8250
2012/01/05,7652,8205
2012/01/06,7768,8223
2012/01/09,7900,8388
2012/01/10,7770,8433
2012/01/11,7650,8424
2012/01/12,7732,8630
2012/01/13,7720,8700
2012/01/16,7800,8683
2012/01/17,7849,8789
2012/01/18,7825,8704
2012/01/19,7870,8800
2012/01/20,7830,8892
2012/01/23,7907,8900
2012/01/24,7870,8790
2012/01/25,7850,8850
2012/01/26,7730,8790
2012/01/27,7624,8681
2012/01/30,7689,8532
2012/01/31,7821,8625
2012/02/01,8030,8800
2012/02/02,7899,8900
2012/02/03,8019,8889
2012/02/06,7920,8779
2012/02/07,7804,8722
2012/02/08,7800,8741
2012/02/09,7823,8691
2012/02/10,7770,8765
2012/02/13,7866,8873
2012/02/14,7796,8812
2012/02/15,7950,8980
2012/02/16,7876,9000
2012/02/17,7951,9000
2012/02/20,7975,9030
2012/02/21,7999,9041
2012/02/22,7996,9079
2012/02/23,8044,9000
2012/02/24,8021,8883
2012/02/27,7852,8750
2012/02/28,7991,8799
2012/02/29,8083,8922
2012/03/01,8100,9015
2012/03/02,8110,9000
2012/03/05,8075,9045
2012/03/06,7926,8947
2012/03/07,7902,9000
2012/03/08,7980,9082
2012/03/09,8048,9199
2012/03/12,8061,9175
2012/03/13,8005,9200
2012/03/14,8169,9285
2012/03/15,8124,9200
2012/03/16,8000,8956
2012/03/19,8085,8930
2012/03/20,7970,8999
2012/03/22,7903,8981
2012/03/23,7925,8958
2012/03/26,8034,9006
2012/03/27,8250,9217
2012/03/28,8057,9230
2012/03/29,8117,9282
2012/03/30,8076,9434
2012/04/02,8360,9600
2012/04/03,8352,9660
2012/04/04,8200,9600
2012/04/05,8248,9575
2012/04/10,8220,9700
2012/04/11,8093,9690
2012/04/12,8100,9705
2012/04/13,8071,9785
2012/04/16,8089,9716
2012/04/17,8232,10030
2012/04/18,8200,10100
2012/04/19,8275,10135
2012/04/20,8159,10348
2012/04/23,7995,10000
2012/04/24,8175,10265
2012/04/25,8265,10310
2012/04/26,8300,10325
2012/04/30,8300,10520
2012/05/02,8271,10570
2012/05/03,8200,10401
2012/05/04,8275,10590
2012/05/07,8238,10450
2012/05/08,8105,10371
2012/05/09,8064,10200
2012/05/10,8200,10250
2012/05/11,8329,10265
2012/05/14,8172,10095
2012/05/15,8055,10130
2012/05/16,8300,10462
2012/05/17,8200,10400
2012/05/18,8160,10260
2012/05/21,8150,10210
2012/05/22,8200,10200
2012/05/23,8010,9648
2012/05/24,8100,10000
2012/05/25,8048,9930
2012/05/28,8060,10050
2012/05/29,8150,10170
2012/05/30,8160,10100
2012/05/31,8223,10420
2012/06/01,8360,10450
2012/06/04,8420,10610
2012/06/05,8510,10831
2012/06/06,8664,11020
2012/06/07,8780,10975
2012/06/08,8738,10943
2012/06/11,8790,11050
2012/06/12,8960,11105
2012/06/13,8999,11058
2012/06/14,9151,11065
2012/06/15,9005,11100
2012/06/18,9105,10785
2012/06/19,9124,10790
2012/06/20,9137,10850
2012/06/21,9081,10750
2012/06/22,9000,10774
2012/06/25,9100,10848
2012/06/26,9135,11120
2012/06/27,9100,11151
2012/06/28,8900,11099
2012/06/29,8952,11192
2012/07/02,8950,11440
2012/07/03,8985,11798
2012/07/04,9024,11804
2012/07/05,9290,11900
2012/07/06,9348,12100
2012/07/09,9500,11905
2012/07/10,9575,11950
2012/07/11,9470,11885
2012/07/12,9325,11810
2012/07/13,9353,11700
2012/07/16,9414,11680
2012/07/17,9575,11735
2012/07/18,9735,11690
2012/07/19,9830,12090
2012/07/20,9808,11930
2012/07/23,9730,11745
2012/07/24,9800,11904
2012/07/25,10150,12100
2012/07/26,10135,12138
2012/07/27,10390,12260
2012/07/30,10596,12385
2012/07/31,10330,12324
2012/08/01,10337,12174
2012/08/02,10285,12394
2012/08/03,10500,12731
2012/08/06,10550,12837
2012/08/07,10475,12830
2012/08/08,10350,12845
2012/08/10,10400,13000
2012/08/13,10400,12929
2012/08/14,10430,12981
2012/08/15,10363,12935
2012/08/16,10300,13185
2012/08/17,9757,12800
2012/08/20,9635,12870
2012/08/21,9710,13225
2012/08/22,9517,13151
2012/08/23,9470,13251
2012/08/24,9584,13177
2012/08/27,9666,13429
2012/08/28,9750,13445
2012/08/29,9690,13860
2012/08/30,9579,13675
2012/08/31,9525,13610
2012/09/03,9428,13649
2012/09/04,9500,13650
2012/09/05,9418,13452
2012/09/06,9451,13285
2012/09/07,9254,12809
2012/09/10,8875,11902
2012/09/11,8999,12025
2012/09/12,8862,11800
2012/09/13,8964,12405
2012/09/14,9025,11880
2012/09/17,9365,11850
2012/09/18,9300,12210
2012/09/19,9431,11927
2012/09/20,9689,12500
2012/09/21,9492,12596
2012/09/25,9655,12410
2012/09/26,9515,12495
2012/09/27,9524,12425
2012/09/28,9400,12599
2012/10/01,9434,12714
2012/10/02,9629,13120
2012/10/03,9760,13400
2012/10/04,9799,13250
2012/10/05,9650,12750
2012/10/08,9140,11600
2012/10/09,9101,11600
2012/10/10,9150,11975
2012/10/11,9400,12300
2012/10/12,9490,12463
2012/10/15,9621,12345
2012/10/16,9900,12590
2012/10/17,10050,12896
2012/10/18,10198,12625
2012/10/19,10075,12687
2012/10/22,10250,12900
2012/10/23,10100,12750
2012/10/24,10050,13125
2012/10/25,9850,13198
2012/10/26,9716,12992
2012/10/29,9665,13200
2012/10/30,9490,13300
2012/10/31,9440,13395
2012/11/01,9400,13517
2012/11/02,9400,13620
2012/11/05,9450,13615
2012/11/06,9445,13797
2012/11/07,9693,13875
2012/11/08,9989,14057
2012/11/09,10000,14450
2012/11/12,10060,14430
2012/11/13,10245,14350
2012/11/14,9868,14200
2012/11/15,9897,14205
2012/11/16,9800,13900
2012/11/19,9950,13849
2012/11/21,10000,13750
2012/11/22,9850,13510
2012/11/23,9801,13520
2012/11/24,9801,13520
2012/11/25,9801,13520
2012/11/26,9850,13350
2012/11/27,9883,13508
2012/11/28,9749,13110
2012/11/29,9685,13178
2012/11/30,9520,13300
2012/12/03,9600,13200
2012/12/04,9799,13280
2012/12/05,10051,13551
2012/12/06,10300,13948
2012/12/07,10312,14176
2012/12/10,10150,14018
2012/12/11,10200,13611
2012/12/12,10400,13548
2012/12/13,10150,13270
2012/12/14,10324,13234
2012/12/18,10739,13350
2012/12/19,10646,13747
2012/12/20,10800,13699
2012/12/21,10715,13798
2012/12/24,10720,13900
2012/12/27,10830,13989
2012/12/28,10867,14030
2012/12/31,10867,14000
2013/01/02,11023,14000
2013/01/03,11225,14412
2013/01/04,11447,14406
2013/01/07,11493,14440
2013/01/08,11425,14369
2013/01/09,11600,14280
2013/01/10,11451,14070
2013/01/11,11170,13589
2013/01/14,10800,13325
2013/01/15,10498,12625
2013/01/16,10250,12540
2013/01/17,10050,12125
2013/01/18,10285,12000
2013/01/21,10220,12000
2013/01/22,10349,12040
2013/01/23,10242,12131
2013/01/24,10324,12400
2013/01/25,10591,12785
2013/01/28,10475,12500
2013/01/29,10500,12386
2013/01/30,9900,11750
2013/01/31,10152,12330
2013/02/01,10343,12376
2013/02/04,10300,12300
2013/02/05,10545,12620
2013/02/06,10630,12453
2013/02/07,10816,12780
2013/02/08,10750,12890
2013/02/11,10750,12760
2013/02/12,10411,12540
2013/02/13,10350,12625
2013/02/14,10297,12676
2013/02/15,10290,12740
2013/02/18,10120,12733
2013/02/19,10078,12305
2013/02/20,9980,12100
2013/02/21,9900,12050
2013/02/22,9600,11888
2013/02/25,9575,12182
2013/02/26,9600,12082
2013/02/27,9405,12035
2013/02/28,9305,11581
2013/03/01,9550,11500
2013/03/04,9525,11300
2013/03/05,9595,11520
2013/03/06,9589,11675
2013/03/07,9539,11499
2013/03/08,9599,12050
2013/03/11,9475,12035
2013/03/12,9200,12020
2013/03/13,9100,11680
2013/03/14,9050,11630
2013/03/15,9040,11600
2013/03/18,8995,11680
2013/03/19,9000,11575
2013/03/20,9170,11725
2013/03/22,9000,11789
2013/03/25,9037,12070
2013/03/26,9151,12017
2013/03/27,8960,12037
2013/03/28,9017,11699
2013/04/02,9116,11830
2013/04/03,9010,11654
2013/04/04,8936,11582
2013/04/05,8842,11353
2013/04/08,8986,11650
2013/04/09,8945,11550
2013/04/10,9220,12250
2013/04/11,9285,12255
2013/04/12,9150,12400
2013/04/15,9040,12204
2013/04/16,9100,12125
2013/04/17,9039,12284
2013/04/18,8925,12200
2013/04/19,9026,12646
2013/04/22,8850,12285
2013/04/23,8713,12308
2013/04/24,8686,12450
2013/04/25,8840,12600
2013/04/26,8880,12625
2013/04/29,8970,12713
2013/04/30,8919,12898
2013/05/02,9100,13389
2013/05/03,8781,13540
2013/05/06,8816,13490
2013/05/07,8893,13200
2013/05/08,8987,13200
2013/05/09,9000,13200
2013/05/10,9000,13050
2013/05/13,9175,13019
2013/05/14,9305,13215
2013/05/15,9210,13330
2013/05/16,9412,13200
2013/05/17,9228,13050
2013/05/20,8644,12650
2013/05/21,8600,12800
2013/05/22,8850,12850
2013/05/23,8768,12998
2013/05/24,8969,13401
2013/05/27,8800,13450
2013/05/28,9100,13775
2013/05/29,9040,13387
2013/05/30,9136,13475
2013/05/31,8700,12812
2013/06/03,8500,12930
2013/06/04,8400,13150
2013/06/05,8150,13030
2013/06/06,8000,12481
2013/06/07,8000,12350
2013/06/10,7950,12440
2013/06/11,7715,12010
2013/06/12,7667,11720
2013/06/13,8020,11950
2013/06/14,8253,12338
2013/06/18,8417,12603
2013/06/19,8175,12847
2013/06/20,7940,12300
2013/06/21,8009,12198
2013/06/24,7902,12300
2013/06/25,8253,12350
2013/06/26,8466,13000
2013/06/27,8401,13077
2013/06/28,8695,13470
2013/07/01,9100,13770
2013/07/02,9100,13870
2013/07/03,8786,13314
2013/07/04,8920,13319
2013/07/05,8480,12900
2013/07/08,8379,12730
2013/07/09,8660,13110
2013/07/10,8541,12940
2013/07/11,8750,12999
2013/07/12,8755,13078
2013/07/15,8743,13026
2013/07/16,8520,12691
2013/07/17,8590,13000
2013/07/18,8775,13138
2013/07/19,8610,13018
2013/07/22,8000,12650
2013/07/23,8093,12497
2013/07/24,8301,12605
2013/07/25,8190,12549
2013/07/26,8160,12499
2013/07/29,8198,12468
2013/07/30,8348,12500
2013/07/31,8363,12870
2013/08/01,8359,12999
2013/08/02,8542,12950
2013/08/05,8300,13045
2013/08/06,8026,12829
2013/08/07,7950,12712
2013/08/08,8050,12734
2013/08/12,8318,12902
2013/08/13,8385,12900
2013/08/14,8500,13145
2013/08/15,8376,12810
2013/08/16,8401,13001
2013/08/19,8150,12700
2013/08/20,8380,12544
2013/08/21,8340,12669
2013/08/22,8260,12500
2013/08/23,8279,12546
2013/08/26,8425,12645
2013/08/27,8150,12441
2013/08/28,8000,11998
2013/08/29,8027,12345
2013/08/30,8202,12522
2013/09/02,8250,12745
2013/09/03,8301,12680
2013/09/04,8307,12565
2013/09/05,8450,12598
2013/09/06,8500,12600
2013/09/09,8500,12840
2013/09/10,8608,12950
2013/09/11,8661,13172
2013/09/12,8969,13685
2013/09/13,8857,13599
2013/09/16,9016,13385
2013/09/17,9216,13650
2013/09/18,8877,13378
2013/09/19,9100,13800
2013/09/20,9149,13800
2013/09/23,9134,13950
2013/09/25,9252,14132
2013/09/26,9160,13990
2013/09/27,9070,13850
2013/09/30,9000,13905
2013/10/01,9050,14200
2013/10/02,9060,14280
2013/10/03,9150,14280
2013/10/04,9202,14270
2013/10/07,9284,14400
2013/10/08,9320,14205
2013/10/09,9280,14125
2013/10/10,9330,14300
2013/10/11,9479,14400
2013/10/14,9560,14280
2013/10/15,9734,14450
2013/10/16,9928,14800
2013/10/17,9899,14702
2013/10/18,9850,14850
2013/10/21,9805,15180
2013/10/22,9685,15208
2013/10/23,9600,15369
2013/10/24,9579,15450
2013/10/25,9550,15262
2013/10/28,9600,15650
2013/10/29,9590,15660
2013/10/30,9641,15749
2013/10/31,9600,15817
2013/11/01,9399,15701
2013/11/04,9443,15649
2013/11/05,9290,15625
2013/11/06,9250,15460
2013/11/07,8500,15001
2013/11/08,8452,14926
2013/11/11,8425,14720
2013/11/12,8310,14989
2013/11/13,8250,14950
2013/11/14,8225,15205
2013/11/15,8500,15300
2013/11/18,8690,15500
2013/11/19,8620,15440
2013/11/20,8654,15410
2013/11/21,8395,15490
2013/11/22,8325,15600
2013/11/25,8268,15597
2013/11/26,8055,15834
2013/11/27,8075,15600
2013/11/28,8100,15750
2013/11/29,8101,15500
2013/12/02,8050,15350
2013/12/03,8015,15250
2013/12/04,8000,15301
2013/12/05,7950,15548
2013/12/06,7953,15525
2013/12/09,7990,15701
2013/12/10,7800,15305
2013/12/11,7800,15549
2013/12/12,7725,15352
2013/12/13,7615,15160
2013/12/17,7700,15630
2013/12/18,7652,15577
2013/12/19,7588,15700
2013/12/20,7573,15800
2013/12/23,7650,16040
2013/12/24,7650,16035
2013/12/27,7648,16130
2013/12/30,7703,16066
2013/12/31,7676,16374
2014/01/02,7650,16300
2014/01/03,7626,16113
2014/01/06,7495,16024
2014/01/07,7500,15979
2014/01/08,7400,15768
2014/01/09,7374,15700
2014/01/10,7547,16107
2014/01/13,7860,16585
2014/01/14,7848,16350
2014/01/15,7860,16300
2014/01/16,7796,15850
2014/01/17,7600,15080
2014/01/20,7560,15162
2014/01/21,7625,15133
2014/01/22,7775,15500
2014/01/23,7747,15198
2014/01/24,7646,14915
2014/01/27,7525,14525
2014/01/28,7540,14484
2014/01/29,7400,14000
2014/01/30,7210,13627
2014/01/31,7300,13722
2014/02/03,7186,13700
2014/02/04,7045,13330
2014/02/05,7100,13300
2014/02/06,7050,13650
2014/02/07,7010,13845
2014/02/10,6910,13890
2014/02/11,6750,13998
2014/02/12,6710,13999
2014/02/13,6673,13808
2014/02/14,6600,13773
2014/02/17,6700,13850
2014/02/18,6760,13894
2014/02/19,6769,14000
2014/02/20,6800,13825
2014/02/21,6875,14088
2014/02/24,6853,14266
2014/02/25,6995,14305
2014/02/26,6949,14299
2014/02/27,6864,14460
2014/02/28,6870,14938
2014/03/03,6930,15046
2014/03/04,7035,15231
2014/03/05,7174,15149
2014/03/06,7166,15200
2014/03/07,7199,15229
2014/03/10,6920,15160
2014/03/11,6926,15200
2014/03/12,6895,15219
2014/03/13,6973,15084
2014/03/14,7010,15188
2014/03/17,7072,15450
2014/03/18,7057,15262
2014/03/19,7002,14827
2014/03/20,7069,14474
2014/03/24,7232,14783
2014/03/25,7436,15030
2014/03/26,7536,15230
2014/03/27,7636,15245
2014/03/28,7806,15601
2014/03/31,7725,15741
2014/04/01,7705,16031
2014/04/02,7575,15328
2014/04/03,7616,15493
2014/04/04,7780,15450
2014/04/07,7707,15436
2014/04/08,8025,15507
2014/04/09,7950,15350
2014/04/10,8036,15656
2014/04/11,7956,15402
2014/04/14,7871,15729
2014/04/15,7825,15301
2014/04/16,7780,15615
2014/04/17,7780,15518
2014/04/22,7783,15505
2014/04/23,7892,15751
2014/04/24,8144,16042
2014/04/25,8350,16010
2014/04/29,8350,16005
2014/04/30,8435,15830
2014/05/02,8579,16000
2014/05/05,8607,15912
2014/05/06,8621,15752
2014/05/08,8709,16515
2014/05/09,8554,16425
2014/05/12,8575,16425
2014/05/13,8555,16755
2014/05/14,8558,16825
2014/05/15,8360,16681
2014/05/16,8484,16991
2014/05/19,8411,16729
2014/05/20,8315,16690
2014/05/21,8299,16398
2014/05/22,8387,16661
2014/05/23,8420,16675
2014/05/26,8320,16851
2014/05/27,8150,16699
2014/05/28,8066,16425
2014/05/29,8249,16595
2014/05/30,7901,17043
2014/06/02,7711,16920
2014/06/03,7510,17057
2014/06/04,7500,17360
2014/06/05,7589,17660
2014/06/06,7620,17823
2014/06/09,7655,17899
2014/06/10,7697,18064
2014/06/11,7599,18111
2014/06/12,7500,18050
2014/06/13,7565,17650
2014/06/17,7490,17786
2014/06/18,7371,17300
2014/06/19,7520,17460
2014/06/20,7419,17817
2014/06/23,7343,17851
2014/06/24,7321,18000
2014/06/25,7249,17800
2014/06/26,7415,17800
2014/06/27,7490,17801
2014/06/30,7499,18081
2014/07/01,7520,18340
2014/07/02,7495,18326
2014/07/03,7473,18080
2014/07/04,7510,18182
2014/07/07,7530,18267
2014/07/08,7590,18640
2014/07/09,7538,18700
2014/07/10,7435,18725
2014/07/11,7445,19031
2014/07/14,7550,19275
2014/07/15,7530,19350
2014/07/16,7515,19801
2014/07/17,7470,19861
2014/07/18,7200,19760
2014/07/21,6952,19700
2014/07/22,7230,20250
2014/07/23,7307,20188
2014/07/24,7400,20263
2014/07/25,7350,19978
2014/07/28,7450,20315
2014/07/29,7522,20600
2014/07/30,7490,20173
2014/07/31,7524,20300
2014/08/01,7513,20300
2014/08/04,7691,20600
2014/08/05,7578,20500
2014/08/06,7358,19900
2014/08/07,7250,19913
2014/08/08,7168,19805
2014/08/11,7200,19800
2014/08/12,7262,19800
2014/08/13,7188,19803
2014/08/14,7034,19600
2014/08/15,6899,19600
2014/08/18,6909,19605
2014/08/19,6705,19605
2014/08/20,6570,19478
2014/08/21,7105,19950
2014/08/22,7419,20218
2014/08/25,7405,20350
2014/08/26,7400,20686
2014/08/27,7430,20662
2014/08/28,7396,20399
2014/08/29,7440,20470
2014/09/01,7442,20721
2014/09/02,7482,20532
2014/09/03,7631,20888
2014/09/04,7560,21090
2014/09/05,7700,20814
2014/09/08,7412,21100
2014/09/09,7230,20780
2014/09/10,7164,21017
2014/09/11,7213,21378
2014/09/12,7215,21074
2014/09/15,7120,21350
2014/09/16,7200,21463
2014/09/17,7185,21674
2014/09/18,7200,21900
2014/09/19,7020,21116
2014/09/22,6747,20899
2014/09/23,6650,20669
2014/09/25,6655,20520
2014/09/26,6800,20675
2014/09/29,6705,21047
2014/09/30,6795,21233
2014/10/01,6950,20920
2014/10/02,7010,20650
2014/10/03,6972,20600
2014/10/06,7076,20480
2014/10/07,7100,20517
2014/10/08,7115,20430
2014/10/09,7252,20600
2014/10/10,7050,20136
2014/10/13,7150,20236
2014/10/14,7280,20477
2014/10/15,7050,19590
2014/10/16,7070,19423
2014/10/17,7170,20394
2014/10/20,6981,20200
2014/10/21,7079,21390
2014/10/22,7101,20875
2014/10/23,7177,21708
2014/10/24,7100,21409
2014/10/27,7210,21550
2014/10/28,7321,22085
2014/10/29,7500,22155
2014/10/30,7510,22200
2014/10/31,7550,22815
2014/11/03,7550,22900
2014/11/04,7500,23105
2014/11/05,7450,23000
2014/11/06,6900,22399
2014/11/07,6900,22710
2014/11/10,6856,23048
2014/11/11,6821,23500
2014/11/12,6886,23930
2014/11/13,6931,23710
2014/11/14,6960,24450
2014/11/17,6888,24400
2014/11/18,6877,23600
2014/11/19,6950,23884
2014/11/20,7121,23538
2014/11/21,7269,24655
2014/11/24,7279,24300
2014/11/25,7409,24151
2014/11/26,7314,23458
2014/11/27,7552,23768
2014/11/28,7950,23618
2014/12/01,7992,22800
2014/12/02,7871,23181
2014/12/03,7900,23275
2014/12/04,7690,22835
2014/12/05,7702,22600
2014/12/08,7720,21678
2014/12/09,7790,21688
2014/12/10,7701,21670
2014/12/11,7600,21669
2014/12/12,7616,21612
2014/12/15,7493,21650
2014/12/17,7423,22000
2014/12/18,7663,23427
2014/12/19,7605,23300
2014/12/22,7610,23099
2014/12/23,7699,22881
2014/12/24,7609,22839
2014/12/29,7713,23658
2014/12/30,7785,23352
2014/12/31,7728,23500
2015/01/02,7785,23209
2015/01/05,7725,22200
2015/01/06,7690,22671
2015/01/07,7720,22996
2015/01/08,7945,23591
2015/01/09,7820,23450
2015/01/12,7903,23554
2015/01/13,7730,24610
2015/01/14,7680,24106
2015/01/15,7392,24660
2015/01/16,7506,24000
2015/01/19,7523,24140
2015/01/20,7692,24129
2015/01/21,8030,24908
2015/01/22,8300,25716
2015/01/23,8328,25739
2015/01/26,8330,25997
2015/01/27,8400,25845
2015/01/28,8600,26758
2015/01/29,8430,26622
2015/01/30,8100,26500
2015/02/02,8099,25751
2015/02/03,8410,26059
2015/02/04,8221,25562
2015/02/05,8214,25633
2015/02/06,8250,25670
2015/02/09,8401,25892
2015/02/10,8117,25857
2015/02/11,8049,25343
2015/02/12,8604,26191
2015/02/13,8684,26300
2015/02/16,8340,26400
2015/02/17,8197,25615
2015/02/18,8150,25206
2015/02/19,8742,26194
2015/02/20,9171,26300
2015/02/23,9435,26500
2015/02/24,9250,26285
2015/02/25,9040,26620
2015/02/26,8903,26643
2015/02/27,8888,26975
2015/03/02,8720,26655
2015/03/03,8850,26702
2015/03/04,9050,26150
2015/03/05,8995,26694
2015/03/06,9035,26807
2015/03/09,8505,25700
2015/03/10,8475,25315
2015/03/11,8677,25775
2015/03/12,8415,26012
2015/03/13,8490,25115
2015/03/16,8850,25400
2015/03/17,8843,25400
2015/03/18,8710,25663
2015/03/19,8865,25350
2015/03/20,8740,24823
2015/03/23,8809,24931
2015/03/24,8848,25131
2015/03/25,8927,25465
2015/03/26,8700,24450
2015/03/27,8700,25196
2015/03/30,8960,25950
2015/03/31,8826,26001
2015/04/01,8800,26554
2015/04/02,8900,27000
2015/04/07,8801,27125
2015/04/08,9207,27650
2015/04/09,9200,27710
2015/04/10,9550,28250
2015/04/13,9409,27680
2015/04/14,9450,27958
2015/04/15,9437,27950
2015/04/16,9325,27000
2015/04/17,9315,26447
2015/04/20,9300,26450
2015/04/21,9400,26349
2015/04/22,9345,26275
2015/04/23,9291,26245
2015/04/24,9187,25759
2015/04/28,9200,25520
2015/04/29,8903,25300
2015/04/30,8672,25434
2015/05/04,8890,24810
2015/05/05,8900,25081
2015/05/06,8926,24777
2015/05/07,8740,24451
2015/05/08,8894,24601
2015/05/11,8967,24613
2015/05/12,8821,24400
2015/05/13,9126,24500
2015/05/14,9110,24215
2015/05/15,9079,24661
2015/05/18,9240,24767
2015/05/19,9180,24960
2015/05/20,9138,24674
2015/05/21,9251,24501
2015/05/22,9250,24725
2015/05/25,9426,24801
2015/05/26,9275,24600
2015/05/27,9273,24650
2015/05/28,9050,24781
2015/05/29,8675,24152
2015/06/01,8360,23000
2015/06/02,8389,23549
2015/06/03,8051,23100
2015/06/04,7973,24165
2015/06/05,7800,23837
2015/06/08,8130,23915
2015/06/09,8062,23474
2015/06/10,8379,23909
2015/06/11,8270,24450
2015/06/12,8254,23627
2015/06/15,8310,23786
2015/06/17,8308,24075
2015/06/18,8480,24501
2015/06/19,8408,24137
2015/06/22,8394,24240
2015/06/23,8569,24550
2015/06/24,8450,24782
2015/06/25,8630,25586
2015/06/26,8649,24963
2015/06/29,8588,24623
2015/06/30,8570,25050
2015/07/01,8600,24798
2015/07/02,8499,25371
2015/07/03,8402,24891
2015/07/06,8705,24474
2015/07/07,8447,23705
2015/07/08,8409,23833
2015/07/09,8050,24408
2015/07/10,8240,24800
2015/07/13,8400,24975
2015/07/14,8178,24597
2015/07/15,8337,25100
2015/07/16,8731,25734
2015/07/17,8897,25450
2015/07/20,8820,25733
2015/07/21,8970,26070
2015/07/22,8770,25477
2015/07/23,8590,25363
2015/07/24,8300,24855
2015/07/27,8253,25175
2015/07/28,8370,24706
2015/07/29,8400,25229
2015/07/30,8430,24816
2015/07/31,8555,25220
2015/08/03,8600,25416
2015/08/04,8787,26184
2015/08/05,8750,25422
2015/08/06,8660,25173
2015/08/07,8750,24897
2015/08/11,8764,25000
2015/08/12,8391,24023
2015/08/13,8320,24535
2015/08/14,8208,23873
2015/08/17,8117,23239
2015/08/18,8240,23826
2015/08/19,8139,23668
2015/08/20,8800,23018
2015/08/21,9224,22830
2015/08/24,8988,22580
2015/08/25,9590,23536
2015/08/26,9495,23683
2015/08/27,9060,23099
2015/08/28,8790,23438
2015/08/31,8788,23864
2015/09/01,8336,20701
2015/09/02,8530,21234
2015/09/03,8631,21450
2015/09/04,8739,20950
2015/09/07,8450,20299
2015/09/08,8400,20213
2015/09/09,8462,20300
2015/09/10,8496,20626
2015/09/11,8626,19849
2015/09/14,8958,20450
2015/09/15,8750,20000
2015/09/16,8750,20000
2015/09/17,8945,20371
2015/09/18,8950,20530
2015/09/21,8700,20190
2015/09/22,8660,19999
2015/09/23,8722,20205
2015/09/25,8760,19961
2015/09/28,8500,19488
2015/09/29,8333,19349
2015/09/30,8502,19300
2015/10/01,8500,19500
2015/10/02,8675,19532
2015/10/05,8790,20399
2015/10/06,8628,20500
2015/10/07,8600,20505
2015/10/08,8836,20800
2015/10/09,8800,20450
2015/10/12,8792,20570
2015/10/13,8838,20451
2015/10/14,8897,20439
2015/10/15,9007,20988
2015/10/16,9000,20676
2015/10/19,8913,20634
2015/10/20,8785,20442
2015/10/21,8669,20320
2015/10/22,8890,20546
2015/10/23,9106,20894
2015/10/26,9298,21345
2015/10/27,9150,21250
2015/10/28,9153,21560
2015/10/29,9160,21567
2015/10/30,9375,21250
2015/11/02,9400,21300
2015/11/03,9295,21400
2015/11/04,9650,21686
2015/11/05,10500,22485
2015/11/06,10088,22000
2015/11/09,10321,21800
2015/11/10,10260,21300
2015/11/11,10265,21093
2015/11/12,9900,20600
2015/11/13,9630,21900
2015/11/16,9751,21380
2015/11/17,9850,21401
2015/11/18,9830,20219
2015/11/19,9807,18400
2015/11/20,9939,20001
2015/11/23,9950,20448
