Date,Woolies,TFG
2004/05/12,720,1984
2004/05/13,726,1985
2004/05/14,725,1950
2004/05/17,728,1970
2004/05/18,720,1955
2004/05/19,722,1940
2004/05/20,720,1911
2004/05/21,715,1910
2004/05/24,715,1930
2004/05/25,707,1945
2004/05/26,701,1961
2004/05/27,725,2000
2004/05/28,705,1995
2004/05/31,720,2010
2004/06/01,712,2000
2004/06/02,712,2000
2004/06/03,712,2000
2004/06/04,710,2000
2004/06/07,701,2020
2004/06/08,710,2080
2004/06/09,716,2090
2004/06/10,708,2079
2004/06/11,706,2070
2004/06/14,708,2060
2004/06/15,710,2070
2004/06/17,703,2070
2004/06/18,716,2090
2004/06/21,720,2110
2004/06/22,720,2120
2004/06/23,705,2100
2004/06/24,720,2114
2004/06/25,710,2115
2004/06/28,702,2120
2004/06/29,710,2141
2004/06/30,710,2190
2004/07/01,725,2201
2004/07/02,727,2225
2004/07/05,729,2176
2004/07/06,730,2219
2004/07/07,726,2235
2004/07/08,725,2251
2004/07/09,730,2300
2004/07/12,725,2235
2004/07/13,750,2250
2004/07/14,750,2290
2004/07/15,750,2300
2004/07/16,740,2298
2004/07/19,730,2300
2004/07/20,740,2290
2004/07/21,749,2287
2004/07/22,739,2230
2004/07/23,739,2220
2004/07/26,738,2205
2004/07/27,746,2212
2004/07/28,760,2224
2004/07/29,752,2225
2004/07/30,765,2250
2004/08/02,775,2270
2004/08/03,775,2270
2004/08/04,780,2290
2004/08/05,780,2285
2004/08/06,770,2260
2004/08/10,761,2250
2004/08/11,740,2206
2004/08/12,760,2250
2004/08/13,760,2215
2004/08/16,775,2270
2004/08/17,765,2250
2004/08/18,776,2201
2004/08/19,767,2246
2004/08/20,775,2270
2004/08/23,780,2250
2004/08/24,784,2245
2004/08/25,782,2260
2004/08/26,783,2270
2004/08/27,785,2290
2004/08/30,775,2321
2004/08/31,793,2410
2004/09/01,800,2430
2004/09/02,810,2485
2004/09/03,840,2530
2004/09/06,810,2550
2004/09/07,825,2570
2004/09/08,820,2585
2004/09/09,860,2654
2004/09/10,841,2657
2004/09/13,832,2670
2004/09/14,825,2680
2004/09/15,839,2700
2004/09/16,863,2700
2004/09/17,875,2668
2004/09/20,875,2740
2004/09/21,890,2851
2004/09/22,889,2830
2004/09/23,875,2880
2004/09/27,880,2932
2004/09/28,895,2950
2004/09/29,890,2945
2004/09/30,890,2855
2004/10/01,882,2850
2004/10/04,893,2830
2004/10/05,890,2845
2004/10/06,904,2860
2004/10/07,890,2866
2004/10/08,895,2860
2004/10/11,890,2850
2004/10/12,881,2790
2004/10/13,880,2760
2004/10/14,865,2760
2004/10/15,880,2730
2004/10/18,885,2730
2004/10/19,900,2775
2004/10/20,895,2860
2004/10/21,915,2870
2004/10/22,920,2850
2004/10/25,938,2850
2004/10/26,926,2847
2004/10/27,929,2850
2004/10/28,940,2870
2004/10/29,960,3050
2004/11/01,960,3016
2004/11/02,965,3050
2004/11/03,975,3151
2004/11/04,990,3160
2004/11/05,1000,3245
2004/11/08,1005,3420
2004/11/09,1025,3500
2004/11/10,1050,3499
2004/11/11,1050,3450
2004/11/12,1030,3380
2004/11/15,1065,3400
2004/11/16,1040,3500
2004/11/17,1035,3599
2004/11/18,1029,3570
2004/11/19,1038,3666
2004/11/22,1030,3669
2004/11/23,1015,3549
2004/11/24,1020,3576
2004/11/25,1045,3620
2004/11/26,1055,3629
2004/11/29,1073,3650
2004/11/30,1020,3575
2004/12/01,1075,3650
2004/12/02,1075,3650
2004/12/03,1073,3600
2004/12/06,1069,3615
2004/12/07,1069,3600
2004/12/08,1055,3600
2004/12/09,1060,3530
2004/12/10,1060,3500
2004/12/13,1063,3530
2004/12/14,1060,3689
2004/12/15,1075,3800
2004/12/17,1080,3860
2004/12/20,1138,4000
2004/12/21,1125,4000
2004/12/22,1111,3970
2004/12/23,1130,3990
2004/12/24,1140,3975
2004/12/28,1140,4000
2004/12/29,1125,4000
2004/12/30,1125,4050
2004/12/31,1139,4000
2005/01/03,1165,3999
2005/01/04,1170,3990
2005/01/05,1146,3995
2005/01/06,1110,3900
2005/01/07,1100,3900
2005/01/10,1100,3890
2005/01/11,1105,3800
2005/01/12,1086,3735
2005/01/13,1096,3750
2005/01/14,1079,3708
2005/01/17,1056,3640
2005/01/18,1030,3589
2005/01/19,1020,3679
2005/01/20,1019,3675
2005/01/21,1035,3660
2005/01/24,1026,3765
2005/01/25,1046,3690
2005/01/26,1080,3750
2005/01/27,1100,3760
2005/01/28,1105,3775
2005/01/31,1104,3710
2005/02/01,1100,3720
2005/02/02,1090,3620
2005/02/03,1090,3573
2005/02/04,1086,3477
2005/02/07,1100,3550
2005/02/08,1090,3500
2005/02/09,1090,3460
2005/02/10,1070,3500
2005/02/11,1068,3599
2005/02/14,1068,3650
2005/02/15,1070,3600
2005/02/16,1050,3570
2005/02/17,1030,3580
2005/02/18,1020,3520
2005/02/21,1020,3600
2005/02/22,1020,3749
2005/02/23,1040,3775
2005/02/24,1045,3885
2005/02/25,1054,3900
2005/02/28,1043,3949
2005/03/01,1040,3879
2005/03/02,1039,3944
2005/03/03,1070,3991
2005/03/04,1075,3997
2005/03/07,1032,3836
2005/03/08,1050,3884
2005/03/09,1050,3820
2005/03/10,1036,3750
2005/03/11,1040,3660
2005/03/14,1044,3685
2005/03/15,1036,3690
2005/03/16,1002,3600
2005/03/17,1035,3515
2005/03/18,1046,3599
2005/03/22,1024,3608
2005/03/23,1010,3570
2005/03/24,1010,3521
2005/03/29,980,3480
2005/03/30,990,3500
2005/03/31,995,3555
2005/04/01,998,3540
2005/04/04,988,3450
2005/04/05,989,3400
2005/04/06,985,3489
2005/04/07,975,3410
2005/04/08,971,3380
2005/04/11,966,3354
2005/04/12,950,3270
2005/04/13,955,3350
2005/04/14,972,3480
2005/04/15,985,3420
2005/04/18,980,3315
2005/04/19,990,3430
2005/04/20,998,3444
2005/04/21,987,3379
2005/04/22,970,3401
2005/04/25,953,3420
2005/04/26,975,3456
2005/04/28,982,3500
2005/04/29,965,3566
2005/05/03,975,3611
2005/05/04,980,3600
2005/05/05,997,3624
2005/05/06,1010,3685
2005/05/09,1050,3785
2005/05/10,1042,3700
2005/05/11,1039,3670
2005/05/12,1050,3740
2005/05/13,1045,3650
2005/05/16,1050,3616
2005/05/17,1052,3602
2005/05/18,1045,3566
2005/05/19,1040,3645
2005/05/20,1047,3626
2005/05/23,1060,3690
2005/05/24,1063,3720
2005/05/25,1065,3740
2005/05/26,1065,3770
2005/05/27,1075,3825
2005/05/30,1065,3760
2005/05/31,1041,3660
2005/06/01,1010,3636
2005/06/02,1020,3750
2005/06/03,1020,3830
2005/06/06,1047,3930
2005/06/07,1060,4055
2005/06/08,1031,3940
2005/06/09,1027,3810
2005/06/10,1020,3961
2005/06/13,1025,3950
2005/06/14,1024,3850
2005/06/15,1010,3850
2005/06/17,1024,4000
2005/06/20,1035,4025
2005/06/21,1029,4049
2005/06/22,1023,4041
2005/06/23,1025,3990
2005/06/24,1025,3950
2005/06/27,1030,3910
2005/06/28,1048,3935
2005/06/29,1060,3961
2005/06/30,1050,3950
2005/07/01,1030,3950
2005/07/04,1043,3905
2005/07/05,1041,3920
2005/07/06,1049,4022
2005/07/07,1050,4002
2005/07/08,1050,4002
2005/07/11,1050,3915
2005/07/12,1050,4010
2005/07/13,1081,4050
2005/07/14,1110,4180
2005/07/15,1110,4200
2005/07/18,1110,4243
2005/07/19,1110,4215
2005/07/20,1109,4205
2005/07/21,1151,4255
2005/07/22,1155,4215
2005/07/25,1168,4278
2005/07/26,1130,4260
2005/07/27,1141,4400
2005/07/28,1176,4500
2005/07/29,1164,4350
2005/08/01,1177,4435
2005/08/02,1200,4499
2005/08/03,1195,4533
2005/08/04,1190,4540
2005/08/05,1180,4545
2005/08/08,1170,4551
2005/08/10,1180,4620
2005/08/11,1160,4575
2005/08/12,1160,4570
2005/08/15,1140,4499
2005/08/16,1131,4350
2005/08/17,1110,4310
2005/08/18,1115,4421
2005/08/19,1150,4603
2005/08/22,1164,4680
2005/08/23,1160,4700
2005/08/24,1145,4660
2005/08/25,1156,4660
2005/08/26,1173,4700
2005/08/29,1161,4635
2005/08/30,1170,4616
2005/08/31,1155,4710
2005/09/01,1164,4740
2005/09/02,1165,4800
2005/09/05,1170,4720
2005/09/06,1183,4760
2005/09/07,1209,4700
2005/09/08,1216,4676
2005/09/09,1229,4720
2005/09/12,1230,4645
2005/09/13,1239,4571
2005/09/14,1250,4582
2005/09/15,1255,4603
2005/09/16,1230,4550
2005/09/19,1233,4549
2005/09/20,1240,4660
2005/09/21,1243,4650
2005/09/22,1227,4550
2005/09/23,1245,4549
2005/09/26,1245,4556
2005/09/27,1250,4650
2005/09/28,1270,4565
2005/09/29,1270,4655
2005/09/30,1310,4550
2005/10/03,1300,4530
2005/10/04,1302,4666
2005/10/05,1285,4635
2005/10/06,1273,4460
2005/10/07,1260,4380
2005/10/10,1232,4420
2005/10/11,1240,4505
2005/10/12,1250,4560
2005/10/13,1220,4381
2005/10/14,1200,4300
2005/10/17,1250,4500
2005/10/18,1231,4450
2005/10/19,1213,4301
2005/10/20,1215,4369
2005/10/21,1211,4320
2005/10/24,1239,4400
2005/10/25,1233,4336
2005/10/26,1250,4405
2005/10/27,1250,4325
2005/10/28,1240,4300
2005/10/31,1255,4275
2005/11/01,1270,4380
2005/11/02,1240,4610
2005/11/03,1310,4750
2005/11/04,1330,4730
2005/11/07,1375,4740
2005/11/08,1330,4685
2005/11/09,1310,4680
2005/11/10,1310,4575
2005/11/11,1300,4550
2005/11/14,1310,4550
2005/11/15,1279,4520
2005/11/16,1280,4550
2005/11/17,1285,4505
2005/11/18,1319,4589
2005/11/21,1329,4589
2005/11/22,1320,4530
2005/11/23,1323,4560
2005/11/24,1329,4700
2005/11/25,1316,4730
2005/11/28,1318,4700
2005/11/29,1300,4562
2005/11/30,1285,4535
2005/12/01,1270,4550
2005/12/02,1259,4654
2005/12/05,1270,4571
2005/12/06,1320,4625
2005/12/07,1335,4800
2005/12/08,1320,4700
2005/12/09,1304,4770
2005/12/12,1312,4832
2005/12/13,1315,4881
2005/12/14,1320,4875
2005/12/15,1325,4856
2005/12/19,1320,4960
2005/12/20,1368,4960
2005/12/21,1380,4940
2005/12/22,1400,4966
2005/12/23,1400,5080
2005/12/27,1440,5125
2005/12/28,1420,5105
2005/12/29,1425,5230
2005/12/30,1420,5210
2006/01/03,1425,5241
2006/01/04,1480,5425
2006/01/05,1466,5397
2006/01/06,1520,5375
2006/01/09,1555,5511
2006/01/10,1516,5576
2006/01/11,1540,5610
2006/01/12,1551,5651
2006/01/13,1574,5810
2006/01/16,1499,5781
2006/01/17,1525,5771
2006/01/18,1529,5723
2006/01/19,1540,5866
2006/01/20,1517,5785
2006/01/23,1540,5745
2006/01/24,1550,5735
2006/01/25,1580,5625
2006/01/26,1559,5625
2006/01/27,1605,5780
2006/01/30,1589,5765
2006/01/31,1580,5800
2006/02/01,1621,5790
2006/02/02,1640,5690
2006/02/03,1585,5550
2006/02/06,1600,5470
2006/02/07,1600,5440
2006/02/08,1585,5410
2006/02/09,1580,5601
2006/02/10,1605,5800
2006/02/13,1560,5827
2006/02/14,1531,5685
2006/02/15,1558,5760
2006/02/16,1546,5802
2006/02/17,1555,5861
2006/02/20,1560,5855
2006/02/21,1560,5900
2006/02/22,1570,5990
2006/02/23,1585,5990
2006/02/24,1595,6025
2006/02/27,1595,5905
2006/02/28,1573,5710
2006/03/02,1590,5861
2006/03/03,1590,5750
2006/03/06,1570,5820
2006/03/07,1545,5750
2006/03/08,1531,5700
2006/03/09,1540,5698
2006/03/10,1555,5705
2006/03/13,1593,5705
2006/03/14,1600,5810
2006/03/15,1600,5865
2006/03/16,1598,5875
2006/03/17,1620,5940
2006/03/20,1620,5960
2006/03/22,1630,6050
2006/03/23,1640,6085
2006/03/24,1660,6195
2006/03/27,1620,6130
2006/03/28,1620,6050
2006/03/29,1635,5990
2006/03/30,1650,5900
2006/03/31,1639,5826
2006/04/03,1650,5900
2006/04/04,1629,5891
2006/04/05,1660,6125
2006/04/06,1661,6170
2006/04/07,1669,6130
2006/04/10,1660,6165
2006/04/11,1683,6215
2006/04/12,1630,6225
2006/04/13,1611,6100
2006/04/18,1620,6206
2006/04/19,1630,6115
2006/04/20,1630,5980
2006/04/21,1664,5825
2006/04/24,1634,5800
2006/04/25,1648,5841
2006/04/26,1675,5930
2006/04/28,1685,6090
2006/05/02,1685,6110
2006/05/03,1700,6151
2006/05/04,1750,6270
2006/05/05,1715,6380
2006/05/08,1741,6384
2006/05/09,1711,6477
2006/05/10,1700,6340
2006/05/11,1670,6301
2006/05/12,1591,6060
2006/05/15,1520,5700
2006/05/16,1570,5781
2006/05/17,1577,5700
2006/05/18,1540,5551
2006/05/19,1525,5435
2006/05/22,1480,5320
2006/05/23,1495,5360
2006/05/24,1480,5215
2006/05/25,1438,5211
2006/05/26,1510,5250
2006/05/29,1535,5510
2006/05/30,1520,5521
2006/05/31,1523,5410
2006/06/01,1510,5405
2006/06/02,1553,5611
2006/06/05,1555,5530
2006/06/06,1485,5450
2006/06/07,1450,5240
2006/06/08,1385,4971
2006/06/09,1420,4950
2006/06/12,1385,5000
2006/06/13,1351,4775
2006/06/14,1375,4757
2006/06/15,1465,4980
2006/06/19,1485,5100
2006/06/20,1445,5000
2006/06/21,1390,4880
2006/06/22,1364,4560
2006/06/23,1340,4320
2006/06/26,1275,4100
2006/06/27,1277,4140
2006/06/28,1290,4222
2006/06/29,1330,4450
2006/06/30,1370,4575
2006/07/03,1391,4650
2006/07/04,1410,4764
2006/07/05,1339,4599
2006/07/06,1351,4689
2006/07/07,1340,4555
2006/07/10,1385,4430
2006/07/11,1389,4400
2006/07/12,1384,4460
2006/07/13,1305,4318
2006/07/14,1315,4325
2006/07/17,1255,4168
2006/07/18,1310,4129
2006/07/19,1350,4300
2006/07/20,1310,4400
2006/07/21,1299,4355
2006/07/24,1330,4400
2006/07/25,1360,4449
2006/07/26,1370,4626
2006/07/27,1370,4519
2006/07/28,1329,4480
2006/07/31,1315,4440
2006/08/01,1269,4359
2006/08/02,1280,4278
2006/08/03,1300,4210
2006/08/04,1300,4180
2006/08/07,1300,4279
2006/08/08,1284,4350
2006/08/10,1280,4401
2006/08/11,1285,4493
2006/08/14,1300,4438
2006/08/15,1305,4438
2006/08/16,1292,4528
2006/08/17,1335,4719
2006/08/18,1339,4690
2006/08/21,1335,4589
2006/08/22,1330,4550
2006/08/23,1310,4444
2006/08/24,1341,4480
2006/08/25,1341,4500
2006/08/28,1310,4400
2006/08/29,1290,4470
2006/08/30,1325,4520
2006/08/31,1323,4500
2006/09/01,1275,4285
2006/09/04,1295,4180
2006/09/05,1305,4230
2006/09/06,1319,4260
2006/09/07,1261,4240
2006/09/08,1282,4255
2006/09/11,1230,4100
2006/09/12,1255,4189
2006/09/13,1255,4250
2006/09/14,1251,4240
2006/09/15,1315,4161
2006/09/18,1302,4254
2006/09/19,1330,4340
2006/09/20,1340,4425
2006/09/21,1364,4530
2006/09/22,1355,4490
2006/09/26,1372,4498
2006/09/27,1378,4590
2006/09/28,1373,4601
2006/09/29,1370,4600
2006/10/02,1375,4525
2006/10/03,1370,4550
2006/10/04,1397,4630
2006/10/05,1400,4600
2006/10/06,1405,4585
2006/10/09,1430,4579
2006/10/10,1415,4488
2006/10/11,1405,4568
2006/10/12,1431,4480
2006/10/13,1445,4519
2006/10/16,1479,4750
2006/10/17,1500,5000
2006/10/18,1528,5095
2006/10/19,1493,5001
2006/10/20,1490,5050
2006/10/23,1501,5030
2006/10/24,1570,4975
2006/10/25,1545,5068
2006/10/26,1545,5210
2006/10/27,1560,5246
2006/10/30,1575,5325
2006/10/31,1580,5300
2006/11/01,1600,5300
2006/11/02,1613,5325
2006/11/03,1592,5350
2006/11/06,1585,5449
2006/11/07,1587,5360
2006/11/08,1590,5484
2006/11/09,1573,5500
2006/11/10,1570,5501
2006/11/13,1555,5475
2006/11/14,1590,5550
2006/11/15,1590,5520
2006/11/16,1590,5500
2006/11/17,1599,5535
2006/11/20,1600,5650
2006/11/21,1615,5725
2006/11/22,1670,5900
2006/11/23,1729,5969
2006/11/24,1720,5840
2006/11/27,1715,5800
2006/11/28,1670,5700
2006/11/29,1670,5700
2006/11/30,1665,5650
2006/12/01,1665,5620
2006/12/04,1671,5650
2006/12/05,1680,5670
2006/12/06,1699,5700
2006/12/07,1689,5720
2006/12/08,1680,5650
2006/12/11,1674,5536
2006/12/12,1665,5490
2006/12/13,1656,5480
2006/12/14,1709,5561
2006/12/15,1701,5650
2006/12/18,1729,5700
2006/12/19,1719,5651
2006/12/20,1735,5660
2006/12/21,1795,5730
2006/12/22,1790,5720
2006/12/27,1800,5800
2006/12/28,1805,5825
2006/12/29,1800,5740
2007/01/02,1793,5785
2007/01/03,1770,5739
2007/01/04,1759,5749
2007/01/05,1760,5691
2007/01/09,1800,5810
2007/01/10,1800,5871
2007/01/11,1805,5995
2007/01/12,1825,6185
2007/01/15,1883,6300
2007/01/16,1930,6342
2007/01/17,2015,6350
2007/01/18,2050,6449
2007/01/19,2015,6501
2007/01/22,2024,6331
2007/01/23,1990,6230
2007/01/24,1990,6350
2007/01/25,1985,6299
2007/01/26,1990,6306
2007/01/29,1990,6324
2007/01/30,1994,6300
2007/01/31,2010,6250
2007/02/01,2020,6300
2007/02/02,2015,6150
2007/02/05,2006,6130
2007/02/06,2010,6245
2007/02/07,2000,6240
2007/02/08,1994,6350
2007/02/09,2000,6500
2007/02/12,2037,6593
2007/02/13,2051,6700
2007/02/14,2065,6734
2007/02/15,2030,6764
2007/02/16,2099,6730
2007/02/19,2035,6808
2007/02/20,2018,6790
2007/02/21,2048,6625
2007/02/22,2050,6810
2007/02/23,2075,6804
2007/02/26,2059,6730
2007/02/27,2031,6569
2007/02/28,2036,6512
2007/03/01,1980,6230
2007/03/02,2035,6345
2007/03/05,1955,6095
2007/03/06,1931,6235
2007/03/07,1973,6350
2007/03/08,1940,6410
2007/03/09,1960,6580
2007/03/12,2017,6650
2007/03/13,1995,6651
2007/03/14,1977,6476
2007/03/15,2000,6450
2007/03/16,1940,6450
2007/03/19,2040,6490
2007/03/20,2063,6616
2007/03/22,2050,6980
2007/03/23,2060,7000
2007/03/26,2100,6900
2007/03/27,2130,6825
2007/03/28,2077,6825
2007/03/29,2149,6901
2007/03/30,2190,6910
2007/04/02,2190,6901
2007/04/03,2221,6900
2007/04/04,2155,7020
2007/04/05,2135,7036
2007/04/10,2176,7100
2007/04/11,2175,7070
2007/04/12,2174,7040
2007/04/13,2200,7100
2007/04/16,2219,7251
2007/04/17,2205,7320
2007/04/18,2224,7219
2007/04/19,2190,7095
2007/04/20,2205,7150
2007/04/23,2235,7200
2007/04/24,2280,7230
2007/04/25,2360,7200
2007/04/26,2360,7400
2007/04/30,2388,7400
2007/05/02,2409,7510
2007/05/03,2420,7600
2007/05/04,2470,7635
2007/05/07,2480,7655
2007/05/08,2433,7650
2007/05/09,2430,7685
2007/05/10,2415,7595
2007/05/11,2410,7520
2007/05/14,2336,7431
2007/05/15,2340,7250
2007/05/16,2310,7185
2007/05/17,2320,7160
2007/05/18,2318,7241
2007/05/21,2300,7175
2007/05/22,2305,7211
2007/05/23,2350,7350
2007/05/24,2350,7320
2007/05/25,2330,7230
2007/05/28,2330,7230
2007/05/29,2310,7135
2007/05/30,2265,7080
2007/05/31,2223,7063
2007/06/01,2230,7080
2007/06/04,2151,6950
2007/06/05,2135,6850
2007/06/06,2071,6800
2007/06/07,2105,6800
2007/06/08,2100,6750
2007/06/11,2120,6750
2007/06/12,2115,6700
2007/06/13,2095,6605
2007/06/14,2139,6650
2007/06/15,2060,6460
2007/06/18,2120,6475
2007/06/19,2103,6480
2007/06/20,2155,6420
2007/06/21,2140,6349
2007/06/22,2129,6211
2007/06/25,2100,6135
2007/06/26,2066,6000
2007/06/27,2046,5989
2007/06/28,2077,6092
2007/06/29,2140,6101
2007/07/02,2120,6170
2007/07/03,2200,6240
2007/07/04,2211,6300
2007/07/05,2211,6290
2007/07/06,2228,6370
2007/07/09,2316,6338
2007/07/10,2310,6228
2007/07/11,2270,6100
2007/07/12,2250,6080
2007/07/13,2245,6050
2007/07/16,2240,6055
2007/07/17,2219,6025
2007/07/18,2198,6051
2007/07/19,2180,6135
2007/07/20,2205,6050
2007/07/23,2220,6115
2007/07/24,2177,6094
2007/07/25,2093,6080
2007/07/26,2005,6000
2007/07/27,1969,5930
2007/07/30,2000,5863
2007/07/31,1959,6050
2007/08/01,1920,5906
2007/08/02,1951,5915
2007/08/03,1950,5910
2007/08/06,1875,5751
2007/08/07,1930,5875
2007/08/08,1965,6005
2007/08/10,1905,5975
2007/08/13,1925,6100
2007/08/14,1940,6069
2007/08/15,1899,5978
2007/08/16,1850,5701
2007/08/17,1928,5660
2007/08/20,1868,5937
2007/08/21,1910,5830
2007/08/22,1960,5980
2007/08/23,1970,5856
2007/08/24,1965,5829
2007/08/27,1919,5865
2007/08/28,1945,5840
2007/08/29,1923,5730
2007/08/30,1915,5780
2007/08/31,1970,5795
2007/09/03,1935,5820
2007/09/04,1929,5740
2007/09/05,1876,5591
2007/09/06,1870,5340
2007/09/07,1861,5279
2007/09/10,1800,5340
2007/09/11,1840,5460
2007/09/12,1850,5500
2007/09/13,1834,5475
2007/09/14,1818,5365
2007/09/17,1775,5300
2007/09/18,1784,5345
2007/09/19,1810,5450
2007/09/20,1771,5355
2007/09/21,1750,5260
2007/09/25,1750,5210
2007/09/26,1760,5180
2007/09/27,1790,5240
2007/09/28,1810,5200
2007/10/01,1790,5200
2007/10/02,1840,5200
2007/10/03,1910,5390
2007/10/04,1919,5430
2007/10/05,1978,5535
2007/10/08,1995,5550
2007/10/09,1970,5520
2007/10/10,1941,5612
2007/10/11,1940,5560
2007/10/12,1940,5295
2007/10/15,1945,5100
2007/10/16,1924,5100
2007/10/17,1920,5300
2007/10/18,1909,5180
2007/10/19,1885,5130
2007/10/22,1844,5100
2007/10/23,1853,5240
2007/10/24,1824,5150
2007/10/25,1870,5118
2007/10/26,1897,5288
2007/10/29,1910,5350
2007/10/30,1914,5380
2007/10/31,1885,5305
2007/11/01,1869,5300
2007/11/02,1889,5200
2007/11/05,1880,5300
2007/11/06,1900,5375
2007/11/07,1899,5305
2007/11/08,1870,5295
2007/11/09,1870,5290
2007/11/12,1849,5245
2007/11/13,1838,5260
2007/11/14,1850,5245
2007/11/15,1850,5159
2007/11/16,1800,5190
2007/11/19,1790,5075
2007/11/20,1794,5050
2007/11/21,1770,4950
2007/11/22,1710,4881
2007/11/23,1691,4788
2007/11/26,1640,4756
2007/11/27,1648,4800
2007/11/28,1640,4801
2007/11/29,1589,4895
2007/11/30,1549,4830
2007/12/03,1536,4800
2007/12/04,1500,4630
2007/12/05,1500,4760
2007/12/06,1500,4850
2007/12/07,1495,4712
2007/12/10,1488,4600
2007/12/11,1495,4755
2007/12/12,1495,4737
2007/12/13,1495,4690
2007/12/14,1625,4612
2007/12/18,1571,4560
2007/12/19,1520,4475
2007/12/20,1536,4436
2007/12/21,1640,4600
2007/12/24,1604,4620
2007/12/27,1595,4811
2007/12/28,1585,4774
2007/12/31,1600,4830
2008/01/02,1604,4750
2008/01/03,1570,4700
2008/01/04,1590,4641
2008/01/07,1550,4625
2008/01/08,1521,4699
2008/01/09,1505,4581
2008/01/10,1510,4601
2008/01/11,1505,4410
2008/01/14,1480,4455
2008/01/15,1449,4549
2008/01/16,1444,4307
2008/01/17,1420,4220
2008/01/18,1400,4100
2008/01/21,1375,3980
2008/01/22,1385,4379
2008/01/23,1320,4300
2008/01/24,1395,4301
2008/01/25,1330,4245
2008/01/28,1275,4170
2008/01/29,1270,4215
2008/01/30,1220,4011
2008/01/31,1175,3950
2008/02/01,1220,3875
2008/02/04,1314,3930
2008/02/05,1270,3799
2008/02/06,1290,3925
2008/02/07,1260,3700
2008/02/08,1295,3700
2008/02/11,1310,3671
2008/02/12,1325,3820
2008/02/13,1360,3950
2008/02/14,1420,3975
2008/02/15,1370,3880
2008/02/18,1330,3999
2008/02/19,1330,4101
2008/02/20,1300,4095
2008/02/21,1215,4088
2008/02/22,1185,4100
2008/02/25,1195,4200
2008/02/26,1280,4321
2008/02/27,1260,4275
2008/02/28,1260,4310
2008/02/29,1242,4187
2008/03/03,1260,4000
2008/03/04,1260,4050
2008/03/05,1230,3901
2008/03/06,1210,3800
2008/03/07,1222,3844
2008/03/10,1200,3849
2008/03/11,1220,3900
2008/03/12,1230,3840
2008/03/13,1210,3840
2008/03/14,1225,3800
2008/03/17,1203,3650
2008/03/18,1230,3695
2008/03/19,1200,3700
2008/03/20,1212,3651
2008/03/25,1230,3825
2008/03/26,1230,3850
2008/03/27,1215,3900
2008/03/28,1210,3890
2008/03/31,1211,3851
2008/04/01,1229,3925
2008/04/02,1204,4000
2008/04/03,1217,3990
2008/04/04,1220,3980
2008/04/07,1235,4060
2008/04/08,1245,4060
2008/04/09,1240,4060
2008/04/10,1195,3899
2008/04/11,1192,3860
2008/04/14,1166,3730
2008/04/15,1183,3670
2008/04/16,1220,3690
2008/04/17,1240,3653
2008/04/18,1240,3656
2008/04/21,1231,3690
2008/04/22,1227,3662
2008/04/23,1197,3631
2008/04/24,1170,3580
2008/04/25,1174,3600
2008/04/29,1192,3583
2008/04/30,1195,3605
2008/05/05,1185,3681
2008/05/06,1200,3725
2008/05/07,1188,3665
2008/05/08,1150,3626
2008/05/09,1165,3581
2008/05/12,1184,3565
2008/05/13,1180,3550
2008/05/14,1180,3625
2008/05/15,1180,3600
2008/05/16,1200,3600
2008/05/19,1186,3700
2008/05/20,1169,3718
2008/05/21,1160,3645
2008/05/22,1165,3562
2008/05/23,1167,3562
2008/05/26,1170,3545
2008/05/27,1187,3550
2008/05/28,1191,3590
2008/05/29,1123,3382
2008/05/30,1130,3399
2008/06/02,1115,3270
2008/06/03,1130,3220
2008/06/04,1123,3132
2008/06/05,1140,3275
2008/06/06,1120,3300
2008/06/09,1099,3275
2008/06/10,1100,3175
2008/06/11,1090,3131
2008/06/12,1080,3171
2008/06/13,1080,3125
2008/06/17,1070,3125
2008/06/18,1065,3130
2008/06/19,1035,3100
2008/06/20,1014,3079
2008/06/23,1012,3000
2008/06/24,1000,2901
2008/06/25,1015,2900
2008/06/26,990,2948
2008/06/27,990,2920
2008/06/30,1020,2955
2008/07/01,999,2968
2008/07/02,999,3050
2008/07/03,950,2950
2008/07/04,951,2980
2008/07/07,947,2760
2008/07/08,970,2715
2008/07/09,969,2850
2008/07/10,995,2930
2008/07/11,985,2870
2008/07/14,975,2900
2008/07/15,940,2875
2008/07/16,970,3080
2008/07/17,990,3270
2008/07/18,1040,3450
2008/07/21,1032,3252
2008/07/22,1060,3382
2008/07/23,1090,3530
2008/07/24,1100,3549
2008/07/25,1090,3476
2008/07/28,1109,3500
2008/07/29,1150,3550
2008/07/30,1170,3681
2008/07/31,1178,3695
2008/08/01,1130,3525
2008/08/04,1155,3580
2008/08/05,1105,3500
2008/08/06,1130,3602
2008/08/07,1141,3665
2008/08/08,1170,3756
2008/08/11,1239,3955
2008/08/12,1228,4185
2008/08/13,1195,4080
2008/08/14,1220,4149
2008/08/15,1215,4210
2008/08/18,1215,4170
2008/08/19,1185,4141
2008/08/20,1165,3980
2008/08/21,1175,4000
2008/08/22,1191,3970
2008/08/25,1130,4020
2008/08/26,1183,4025
2008/08/27,1190,4100
2008/08/28,1230,4245
2008/08/29,1257,4250
2008/09/01,1224,4240
2008/09/02,1230,4240
2008/09/03,1240,4155
2008/09/04,1260,4130
2008/09/05,1270,4090
2008/09/08,1260,4214
2008/09/09,1255,4220
2008/09/10,1265,4260
2008/09/11,1235,4151
2008/09/12,1235,4110
2008/09/15,1250,4100
2008/09/16,1220,4030
2008/09/17,1236,3983
2008/09/18,1210,4001
2008/09/19,1239,3975
2008/09/22,1242,4205
2008/09/23,1200,3960
2008/09/25,1190,3890
2008/09/26,1180,3875
2008/09/29,1150,3800
2008/09/30,1170,3950
2008/10/01,1148,4035
2008/10/02,1180,4000
2008/10/03,1185,4080
2008/10/06,1129,3900
2008/10/07,1120,4039
2008/10/08,1048,3910
2008/10/09,1070,4003
2008/10/10,1020,3860
2008/10/13,1086,3960
2008/10/14,1099,4090
2008/10/15,1080,4030
2008/10/16,1020,3740
2008/10/17,1010,3501
2008/10/20,1040,3626
2008/10/21,1006,3475
2008/10/22,982,3230
2008/10/23,968,3205
2008/10/24,929,3071
2008/10/27,984,3150
2008/10/28,987,3200
2008/10/29,1020,3360
2008/10/30,1095,3740
2008/10/31,1130,4000
2008/11/03,1130,4000
2008/11/04,1195,4050
2008/11/05,1175,3960
2008/11/06,1160,3965
2008/11/07,1136,3910
2008/11/10,1157,3960
2008/11/11,1156,3964
2008/11/12,1143,4000
2008/11/13,1150,4030
2008/11/14,1155,4030
2008/11/17,1136,3954
2008/11/18,1140,3862
2008/11/19,1110,3900
2008/11/20,1119,3970
2008/11/21,1080,4100
2008/11/24,1160,4300
2008/11/25,1225,4500
2008/11/26,1210,4400
2008/11/27,1217,4351
2008/11/28,1225,4285
2008/12/01,1243,4501
2008/12/02,1230,4455
2008/12/03,1200,4415
2008/12/04,1210,4510
2008/12/05,1230,4580
2008/12/08,1175,4500
2008/12/09,1186,4650
2008/12/10,1210,4650
2008/12/11,1220,4600
2008/12/12,1210,4500
2008/12/15,1227,4600
2008/12/17,1260,4900
2008/12/18,1250,4900
2008/12/19,1260,4775
2008/12/22,1270,4650
2008/12/23,1265,4727
2008/12/24,1262,4621
2008/12/29,1250,4625
2008/12/30,1251,4800
2008/12/31,1271,4800
2009/01/02,1305,4925
2009/01/05,1320,4950
2009/01/06,1345,5050
2009/01/07,1330,5100
2009/01/08,1308,4980
2009/01/09,1300,4980
2009/01/12,1325,5050
2009/01/13,1315,4912
2009/01/14,1320,4917
2009/01/15,1260,4750
2009/01/16,1235,4745
2009/01/19,1250,4800
2009/01/20,1279,4850
2009/01/21,1295,4700
2009/01/22,1270,4550
2009/01/23,1254,4575
2009/01/26,1299,4620
2009/01/27,1310,4625
2009/01/28,1330,4700
2009/01/29,1340,4515
2009/01/30,1345,4580
2009/02/02,1291,4639
2009/02/03,1330,4600
2009/02/04,1310,4619
2009/02/05,1325,4595
2009/02/06,1355,4700
2009/02/09,1370,4715
2009/02/10,1380,4846
2009/02/11,1340,4804
2009/02/12,1326,4734
2009/02/13,1325,4725
2009/02/16,1285,4676
2009/02/17,1260,4625
2009/02/18,1270,4600
2009/02/19,1280,4540
2009/02/20,1198,4350
2009/02/23,1230,4299
2009/02/24,1182,4249
2009/02/25,1220,4250
2009/02/26,1240,4350
2009/02/27,1190,4148
2009/03/02,1200,4050
2009/03/03,1170,3945
2009/03/04,1177,3945
2009/03/05,1120,3785
2009/03/06,1098,3690
2009/03/09,1005,3512
2009/03/10,1040,3662
2009/03/11,1025,3795
2009/03/12,1045,3750
2009/03/13,1100,3949
2009/03/16,1110,3975
2009/03/17,1070,3858
2009/03/18,1121,4000
2009/03/19,1170,4320
2009/03/20,1153,4151
2009/03/23,1160,4250
2009/03/24,1170,4228
2009/03/25,1220,4400
2009/03/26,1199,4499
2009/03/27,1180,4485
2009/03/30,1146,4300
2009/03/31,1140,4394
2009/04/01,1200,4575
2009/04/02,1220,4750
2009/04/03,1217,4500
2009/04/06,1226,4606
2009/04/07,1190,4635
2009/04/08,1150,4645
2009/04/09,1200,4636
2009/04/14,1212,4690
2009/04/15,1180,4600
2009/04/16,1228,4700
2009/04/17,1250,4700
2009/04/20,1200,4638
2009/04/21,1170,4515
2009/04/23,1210,4670
2009/04/24,1225,4675
2009/04/28,1200,4666
2009/04/29,1188,4690
2009/04/30,1200,4513
2009/05/04,1235,4780
2009/05/05,1264,4785
2009/05/06,1250,4810
2009/05/07,1250,4850
2009/05/08,1260,4750
2009/05/11,1250,4815
2009/05/12,1218,4730
2009/05/13,1180,4580
2009/05/14,1189,4510
2009/05/15,1200,4600
2009/05/18,1210,4610
2009/05/19,1240,4685
2009/05/20,1250,4700
2009/05/21,1208,4585
2009/05/22,1210,4625
2009/05/25,1230,4640
2009/05/26,1220,4600
2009/05/27,1235,4620
2009/05/28,1237,4670
2009/05/29,1250,4700
2009/06/01,1289,4990
2009/06/02,1270,5100
2009/06/03,1259,4944
2009/06/04,1267,4900
2009/06/05,1250,4990
2009/06/08,1233,4881
2009/06/09,1223,4850
2009/06/10,1208,4850
2009/06/11,1208,4850
2009/06/12,1243,4831
2009/06/15,1235,4820
2009/06/17,1215,4750
2009/06/18,1225,4790
2009/06/19,1225,4900
2009/06/22,1225,4820
2009/06/23,1235,4750
2009/06/24,1225,5102
2009/06/25,1250,4985
2009/06/26,1264,5005
2009/06/29,1278,5040
2009/06/30,1295,5025
2009/07/01,1325,5038
2009/07/02,1318,5050
2009/07/03,1320,5080
2009/07/06,1285,4895
2009/07/07,1295,4938
2009/07/08,1352,5000
2009/07/09,1371,5017
2009/07/10,1359,5000
2009/07/13,1372,5070
2009/07/14,1425,5165
2009/07/15,1436,5349
2009/07/16,1460,5220
2009/07/17,1410,5220
2009/07/20,1426,5399
2009/07/21,1430,5400
2009/07/22,1421,5500
2009/07/23,1435,5661
2009/07/24,1467,5780
2009/07/27,1495,5895
2009/07/28,1495,5725
2009/07/29,1495,5706
2009/07/30,1502,5771
2009/07/31,1557,5880
2009/08/03,1565,6050
2009/08/04,1530,5925
2009/08/05,1540,5945
2009/08/06,1525,5800
2009/08/07,1502,5750
2009/08/11,1427,5600
2009/08/12,1456,5461
2009/08/13,1469,5500
2009/08/14,1480,5574
2009/08/17,1465,5320
2009/08/18,1462,5480
2009/08/19,1470,5440
2009/08/20,1475,5700
2009/08/21,1490,5840
2009/08/24,1535,5966
2009/08/25,1515,5950
2009/08/26,1525,5890
2009/08/27,1509,5910
2009/08/28,1545,6000
2009/08/31,1575,6099
2009/09/01,1590,6100
2009/09/02,1530,6000
2009/09/03,1522,5873
2009/09/04,1523,5855
2009/09/07,1533,5820
2009/09/08,1560,5840
2009/09/09,1550,5900
2009/09/10,1566,6050
2009/09/11,1619,6250
2009/09/14,1595,6050
2009/09/15,1586,6165
2009/09/16,1585,6180
2009/09/17,1650,6303
2009/09/18,1596,6464
2009/09/21,1639,6495
2009/09/22,1625,6391
2009/09/23,1605,6350
2009/09/25,1625,6298
2009/09/28,1613,6300
2009/09/29,1607,6290
2009/09/30,1615,6200
2009/10/01,1637,6200
2009/10/02,1600,6070
2009/10/05,1605,6070
2009/10/06,1630,6085
2009/10/07,1644,6070
2009/10/08,1684,6240
2009/10/09,1685,6289
2009/10/12,1710,6400
2009/10/13,1710,6345
2009/10/14,1689,6395
2009/10/15,1700,6300
2009/10/16,1660,6331
2009/10/19,1705,6443
2009/10/20,1712,6235
2009/10/21,1760,6260
2009/10/22,1714,6290
2009/10/23,1729,6351
2009/10/26,1760,6393
2009/10/27,1750,6245
2009/10/28,1735,6240
2009/10/29,1750,6240
2009/10/30,1749,6218
2009/11/02,1684,6025
2009/11/03,1669,5889
2009/11/04,1668,5869
2009/11/05,1621,5658
2009/11/06,1640,5730
2009/11/09,1650,5837
2009/11/10,1690,5898
2009/11/11,1720,6022
2009/11/12,1705,5859
2009/11/13,1711,5830
2009/11/16,1751,5881
2009/11/17,1732,5848
2009/11/18,1750,5680
2009/11/19,1712,5620
2009/11/20,1700,5690
2009/11/23,1744,5775
2009/11/24,1761,5810
2009/11/25,1729,5710
2009/11/26,1695,5577
2009/11/27,1680,5639
2009/11/30,1665,5680
2009/12/01,1700,5800
2009/12/02,1670,5710
2009/12/03,1693,5650
2009/12/04,1670,5680
2009/12/07,1660,5690
2009/12/08,1665,5600
2009/12/09,1642,5570
2009/12/10,1651,5510
2009/12/11,1695,5600
2009/12/14,1698,5775
2009/12/15,1700,5808
2009/12/17,1715,5747
2009/12/18,1699,5725
2009/12/21,1697,5750
2009/12/22,1730,5925
2009/12/23,1747,5885
2009/12/24,1731,5900
2009/12/28,1775,5999
2009/12/29,1769,6000
2009/12/30,1770,5950
2009/12/31,1785,6049
2010/01/04,1790,5960
2010/01/05,1810,5912
2010/01/06,1810,5965
2010/01/07,1805,5840
2010/01/08,1790,5827
2010/01/11,1805,5765
2010/01/12,1780,5650
2010/01/13,1777,5675
2010/01/14,1778,5742
2010/01/15,1775,5650
2010/01/18,1780,5584
2010/01/19,1770,5572
2010/01/20,1760,5400
2010/01/21,1760,5451
2010/01/22,1749,5400
2010/01/25,1749,5539
2010/01/26,1772,5472
2010/01/27,1780,5501
2010/01/28,1825,5560
2010/01/29,1828,5617
2010/02/01,1820,5550
2010/02/02,1822,5637
2010/02/03,1880,5715
2010/02/04,1924,5850
2010/02/05,1885,5750
2010/02/08,1913,5730
2010/02/09,1945,5750
2010/02/10,1971,5870
2010/02/11,1968,5911
2010/02/12,1955,5825
2010/02/15,1983,5825
2010/02/16,1967,5760
2010/02/17,1982,5810
2010/02/18,1970,5849
2010/02/19,1964,5922
2010/02/22,2050,5950
2010/02/23,2038,5941
2010/02/24,2045,6131
2010/02/25,2039,6050
2010/02/26,2061,6050
2010/03/01,2120,6250
2010/03/02,2100,6200
2010/03/03,2200,6260
2010/03/04,2200,6270
2010/03/05,2150,6260
2010/03/08,2196,6320
2010/03/09,2185,6350
2010/03/10,2229,6500
2010/03/11,2200,6510
2010/03/12,2216,6500
2010/03/15,2250,6545
2010/03/16,2270,6731
2010/03/17,2325,6801
2010/03/18,2390,6989
2010/03/19,2270,6720
2010/03/23,2258,6660
2010/03/24,2240,6718
2010/03/25,2300,7000
2010/03/26,2276,6951
2010/03/29,2285,6781
2010/03/30,2233,6725
2010/03/31,2253,6700
2010/04/01,2260,6875
2010/04/06,2350,7030
2010/04/07,2330,7038
2010/04/08,2240,6850
2010/04/09,2279,6903
2010/04/12,2304,7000
2010/04/13,2322,6989
2010/04/14,2345,7028
2010/04/15,2350,7050
2010/04/16,2280,6900
2010/04/19,2291,6819
2010/04/20,2371,6980
2010/04/21,2395,6925
2010/04/22,2350,6820
2010/04/23,2350,6920
2010/04/26,2347,7000
2010/04/28,2330,6850
2010/04/29,2330,6850
2010/04/30,2345,6850
2010/05/03,2363,6935
2010/05/04,2340,6923
2010/05/05,2286,6850
2010/05/06,2275,6901
2010/05/07,2187,6642
2010/05/10,2284,6999
2010/05/11,2360,7028
2010/05/12,2390,7222
2010/05/13,2350,7080
2010/05/14,2314,6940
2010/05/17,2289,6879
2010/05/18,2325,6900
2010/05/19,2300,6830
2010/05/20,2230,6609
2010/05/21,2170,6425
2010/05/24,2220,6450
2010/05/25,2180,6355
2010/05/26,2255,6460
2010/05/27,2270,6450
2010/05/28,2315,6600
2010/05/31,2315,6675
2010/06/01,2290,6498
2010/06/02,2360,6571
2010/06/03,2400,6400
2010/06/04,2361,6300
2010/06/07,2357,6180
2010/06/08,2371,6285
2010/06/09,2430,6350
2010/06/10,2466,6544
2010/06/11,2495,6503
2010/06/14,2500,6480
2010/06/15,2500,6666
2010/06/17,2590,6650
2010/06/18,2525,6730
2010/06/21,2568,6708
2010/06/22,2556,6650
2010/06/23,2552,6725
2010/06/24,2530,6649
2010/06/25,2520,6600
2010/06/28,2490,6500
2010/06/29,2429,6440
2010/06/30,2395,6484
2010/07/01,2407,6465
2010/07/02,2422,6477
2010/07/05,2450,6343
2010/07/06,2431,6539
2010/07/07,2447,6534
2010/07/08,2480,6700
2010/07/09,2470,6680
2010/07/12,2525,6670
2010/07/13,2525,6750
2010/07/14,2500,6800
2010/07/15,2491,6861
2010/07/16,2500,6861
2010/07/19,2499,6818
2010/07/20,2490,6840
2010/07/21,2485,6858
2010/07/22,2550,7000
2010/07/23,2535,7070
2010/07/26,2570,7094
2010/07/27,2535,7025
2010/07/28,2551,7011
2010/07/29,2594,7180
2010/07/30,2599,7100
2010/08/02,2620,7139
2010/08/03,2563,6960
2010/08/04,2499,6819
2010/08/05,2470,6792
2010/08/06,2455,6810
2010/08/10,2470,6820
2010/08/11,2445,6704
2010/08/12,2440,6719
2010/08/13,2445,6830
2010/08/16,2420,6710
2010/08/17,2410,6700
2010/08/18,2365,6630
2010/08/19,2377,6630
2010/08/20,2330,6595
2010/08/23,2331,6645
2010/08/24,2325,6570
2010/08/25,2344,6550
2010/08/26,2371,6664
2010/08/27,2421,6802
2010/08/30,2400,6870
2010/08/31,2460,7100
2010/09/01,2545,7145
2010/09/02,2503,7160
2010/09/03,2510,7100
2010/09/06,2493,7100
2010/09/07,2485,7056
2010/09/08,2470,7000
2010/09/09,2510,7100
2010/09/10,2574,7220
2010/09/13,2525,7306
2010/09/14,2498,7370
2010/09/15,2497,7381
2010/09/16,2455,7335
2010/09/17,2464,7200
2010/09/20,2504,7425
2010/09/21,2495,7575
2010/09/22,2497,7570
2010/09/23,2512,7555
2010/09/27,2545,7600
2010/09/28,2570,7666
2010/09/29,2641,7860
2010/09/30,2704,8299
2010/10/01,2650,7938
2010/10/04,2594,7765
2010/10/05,2620,7775
2010/10/06,2617,7699
2010/10/07,2608,7700
2010/10/08,2605,7900
2010/10/11,2600,7896
2010/10/12,2638,7950
2010/10/13,2660,8050
2010/10/14,2663,8169
2010/10/15,2640,8100
2010/10/18,2681,8160
2010/10/19,2698,8290
2010/10/20,2680,8302
2010/10/21,2699,8300
2010/10/22,2663,8280
2010/10/25,2662,8170
2010/10/26,2628,8130
2010/10/27,2667,8129
2010/10/28,2670,8294
2010/10/29,2745,8503
2010/11/01,2768,8705
2010/11/02,2805,8725
2010/11/03,2855,8750
2010/11/04,2860,8850
2010/11/05,2869,8820
2010/11/08,2820,8803
2010/11/09,2790,8780
2010/11/10,2825,8910
2010/11/11,2823,8830
2010/11/12,2856,8700
2010/11/15,2860,8939
2010/11/16,2862,8805
2010/11/17,2846,8800
2010/11/18,2800,8915
2010/11/19,2770,8939
2010/11/22,2731,8960
2010/11/23,2669,8805
2010/11/24,2644,8835
2010/11/25,2675,8905
2010/11/26,2659,8946
2010/11/29,2616,9000
2010/11/30,2642,8860
2010/12/01,2739,8950
2010/12/02,2773,8950
2010/12/03,2760,9049
2010/12/06,2781,9190
2010/12/07,2731,9000
2010/12/08,2720,8980
2010/12/09,2720,9058
2010/12/10,2705,9090
2010/12/13,2687,9261
2010/12/14,2626,9185
2010/12/15,2580,9000
2010/12/17,2565,8762
2010/12/20,2575,8755
2010/12/21,2620,8920
2010/12/22,2629,8920
2010/12/23,2650,9015
2010/12/24,2650,9000
2010/12/28,2670,9000
2010/12/29,2685,9050
2010/12/30,2668,9000
2010/12/31,2694,9000
2011/01/03,2678,8940
2011/01/04,2700,8960
2011/01/05,2685,8900
2011/01/06,2685,8889
2011/01/07,2692,8850
2011/01/10,2638,8720
2011/01/11,2634,8600
2011/01/12,2625,8650
2011/01/13,2635,8550
2011/01/14,2640,8699
2011/01/17,2635,8651
2011/01/18,2529,8457
2011/01/19,2485,8250
2011/01/20,2410,8100
2011/01/21,2436,8170
2011/01/24,2440,8201
2011/01/25,2439,8220
2011/01/26,2425,8325
2011/01/27,2431,8313
2011/01/28,2398,8225
2011/01/31,2350,7949
2011/02/01,2368,7895
2011/02/02,2400,7978
2011/02/03,2397,7980
2011/02/04,2380,7990
2011/02/07,2360,7825
2011/02/08,2336,7750
2011/02/09,2301,7854
2011/02/10,2304,7650
2011/02/11,2350,7751
2011/02/14,2405,7884
2011/02/15,2461,8050
2011/02/16,2460,8030
2011/02/17,2551,8170
2011/02/18,2560,8170
2011/02/21,2645,8238
2011/02/22,2599,7900
2011/02/23,2540,7765
2011/02/24,2500,7600
2011/02/25,2583,7840
2011/02/28,2670,7854
2011/03/01,2660,7869
2011/03/02,2660,7900
2011/03/03,2702,7985
2011/03/04,2775,8131
2011/03/07,2688,8090
2011/03/08,2640,8136
2011/03/09,2650,8014
2011/03/10,2643,7930
2011/03/11,2652,8314
2011/03/14,2675,7900
2011/03/15,2620,7825
2011/03/16,2635,7870
2011/03/17,2666,7910
2011/03/18,2651,7910
2011/03/22,2710,8039
2011/03/23,2751,8280
2011/03/24,2730,8340
2011/03/25,2767,8345
2011/03/28,2720,8350
2011/03/29,2688,8380
2011/03/30,2770,8516
2011/03/31,2795,8465
2011/04/01,2834,8785
2011/04/04,2867,8890
2011/04/05,2850,8825
2011/04/06,2830,8865
2011/04/07,2800,8902
2011/04/08,2844,8760
2011/04/11,2806,8740
2011/04/12,2760,8651
2011/04/13,2777,8505
2011/04/14,2812,8500
2011/04/15,2860,8499
2011/04/18,2827,8401
2011/04/19,2826,8483
2011/04/20,2900,8540
2011/04/21,2889,8700
2011/04/26,2922,8800
2011/04/28,2993,9050
2011/04/29,2995,9060
2011/05/03,2980,9009
2011/05/04,2900,8897
2011/05/05,2870,8835
2011/05/06,2933,8874
2011/05/09,2890,8815
2011/05/10,2928,8810
2011/05/11,2920,8864
2011/05/12,2921,8850
2011/05/13,2935,8820
2011/05/16,2920,8920
2011/05/17,2885,8756
2011/05/19,2900,8822
2011/05/20,2895,8715
2011/05/23,2852,8606
2011/05/24,2920,8749
2011/05/25,2876,8617
2011/05/26,2895,8600
2011/05/27,2935,8744
2011/05/30,2935,8700
2011/05/31,2974,8710
2011/06/01,2960,8698
2011/06/02,3005,8660
2011/06/03,2950,8632
2011/06/06,2975,8590
2011/06/07,2995,8600
2011/06/08,3005,8591
2011/06/09,2968,8596
2011/06/10,2970,8575
2011/06/13,2940,8587
2011/06/14,2950,8648
2011/06/15,2920,8469
2011/06/17,2924,8550
2011/06/20,2880,8500
2011/06/21,2921,8469
2011/06/22,2900,8499
2011/06/23,2864,8300
2011/06/24,2910,8448
2011/06/27,2912,8575
2011/06/28,2930,8700
2011/06/29,2950,8650
2011/06/30,2975,8821
2011/07/01,2989,8888
2011/07/04,3030,8680
2011/07/05,3061,8721
2011/07/06,3022,8600
2011/07/07,3040,8670
2011/07/08,3005,8525
2011/07/11,3021,8400
2011/07/12,3000,8335
2011/07/13,3100,8500
2011/07/14,3095,8420
2011/07/15,3115,8571
2011/07/18,3085,8500
2011/07/19,3171,8586
2011/07/20,3165,8584
2011/07/21,3190,8580
2011/07/22,3170,8601
2011/07/25,3159,8640
2011/07/26,3160,8626
2011/07/27,3140,8560
2011/07/28,3174,8681
2011/07/29,3156,8789
2011/08/01,3205,8770
2011/08/02,3170,8810
2011/08/03,3150,8780
2011/08/04,3070,8645
2011/08/05,3059,8550
2011/08/08,2935,8380
2011/08/10,2920,8406
2011/08/11,3000,8526
2011/08/12,3081,8744
2011/08/15,3086,8770
2011/08/16,3075,8650
2011/08/17,3115,8800
2011/08/18,3091,8750
2011/08/19,3150,8800
2011/08/22,3212,8950
2011/08/23,3160,8870
2011/08/24,3210,8970
2011/08/25,3260,8925
2011/08/26,3300,8880
2011/08/29,3419,9090
2011/08/30,3523,9290
2011/08/31,3645,9510
2011/09/01,3675,9916
2011/09/02,3670,9600
2011/09/05,3700,9500
2011/09/06,3801,9475
2011/09/07,3775,9420
2011/09/08,3860,9534
2011/09/09,3900,9478
2011/09/12,3780,9330
2011/09/13,3666,9205
2011/09/14,3770,9310
2011/09/15,3797,9434
2011/09/16,3800,9400
2011/09/19,3830,9400
2011/09/20,3880,9450
2011/09/21,3687,9278
2011/09/22,3512,8790
2011/09/23,3475,8500
2011/09/26,3516,8546
2011/09/27,3604,8750
2011/09/28,3600,8834
2011/09/29,3539,8778
2011/09/30,3500,8492
2011/10/03,3559,8540
2011/10/04,3500,8390
2011/10/05,3500,8335
2011/10/06,3590,8421
2011/10/07,3720,8682
2011/10/10,3800,8920
2011/10/11,3812,9055
2011/10/12,3898,9108
2011/10/13,3880,9090
2011/10/14,3860,9089
2011/10/17,3780,8965
2011/10/18,3799,9270
2011/10/19,3790,9436
2011/10/20,3742,9379
2011/10/21,3750,9560
2011/10/24,3820,9460
2011/10/25,3902,9748
2011/10/26,3960,9720
2011/10/27,3997,9850
2011/10/28,4125,10180
2011/10/31,4039,10014
2011/11/01,4000,10025
2011/11/02,3969,10100
2011/11/03,4035,10250
2011/11/04,3945,10200
2011/11/07,4000,10161
2011/11/08,4040,10450
2011/11/09,4011,10450
2011/11/10,4033,10300
2011/11/11,3998,10145
2011/11/14,3999,10190
2011/11/15,4050,10107
2011/11/16,4086,10072
2011/11/17,4012,10000
2011/11/18,3950,9880
2011/11/21,3812,9727
2011/11/22,3860,9765
2011/11/23,3750,9700
2011/12/02,3750,9700
2011/12/05,3750,9700
2011/12/06,3750,9700
2011/12/07,3750,9700
2011/12/08,3750,9700
2011/12/09,3750,9700
2011/12/12,3750,9700
2011/12/13,3960,10511
2011/12/14,3926,10308
2011/12/15,3872,10200
2011/12/19,3875,10400
2011/12/20,3850,10200
2011/12/21,3900,10299
2011/12/22,3900,10460
2011/12/23,3950,10500
2011/12/28,3904,10400
2011/12/29,3914,10580
2011/12/30,3900,10499
2012/01/03,3990,10667
2012/01/04,3988,10565
2012/01/05,3978,10475
2012/01/06,3994,10550
2012/01/09,4070,10662
2012/01/10,4088,10731
2012/01/11,4085,10685
2012/01/12,4080,10785
2012/01/13,4113,10844
2012/01/16,4145,11001
2012/01/17,4278,11060
2012/01/18,4290,10880
2012/01/19,4284,11190
2012/01/20,4269,11020
2012/01/23,4300,10971
2012/01/24,4220,10920
2012/01/25,4228,10880
2012/01/26,4228,10840
2012/01/27,4189,10760
2012/01/30,4160,10824
2012/01/31,4200,10864
2012/02/01,4199,10990
2012/02/02,4168,11161
2012/02/03,4206,11180
2012/02/06,4133,11160
2012/02/07,4147,11070
2012/02/08,4197,11135
2012/02/09,4187,11123
2012/02/10,4170,11050
2012/02/13,4180,11050
2012/02/14,4193,11100
2012/02/15,4250,11195
2012/02/16,4170,11299
2012/02/17,4260,11400
2012/02/20,4240,11412
2012/02/21,4269,11460
2012/02/22,4290,11707
2012/02/23,4302,11750
2012/02/24,4352,11645
2012/02/27,4350,11500
2012/02/28,4400,11540
2012/02/29,4512,11820
2012/03/01,4580,11850
2012/03/02,4580,11889
2012/03/05,4609,11800
2012/03/06,4505,11611
2012/03/07,4475,11630
2012/03/08,4509,11852
2012/03/09,4545,11985
2012/03/12,4576,12025
2012/03/13,4554,12211
2012/03/14,4616,12300
2012/03/15,4651,11900
2012/03/16,4543,11576
2012/03/19,4530,11799
2012/03/20,4580,11800
2012/03/22,4574,11792
2012/03/23,4530,11849
2012/03/26,4586,12006
2012/03/27,4743,12100
2012/03/28,4790,12215
2012/03/29,4812,12244
2012/03/30,4815,12368
2012/04/02,5040,13000
2012/04/03,4990,12925
2012/04/04,4919,12815
2012/04/05,4950,12645
2012/04/10,4931,12605
2012/04/11,4900,12440
2012/04/12,4888,12250
2012/04/13,4868,12213
2012/04/16,4884,12476
2012/04/17,4950,12479
2012/04/18,4987,12569
2012/04/19,4939,12294
2012/04/20,4914,12590
2012/04/23,4822,12465
2012/04/24,4855,12491
2012/04/25,4831,12805
2012/04/26,4889,12899
2012/04/30,4861,12878
2012/05/02,4918,12925
2012/05/03,4981,12950
2012/05/04,5058,13015
2012/05/07,5020,12996
2012/05/08,4901,12890
2012/05/09,4946,12636
2012/05/10,4970,12500
2012/05/11,4944,12550
2012/05/14,4850,12210
2012/05/15,4837,12150
2012/05/16,4968,12500
2012/05/17,4900,12260
2012/05/18,4819,12180
2012/05/21,4825,12140
2012/05/22,4875,12300
2012/05/23,4746,11930
2012/05/24,4849,11800
2012/05/25,4810,11750
2012/05/28,4848,11750
2012/05/29,4842,11810
2012/05/30,4792,11775
2012/05/31,4875,11902
2012/06/01,4857,11910
2012/06/04,4888,11912
2012/06/05,4870,12002
2012/06/06,5000,12095
2012/06/07,5090,12307
2012/06/08,4994,12438
2012/06/11,4965,12323
2012/06/12,4984,12481
2012/06/13,4960,12439
2012/06/14,4928,12562
2012/06/15,4890,12765
2012/06/18,4992,12850
2012/06/19,5059,13090
2012/06/20,5200,13360
2012/06/21,5140,13100
2012/06/22,5039,12750
2012/06/25,5079,12650
2012/06/26,5071,12784
2012/06/27,5127,12818
2012/06/28,5062,12659
2012/06/29,5024,12801
2012/07/02,4994,12720
2012/07/03,5085,12886
2012/07/04,5222,13070
2012/07/05,5260,13551
2012/07/06,5315,13851
2012/07/09,5220,13600
2012/07/10,5269,13600
2012/07/11,5216,13575
2012/07/12,5081,13380
2012/07/13,5222,13210
2012/07/16,5292,13400
2012/07/17,5255,13700
2012/07/18,5099,13553
2012/07/19,5159,14010
2012/07/20,5206,14128
2012/07/23,5156,13896
2012/07/24,5110,13785
2012/07/25,5180,14050
2012/07/26,5194,13837
2012/07/27,5300,14050
2012/07/30,5405,14368
2012/07/31,5380,14250
2012/08/01,5350,13966
2012/08/02,5399,13975
2012/08/03,5465,14250
2012/08/06,5525,14550
2012/08/07,5519,14415
2012/08/08,5507,14110
2012/08/10,5638,14163
2012/08/13,5586,13990
2012/08/14,5650,14125
2012/08/15,5621,14250
2012/08/16,5650,14249
2012/08/17,5466,13400
2012/08/20,5572,13350
2012/08/21,5624,13658
2012/08/22,5557,13600
2012/08/23,5667,13735
2012/08/24,5945,13799
2012/08/27,5905,13929
2012/08/28,6035,14011
2012/08/29,6075,13989
2012/08/30,6030,13575
2012/08/31,6000,13500
2012/09/03,6069,13594
2012/09/04,6140,13489
2012/09/05,5943,13025
2012/09/06,6051,13260
2012/09/07,5873,12950
2012/09/10,5610,12704
2012/09/11,5739,12730
2012/09/12,5780,12450
2012/09/13,5919,12400
2012/09/14,5791,12176
2012/09/17,5810,12380
2012/09/18,5975,12399
2012/09/19,5900,12436
2012/09/20,5900,12710
2012/09/21,5977,12794
2012/09/25,5923,12906
2012/09/26,5946,12850
2012/09/27,6002,12780
2012/09/28,6079,12651
2012/10/01,6080,12578
2012/10/02,6201,12720
2012/10/03,6365,12870
2012/10/04,6250,12550
2012/10/05,6098,12190
2012/10/08,5750,11680
2012/10/09,5920,11867
2012/10/10,6100,11664
2012/10/11,6330,12135
2012/10/12,6395,12250
2012/10/15,6440,12450
2012/10/16,6690,12850
2012/10/17,6619,13055
2012/10/18,6608,12920
2012/10/19,6539,12901
2012/10/22,6684,12907
2012/10/23,6601,12811
2012/10/24,6570,12595
2012/10/25,6445,12551
2012/10/26,6411,12339
2012/10/29,6488,12397
2012/10/30,6600,12490
2012/10/31,6540,12589
2012/11/01,6660,12450
2012/11/02,6720,12325
2012/11/05,6775,12190
2012/11/06,6899,12380
2012/11/07,6860,12701
2012/11/08,7000,13178
2012/11/09,7065,13550
2012/11/12,7150,13151
2012/11/13,7225,13151
2012/11/14,6980,13050
2012/11/15,6975,13300
2012/11/16,6850,13100
2012/11/19,6906,13290
2012/11/21,6834,13300
2012/11/22,6832,13115
2012/11/23,6954,13000
2012/11/24,6954,13000
2012/11/25,6954,13000
2012/11/26,6961,12950
2012/11/27,6990,12900
2012/11/28,6820,12770
2012/11/29,7025,12801
2012/11/30,7089,12800
2012/12/03,7085,12944
2012/12/04,7100,13260
2012/12/05,7190,13489
2012/12/06,7200,13849
2012/12/07,7280,13810
2012/12/10,7240,13707
2012/12/11,7163,13427
2012/12/12,7202,13640
2012/12/13,7196,13696
2012/12/14,7167,13714
2012/12/18,7000,13824
2012/12/19,7000,13933
2012/12/20,7122,14000
2012/12/21,7020,14100
2012/12/24,7051,14125
2012/12/27,7200,14300
2012/12/28,7126,14103
2012/12/31,7100,14075
2013/01/02,7015,14100
2013/01/03,7080,14341
2013/01/04,7224,14512
2013/01/07,7122,14226
2013/01/08,7186,14177
2013/01/09,7175,14363
2013/01/10,7183,14269
2013/01/11,6998,13820
2013/01/14,6635,13123
2013/01/15,6349,12440
2013/01/16,6390,12255
2013/01/17,6387,12000
2013/01/18,6418,12233
2013/01/21,6496,12524
2013/01/22,6379,12500
2013/01/23,6434,12499
2013/01/24,6440,12350
2013/01/25,6589,12383
2013/01/28,6490,12300
2013/01/29,6490,12202
2013/01/30,6244,11700
2013/01/31,6360,11711
2013/02/01,6468,11702
2013/02/04,6490,11480
2013/02/05,6580,11535
2013/02/06,6575,11650
2013/02/07,6700,12014
2013/02/08,6722,12150
2013/02/11,6770,12081
2013/02/12,6720,11840
2013/02/13,6715,11813
2013/02/14,6540,11830
2013/02/15,6656,11824
2013/02/18,6700,11785
2013/02/19,6615,11699
2013/02/20,6619,11460
2013/02/21,6600,11392
2013/02/22,6640,11442
2013/02/25,6880,11351
2013/02/26,6916,11225
2013/02/27,6700,11042
2013/02/28,6464,10705
2013/03/01,6655,10680
2013/03/04,6600,10420
2013/03/05,6850,10785
2013/03/06,6920,10750
2013/03/07,7008,10650
2013/03/08,7154,11149
2013/03/11,7200,11300
2013/03/12,7145,11100
2013/03/13,6995,10545
2013/03/14,7019,10650
2013/03/15,6900,11100
2013/03/18,6868,11100
2013/03/19,7020,11170
2013/03/20,7106,11498
2013/03/22,6990,11400
2013/03/25,7057,11498
2013/03/26,7084,11499
2013/03/27,7030,11135
2013/03/28,7060,11280
2013/04/02,7179,11500
2013/04/03,7030,11450
2013/04/04,6875,11070
2013/04/05,6646,11000
2013/04/08,6679,11000
2013/04/09,6692,10995
2013/04/10,6946,11299
2013/04/11,6959,11165
2013/04/12,6925,11183
2013/04/15,6869,10851
2013/04/16,6961,11065
2013/04/17,6850,11090
2013/04/18,6894,10900
2013/04/19,7017,11300
2013/04/22,6850,11180
2013/04/23,6951,11150
2013/04/24,6875,11040
2013/04/25,6959,11272
2013/04/26,7015,11400
2013/04/29,7077,11370
2013/04/30,6994,11500
2013/05/02,7310,11626
2013/05/03,7454,11076
2013/05/06,7465,10925
2013/05/07,7445,10939
2013/05/08,7600,10910
2013/05/09,7500,10900
2013/05/10,7418,10865
2013/05/13,7569,11100
2013/05/14,7748,11050
2013/05/15,8025,10970
2013/05/16,8005,11170
2013/05/17,7931,10900
2013/05/20,7607,10415
2013/05/21,7704,10270
2013/05/22,7708,11050
2013/05/23,7724,11000
2013/05/24,7745,10801
2013/05/27,7645,10785
2013/05/28,7744,11000
2013/05/29,7542,10810
2013/05/30,7542,11100
2013/05/31,7257,10575
2013/06/03,7174,10300
2013/06/04,7250,10399
2013/06/05,7030,10215
2013/06/06,6711,9950
2013/06/07,6828,10025
2013/06/10,6725,9990
2013/06/11,6335,9770
2013/06/12,6166,9651
2013/06/13,6349,9660
2013/06/14,6615,10089
2013/06/18,6660,10150
2013/06/19,6668,9872
2013/06/20,6300,9748
2013/06/21,6011,9510
2013/06/24,5882,9202
2013/06/25,6062,9516
2013/06/26,6224,9657
2013/06/27,6250,9505
2013/06/28,6441,9875
2013/07/01,6605,10235
2013/07/02,6827,10110
2013/07/03,6775,9785
2013/07/04,6740,9850
2013/07/05,6500,9500
2013/07/08,6453,9450
2013/07/09,6545,9611
2013/07/10,6451,9550
2013/07/11,6596,9770
2013/07/12,6699,9899
2013/07/15,6650,10003
2013/07/16,6422,9890
2013/07/17,6494,9950
2013/07/18,6510,9910
2013/07/19,6450,9730
2013/07/22,6450,9411
2013/07/23,6512,9495
2013/07/24,6522,9700
2013/07/25,6430,9700
2013/07/26,6435,9700
2013/07/29,6575,9827
2013/07/30,6664,9950
2013/07/31,6726,10060
2013/08/01,6750,10196
2013/08/02,6700,10217
2013/08/05,6650,10085
2013/08/06,6525,9802
2013/08/07,6409,9747
2013/08/08,6440,9685
2013/08/12,6562,9680
2013/08/13,6515,9703
2013/08/14,6530,9808
2013/08/15,6335,9736
2013/08/16,6402,10142
2013/08/19,6402,10000
2013/08/20,6368,10175
2013/08/21,6279,9933
2013/08/22,6156,9880
2013/08/23,6130,9865
2013/08/26,6151,10050
2013/08/27,6050,9800
2013/08/28,5984,9531
2013/08/29,6500,9618
2013/08/30,6821,9623
2013/09/02,6911,9825
2013/09/03,6900,9860
2013/09/04,6780,9900
2013/09/05,6880,9950
2013/09/06,7000,9925
2013/09/09,7200,10150
2013/09/10,7475,10133
2013/09/11,7366,10689
2013/09/12,7400,10800
2013/09/13,7425,10602
2013/09/16,7300,10800
2013/09/17,7375,10973
2013/09/18,7280,10560
2013/09/19,7520,10725
2013/09/20,7430,10766
2013/09/23,7430,10705
2013/09/25,7570,10820
2013/09/26,7431,10679
2013/09/27,7304,10445
2013/09/30,7419,10406
2013/10/01,7485,10240
2013/10/02,7475,10600
2013/10/03,7480,10730
2013/10/04,7452,10993
2013/10/07,7500,10945
2013/10/08,7422,11000
2013/10/09,7373,10860
2013/10/10,7444,11040
2013/10/11,7433,11199
2013/10/14,7375,11350
2013/10/15,7509,11456
2013/10/16,7552,11719
2013/10/17,7470,11550
2013/10/18,7661,11580
2013/10/21,7748,11550
2013/10/22,7700,11599
2013/10/23,7616,11350
2013/10/24,7676,11435
2013/10/25,7675,11380
2013/10/28,7695,11550
2013/10/29,7707,11590
2013/10/30,7697,11736
2013/10/31,7550,11561
2013/11/01,7510,11358
2013/11/04,7469,11379
2013/11/05,7394,11300
2013/11/06,7404,11200
2013/11/07,7225,10811
2013/11/08,7220,10765
2013/11/11,7060,10401
2013/11/12,7000,10430
2013/11/13,6880,10350
2013/11/14,6964,10415
2013/11/15,7278,10618
2013/11/18,7365,10600
2013/11/19,7220,10400
2013/11/20,7494,10450
2013/11/21,7441,10300
2013/11/22,7450,10051
2013/11/25,7400,10150
2013/11/26,7270,9800
2013/11/27,7330,10039
2013/11/28,7396,10085
2013/11/29,7401,10150
2013/12/02,7369,10100
2013/12/03,7154,10039
2013/12/04,7198,9883
2013/12/05,7190,9905
2013/12/06,7442,9850
2013/12/09,7540,9924
2013/12/10,7380,9870
2013/12/11,7497,9800
2013/12/12,7266,9648
2013/12/13,7134,9500
2013/12/17,7284,9726
2013/12/18,7225,9569
2013/12/19,7499,9657
2013/12/20,7477,9748
2013/12/23,7530,9866
2013/12/24,7550,9975
2013/12/27,7539,9725
2013/12/30,7460,9600
2013/12/31,7465,9575
2014/01/02,7571,9514
2014/01/03,7460,9399
2014/01/06,7350,9150
2014/01/07,7377,9133
2014/01/08,7226,9087
2014/01/09,7100,9108
2014/01/10,7289,9292
2014/01/13,7459,9630
2014/01/14,7340,9641
2014/01/15,7150,9724
2014/01/16,7013,9664
2014/01/17,6875,9752
2014/01/20,6860,9600
2014/01/21,6949,9661
2014/01/22,7028,9860
2014/01/23,6922,9832
2014/01/24,6844,9699
2014/01/27,6576,9604
2014/01/28,6620,9650
2014/01/29,6325,9450
2014/01/30,6125,9110
2014/01/31,6050,9270
2014/02/03,6079,9150
2014/02/04,6071,9050
2014/02/05,6049,9050
2014/02/06,6179,8921
2014/02/07,6250,8938
2014/02/10,6187,8900
2014/02/11,5971,8854
2014/02/12,6136,8832
2014/02/13,5897,8700
2014/02/14,6030,8694
2014/02/17,6150,8880
2014/02/18,6200,8900
2014/02/19,6220,8959
2014/02/20,6200,8825
2014/02/21,6250,8985
2014/02/24,6295,8826
2014/02/25,6306,8891
2014/02/26,6320,8750
2014/02/27,6340,8808
2014/02/28,6388,8950
2014/03/03,6320,8975
2014/03/04,6400,9000
2014/03/05,6439,9357
2014/03/06,6475,9300
2014/03/07,6445,9245
2014/03/10,6440,9221
2014/03/11,6450,9223
2014/03/12,6471,9107
2014/03/13,6550,9177
2014/03/14,6580,9200
2014/03/17,6773,9422
2014/03/18,6850,9425
2014/03/19,6860,9400
2014/03/20,6920,9472
2014/03/24,7081,9700
2014/03/25,7140,10125
2014/03/26,7227,10299
2014/03/27,7280,10389
2014/03/28,7346,10799
2014/03/31,7338,10715
2014/04/01,7350,10600
2014/04/02,7258,10350
2014/04/03,7265,10185
2014/04/04,7276,10358
2014/04/07,7373,10384
2014/04/08,7347,10800
2014/04/09,6790,10574
2014/04/10,6925,10904
2014/04/11,6850,10842
2014/04/14,6718,10550
2014/04/15,6749,10250
2014/04/16,6812,10181
2014/04/17,6848,10200
2014/04/22,6856,10101
2014/04/23,6970,10228
2014/04/24,7090,10500
2014/04/25,7150,10608
2014/04/29,7119,10750
2014/04/30,7150,10850
2014/05/02,7249,10925
2014/05/05,7177,10789
2014/05/06,7190,10905
2014/05/08,7288,11005
2014/05/09,7325,11150
2014/05/12,7420,11163
2014/05/13,7530,11200
2014/05/14,7780,11315
2014/05/15,7652,11062
2014/05/16,7660,11100
2014/05/19,7670,11048
2014/05/20,7710,10944
2014/05/21,7660,10900
2014/05/22,7649,11048
2014/05/23,7695,11091
2014/05/26,7700,10940
2014/05/27,7620,10802
2014/05/28,7611,10770
2014/05/29,7698,11100
2014/05/30,7494,11299
2014/06/02,7480,11055
2014/06/03,7340,10810
2014/06/04,7339,10980
2014/06/05,7450,11150
2014/06/06,7548,11106
2014/06/09,7509,11170
2014/06/10,7632,11147
2014/06/11,7620,11331
2014/06/12,7750,11500
2014/06/13,7789,11450
2014/06/17,7859,11600
2014/06/18,7780,11448
2014/06/19,7824,11500
2014/06/20,7782,11458
2014/06/23,7841,11477
2014/06/24,7735,11525
2014/06/25,7623,11225
2014/06/26,7625,11250
2014/06/27,7739,11273
2014/06/30,7815,11150
2014/07/01,7910,11167
2014/07/02,7884,11346
2014/07/03,7794,11200
2014/07/04,7786,11208
2014/07/07,7796,11293
2014/07/08,7800,11435
2014/07/09,7859,11400
2014/07/10,7825,11320
2014/07/11,8009,11420
2014/07/14,8200,11500
2014/07/15,8361,11525
2014/07/16,8336,11650
2014/07/17,8149,11268
2014/07/18,8200,11306
2014/07/21,8144,11275
2014/07/22,8165,11407
2014/07/23,8352,11296
2014/07/24,8375,11365
2014/07/25,8291,11448
2014/07/28,8333,11590
2014/07/29,8316,11802
2014/07/30,8299,11675
2014/07/31,8291,11747
2014/08/01,8187,11765
2014/08/04,8270,12211
2014/08/05,8185,12250
2014/08/06,7953,12180
2014/08/07,7833,12007
2014/08/08,7906,11872
2014/08/11,8026,12014
2014/08/12,8000,11970
2014/08/13,7974,11935
2014/08/14,7875,11688
2014/08/15,7827,11450
2014/08/18,7947,11500
2014/08/19,7705,11400
2014/08/20,7700,11279
2014/08/21,7883,11650
2014/08/22,7891,11905
2014/08/25,7934,11900
2014/08/26,7900,11978
2014/08/27,7753,11757
2014/08/28,7906,11487
2014/08/29,7946,11512
2014/09/01,7916,11690
2014/09/02,8078,11740
2014/09/03,8043,11810
2014/09/04,8040,11898
2014/09/05,8100,11898
2014/09/08,7478,11859
2014/09/09,7398,11648
2014/09/10,7350,11730
2014/09/11,7296,11756
2014/09/12,7345,11701
2014/09/15,7200,11744
2014/09/16,7245,11603
2014/09/17,7158,11768
2014/09/18,7326,11792
2014/09/19,7365,11650
2014/09/22,7140,11400
2014/09/23,7082,11246
2014/09/25,6805,11085
2014/09/26,6848,11370
2014/09/29,6840,11461
2014/09/30,6991,11720
2014/10/01,6820,11551
2014/10/02,7000,11400
2014/10/03,7069,11516
2014/10/06,7169,11468
2014/10/07,7156,11545
2014/10/08,7001,11565
2014/10/09,7120,11770
2014/10/10,6888,11400
2014/10/13,6800,11408
2014/10/14,6912,11501
2014/10/15,6774,11147
2014/10/16,6820,11250
2014/10/17,7011,11345
2014/10/20,6866,11173
2014/10/21,7118,11410
2014/10/22,7180,11141
2014/10/23,7242,11460
2014/10/24,7194,11394
2014/10/27,7279,11375
2014/10/28,7310,11582
2014/10/29,7542,12100
2014/10/30,7605,12264
2014/10/31,7839,12464
2014/11/03,7893,12300
2014/11/04,7981,12405
2014/11/05,7935,12400
2014/11/06,7792,12050
2014/11/07,7708,12320
2014/11/10,7839,12563
2014/11/11,7893,12680
2014/11/12,8052,13200
2014/11/13,8137,13595
2014/11/14,8178,13508
2014/11/17,8160,13560
2014/11/18,8152,13652
2014/11/19,8100,13891
2014/11/20,7824,13675
2014/11/21,8093,14000
2014/11/24,8062,14200
2014/11/25,8001,13878
2014/11/26,7930,13938
2014/11/27,7912,14279
2014/11/28,7975,14560
2014/12/01,7803,14215
2014/12/02,7830,14310
2014/12/03,7901,14410
2014/12/04,7790,14284
2014/12/05,7630,14340
2014/12/08,7676,14163
2014/12/09,7650,14049
2014/12/10,7620,14084
2014/12/11,7654,13801
2014/12/12,7463,13587
2014/12/15,7387,13580
2014/12/17,7285,13200
2014/12/18,7550,13429
2014/12/19,7436,13224
2014/12/22,7610,13420
2014/12/23,7598,13625
2014/12/24,7571,13331
2014/12/29,7810,13624
2014/12/30,7705,13221
2014/12/31,7710,13324
2015/01/02,7625,13054
2015/01/05,7340,13195
2015/01/06,7621,13350
2015/01/07,7750,13780
2015/01/08,7900,14155
2015/01/09,7752,14206
2015/01/12,7600,14000
2015/01/13,7686,14500
2015/01/14,7565,14750
2015/01/15,7825,14475
2015/01/16,7980,14300
2015/01/19,7980,14600
2015/01/20,8101,14860
2015/01/21,8494,15700
2015/01/22,8550,16009
2015/01/23,8457,16237
2015/01/26,8457,16280
2015/01/27,8488,16483
2015/01/28,8600,17106
2015/01/29,8726,16590
2015/01/30,8690,16765
2015/02/02,8550,16881
2015/02/03,8552,17398
2015/02/04,8250,17030
2015/02/05,8344,17174
2015/02/06,8301,17000
2015/02/09,8337,17070
2015/02/10,8290,16970
2015/02/11,8237,16337
2015/02/12,8669,17391
2015/02/13,9050,17898
2015/02/16,9225,17350
2015/02/17,9121,16970
2015/02/18,8850,17005
2015/02/19,9200,17040
2015/02/20,9404,16925
2015/02/23,9400,17100
2015/02/24,9401,17055
2015/02/25,9245,16749
2015/02/26,9070,16243
2015/02/27,8991,16542
2015/03/02,8875,16556
2015/03/03,8900,17159
2015/03/04,8970,16900
2015/03/05,8995,16915
2015/03/06,9004,17220
2015/03/09,8800,16750
2015/03/10,8685,16760
2015/03/11,8760,17250
2015/03/12,8610,17599
2015/03/13,8479,17350
2015/03/16,8493,17655
2015/03/17,8674,17988
2015/03/18,8522,17850
2015/03/19,8639,17887
2015/03/20,8403,17710
2015/03/23,8525,17791
2015/03/24,8566,17881
2015/03/25,8541,17850
2015/03/26,8265,17320
2015/03/27,8455,17620
2015/03/30,8640,17922
2015/03/31,8615,18057
2015/04/01,8796,18275
2015/04/02,8790,18334
2015/04/07,8750,18598
2015/04/08,8863,19200
2015/04/09,8944,19530
2015/04/10,9090,19900
2015/04/13,9148,19900
2015/04/14,9085,19623
2015/04/15,9100,19389
2015/04/16,9100,18845
2015/04/17,9099,18575
2015/04/20,9210,18687
2015/04/21,9280,18792
2015/04/22,9127,18523
2015/04/23,9101,18456
2015/04/24,9220,18350
2015/04/28,9097,18384
2015/04/29,8909,17860
2015/04/30,8952,17620
2015/05/04,8920,17411
2015/05/05,8965,17653
2015/05/06,8836,17500
2015/05/07,8916,17438
2015/05/08,9088,17510
2015/05/11,9248,18020
2015/05/12,9299,17950
2015/05/13,9492,18286
2015/05/14,9500,17964
2015/05/15,9428,17809
2015/05/18,9517,18187
2015/05/19,9556,18221
2015/05/20,9641,18000
2015/05/21,9646,18255
2015/05/22,9720,18071
2015/05/25,9950,18301
2015/05/26,9759,17896
2015/05/27,9940,17990
2015/05/28,9919,16617
2015/05/29,9540,16250
2015/06/01,9200,15700
2015/06/02,9175,15376
2015/06/03,9030,15075
2015/06/04,8940,14810
2015/06/05,8970,14700
2015/06/08,9041,14959
2015/06/09,9010,15420
2015/06/10,9291,15675
2015/06/11,9447,15900
2015/06/12,9405,15653
2015/06/15,9368,15500
2015/06/17,9551,15416
2015/06/18,9818,15668
2015/06/19,9756,15344
2015/06/22,9782,15387
2015/06/23,9813,15890
2015/06/24,9850,15817
2015/06/25,9955,16176
2015/06/26,9886,16460
2015/06/29,9820,15896
2015/06/30,9860,15900
2015/07/01,9810,15658
2015/07/02,9880,15300
2015/07/03,9863,15311
2015/07/06,9787,15440
2015/07/07,9400,15019
2015/07/08,9495,14800
2015/07/09,9589,14700
2015/07/10,9563,14628
2015/07/13,9580,14507
2015/07/14,9478,14192
2015/07/15,9880,14610
2015/07/16,9893,14801
2015/07/17,9775,15118
2015/07/20,9860,15500
2015/07/21,9925,15617
2015/07/22,9706,15184
2015/07/23,9918,14785
2015/07/24,9620,14342
2015/07/27,9699,14220
2015/07/28,9690,14050
2015/07/29,9860,14303
2015/07/30,9870,14110
2015/07/31,9931,14404
2015/08/03,9874,14529
2015/08/04,10201,14960
2015/08/05,10135,14843
2015/08/06,10244,14650
2015/08/07,10205,14796
2015/08/11,10200,14294
2015/08/12,10012,14230
2015/08/13,10182,13861
2015/08/14,10076,13863
2015/08/17,10015,13500
2015/08/18,10200,13948
2015/08/19,10035,13842
2015/08/20,9874,14514
2015/08/21,9648,14867
2015/08/24,9462,14320
2015/08/25,9813,14980
2015/08/26,9889,15055
2015/08/27,9739,14921
2015/08/28,9717,14759
2015/08/31,9950,14990
2015/09/01,9590,14007
2015/09/02,9723,14442
2015/09/03,9984,14950
2015/09/04,9634,15200
2015/09/07,9459,14700
2015/09/08,9557,14668
2015/09/09,9605,15066
2015/09/10,9923,15147
2015/09/11,9755,15000
2015/09/14,9925,15523
2015/09/15,9877,15200
2015/09/16,9750,15200
2015/09/17,9800,15135
2015/09/18,9904,15183
2015/09/21,9986,14650
2015/09/22,9920,14660
2015/09/23,9889,14492
2015/09/25,9720,14656
2015/09/28,9628,14094
2015/09/29,9569,13919
2015/09/30,9680,14033
2015/10/01,9803,14501
2015/10/02,9800,14765
2015/10/05,10085,15109
2015/10/06,10049,14550
2015/10/07,10087,14570
2015/10/08,10170,14755
2015/10/09,10100,14913
2015/10/12,10148,14437
2015/10/13,10074,14200
2015/10/14,9950,14579
2015/10/15,10142,14760
2015/10/16,10234,14637
2015/10/19,10286,14750
2015/10/20,10130,14200
2015/10/21,9976,14066
2015/10/22,10220,14339
2015/10/23,10292,14426
2015/10/26,10372,14355
2015/10/27,10315,14095
2015/10/28,10351,14363
2015/10/29,10125,13940
2015/10/30,10252,14137
2015/11/02,10310,14489
2015/11/03,10387,14471
2015/11/04,10566,14930
2015/11/05,10688,15375
2015/11/06,10490,14914
2015/11/09,10595,14891
2015/11/10,10300,14500
2015/11/11,10250,14320
2015/11/12,10100,14700
2015/11/13,9795,13950
2015/11/16,9800,13700
2015/11/17,10014,13750
2015/11/18,10350,13450
2015/11/19,10303,13599
2015/11/20,10233,13595
2015/11/23,10412,13562
