Date,M&R,AVENGE
2004/05/12,1360,751
2004/05/13,1367,776
2004/05/14,1400,755
2004/05/17,1390,760
2004/05/18,1320,748
2004/05/19,1361,735
2004/05/20,1370,760
2004/05/21,1380,760
2004/05/24,1380,765
2004/05/25,1365,760
2004/05/26,1400,786
2004/05/27,1400,785
2004/05/28,1450,788
2004/05/31,1380,770
2004/06/01,1400,760
2004/06/02,1400,770
2004/06/03,1385,765
2004/06/04,1370,755
2004/06/07,1351,770
2004/06/08,1347,770
2004/06/09,1300,753
2004/06/10,1320,755
2004/06/11,1320,755
2004/06/14,1290,756
2004/06/15,1300,760
2004/06/17,1295,770
2004/06/18,1280,770
2004/06/21,1290,755
2004/06/22,1280,756
2004/06/23,1280,746
2004/06/24,1295,745
2004/06/25,1300,740
2004/06/28,1300,745
2004/06/29,1294,745
2004/06/30,1295,740
2004/07/01,1300,740
2004/07/02,1290,750
2004/07/05,1260,750
2004/07/06,1275,747
2004/07/07,1270,745
2004/07/08,1286,738
2004/07/09,1285,737
2004/07/12,1301,730
2004/07/13,1310,730
2004/07/14,1300,729
2004/07/15,1300,738
2004/07/16,1300,735
2004/07/19,1290,735
2004/07/20,1298,735
2004/07/21,1290,736
2004/07/22,1255,733
2004/07/23,1245,728
2004/07/26,1230,725
2004/07/27,1217,700
2004/07/28,1220,715
2004/07/29,1235,725
2004/07/30,1259,740
2004/08/02,1275,759
2004/08/03,1290,770
2004/08/04,1265,770
2004/08/05,1260,770
2004/08/06,1225,751
2004/08/10,1205,740
2004/08/11,1210,740
2004/08/12,1220,750
2004/08/13,1240,750
2004/08/16,1261,780
2004/08/17,1265,756
2004/08/18,1260,770
2004/08/19,1250,787
2004/08/20,1300,805
2004/08/23,1317,820
2004/08/24,1310,815
2004/08/25,1290,820
2004/08/26,1274,801
2004/08/27,1250,810
2004/08/30,1250,805
2004/08/31,1230,810
2004/09/01,1220,800
2004/09/02,1185,810
2004/09/03,1210,830
2004/09/06,1195,815
2004/09/07,1200,816
2004/09/08,1200,795
2004/09/09,1200,782
2004/09/10,1200,780
2004/09/13,1183,775
2004/09/14,1200,803
2004/09/15,1200,810
2004/09/16,1200,806
2004/09/17,1200,810
2004/09/20,1200,830
2004/09/21,1200,850
2004/09/22,1180,855
2004/09/23,1180,855
2004/09/27,1180,854
2004/09/28,1170,870
2004/09/29,1180,867
2004/09/30,1160,860
2004/10/01,1200,895
2004/10/04,1220,924
2004/10/05,1225,900
2004/10/06,1209,925
2004/10/07,1195,925
2004/10/08,1200,929
2004/10/11,1180,927
2004/10/12,1176,925
2004/10/13,1180,905
2004/10/14,1210,910
2004/10/15,1240,925
2004/10/18,1230,911
2004/10/19,1245,915
2004/10/20,1235,900
2004/10/21,1252,905
2004/10/22,1270,905
2004/10/25,1300,926
2004/10/26,1363,971
2004/10/27,1402,990
2004/10/28,1430,1005
2004/10/29,1431,990
2004/11/01,1475,990
2004/11/02,1510,992
2004/11/03,1500,1000
2004/11/04,1490,1005
2004/11/05,1480,1030
2004/11/08,1450,1045
2004/11/09,1435,1055
2004/11/10,1420,1030
2004/11/11,1390,1062
2004/11/12,1440,1080
2004/11/15,1450,1086
2004/11/16,1460,1110
2004/11/17,1475,1110
2004/11/18,1450,1100
2004/11/19,1427,1077
2004/11/22,1440,1073
2004/11/23,1430,1073
2004/11/24,1445,1110
2004/11/25,1470,1125
2004/11/26,1470,1180
2004/11/29,1450,1169
2004/11/30,1495,1175
2004/12/01,1449,1150
2004/12/02,1425,1150
2004/12/03,1415,1175
2004/12/06,1410,1165
2004/12/07,1450,1170
2004/12/08,1410,1170
2004/12/09,1405,1170
2004/12/10,1400,1178
2004/12/13,1400,1186
2004/12/14,1410,1215
2004/12/15,1380,1187
2004/12/17,1375,1210
2004/12/20,1420,1210
2004/12/21,1430,1200
2004/12/22,1401,1190
2004/12/23,1386,1182
2004/12/24,1380,1182
2004/12/28,1345,1200
2004/12/29,1395,1200
2004/12/30,1384,1215
2004/12/31,1375,1200
2005/01/03,1388,1201
2005/01/04,1350,1250
2005/01/05,1340,1250
2005/01/06,1350,1255
2005/01/07,1425,1271
2005/01/10,1435,1311
2005/01/11,1440,1335
2005/01/12,1490,1344
2005/01/13,1500,1310
2005/01/14,1534,1290
2005/01/17,1530,1250
2005/01/18,1495,1164
2005/01/19,1515,1160
2005/01/20,1500,1145
2005/01/21,1490,1130
2005/01/24,1475,1130
2005/01/25,1460,1122
2005/01/26,1430,1107
2005/01/27,1450,1122
2005/01/28,1420,1125
2005/01/31,1450,1135
2005/02/01,1460,1146
2005/02/02,1425,1145
2005/02/03,1400,1150
2005/02/04,1400,1155
2005/02/07,1396,1154
2005/02/08,1395,1140
2005/02/09,1400,1160
2005/02/10,1430,1145
2005/02/11,1433,1150
2005/02/14,1430,1150
2005/02/15,1430,1148
2005/02/16,1470,1150
2005/02/17,1500,1155
2005/02/18,1501,1150
2005/02/21,1530,1160
2005/02/22,1515,1175
2005/02/23,1521,1195
2005/02/24,1538,1180
2005/02/25,1530,1180
2005/02/28,1525,1200
2005/03/01,1495,1201
2005/03/02,1488,1215
2005/03/03,1465,1214
2005/03/04,1465,1200
2005/03/07,1480,1185
2005/03/08,1459,1195
2005/03/09,1440,1195
2005/03/10,1435,1186
2005/03/11,1400,1185
2005/03/14,1388,1175
2005/03/15,1380,1175
2005/03/16,1353,1180
2005/03/17,1353,1184
2005/03/18,1395,1171
2005/03/22,1385,1151
2005/03/23,1355,1115
2005/03/24,1330,1112
2005/03/29,1310,1120
2005/03/30,1336,1126
2005/03/31,1362,1130
2005/04/01,1402,1161
2005/04/04,1440,1153
2005/04/05,1425,1140
2005/04/06,1440,1135
2005/04/07,1450,1130
2005/04/08,1450,1140
2005/04/11,1430,1115
2005/04/12,1400,1100
2005/04/13,1410,1080
2005/04/14,1392,1100
2005/04/15,1380,1075
2005/04/18,1380,1080
2005/04/19,1380,1065
2005/04/20,1378,1065
2005/04/21,1375,1060
2005/04/22,1370,1080
2005/04/25,1380,1115
2005/04/26,1390,1100
2005/04/28,1370,1070
2005/04/29,1380,1070
2005/05/03,1360,1081
2005/05/04,1380,1110
2005/05/05,1375,1149
2005/05/06,1445,1140
2005/05/09,1450,1170
2005/05/10,1445,1175
2005/05/11,1430,1162
2005/05/12,1420,1160
2005/05/13,1430,1171
2005/05/16,1420,1170
2005/05/17,1445,1170
2005/05/18,1430,1180
2005/05/19,1410,1190
2005/05/20,1400,1180
2005/05/23,1365,1150
2005/05/24,1370,1125
2005/05/25,1400,1125
2005/05/26,1403,1145
2005/05/27,1400,1160
2005/05/30,1370,1156
2005/05/31,1365,1152
2005/06/01,1370,1151
2005/06/02,1375,1150
2005/06/03,1380,1150
2005/06/06,1410,1175
2005/06/07,1416,1195
2005/06/08,1412,1216
2005/06/09,1415,1200
2005/06/10,1415,1205
2005/06/13,1420,1220
2005/06/14,1380,1225
2005/06/15,1400,1235
2005/06/17,1410,1235
2005/06/20,1390,1254
2005/06/21,1401,1250
2005/06/22,1410,1242
2005/06/23,1453,1229
2005/06/24,1420,1220
2005/06/27,1400,1225
2005/06/28,1400,1240
2005/06/29,1420,1245
2005/06/30,1400,1235
2005/07/01,1400,1245
2005/07/04,1433,1230
2005/07/05,1395,1225
2005/07/06,1395,1245
2005/07/07,1395,1240
2005/07/08,1395,1243
2005/07/11,1409,1264
2005/07/12,1400,1280
2005/07/13,1400,1280
2005/07/14,1400,1290
2005/07/15,1395,1310
2005/07/18,1448,1310
2005/07/19,1435,1330
2005/07/20,1437,1335
2005/07/21,1449,1360
2005/07/22,1451,1365
2005/07/25,1485,1350
2005/07/26,1475,1345
2005/07/27,1470,1335
2005/07/28,1486,1345
2005/07/29,1480,1330
2005/08/01,1510,1335
2005/08/02,1500,1320
2005/08/03,1471,1320
2005/08/04,1470,1280
2005/08/05,1471,1300
2005/08/08,1480,1325
2005/08/10,1500,1336
2005/08/11,1490,1315
2005/08/12,1487,1292
2005/08/15,1495,1291
2005/08/16,1495,1290
2005/08/17,1502,1290
2005/08/18,1500,1280
2005/08/19,1580,1294
2005/08/22,1623,1315
2005/08/23,1600,1320
2005/08/24,1599,1312
2005/08/25,1580,1310
2005/08/26,1570,1320
2005/08/29,1560,1310
2005/08/30,1590,1316
2005/08/31,1599,1295
2005/09/01,1630,1328
2005/09/02,1700,1330
2005/09/05,1725,1340
2005/09/06,1820,1397
2005/09/07,1785,1390
2005/09/08,1755,1365
2005/09/09,1770,1365
2005/09/12,1800,1444
2005/09/13,1835,1450
2005/09/14,1835,1490
2005/09/15,1865,1519
2005/09/16,1920,1565
2005/09/19,1920,1610
2005/09/20,1902,1580
2005/09/21,1890,1590
2005/09/22,1930,1600
2005/09/23,1920,1601
2005/09/26,1930,1615
2005/09/27,1930,1625
2005/09/28,1935,1630
2005/09/29,1960,1640
2005/09/30,1965,1675
2005/10/03,1939,1655
2005/10/04,1930,1695
2005/10/05,1920,1695
2005/10/06,1900,1660
2005/10/07,1870,1640
2005/10/10,1870,1649
2005/10/11,1890,1660
2005/10/12,1960,1700
2005/10/13,1950,1660
2005/10/14,1880,1655
2005/10/17,1896,1658
2005/10/18,1875,1660
2005/10/19,1835,1638
2005/10/20,1850,1640
2005/10/21,1855,1645
2005/10/24,1900,1660
2005/10/25,1905,1702
2005/10/26,1928,1720
2005/10/27,1930,1705
2005/10/28,1930,1695
2005/10/31,1931,1685
2005/11/01,1935,1700
2005/11/02,1965,1720
2005/11/03,2000,1795
2005/11/04,2020,1770
2005/11/07,2060,1800
2005/11/08,2050,1840
2005/11/09,2020,1880
2005/11/10,2045,1910
2005/11/11,2020,1929
2005/11/14,1970,1905
2005/11/15,1900,1915
2005/11/16,1889,1915
2005/11/17,1880,1915
2005/11/18,1900,1920
2005/11/21,1935,1951
2005/11/22,1930,1900
2005/11/23,1940,1900
2005/11/24,1960,1915
2005/11/25,1910,1905
2005/11/28,1890,1865
2005/11/29,1900,1870
2005/11/30,1890,1841
2005/12/01,1875,1830
2005/12/02,1910,1825
2005/12/05,1920,1820
2005/12/06,1950,1825
2005/12/07,1930,1840
2005/12/08,1890,1840
2005/12/09,1870,1840
2005/12/12,1890,1880
2005/12/13,1885,1900
2005/12/14,1880,1885
2005/12/15,1925,1880
2005/12/19,1935,1860
2005/12/20,1950,1820
2005/12/21,1935,1834
2005/12/22,1930,1770
2005/12/23,1930,1780
2005/12/27,1935,1805
2005/12/28,1930,1805
2005/12/29,1940,1780
2005/12/30,1960,1799
2006/01/03,2020,1830
2006/01/04,2074,1835
2006/01/05,2050,1845
2006/01/06,2100,1870
2006/01/09,2134,1945
2006/01/10,2120,1980
2006/01/11,2115,1985
2006/01/12,2174,2075
2006/01/13,2085,2100
2006/01/16,2040,2030
2006/01/17,2010,1990
2006/01/18,1999,1950
2006/01/19,2000,1965
2006/01/20,1984,1970
2006/01/23,1970,1955
2006/01/24,1970,1975
2006/01/25,1980,2050
2006/01/26,2024,2040
2006/01/27,2036,2025
2006/01/30,2085,2035
2006/01/31,2110,2055
2006/02/01,2181,2101
2006/02/02,2200,2110
2006/02/03,2190,2100
2006/02/06,2200,2075
2006/02/07,2225,2110
2006/02/08,2200,2100
2006/02/09,2225,2130
2006/02/10,2190,2202
2006/02/13,2110,2200
2006/02/14,2137,2200
2006/02/15,2190,2200
2006/02/16,2160,2190
2006/02/17,2202,2250
2006/02/20,2215,2250
2006/02/21,2205,2270
2006/02/22,2225,2323
2006/02/23,2225,2305
2006/02/24,2235,2335
2006/02/27,2311,2405
2006/02/28,2281,2385
2006/03/02,2385,2480
2006/03/03,2401,2451
2006/03/06,2520,2455
2006/03/07,2465,2326
2006/03/08,2450,2321
2006/03/09,2480,2351
2006/03/10,2480,2340
2006/03/13,2600,2400
2006/03/14,2610,2420
2006/03/15,2601,2430
2006/03/16,2595,2391
2006/03/17,2580,2361
2006/03/20,2620,2430
2006/03/22,2776,2516
2006/03/23,2800,2517
2006/03/24,2805,2470
2006/03/27,2835,2460
2006/03/28,2850,2400
2006/03/29,2780,2375
2006/03/30,2785,2340
2006/03/31,2770,2350
2006/04/03,2764,2365
2006/04/04,2761,2375
2006/04/05,2775,2400
2006/04/06,2700,2372
2006/04/07,2640,2385
2006/04/10,2706,2411
2006/04/11,2784,2375
2006/04/12,2700,2340
2006/04/13,2685,2305
2006/04/18,2725,2331
2006/04/19,2715,2310
2006/04/20,2700,2309
2006/04/21,2640,2300
2006/04/24,2641,2272
2006/04/25,2655,2310
2006/04/26,2725,2375
2006/04/28,2720,2376
2006/05/02,2710,2310
2006/05/03,2710,2410
2006/05/04,2725,2430
2006/05/05,2670,2430
2006/05/08,2637,2360
2006/05/09,2711,2400
2006/05/10,2735,2430
2006/05/11,2745,2465
2006/05/12,2723,2480
2006/05/15,2635,2425
2006/05/16,2650,2400
2006/05/17,2650,2350
2006/05/18,2625,2305
2006/05/19,2549,2307
2006/05/22,2520,2210
2006/05/23,2519,2200
2006/05/24,2515,2142
2006/05/25,2540,2160
2006/05/26,2550,2200
2006/05/29,2512,2217
2006/05/30,2528,2238
2006/05/31,2451,2205
2006/06/01,2472,2200
2006/06/02,2500,2240
2006/06/05,2500,2250
2006/06/06,2425,2129
2006/06/07,2130,2100
2006/06/08,2215,2041
2006/06/09,2180,2079
2006/06/12,2255,2169
2006/06/13,2250,2149
2006/06/14,2350,2130
2006/06/15,2500,2185
2006/06/19,2543,2200
2006/06/20,2580,2165
2006/06/21,2520,2130
2006/06/22,2520,2175
2006/06/23,2500,2130
2006/06/26,2400,2025
2006/06/27,2400,2073
2006/06/28,2401,2075
2006/06/29,2410,2100
2006/06/30,2540,2145
2006/07/03,2650,2275
2006/07/04,2585,2260
2006/07/05,2561,2230
2006/07/06,2592,2225
2006/07/07,2615,2225
2006/07/10,2601,2220
2006/07/11,2666,2240
2006/07/12,2702,2270
2006/07/13,2666,2202
2006/07/14,2574,2190
2006/07/17,2521,2104
2006/07/18,2540,2100
2006/07/19,2580,2180
2006/07/20,2600,2240
2006/07/21,2600,2260
2006/07/24,2686,2259
2006/07/25,2655,2230
2006/07/26,2640,2220
2006/07/27,2600,2248
2006/07/28,2550,2195
2006/07/31,2521,2160
2006/08/01,2536,2200
2006/08/02,2550,2190
2006/08/03,2600,2185
2006/08/04,2641,2195
2006/08/07,2660,2195
2006/08/08,2775,2280
2006/08/10,2915,2360
2006/08/11,3021,2425
2006/08/14,2975,2490
2006/08/15,2980,2480
2006/08/16,3045,2518
2006/08/17,3130,2500
2006/08/18,3050,2449
2006/08/21,3000,2440
2006/08/22,2990,2435
2006/08/23,2944,2444
2006/08/24,2920,2498
2006/08/25,3000,2600
2006/08/28,3015,2600
2006/08/29,3046,2585
2006/08/30,3030,2630
2006/08/31,2915,2670
2006/09/01,3007,2585
2006/09/04,3040,2580
2006/09/05,3100,2601
2006/09/06,3200,2610
2006/09/07,3100,2589
2006/09/08,3120,2600
2006/09/11,3076,2600
2006/09/12,3180,2630
2006/09/13,3240,2725
2006/09/14,3210,2750
2006/09/15,3251,2760
2006/09/18,3300,2777
2006/09/19,3320,2860
2006/09/20,3325,2840
2006/09/21,3260,2840
2006/09/22,3261,2840
2006/09/26,3230,2785
2006/09/27,3200,2785
2006/09/28,3200,2760
2006/09/29,3200,2750
2006/10/02,3204,2700
2006/10/03,3200,2702
2006/10/04,3200,2754
2006/10/05,3255,2806
2006/10/06,3301,2800
2006/10/09,3326,2760
2006/10/10,3365,2829
2006/10/11,3380,2848
2006/10/12,3501,2870
2006/10/13,3510,2885
2006/10/16,3594,2870
2006/10/17,3500,2860
2006/10/18,3450,2802
2006/10/19,3370,2780
2006/10/20,3350,2789
2006/10/23,3325,2795
2006/10/24,3440,2888
2006/10/25,3650,3030
2006/10/26,3880,3084
2006/10/27,3800,3140
2006/10/30,3725,3125
2006/10/31,3805,3120
2006/11/01,3945,3150
2006/11/02,3880,3130
2006/11/03,3880,3200
2006/11/06,3861,3175
2006/11/07,3859,3200
2006/11/08,3810,3320
2006/11/09,3720,3127
2006/11/10,3720,3181
2006/11/13,3735,3144
2006/11/14,3775,3250
2006/11/15,3791,3225
2006/11/16,3770,3225
2006/11/17,3790,3215
2006/11/20,3810,3235
2006/11/21,3850,3349
2006/11/22,3865,3289
2006/11/23,3880,3266
2006/11/24,3850,3299
2006/11/27,3875,3250
2006/11/28,3800,3220
2006/11/29,3815,3240
2006/11/30,3900,3275
2006/12/01,4150,3450
2006/12/04,4050,3400
2006/12/05,4135,3400
2006/12/06,4105,3463
2006/12/07,4017,3435
2006/12/08,4035,3435
2006/12/11,4030,3359
2006/12/12,3950,3325
2006/12/13,3940,3250
2006/12/14,3970,3231
2006/12/15,3960,3190
2006/12/18,3950,3235
2006/12/19,3914,3235
2006/12/20,3960,3235
2006/12/21,4000,3235
2006/12/22,4006,3270
2006/12/27,4030,3320
2006/12/28,4011,3360
2006/12/29,4010,3360
2007/01/02,4040,3339
2007/01/03,4006,3300
2007/01/04,4011,3290
2007/01/05,3990,3270
2007/01/09,4010,3250
2007/01/10,3995,3250
2007/01/11,4040,3280
2007/01/12,4124,3295
2007/01/15,4135,3290
2007/01/16,4309,3335
2007/01/17,4500,3580
2007/01/18,4570,3671
2007/01/19,4520,3540
2007/01/22,4500,3650
2007/01/23,4575,3799
2007/01/24,4675,3881
2007/01/25,4740,3990
2007/01/26,4780,3996
2007/01/29,4770,3960
2007/01/30,4650,3869
2007/01/31,4725,3865
2007/02/01,4800,3780
2007/02/02,4780,3800
2007/02/05,4700,3680
2007/02/06,4675,3600
2007/02/07,4725,3619
2007/02/08,4750,3639
2007/02/09,4900,3700
2007/02/12,4850,3660
2007/02/13,4881,3685
2007/02/14,4960,3760
2007/02/15,5125,3861
2007/02/16,5311,3940
2007/02/19,5435,4030
2007/02/20,5440,4028
2007/02/21,5305,4080
2007/02/22,5410,4100
2007/02/23,5400,4103
2007/02/26,5415,4140
2007/02/27,5480,4025
2007/02/28,5360,3950
2007/03/01,5301,3870
2007/03/02,5230,3780
2007/03/05,5060,3695
2007/03/06,5230,3924
2007/03/07,5410,4030
2007/03/08,5485,4100
2007/03/09,5450,4111
2007/03/12,5550,4221
2007/03/13,5401,4230
2007/03/14,5380,4180
2007/03/15,5475,4272
2007/03/16,5505,4500
2007/03/19,5560,4420
2007/03/20,5671,4500
2007/03/22,5810,4410
2007/03/23,5935,4500
2007/03/26,5955,4490
2007/03/27,5750,4440
2007/03/28,5500,4430
2007/03/29,5570,4500
2007/03/30,5596,4600
2007/04/02,5760,4570
2007/04/03,5831,4480
2007/04/04,5850,4489
2007/04/05,5825,4500
2007/04/10,5950,4500
2007/04/11,5900,4500
2007/04/12,5885,4498
2007/04/13,6151,4591
2007/04/16,6310,4700
2007/04/17,6300,4770
2007/04/18,6150,4750
2007/04/19,6160,4800
2007/04/20,6175,4800
2007/04/23,6085,4870
2007/04/24,6095,4860
2007/04/25,6050,4840
2007/04/26,6000,4800
2007/04/30,6085,4825
2007/05/02,6025,4775
2007/05/03,6060,4740
2007/05/04,6070,4699
2007/05/07,6250,4689
2007/05/08,6250,4650
2007/05/09,6151,4650
2007/05/10,6271,4680
2007/05/11,6451,4700
2007/05/14,6625,4706
2007/05/15,6675,4701
2007/05/16,6970,4835
2007/05/17,6853,4872
2007/05/18,6876,4920
2007/05/21,6950,5050
2007/05/22,7000,5160
2007/05/23,7222,5325
2007/05/24,7225,5348
2007/05/25,6940,5200
2007/05/28,6926,5110
2007/05/29,6906,5150
2007/05/30,6820,5015
2007/05/31,6749,4999
2007/06/01,6726,5010
2007/06/04,6604,4950
2007/06/05,6735,4945
2007/06/06,6745,5063
2007/06/07,6645,4975
2007/06/08,6451,4870
2007/06/11,6610,4953
2007/06/12,6450,4991
2007/06/13,6305,4930
2007/06/14,6500,5000
2007/06/15,6450,4835
2007/06/18,6540,4922
2007/06/19,6670,5000
2007/06/20,6595,4960
2007/06/21,6651,5010
2007/06/22,6640,4990
2007/06/25,6598,4925
2007/06/26,6400,4920
2007/06/27,6302,4880
2007/06/28,6250,4850
2007/06/29,6400,4995
2007/07/02,6601,5150
2007/07/03,6700,5170
2007/07/04,6885,5124
2007/07/05,7000,5170
2007/07/06,6975,5225
2007/07/09,7360,5500
2007/07/10,7060,5429
2007/07/11,7230,5374
2007/07/12,7500,5396
2007/07/13,7700,5550
2007/07/16,7850,5580
2007/07/17,7980,5560
2007/07/18,7901,5600
2007/07/19,7828,5665
2007/07/20,7553,5680
2007/07/23,7740,5690
2007/07/24,7525,5550
2007/07/25,7430,5490
2007/07/26,7425,5345
2007/07/27,7400,5200
2007/07/30,7510,5200
2007/07/31,7640,5372
2007/08/01,7400,5199
2007/08/02,7615,5199
2007/08/03,7500,5214
2007/08/06,7025,4995
2007/08/07,7250,5000
2007/08/08,7399,5035
2007/08/10,7000,4900
2007/08/13,6925,4870
2007/08/14,7054,4900
2007/08/15,6955,4790
2007/08/16,6715,4567
2007/08/17,6525,4575
2007/08/20,6789,4700
2007/08/21,6910,4815
2007/08/22,6935,4900
2007/08/23,6990,5075
2007/08/24,6925,5000
2007/08/27,7175,5075
2007/08/28,7345,5129
2007/08/29,7200,5055
2007/08/30,7370,5175
2007/08/31,7530,5290
2007/09/03,7901,5300
2007/09/04,8151,5350
2007/09/05,8015,5301
2007/09/06,8300,5300
2007/09/07,8350,5100
2007/09/10,8607,5011
2007/09/11,8950,5420
2007/09/12,8899,5550
2007/09/13,9101,5802
2007/09/14,8700,5700
2007/09/17,8375,5514
2007/09/18,8400,5600
2007/09/19,8490,5520
2007/09/20,8500,5470
2007/09/21,8225,5400
2007/09/25,8410,5500
2007/09/26,8490,5625
2007/09/27,8796,5600
2007/09/28,8986,5500
2007/10/01,8905,5420
2007/10/02,8800,5400
2007/10/03,9000,5490
2007/10/04,9000,5530
2007/10/05,9150,5733
2007/10/08,9256,5860
2007/10/09,9166,5901
2007/10/10,9699,6120
2007/10/11,9850,6325
2007/10/12,9680,6300
2007/10/15,9800,6200
2007/10/16,9800,6180
2007/10/17,9950,6200
2007/10/18,9950,6069
2007/10/19,10005,6140
2007/10/22,9993,6050
2007/10/23,10400,6170
2007/10/24,10250,6250
2007/10/25,10349,6499
2007/10/26,10475,6650
2007/10/29,10825,6800
2007/10/30,10400,6645
2007/10/31,9950,6410
2007/11/01,9352,6200
2007/11/02,10050,6200
2007/11/05,9525,6071
2007/11/06,9970,6280
2007/11/07,10200,6438
2007/11/08,10010,6449
2007/11/09,9900,6500
2007/11/12,9600,6520
2007/11/13,9400,6390
2007/11/14,9580,6500
2007/11/15,9361,6301
2007/11/16,9300,6405
2007/11/19,9100,6355
2007/11/20,9600,6300
2007/11/21,9460,6100
2007/11/22,9330,6070
2007/11/23,9350,6076
2007/11/26,9401,6080
2007/11/27,9325,5930
2007/11/28,9300,5768
2007/11/29,9100,5673
2007/11/30,9665,5800
2007/12/03,10100,5900
2007/12/04,10100,6100
2007/12/05,10100,6301
2007/12/06,10000,6250
2007/12/07,10200,6100
2007/12/10,10170,6300
2007/12/11,10300,6450
2007/12/12,10415,6550
2007/12/13,10315,6350
2007/12/14,9950,6143
2007/12/18,9700,6060
2007/12/19,9385,6000
2007/12/20,9550,6155
2007/12/21,9900,6075
2007/12/24,9925,6200
2007/12/27,10420,6249
2007/12/28,10325,6175
2007/12/31,10200,6085
2008/01/02,9900,6120
2008/01/03,10000,6125
2008/01/04,9665,6000
2008/01/07,9220,5855
2008/01/08,9200,5945
2008/01/09,9280,5795
2008/01/10,9271,5535
2008/01/11,8675,5280
2008/01/14,8455,5290
2008/01/15,8201,5125
2008/01/16,8350,5150
2008/01/17,9195,5380
2008/01/18,9085,5275
2008/01/21,8800,5115
2008/01/22,8899,5100
2008/01/23,8500,5000
2008/01/24,8500,5150
2008/01/25,8340,4944
2008/01/28,7860,4770
2008/01/29,7800,5010
2008/01/30,8151,5090
2008/01/31,8500,5200
2008/02/01,8872,5300
2008/02/04,9000,5538
2008/02/05,8650,5250
2008/02/06,8501,5460
2008/02/07,8400,5310
2008/02/08,8800,5245
2008/02/11,8440,5190
2008/02/12,8600,5201
2008/02/13,8500,5350
2008/02/14,8900,5550
2008/02/15,9340,5675
2008/02/18,9651,5800
2008/02/19,9600,6100
2008/02/20,9125,5780
2008/02/21,9200,5700
2008/02/22,9149,5640
2008/02/25,9300,5774
2008/02/26,9420,5840
2008/02/27,9400,5700
2008/02/28,9600,5991
2008/02/29,9850,6200
2008/03/03,9840,6050
2008/03/04,9549,5800
2008/03/05,9285,5600
2008/03/06,9300,5593
2008/03/07,9200,5350
2008/03/10,8810,5200
2008/03/11,8801,5250
2008/03/12,9050,5400
2008/03/13,9100,5430
2008/03/14,9180,5650
2008/03/17,8900,5400
2008/03/18,9180,5600
2008/03/19,9300,5500
2008/03/20,8900,5415
2008/03/25,9250,5650
2008/03/26,9100,5998
2008/03/27,9200,5950
2008/03/28,9400,6014
2008/03/31,9550,5800
2008/04/01,9550,6000
2008/04/02,9500,6150
2008/04/03,9633,6150
2008/04/04,9597,5900
2008/04/07,9600,5987
2008/04/08,9399,5750
2008/04/09,9550,5800
2008/04/10,9400,5830
2008/04/11,9450,5850
2008/04/14,9349,5770
2008/04/15,9100,5726
2008/04/16,8802,5425
2008/04/17,8900,5705
2008/04/18,9200,5890
2008/04/21,9200,6125
2008/04/22,9140,5990
2008/04/23,9350,6080
2008/04/24,9150,5900
2008/04/25,9000,5900
2008/04/29,8850,5780
2008/04/30,8850,5705
2008/05/05,9000,5700
2008/05/06,8855,5725
2008/05/07,8650,5700
2008/05/08,8850,5750
2008/05/09,8600,5740
2008/05/12,8395,5700
2008/05/13,8250,5700
2008/05/14,8790,5775
2008/05/15,9000,5899
2008/05/16,9000,5945
2008/05/19,9500,6300
2008/05/20,9490,6450
2008/05/21,9530,6400
2008/05/22,9550,6401
2008/05/23,9600,6450
2008/05/26,9350,6460
2008/05/27,9430,6760
2008/05/28,9300,6830
2008/05/29,8995,6575
2008/05/30,8800,6525
2008/06/02,8500,6410
2008/06/03,8751,6346
2008/06/04,8690,6300
2008/06/05,8800,6490
2008/06/06,8750,6351
2008/06/09,8570,6440
2008/06/10,8599,6290
2008/06/11,8501,6199
2008/06/12,9001,6325
2008/06/13,9050,6416
2008/06/17,8670,6099
2008/06/18,8685,6090
2008/06/19,8510,5990
2008/06/20,8517,5857
2008/06/23,8504,5765
2008/06/24,8495,5638
2008/06/25,8700,5700
2008/06/26,8571,5960
2008/06/27,8700,5654
2008/06/30,8699,5800
2008/07/01,8320,5700
2008/07/02,8440,5800
2008/07/03,8056,5668
2008/07/04,8000,5365
2008/07/07,7850,5225
2008/07/08,7851,5200
2008/07/09,7850,5200
2008/07/10,8060,5480
2008/07/11,7900,5500
2008/07/14,7950,5300
2008/07/15,7650,5000
2008/07/16,7900,5176
2008/07/17,8900,5900
2008/07/18,8521,5800
2008/07/21,8500,5615
2008/07/22,8560,5500
2008/07/23,8650,5500
2008/07/24,8900,5698
2008/07/25,8851,5625
2008/07/28,8895,5700
2008/07/29,9119,5705
2008/07/30,9495,5960
2008/07/31,9600,6200
2008/08/01,9044,5900
2008/08/04,9005,5857
2008/08/05,9188,5850
2008/08/06,9000,5770
2008/08/07,8610,5500
2008/08/08,9500,5700
2008/08/11,9310,5850
2008/08/12,9150,5750
2008/08/13,9200,5900
2008/08/14,9500,6350
2008/08/15,9398,6230
2008/08/18,9200,6100
2008/08/19,9050,5920
2008/08/20,9175,6125
2008/08/21,9020,6695
2008/08/22,9445,6700
2008/08/25,9350,6460
2008/08/26,9660,6495
2008/08/27,10250,6680
2008/08/28,10630,6934
2008/08/29,10400,6620
2008/09/01,10000,6859
2008/09/02,10100,6950
2008/09/03,10151,6930
2008/09/04,10100,6845
2008/09/05,10000,6501
2008/09/08,10200,6900
2008/09/09,10500,6992
2008/09/10,10200,6700
2008/09/11,9903,6300
2008/09/12,9900,6200
2008/09/15,9699,6410
2008/09/16,9580,6613
2008/09/17,9100,6420
2008/09/18,9135,6200
2008/09/19,9900,6600
2008/09/22,10100,6305
2008/09/23,9300,6030
2008/09/25,9301,6115
2008/09/26,9599,6160
2008/09/29,9205,6025
2008/09/30,9590,6250
2008/10/01,9651,6000
2008/10/02,9060,5900
2008/10/03,9140,5990
2008/10/06,8380,5599
2008/10/07,8500,5745
2008/10/08,8010,5200
2008/10/09,8000,5155
2008/10/10,7551,5007
2008/10/13,7550,5299
2008/10/14,7750,5301
2008/10/15,6990,4450
2008/10/16,6320,4240
2008/10/17,6025,4102
2008/10/20,5990,4156
2008/10/21,6465,4530
2008/10/22,6305,4540
2008/10/23,6200,4280
2008/10/24,6000,4140
2008/10/27,6000,3930
2008/10/28,6270,4300
2008/10/29,6299,4400
2008/10/30,6540,4510
2008/10/31,6598,4799
2008/11/03,6490,4421
2008/11/04,6535,4200
2008/11/05,6200,3950
2008/11/06,5750,3655
2008/11/07,5650,3450
2008/11/10,5800,3630
2008/11/11,5541,3585
2008/11/12,5180,3350
2008/11/13,4900,3170
2008/11/14,4800,3066
2008/11/17,4400,2975
2008/11/18,4325,2854
2008/11/19,4390,2801
2008/11/20,4220,2575
2008/11/21,3900,2606
2008/11/24,4350,2840
2008/11/25,4424,3000
2008/11/26,4601,3195
2008/11/27,5000,3170
2008/11/28,4890,2900
2008/12/01,4530,2775
2008/12/02,4050,2499
2008/12/03,3950,2415
2008/12/04,4100,2620
2008/12/05,3895,2750
2008/12/08,4141,2865
2008/12/09,4225,2876
2008/12/10,4400,3133
2008/12/11,4800,3130
2008/12/12,4680,2949
2008/12/15,4450,2800
2008/12/17,4515,2663
2008/12/18,4737,2920
2008/12/19,4510,2805
2008/12/22,4700,2980
2008/12/23,4802,3066
2008/12/24,4880,3100
2008/12/29,4800,3155
2008/12/30,4800,3100
2008/12/31,4800,3072
2009/01/02,4869,3052
2009/01/05,5100,3150
2009/01/06,5300,3320
2009/01/07,4900,3152
2009/01/08,4920,3150
2009/01/09,5010,3211
2009/01/12,5000,3284
2009/01/13,4840,3110
2009/01/14,4700,3035
2009/01/15,4650,3001
2009/01/16,4600,3009
2009/01/19,4400,2850
2009/01/20,4390,2740
2009/01/21,4430,2700
2009/01/22,4350,2635
2009/01/23,4300,2545
2009/01/26,4450,2650
2009/01/27,4325,2650
2009/01/28,4420,2700
2009/01/29,4397,2698
2009/01/30,4320,2640
2009/02/02,4100,2500
2009/02/03,4100,2425
2009/02/04,4170,2490
2009/02/05,4201,2512
2009/02/06,4340,2600
2009/02/09,4330,2757
2009/02/10,4350,2783
2009/02/11,4285,2800
2009/02/12,4250,2800
2009/02/13,4000,2650
2009/02/16,3939,2670
2009/02/17,3650,2550
2009/02/18,3499,2444
2009/02/19,3500,2460
2009/02/20,3498,2365
2009/02/23,3750,2549
2009/02/24,3650,2505
2009/02/25,3739,2600
2009/02/26,3700,2576
2009/02/27,3706,2575
2009/03/02,3759,2580
2009/03/03,3775,2580
2009/03/04,3850,2690
2009/03/05,3850,2625
2009/03/06,3900,2643
2009/03/09,3900,2650
2009/03/10,3800,2700
2009/03/11,3940,2779
2009/03/12,3880,2679
2009/03/13,3945,2689
2009/03/16,3995,2690
2009/03/17,4080,2700
2009/03/18,4175,2765
2009/03/19,4325,2815
2009/03/20,4350,2850
2009/03/23,4380,2861
2009/03/24,4020,2800
2009/03/25,4200,2815
2009/03/26,4162,2790
2009/03/27,4113,2665
2009/03/30,3960,2652
2009/03/31,4050,2605
2009/04/01,4300,2790
2009/04/02,4400,2850
2009/04/03,4360,2850
2009/04/06,4300,2878
2009/04/07,4400,2829
2009/04/08,4300,2830
2009/04/09,4400,2900
2009/04/14,4650,3040
2009/04/15,4500,2900
2009/04/16,4285,2850
2009/04/17,4165,2830
2009/04/20,4005,2817
2009/04/21,4214,2868
2009/04/23,4600,3039
2009/04/24,4700,3140
2009/04/28,4750,3130
2009/04/29,4831,3200
2009/04/30,4775,3270
2009/05/04,5020,3399
2009/05/05,5194,3400
2009/05/06,4811,3250
2009/05/07,4700,3150
2009/05/08,4649,3180
2009/05/11,4600,3180
2009/05/12,4665,3039
2009/05/13,4529,2950
2009/05/14,4440,2897
2009/05/15,4617,2900
2009/05/18,4540,2965
2009/05/19,5000,3140
2009/05/20,5095,3193
2009/05/21,4865,3151
2009/05/22,4800,3210
2009/05/25,4899,3265
2009/05/26,4960,3280
2009/05/27,5145,3425
2009/05/28,5000,3436
2009/05/29,4981,3490
2009/06/01,5130,3700
2009/06/02,4982,3690
2009/06/03,5010,3600
2009/06/04,5101,3575
2009/06/05,5051,3600
2009/06/08,5000,3560
2009/06/09,5080,3599
2009/06/10,5200,3640
2009/06/11,5150,3610
2009/06/12,5200,3605
2009/06/15,5145,3560
2009/06/17,5035,3510
2009/06/18,4984,3530
2009/06/19,5047,3518
2009/06/22,4870,3365
2009/06/23,4740,3300
2009/06/24,4700,3290
2009/06/25,4723,3330
2009/06/26,4905,3400
2009/06/29,4925,3490
2009/06/30,5000,3500
2009/07/01,5043,3479
2009/07/02,4900,3450
2009/07/03,4740,3366
2009/07/06,4683,3280
2009/07/07,4745,3340
2009/07/08,4790,3300
2009/07/09,4870,3402
2009/07/10,4880,3463
2009/07/13,4970,3495
2009/07/14,4959,3536
2009/07/15,5020,3585
2009/07/16,5040,3650
2009/07/17,5000,3560
2009/07/20,5099,3620
2009/07/21,5035,3700
2009/07/22,4970,3685
2009/07/23,4990,3720
2009/07/24,5149,3700
2009/07/27,4925,3664
2009/07/28,4799,3520
2009/07/29,4700,3535
2009/07/30,4798,3600
2009/07/31,4745,3700
2009/08/03,4895,3750
2009/08/04,4915,3850
2009/08/05,5077,3996
2009/08/06,5085,4021
2009/08/07,5080,3960
2009/08/11,4900,3800
2009/08/12,4750,3700
2009/08/13,4900,3790
2009/08/14,4899,3860
2009/08/17,4600,3675
2009/08/18,4771,3770
2009/08/19,4868,3705
2009/08/20,4810,3700
2009/08/21,4802,3781
2009/08/24,4850,3800
2009/08/25,4700,3730
2009/08/26,4775,3700
2009/08/27,4895,3770
2009/08/28,5180,3910
2009/08/31,5500,4120
2009/09/01,5350,3999
2009/09/02,5175,3800
2009/09/03,5313,3804
2009/09/04,5359,3900
2009/09/07,5180,3880
2009/09/08,5225,3825
2009/09/09,5561,4030
2009/09/10,5780,4190
2009/09/11,6270,4420
2009/09/14,6100,4221
2009/09/15,6015,4250
2009/09/16,6301,4450
2009/09/17,6600,4700
2009/09/18,6450,4599
2009/09/21,6280,4370
2009/09/22,6330,4575
2009/09/23,6300,4550
2009/09/25,6275,4611
2009/09/28,6180,4524
2009/09/29,6096,4490
2009/09/30,5935,4325
2009/10/01,5995,4470
2009/10/02,6000,4247
2009/10/05,5761,4250
2009/10/06,5770,4270
2009/10/07,5806,4330
2009/10/08,5900,4420
2009/10/09,5900,4398
2009/10/12,5887,4295
2009/10/13,5813,4187
2009/10/14,5800,4139
2009/10/15,5730,4290
2009/10/16,5730,4190
2009/10/19,5856,4250
2009/10/20,5949,4200
2009/10/21,5680,4105
2009/10/22,5729,4186
2009/10/23,5725,4155
2009/10/26,5725,4200
2009/10/27,5480,4032
2009/10/28,5460,3851
2009/10/29,5549,4024
2009/10/30,5638,4175
2009/11/02,5510,4001
2009/11/03,5465,3960
2009/11/04,5600,3960
2009/11/05,5465,3960
2009/11/06,5450,3980
2009/11/09,5410,3955
2009/11/10,5395,4148
2009/11/11,5600,4134
2009/11/12,5625,4155
2009/11/13,5520,4111
2009/11/16,5525,4126
2009/11/17,5580,4090
2009/11/18,5480,4098
2009/11/19,5425,4010
2009/11/20,5470,3955
2009/11/23,5448,3990
2009/11/24,5285,3940
2009/11/25,5100,3870
2009/11/26,4860,3705
2009/11/27,4840,3711
2009/11/30,4784,3700
2009/12/01,4850,3779
2009/12/02,4780,3750
2009/12/03,4700,3715
2009/12/04,4725,3710
2009/12/07,4599,3700
2009/12/08,4500,3670
2009/12/09,4400,3760
2009/12/10,4500,3900
2009/12/11,4500,3944
2009/12/14,4719,3914
2009/12/15,4599,3940
2009/12/17,4460,3940
2009/12/18,4510,3978
2009/12/21,4460,3923
2009/12/22,4500,3901
2009/12/23,4485,3900
2009/12/24,4538,3900
2009/12/28,4574,3982
2009/12/29,4475,3900
2009/12/30,4520,3990
2009/12/31,4648,3990
2010/01/04,4680,3970
2010/01/05,4575,4020
2010/01/06,4569,3954
2010/01/07,4549,3960
2010/01/08,4525,3960
2010/01/11,4530,3970
2010/01/12,4470,3905
2010/01/13,4330,3840
2010/01/14,4425,3870
2010/01/15,4400,3849
2010/01/18,4396,3850
2010/01/19,4399,3855
2010/01/20,4340,3900
2010/01/21,4299,3800
2010/01/22,4190,3680
2010/01/25,4200,3747
2010/01/26,4040,3615
2010/01/27,4000,3550
2010/01/28,3950,3561
2010/01/29,3952,3550
2010/02/01,4020,3530
2010/02/02,4120,3600
2010/02/03,4332,3700
2010/02/04,4300,3655
2010/02/05,4173,3576
2010/02/08,4200,3598
2010/02/09,4220,3702
2010/02/10,4280,3865
2010/02/11,4241,3790
2010/02/12,4131,3660
2010/02/15,4218,3690
2010/02/16,4175,3680
2010/02/17,4469,3860
2010/02/18,4170,3835
2010/02/19,3953,3742
2010/02/22,4020,3817
2010/02/23,3989,3775
2010/02/24,3905,3750
2010/02/25,3835,3743
2010/02/26,3860,3740
2010/03/01,3750,3765
2010/03/02,3830,3840
2010/03/03,3920,3850
2010/03/04,3890,3860
2010/03/05,3850,3835
2010/03/08,3980,3960
2010/03/09,3835,3911
2010/03/10,3850,3998
2010/03/11,3830,3960
2010/03/12,3800,3978
2010/03/15,3790,4015
2010/03/16,3850,4000
2010/03/17,3900,3950
2010/03/18,3915,3750
2010/03/19,3830,3549
2010/03/23,3860,3571
2010/03/24,3941,3555
2010/03/25,4100,3600
2010/03/26,4230,3640
2010/03/29,4390,3736
2010/03/30,4362,3780
2010/03/31,4329,3760
2010/04/01,4292,3740
2010/04/06,4550,3860
2010/04/07,4661,3900
2010/04/08,4675,3880
2010/04/09,4699,3940
2010/04/12,4600,3832
2010/04/13,4580,3860
2010/04/14,4645,3802
2010/04/15,4620,3777
2010/04/16,4602,3770
2010/04/19,4499,3750
2010/04/20,4490,3795
2010/04/21,4400,3790
2010/04/22,4300,3750
2010/04/23,4297,3800
2010/04/26,4300,3830
2010/04/28,4220,3750
2010/04/29,4220,3746
2010/04/30,4140,3720
2010/05/03,4100,3750
2010/05/04,4089,3762
2010/05/05,4102,3720
2010/05/06,4000,3813
2010/05/07,3804,3657
2010/05/10,4020,3729
2010/05/11,4030,3800
2010/05/12,4165,3947
2010/05/13,4100,3917
2010/05/14,4020,3800
2010/05/17,4000,3795
2010/05/18,4000,3732
2010/05/19,3950,3706
2010/05/20,3840,3650
2010/05/21,3882,3527
2010/05/24,3931,3600
2010/05/25,3830,3521
2010/05/26,3975,3500
2010/05/27,4103,3660
2010/05/28,4130,3626
2010/05/31,4158,3650
2010/06/01,4060,3623
2010/06/02,4099,3627
2010/06/03,4040,3631
2010/06/04,3880,3545
2010/06/07,3850,3450
2010/06/08,3870,3421
2010/06/09,3890,3499
2010/06/10,3900,3560
2010/06/11,3930,3500
2010/06/14,3950,3530
2010/06/15,3957,3520
2010/06/17,4070,3570
2010/06/18,4179,3516
2010/06/21,4089,3485
2010/06/22,4140,3450
2010/06/23,3970,3430
2010/06/24,4010,3530
2010/06/25,3980,3510
2010/06/28,4001,3450
2010/06/29,3939,3400
2010/06/30,3880,3445
2010/07/01,3811,3343
2010/07/02,3889,3372
2010/07/05,3765,3377
2010/07/06,3825,3340
2010/07/07,3755,3265
2010/07/08,3735,3289
2010/07/09,3780,3325
2010/07/12,3840,3360
2010/07/13,3850,3345
2010/07/14,3901,3370
2010/07/15,3905,3351
2010/07/16,3910,3330
2010/07/19,3904,3305
2010/07/20,3930,3353
2010/07/21,4003,3394
2010/07/22,3970,3495
2010/07/23,3930,3535
2010/07/26,4010,3620
2010/07/27,4040,3680
2010/07/28,4165,3700
2010/07/29,4279,3630
2010/07/30,4202,3602
2010/08/02,4243,3660
2010/08/03,4221,3677
2010/08/04,4219,3670
2010/08/05,4215,3687
2010/08/06,4275,3775
2010/08/10,4189,3719
2010/08/11,4109,3731
2010/08/12,4129,3730
2010/08/13,4150,3756
2010/08/16,4201,3737
2010/08/17,4250,3799
2010/08/18,4080,3728
2010/08/19,4130,3714
2010/08/20,4100,3679
2010/08/23,4130,3656
2010/08/24,4097,3620
2010/08/25,4038,3550
2010/08/26,4200,3610
2010/08/27,4100,3671
2010/08/30,4150,3725
2010/08/31,4150,3800
2010/09/01,4085,3800
2010/09/02,4070,3760
2010/09/03,4065,3790
2010/09/06,4065,3799
2010/09/07,4047,3750
2010/09/08,3995,3759
2010/09/09,3999,3790
2010/09/10,4050,3836
2010/09/13,4059,3940
2010/09/14,4080,3930
2010/09/15,4048,3900
2010/09/16,4056,3917
2010/09/17,4075,3900
2010/09/20,4070,3931
2010/09/21,4174,4035
2010/09/22,4106,4006
2010/09/23,4171,4057
2010/09/27,4198,4189
2010/09/28,4290,4186
2010/09/29,4351,4300
2010/09/30,4490,4350
2010/10/01,4470,4230
2010/10/04,4500,4250
2010/10/05,4440,4274
2010/10/06,4439,4300
2010/10/07,4440,4187
2010/10/08,4400,4202
2010/10/11,4360,4075
2010/10/12,4293,4120
2010/10/13,4438,4125
2010/10/14,4456,4170
2010/10/15,4501,4140
2010/10/18,4565,4219
2010/10/19,4500,4203
2010/10/20,4535,4209
2010/10/21,4510,4217
2010/10/22,4447,4275
2010/10/25,4430,4355
2010/10/26,4418,4406
2010/10/27,4400,4400
2010/10/28,4275,4370
2010/10/29,4340,4400
2010/11/01,4369,4403
2010/11/02,4440,4450
2010/11/03,4380,4500
2010/11/04,4340,4470
2010/11/05,4283,4403
2010/11/08,4290,4420
2010/11/09,4290,4390
2010/11/10,4299,4403
2010/11/11,4249,4326
2010/11/12,4200,4400
2010/11/15,4189,4365
2010/11/16,4095,4331
2010/11/17,4077,4300
2010/11/18,4094,4355
2010/11/19,4087,4328
2010/11/22,4060,4320
2010/11/23,4012,4325
2010/11/24,4000,4255
2010/11/25,3970,4263
2010/11/26,3925,4178
2010/11/29,3900,4051
2010/11/30,3849,4080
2010/12/01,3900,4130
2010/12/02,3890,4085
2010/12/03,3875,4065
2010/12/06,3890,4060
2010/12/07,3875,4060
2010/12/08,3885,4100
2010/12/09,3887,4100
2010/12/10,3900,4089
2010/12/13,3876,4050
2010/12/14,3859,4100
2010/12/15,3870,4147
2010/12/17,3920,4249
2010/12/20,3950,4239
2010/12/21,3845,4260
2010/12/22,3900,4269
2010/12/23,3921,4295
2010/12/24,3975,4288
2010/12/28,3974,4300
2010/12/29,3976,4300
2010/12/30,4010,4330
2010/12/31,4017,4325
2011/01/03,4000,4325
2011/01/04,3980,4362
2011/01/05,4000,4404
2011/01/06,4000,4400
2011/01/07,4059,4450
2011/01/10,3933,4379
2011/01/11,4001,4404
2011/01/12,4014,4390
2011/01/13,4031,4230
2011/01/14,4020,4290
2011/01/17,4025,4290
2011/01/18,3994,4197
2011/01/19,4006,4238
2011/01/20,4022,4200
2011/01/21,3990,4199
2011/01/24,3930,4100
2011/01/25,3960,4055
2011/01/26,3945,4050
2011/01/27,3965,4050
2011/01/28,3460,3950
2011/01/31,3110,3802
2011/02/01,2965,3625
2011/02/02,2956,3707
2011/02/03,3000,3722
2011/02/04,3061,3750
2011/02/07,3045,3793
2011/02/08,2995,3775
2011/02/09,2950,3700
2011/02/10,2970,3785
2011/02/11,3000,3814
2011/02/14,2955,3811
2011/02/15,2970,3725
2011/02/16,2905,3750
2011/02/17,2910,3740
2011/02/18,2875,3723
2011/02/21,2875,3720
2011/02/22,2801,3655
2011/02/23,2741,3660
2011/02/24,2497,3560
2011/02/25,2507,3617
2011/02/28,2500,3658
2011/03/01,2400,3604
2011/03/02,2315,3650
2011/03/03,2400,3635
2011/03/04,2460,3627
2011/03/07,2508,3650
2011/03/08,2600,3750
2011/03/09,2590,3775
2011/03/10,2570,3745
2011/03/11,2534,3700
2011/03/14,2540,3565
2011/03/15,2460,3553
2011/03/16,2508,3475
2011/03/17,2500,3461
2011/03/18,2625,3538
2011/03/22,2692,3493
2011/03/23,2600,3519
2011/03/24,2600,3500
2011/03/25,2560,3550
2011/03/28,2617,3475
2011/03/29,2646,3500
2011/03/30,2675,3500
2011/03/31,2654,3567
2011/04/01,2690,3580
2011/04/04,2700,3625
2011/04/05,2700,3650
2011/04/06,2750,3675
2011/04/07,2800,3706
2011/04/08,2815,3700
2011/04/11,2765,3650
2011/04/12,2700,3556
2011/04/13,2722,3595
2011/04/14,2700,3518
2011/04/15,2645,3541
2011/04/18,2528,3467
2011/04/19,2508,3501
2011/04/20,2505,3510
2011/04/21,2510,3560
2011/04/26,2510,3508
2011/04/28,2485,3480
2011/04/29,2520,3487
2011/05/03,2500,3532
2011/05/04,2514,3515
2011/05/05,2527,3500
2011/05/06,2626,3464
2011/05/09,2620,3425
2011/05/10,2602,3444
2011/05/11,2630,3420
2011/05/12,2651,3375
2011/05/13,2660,3460
2011/05/16,2658,3395
2011/05/17,2665,3430
2011/05/19,2680,3407
2011/05/20,2660,3335
2011/05/23,2638,3379
2011/05/24,2685,3376
2011/05/25,2715,3385
2011/05/26,2749,3410
2011/05/27,2804,3429
2011/05/30,2817,3556
2011/05/31,2811,3575
2011/06/01,2821,3560
2011/06/02,2751,3540
2011/06/03,2754,3515
2011/06/06,2760,3510
2011/06/07,2920,3610
2011/06/08,2927,3610
2011/06/09,2970,3507
2011/06/10,2982,3560
2011/06/13,2980,3505
2011/06/14,2980,3548
2011/06/15,2855,3411
2011/06/17,2820,3447
2011/06/20,2776,3417
2011/06/21,2850,3475
2011/06/22,2828,3468
2011/06/23,2765,3400
2011/06/24,2775,3446
2011/06/27,2750,3483
2011/06/28,2782,3560
2011/06/29,2970,3578
2011/06/30,3000,3580
2011/07/01,3000,3620
2011/07/04,3011,3640
2011/07/05,3021,3688
2011/07/06,2998,3660
2011/07/07,3030,3650
2011/07/08,3040,3675
2011/07/11,2996,3660
2011/07/12,2980,3589
2011/07/13,3080,3600
2011/07/14,3076,3644
2011/07/15,3090,3675
2011/07/18,3050,3644
2011/07/19,3050,3630
2011/07/20,2930,3600
2011/07/21,2920,3600
2011/07/22,3025,3600
2011/07/25,2970,3586
2011/07/26,3003,3590
2011/07/27,3060,3600
2011/07/28,3052,3600
2011/07/29,3080,3578
2011/08/01,3050,3523
2011/08/02,2992,3538
2011/08/03,2965,3540
2011/08/04,2907,3488
2011/08/05,2838,3334
2011/08/08,2798,3438
2011/08/10,2729,3369
2011/08/11,2775,3480
2011/08/12,2750,3385
2011/08/15,2760,3390
2011/08/16,2732,3336
2011/08/17,2800,3352
2011/08/18,2720,3240
2011/08/19,2690,3255
2011/08/22,2769,3292
2011/08/23,2750,3187
2011/08/24,2771,3251
2011/08/25,2752,3300
2011/08/26,2745,3300
2011/08/29,2756,3291
2011/08/30,2765,3311
2011/08/31,2781,3400
2011/09/01,2712,3355
2011/09/02,2730,3328
2011/09/05,2695,3352
2011/09/06,2662,3320
2011/09/07,2653,3378
2011/09/08,2680,3380
2011/09/09,2682,3374
2011/09/12,2600,3310
2011/09/13,2607,3310
2011/09/14,2601,3380
2011/09/15,2611,3499
2011/09/16,2624,3600
2011/09/19,2630,3570
2011/09/20,2655,3580
2011/09/21,2626,3577
2011/09/22,2600,3425
2011/09/23,2600,3400
2011/09/26,2679,3481
2011/09/27,2722,3539
2011/09/28,2670,3481
2011/09/29,2675,3400
2011/09/30,2600,3451
2011/10/03,2695,3470
2011/10/04,2650,3398
2011/10/05,2600,3375
2011/10/06,2615,3400
2011/10/07,2600,3500
2011/10/10,2617,3395
2011/10/11,2612,3510
2011/10/12,2600,3553
2011/10/13,2640,3575
2011/10/14,2700,3613
2011/10/17,2660,3540
2011/10/18,2560,3503
2011/10/19,2520,3520
2011/10/20,2462,3541
2011/10/21,2450,3569
2011/10/24,2449,3604
2011/10/25,2399,3621
2011/10/26,2350,3587
2011/10/27,2390,3638
2011/10/28,2390,3720
2011/10/31,2420,3710
2011/11/01,2447,3700
2011/11/02,2510,3735
2011/11/03,2493,3807
2011/11/04,2470,3855
2011/11/07,2440,3831
2011/11/08,2444,3850
2011/11/09,2436,3799
2011/11/10,2447,3699
2011/11/11,2448,3742
2011/11/14,2447,3709
2011/11/15,2500,3710
2011/11/16,2505,3710
2011/11/17,2521,3691
2011/11/18,2480,3645
2011/11/21,2445,3608
2011/11/22,2450,3586
2011/11/23,2376,3520
2011/12/02,2376,3520
2011/12/05,2376,3520
2011/12/06,2376,3520
2011/12/07,2376,3520
2011/12/08,2376,3520
2011/12/09,2376,3520
2011/12/12,2376,3520
2011/12/13,2515,3375
2011/12/14,2402,3270
2011/12/15,2381,3200
2011/12/19,2470,3210
2011/12/20,2462,3190
2011/12/21,2530,3269
2011/12/22,2590,3250
2011/12/23,2585,3280
2011/12/28,2600,3259
2011/12/29,2590,3300
2011/12/30,2565,3300
2012/01/03,2600,3341
2012/01/04,2615,3370
2012/01/05,2635,3370
2012/01/06,2669,3390
2012/01/09,2643,3385
2012/01/10,2634,3384
2012/01/11,2632,3400
2012/01/12,2700,3430
2012/01/13,2669,3466
2012/01/16,2657,3455
2012/01/17,2607,3435
2012/01/18,2613,3475
2012/01/19,2599,3458
2012/01/20,2620,3450
2012/01/23,2644,3435
2012/01/24,2640,3445
2012/01/25,2640,3478
2012/01/26,2710,3504
2012/01/27,2790,3501
2012/01/30,2800,3500
2012/01/31,2680,3477
2012/02/01,2688,3438
2012/02/02,2665,3400
2012/02/03,2680,3425
2012/02/06,2678,3394
2012/02/07,2680,3360
2012/02/08,2700,3432
2012/02/09,2785,3470
2012/02/10,2830,3496
2012/02/13,2794,3497
2012/02/14,2795,3462
2012/02/15,2794,3465
2012/02/16,2795,3435
2012/02/17,2780,3485
2012/02/20,2785,3500
2012/02/21,2777,3513
2012/02/22,2830,3588
2012/02/23,2799,3460
2012/02/24,2800,3529
2012/02/27,2795,3530
2012/02/28,2830,3557
2012/02/29,2900,3620
2012/03/01,2900,3660
2012/03/02,2853,3600
2012/03/05,2850,3609
2012/03/06,2800,3572
2012/03/07,2773,3550
2012/03/08,2840,3600
2012/03/09,2925,3670
2012/03/12,2962,3670
2012/03/13,3106,3718
2012/03/14,3025,3812
2012/03/15,2985,3795
2012/03/16,2877,3754
2012/03/19,2790,3720
2012/03/20,2750,3760
2012/03/22,2761,3696
2012/03/23,2850,3767
2012/03/26,2785,3765
2012/03/27,2811,3863
2012/03/28,2850,3900
2012/03/29,2800,3893
2012/03/30,2810,3909
2012/04/02,2810,3899
2012/04/03,2796,3910
2012/04/04,2810,3916
2012/04/05,2880,3987
2012/04/10,2830,4045
2012/04/11,2810,4060
2012/04/12,2815,4124
2012/04/13,2830,4190
2012/04/16,2800,4195
2012/04/17,2800,4260
2012/04/18,2800,4150
2012/04/19,2756,4130
2012/04/20,2836,4098
2012/04/23,2729,4025
2012/04/24,2751,4006
2012/04/25,2800,4010
2012/04/26,2819,3896
2012/04/30,2859,3976
2012/05/02,2820,3960
2012/05/03,2824,3930
2012/05/04,2824,3860
2012/05/07,2835,3930
2012/05/08,2800,3895
2012/05/09,2750,3854
2012/05/10,2650,3840
2012/05/11,2711,3827
2012/05/14,2696,3740
2012/05/15,2702,3651
2012/05/16,2711,3741
2012/05/17,2700,3776
2012/05/18,2688,3698
2012/05/21,2700,3700
2012/05/22,2691,3740
2012/05/23,2621,3697
2012/05/24,2629,3732
2012/05/25,2626,3800
2012/05/28,2679,3850
2012/05/29,2700,3800
2012/05/30,2678,3788
2012/05/31,2680,3850
2012/06/01,2630,3840
2012/06/04,2610,3817
2012/06/05,2647,3792
2012/06/06,2635,3775
2012/06/07,2687,3876
2012/06/08,2689,3822
2012/06/11,2693,3812
2012/06/12,2755,3860
2012/06/13,2730,3865
2012/06/14,2710,3864
2012/06/15,2741,3884
2012/06/18,2774,3859
2012/06/19,2740,3929
2012/06/20,2700,3914
2012/06/21,2654,3835
2012/06/22,2590,3755
2012/06/25,2511,3720
2012/06/26,2507,3765
2012/06/27,2483,3600
2012/06/28,2390,3590
2012/06/29,2471,3580
2012/07/02,2450,3579
2012/07/03,2500,3581
2012/07/04,2480,3670
2012/07/05,2508,3670
2012/07/06,2500,3670
2012/07/09,2490,3500
2012/07/10,2490,3495
2012/07/11,2461,3440
2012/07/12,2440,3420
2012/07/13,2433,3450
2012/07/16,2415,3450
2012/07/17,2350,3450
2012/07/18,2349,3398
2012/07/19,2350,3395
2012/07/20,2343,3316
2012/07/23,2277,3288
2012/07/24,2298,3331
2012/07/25,2290,3389
2012/07/26,2290,3337
2012/07/27,2340,3475
2012/07/30,2310,3441
2012/07/31,2355,3600
2012/08/01,2320,3570
2012/08/02,2330,3650
2012/08/03,2345,3580
2012/08/06,2325,3540
2012/08/07,2335,3490
2012/08/08,2340,3492
2012/08/10,2345,3502
2012/08/13,2342,3520
2012/08/14,2355,3575
2012/08/15,2335,3476
2012/08/16,2348,3440
2012/08/17,2310,3328
2012/08/20,2310,3288
2012/08/21,2300,3280
2012/08/22,2273,3189
2012/08/23,2282,3195
2012/08/24,2230,3165
2012/08/27,2214,3151
2012/08/28,2215,3175
2012/08/29,2180,3255
2012/08/30,2120,3080
2012/08/31,2181,3077
2012/09/03,2239,3059
2012/09/04,2175,3039
2012/09/05,2170,3030
2012/09/06,2207,3070
2012/09/07,2311,3170
2012/09/10,2329,3129
2012/09/11,2298,3122
2012/09/12,2330,3125
2012/09/13,2240,3122
2012/09/14,2348,3175
2012/09/17,2374,3144
2012/09/18,2391,3135
2012/09/19,2364,3201
2012/09/20,2305,3180
2012/09/21,2290,3132
2012/09/25,2289,3124
2012/09/26,2232,3100
2012/09/27,2270,3163
2012/09/28,2211,3129
2012/10/01,2194,3128
2012/10/02,2234,3148
2012/10/03,2190,3129
2012/10/04,2220,3123
2012/10/05,2210,3150
2012/10/08,2125,3085
2012/10/09,2125,3046
2012/10/10,2108,3040
2012/10/11,2131,3055
2012/10/12,2125,3105
2012/10/15,2126,3070
2012/10/16,2190,3090
2012/10/17,2200,3204
2012/10/18,2209,3175
2012/10/19,2170,3192
2012/10/22,2140,3160
2012/10/23,2144,3170
2012/10/24,2177,3150
2012/10/25,2175,3110
2012/10/26,2174,3045
2012/10/29,2140,3060
2012/10/30,2165,3100
2012/10/31,2245,3094
2012/11/01,2187,3100
2012/11/02,2269,3179
2012/11/05,2265,3120
2012/11/06,2258,3080
2012/11/07,2249,3050
2012/11/08,2249,2992
2012/11/09,2184,2890
2012/11/12,2150,2823
2012/11/13,2111,2800
2012/11/14,2135,2765
2012/11/15,2160,2779
2012/11/16,2159,2748
2012/11/19,2180,2735
2012/11/21,2170,2657
2012/11/22,2223,2635
2012/11/23,2260,2600
2012/11/24,2260,2600
2012/11/25,2260,2600
2012/11/26,2215,2569
2012/11/27,2215,2630
2012/11/28,2130,2602
2012/11/29,2157,2599
2012/11/30,2145,2691
2012/12/03,2116,2652
2012/12/04,2130,2757
2012/12/05,2155,2750
2012/12/06,2152,2710
2012/12/07,2155,2700
2012/12/10,2197,2725
2012/12/11,2235,2815
2012/12/12,2363,2979
2012/12/13,2389,3050
2012/12/14,2360,2974
2012/12/18,2361,2955
2012/12/19,2400,2964
2012/12/20,2450,2979
2012/12/21,2435,2990
2012/12/24,2420,2997
2012/12/27,2438,3037
2012/12/28,2449,3023
2012/12/31,2475,3066
2013/01/02,2430,3060
2013/01/03,2430,3063
2013/01/04,2487,3090
2013/01/07,2490,3189
2013/01/08,2500,3199
2013/01/09,2500,3176
2013/01/10,2507,3070
2013/01/11,2494,3100
2013/01/14,2500,3090
2013/01/15,2500,3107
2013/01/16,2413,3086
2013/01/17,2430,3060
2013/01/18,2450,2959
2013/01/21,2427,2857
2013/01/22,2450,2851
2013/01/23,2482,2840
2013/01/24,2465,2876
2013/01/25,2500,2926
2013/01/28,2500,2998
2013/01/29,2498,3000
2013/01/30,2513,3029
2013/01/31,2545,3125
2013/02/01,2527,3090
2013/02/04,2435,2966
2013/02/05,2447,2965
2013/02/06,2451,2973
2013/02/07,2455,2960
2013/02/08,2425,2965
2013/02/11,2424,2990
2013/02/12,2425,2960
2013/02/13,2450,3016
2013/02/14,2472,3250
2013/02/15,2452,3225
2013/02/18,2500,3175
2013/02/19,2500,3199
2013/02/20,2464,3188
2013/02/21,2450,3167
2013/02/22,2464,3114
2013/02/25,2498,3198
2013/02/26,2502,3162
2013/02/27,2464,3157
2013/02/28,2501,3280
2013/03/01,2470,3388
2013/03/04,2500,3484
2013/03/05,2507,3621
2013/03/06,2485,3574
2013/03/07,2450,3560
2013/03/08,2432,3568
2013/03/11,2479,3688
2013/03/12,2506,3740
2013/03/13,2452,3700
2013/03/14,2460,3700
2013/03/15,2415,3589
2013/03/18,2399,3580
2013/03/19,2417,3580
2013/03/20,2390,3500
2013/03/22,2323,3394
2013/03/25,2353,3365
2013/03/26,2370,3370
2013/03/27,2361,3295
2013/03/28,2349,3227
2013/04/02,2385,3230
2013/04/03,2343,3135
2013/04/04,2310,3090
2013/04/05,2325,3100
2013/04/08,2290,3118
2013/04/09,2309,3074
2013/04/10,2310,3108
2013/04/11,2300,3090
2013/04/12,2260,3048
2013/04/15,2165,2877
2013/04/16,2236,2990
2013/04/17,2252,3020
2013/04/18,2230,3036
2013/04/19,2272,3070
2013/04/22,2270,3100
2013/04/23,2282,3092
2013/04/24,2260,3090
2013/04/25,2294,3161
2013/04/26,2300,3115
2013/04/29,2275,3100
2013/04/30,2197,2950
2013/05/02,2200,3050
2013/05/03,2199,3032
2013/05/06,2224,3024
2013/05/07,2230,3052
2013/05/08,2245,3020
2013/05/09,2250,3005
2013/05/10,2258,3055
2013/05/13,2190,3051
2013/05/14,2151,3084
2013/05/15,2150,3068
2013/05/16,2177,2975
2013/05/17,2202,2826
2013/05/20,2165,2830
2013/05/21,2170,2820
2013/05/22,2200,2807
2013/05/23,2168,2806
2013/05/24,2190,2901
2013/05/27,2202,2900
2013/05/28,2190,2903
2013/05/29,2185,2905
2013/05/30,2202,2901
2013/05/31,2279,2910
2013/06/03,2220,2905
2013/06/04,2227,3060
2013/06/05,2250,3012
2013/06/06,2258,2880
2013/06/07,2286,2936
2013/06/10,2295,2914
2013/06/11,2257,2840
2013/06/12,2275,2808
2013/06/13,2409,2800
2013/06/14,2365,2810
2013/06/18,2429,2866
2013/06/19,2478,2885
2013/06/20,2472,2800
2013/06/21,2509,2785
2013/06/24,2531,2929
2013/06/25,2470,2825
2013/06/26,2441,2800
2013/06/27,2401,2955
2013/06/28,2513,2990
2013/07/01,2566,2975
2013/07/02,2599,2993
2013/07/03,2601,2886
2013/07/04,2625,2900
2013/07/05,2600,2875
2013/07/08,2623,2866
2013/07/09,2560,2828
2013/07/10,2560,2827
2013/07/11,2625,2854
2013/07/12,2634,2935
2013/07/15,2622,2955
2013/07/16,2600,2970
2013/07/17,2550,2985
2013/07/18,2517,2986
2013/07/19,2525,2965
2013/07/22,2576,3053
2013/07/23,2590,3155
2013/07/24,2555,3130
2013/07/25,2580,3096
2013/07/26,2580,3097
2013/07/29,2519,2990
2013/07/30,2519,2970
2013/07/31,2378,2929
2013/08/01,2495,2985
2013/08/02,2500,3015
2013/08/05,2388,2670
2013/08/06,2365,2600
2013/08/07,2496,2600
2013/08/08,2541,2629
2013/08/12,2590,2622
2013/08/13,2450,2650
2013/08/14,2468,2692
2013/08/15,2402,2714
2013/08/16,2360,2700
2013/08/19,2355,2732
2013/08/20,2390,2709
2013/08/21,2434,2738
2013/08/22,2428,2755
2013/08/23,2389,2722
2013/08/26,2530,2730
2013/08/27,2502,2720
2013/08/28,2395,2645
2013/08/29,2450,2660
2013/08/30,2590,2724
2013/09/02,2605,2725
2013/09/03,2745,2890
2013/09/04,2781,2915
2013/09/05,2800,2930
2013/09/06,2820,2960
2013/09/09,2815,2925
2013/09/10,2880,2840
2013/09/11,2846,2710
2013/09/12,2890,2700
2013/09/13,2869,2670
2013/09/16,2865,2620
2013/09/17,2850,2614
2013/09/18,2780,2550
2013/09/19,2788,2485
2013/09/20,2752,2520
2013/09/23,2743,2500
2013/09/25,2750,2535
2013/09/26,2725,2520
2013/09/27,2717,2500
2013/09/30,2750,2440
2013/10/01,2690,2430
2013/10/02,2740,2502
2013/10/03,2750,2529
2013/10/04,2731,2490
2013/10/07,2740,2575
2013/10/08,2808,2657
2013/10/09,2874,2780
2013/10/10,2840,2770
2013/10/11,2899,2845
2013/10/14,2838,2746
2013/10/15,2840,2766
2013/10/16,2882,2780
2013/10/17,2799,2690
2013/10/18,2790,2737
2013/10/21,2880,2850
2013/10/22,2910,2850
2013/10/23,2916,2875
2013/10/24,2940,2980
2013/10/25,2970,2970
2013/10/28,3030,3095
2013/10/29,3057,3000
2013/10/30,3070,2982
2013/10/31,3064,2950
2013/11/01,3030,2900
2013/11/04,3030,2955
2013/11/05,3040,3000
2013/11/06,3125,3040
2013/11/07,3130,3146
2013/11/08,3083,3060
2013/11/11,3100,3007
2013/11/12,3080,2971
2013/11/13,3070,2940
2013/11/14,3084,2900
2013/11/15,3100,3053
2013/11/18,3119,3124
2013/11/19,3042,3001
2013/11/20,3015,3134
2013/11/21,3039,3130
2013/11/22,3012,3100
2013/11/25,2970,3036
2013/11/26,2875,2947
2013/11/27,2851,2975
2013/11/28,2837,3000
2013/11/29,2870,2951
2013/12/02,2866,2992
2013/12/03,2867,2897
2013/12/04,2860,2968
2013/12/05,2805,2846
2013/12/06,2775,2930
2013/12/09,2745,2932
2013/12/10,2763,2950
2013/12/11,2775,2926
2013/12/12,2720,2799
2013/12/13,2700,2824
2013/12/17,2700,2933
2013/12/18,2700,2900
2013/12/19,2671,2783
2013/12/20,2680,2693
2013/12/23,2680,2698
2013/12/24,2680,2696
2013/12/27,2680,2679
2013/12/30,2741,2708
2013/12/31,2681,2644
2014/01/02,2750,2630
2014/01/03,2748,2587
2014/01/06,2707,2530
2014/01/07,2780,2579
2014/01/08,2790,2546
2014/01/09,2759,2580
2014/01/10,2699,2496
2014/01/13,2736,2517
2014/01/14,2738,2480
2014/01/15,2850,2508
2014/01/16,2820,2596
2014/01/17,2845,2554
2014/01/20,2830,2506
2014/01/21,2779,2504
2014/01/22,2756,2510
2014/01/23,2771,2531
2014/01/24,2782,2485
2014/01/27,2717,2417
2014/01/28,2752,2434
2014/01/29,2700,2381
2014/01/30,2600,2312
2014/01/31,2480,2335
2014/02/03,2487,2365
2014/02/04,2569,2364
2014/02/05,2587,2357
2014/02/06,2611,2345
2014/02/07,2630,2360
2014/02/10,2750,2395
2014/02/11,2767,2366
2014/02/12,2767,2350
2014/02/13,2685,2341
2014/02/14,2674,2354
2014/02/17,2683,2335
2014/02/18,2675,2275
2014/02/19,2605,2231
2014/02/20,2500,2205
2014/02/21,2573,2240
2014/02/24,2633,2230
2014/02/25,2620,2180
2014/02/26,2525,2254
2014/02/27,2526,2210
2014/02/28,2500,2220
2014/03/03,2500,2194
2014/03/04,2459,2125
2014/03/05,2450,2140
2014/03/06,2390,2178
2014/03/07,2350,2136
2014/03/10,2335,2085
2014/03/11,2300,2046
2014/03/12,2270,2072
2014/03/13,2254,2155
2014/03/14,2339,2235
2014/03/17,2300,2250
2014/03/18,2334,2205
2014/03/19,2303,2208
2014/03/20,2311,2114
2014/03/24,2336,2190
2014/03/25,2379,2200
2014/03/26,2470,2320
2014/03/27,2415,2217
2014/03/28,2454,2292
2014/03/31,2459,2266
2014/04/01,2465,2277
2014/04/02,2495,2430
2014/04/03,2469,2380
2014/04/04,2444,2357
2014/04/07,2475,2309
2014/04/08,2460,2289
2014/04/09,2455,2293
2014/04/10,2439,2280
2014/04/11,2400,2262
2014/04/14,2378,2288
2014/04/15,2335,2280
2014/04/16,2412,2300
2014/04/17,2410,2305
2014/04/22,2390,2272
2014/04/23,2460,2358
2014/04/24,2437,2297
2014/04/25,2480,2276
2014/04/29,2455,2287
2014/04/30,2460,2260
2014/05/02,2510,2280
2014/05/05,2510,2335
2014/05/06,2586,2320
2014/05/08,2597,2365
2014/05/09,2580,2375
2014/05/12,2583,2411
2014/05/13,2588,2443
2014/05/14,2634,2455
2014/05/15,2576,2399
2014/05/16,2587,2394
2014/05/19,2599,2435
2014/05/20,2598,2482
2014/05/21,2599,2400
2014/05/22,2589,2400
2014/05/23,2598,2389
2014/05/26,2552,2380
2014/05/27,2515,2354
2014/05/28,2558,2355
2014/05/29,2545,2375
2014/05/30,2550,2364
2014/06/02,2566,2350
2014/06/03,2510,2325
2014/06/04,2560,2300
2014/06/05,2509,2270
2014/06/06,2500,2266
2014/06/09,2525,2255
2014/06/10,2589,2265
2014/06/11,2570,2284
2014/06/12,2546,2282
2014/06/13,2573,2278
2014/06/17,2557,2303
2014/06/18,2485,2261
2014/06/19,2470,2269
2014/06/20,2473,2260
2014/06/23,2440,2286
2014/06/24,2458,2286
2014/06/25,2430,2281
2014/06/26,2425,2279
2014/06/27,2423,2265
2014/06/30,2431,2315
2014/07/01,2460,2350
2014/07/02,2440,2250
2014/07/03,2466,2394
2014/07/04,2430,2350
2014/07/07,2421,2380
2014/07/08,2418,2410
2014/07/09,2450,2400
2014/07/10,2423,2398
2014/07/11,2453,2430
2014/07/14,2469,2422
2014/07/15,2439,2344
2014/07/16,2355,2200
2014/07/17,2415,2227
2014/07/18,2399,2267
2014/07/21,2386,2305
2014/07/22,2490,2300
2014/07/23,2487,2311
2014/07/24,2470,2361
2014/07/25,2517,2401
2014/07/28,2425,2419
2014/07/29,2520,2445
2014/07/30,2490,2443
2014/07/31,2506,2431
2014/08/01,2459,2390
2014/08/04,2440,2400
2014/08/05,2461,2408
2014/08/06,2422,2371
2014/08/07,2420,2370
2014/08/08,2424,2311
2014/08/11,2440,2327
2014/08/12,2465,2291
2014/08/13,2433,2308
2014/08/14,2430,2240
2014/08/15,2454,2290
2014/08/18,2432,2317
2014/08/19,2489,2345
2014/08/20,2489,2312
2014/08/21,2486,2320
2014/08/22,2480,2321
2014/08/25,2560,2330
2014/08/26,2556,2382
2014/08/27,2534,2350
2014/08/28,2625,2359
2014/08/29,2639,2284
2014/09/01,2620,2250
2014/09/02,2730,2285
2014/09/03,2700,2280
2014/09/04,2696,2277
2014/09/05,2687,2280
2014/09/08,2687,2267
2014/09/09,2695,2250
2014/09/10,2694,2253
2014/09/11,2698,2278
2014/09/12,2665,2280
2014/09/15,2660,2270
2014/09/16,2630,2240
2014/09/17,2661,2239
2014/09/18,2635,2227
2014/09/19,2660,2261
2014/09/22,2617,2295
2014/09/23,2593,2240
2014/09/25,2590,2241
2014/09/26,2579,2283
2014/09/29,2529,2235
2014/09/30,2520,2222
2014/10/01,2485,2250
2014/10/02,2452,2246
2014/10/03,2524,2270
2014/10/06,2436,2256
2014/10/07,2395,2214
2014/10/08,2354,2214
2014/10/09,2369,2212
2014/10/10,2337,2150
2014/10/13,2315,2158
2014/10/14,2357,2131
2014/10/15,2330,2052
2014/10/16,2373,2080
2014/10/17,2440,2110
2014/10/20,2390,2123
2014/10/21,2357,2082
2014/10/22,2377,2140
2014/10/23,2342,2104
2014/10/24,2287,2070
2014/10/27,2323,2069
2014/10/28,2284,2069
2014/10/29,2291,2034
2014/10/30,2279,2010
2014/10/31,2265,2026
2014/11/03,2394,2100
2014/11/04,2299,2061
2014/11/05,2255,1990
2014/11/06,2238,1934
2014/11/07,2225,1895
2014/11/10,2235,1894
2014/11/11,2230,1849
2014/11/12,2190,1800
2014/11/13,2171,1753
2014/11/14,2177,1745
2014/11/17,2169,1730
2014/11/18,2130,1641
2014/11/19,2105,1627
2014/11/20,2099,1715
2014/11/21,2100,1795
2014/11/24,2100,1829
2014/11/25,2090,1750
2014/11/26,2046,1718
2014/11/27,2049,1661
2014/11/28,2010,1701
2014/12/01,1957,1716
2014/12/02,1983,1720
2014/12/03,1997,1651
2014/12/04,1990,1658
2014/12/05,1999,1710
2014/12/08,2003,1665
2014/12/09,2009,1659
2014/12/10,1990,1581
2014/12/11,1990,1601
2014/12/12,1992,1550
2014/12/15,2011,1513
2014/12/17,2048,1537
2014/12/18,2085,1599
2014/12/19,2119,1652
2014/12/22,2100,1639
2014/12/23,2075,1678
2014/12/24,2081,1695
2014/12/29,2100,1713
2014/12/30,2100,1721
2014/12/31,2126,1740
2015/01/02,2100,1735
2015/01/05,2100,1789
2015/01/06,2070,1700
2015/01/07,2094,1735
2015/01/08,2033,1660
2015/01/09,2072,1619
2015/01/12,2050,1628
2015/01/13,2053,1653
2015/01/14,2015,1650
2015/01/15,2000,1630
2015/01/16,1971,1610
2015/01/19,1990,1648
2015/01/20,2000,1700
2015/01/21,2000,1695
2015/01/22,2000,1670
2015/01/23,2000,1682
2015/01/26,1999,1710
2015/01/27,1979,1688
2015/01/28,1960,1668
2015/01/29,1964,1712
2015/01/30,1967,1781
2015/02/02,1976,1818
2015/02/03,1990,1870
2015/02/04,1961,1809
2015/02/05,1903,1805
2015/02/06,1913,1750
2015/02/09,1920,1726
2015/02/10,1897,1678
2015/02/11,1819,1626
2015/02/12,1800,1532
2015/02/13,1772,1519
2015/02/16,1800,1587
2015/02/17,1870,1710
2015/02/18,1895,1655
2015/02/19,1883,1660
2015/02/20,1899,1660
2015/02/23,1889,1660
2015/02/24,1830,1595
2015/02/25,1785,1554
2015/02/26,1750,1554
2015/02/27,1739,1561
2015/03/02,1761,1587
2015/03/03,1720,1527
2015/03/04,1678,1443
2015/03/05,1600,1320
2015/03/06,1561,1400
2015/03/09,1540,1403
2015/03/10,1503,1375
2015/03/11,1460,1351
2015/03/12,1426,1325
2015/03/13,1434,1344
2015/03/16,1383,1365
2015/03/17,1410,1270
2015/03/18,1372,1256
2015/03/19,1398,1263
2015/03/20,1452,1283
2015/03/23,1515,1289
2015/03/24,1470,1272
2015/03/25,1429,1183
2015/03/26,1440,1150
2015/03/27,1423,1125
2015/03/30,1398,1140
2015/03/31,1369,1124
2015/04/01,1388,1162
2015/04/02,1364,1170
2015/04/07,1330,1165
2015/04/08,1314,1155
2015/04/09,1290,1150
2015/04/10,1280,1160
2015/04/13,1272,1120
2015/04/14,1290,1118
2015/04/15,1359,1127
2015/04/16,1340,1146
2015/04/17,1330,1140
2015/04/20,1315,1145
2015/04/21,1255,1090
2015/04/22,1225,1045
2015/04/23,1251,1063
2015/04/24,1292,1085
2015/04/28,1328,1105
2015/04/29,1326,1054
2015/04/30,1315,1070
2015/05/04,1320,1100
2015/05/05,1358,1137
2015/05/06,1411,1143
2015/05/07,1337,1111
2015/05/08,1336,1124
2015/05/11,1353,1127
2015/05/12,1385,1112
2015/05/13,1357,1108
2015/05/14,1409,1105
2015/05/15,1361,1080
2015/05/18,1361,1064
2015/05/19,1345,1015
2015/05/20,1354,1058
2015/05/21,1370,1025
2015/05/22,1350,998
2015/05/25,1334,955
2015/05/26,1308,890
2015/05/27,1305,880
2015/05/28,1300,858
2015/05/29,1307,855
2015/06/01,1347,845
2015/06/02,1369,835
2015/06/03,1328,835
2015/06/04,1315,815
2015/06/05,1357,815
2015/06/08,1340,825
2015/06/09,1363,828
2015/06/10,1457,900
2015/06/11,1438,755
2015/06/12,1430,730
2015/06/15,1435,726
2015/06/17,1440,725
2015/06/18,1426,730
2015/06/19,1366,667
2015/06/22,1392,630
2015/06/23,1310,595
2015/06/24,1310,580
2015/06/25,1325,585
2015/06/26,1330,585
2015/06/29,1304,576
2015/06/30,1285,575
2015/07/01,1230,570
2015/07/02,1252,578
2015/07/03,1232,590
2015/07/06,1270,600
2015/07/07,1243,594
2015/07/08,1190,581
2015/07/09,1193,588
2015/07/10,1193,580
2015/07/13,1195,574
2015/07/14,1205,570
2015/07/15,1203,570
2015/07/16,1277,543
2015/07/17,1295,584
2015/07/20,1257,603
2015/07/21,1306,641
2015/07/22,1320,655
2015/07/23,1277,703
2015/07/24,1230,670
2015/07/27,1230,641
2015/07/28,1204,625
2015/07/29,1277,620
2015/07/30,1251,623
2015/07/31,1298,645
2015/08/03,1228,620
2015/08/04,1220,635
2015/08/05,1210,633
2015/08/06,1234,623
2015/08/07,1236,625
2015/08/11,1292,623
2015/08/12,1235,608
2015/08/13,1220,596
2015/08/14,1218,551
2015/08/17,1209,512
2015/08/18,1257,498
2015/08/19,1220,500
2015/08/20,1299,500
2015/08/21,1284,485
2015/08/24,1234,471
2015/08/25,1248,471
2015/08/26,1202,470
2015/08/27,1250,460
2015/08/28,1275,485
2015/08/31,1255,481
2015/09/01,1299,500
2015/09/02,1264,545
2015/09/03,1264,576
2015/09/04,1264,535
2015/09/07,1179,570
2015/09/08,1179,516
2015/09/09,1163,515
2015/09/10,1110,500
2015/09/11,1144,485
2015/09/14,1178,483
2015/09/15,1245,465
2015/09/16,1263,462
2015/09/17,1260,441
2015/09/18,1327,405
2015/09/21,1307,399
2015/09/22,1295,396
2015/09/23,1245,382
2015/09/25,1205,360
2015/09/28,1169,357
2015/09/29,1167,356
2015/09/30,1170,360
2015/10/01,1170,341
2015/10/02,1255,344
2015/10/05,1203,363
2015/10/06,1165,395
2015/10/07,1189,417
2015/10/08,1209,435
2015/10/09,1220,450
2015/10/12,1180,465
2015/10/13,1203,435
2015/10/14,1115,400
2015/10/15,1110,406
2015/10/16,1069,399
2015/10/19,1004,380
2015/10/20,1051,375
2015/10/21,1043,366
2015/10/22,1088,345
2015/10/23,1073,350
2015/10/26,1075,351
2015/10/27,1112,350
2015/10/28,1101,345
2015/10/29,1072,347
2015/10/30,1048,342
2015/11/02,1020,341
2015/11/03,1030,337
2015/11/04,1078,333
2015/11/05,1004,333
2015/11/06,981,325
2015/11/09,973,316
2015/11/10,933,304
2015/11/11,977,290
2015/11/12,927,266
2015/11/13,920,273
2015/11/16,966,275
2015/11/17,957,289
2015/11/18,949,287
2015/11/19,936,270
2015/11/20,927,258
2015/11/23,932,262
