Date,M&R,PPC
2004/05/12,1360,1402
2004/05/13,1367,1440
2004/05/14,1400,1410
2004/05/17,1390,1465
2004/05/18,1320,1423
2004/05/19,1361,1410.5
2004/05/20,1370,1417
2004/05/21,1380,1417.5
2004/05/24,1380,1410
2004/05/25,1365,1408
2004/05/26,1400,1420
2004/05/27,1400,1415
2004/05/28,1450,1424
2004/05/31,1380,1410.5
2004/06/01,1400,1426.5
2004/06/02,1400,1417
2004/06/03,1385,1417
2004/06/04,1370,1417.1
2004/06/07,1351,1418
2004/06/08,1347,1417.3
2004/06/09,1300,1421
2004/06/10,1320,1423.1
2004/06/11,1320,1430
2004/06/14,1290,1480.1
2004/06/15,1300,1475
2004/06/17,1295,1524
2004/06/18,1280,1500
2004/06/21,1290,1490
2004/06/22,1280,1456
2004/06/23,1280,1495
2004/06/24,1295,1502.5
2004/06/25,1300,1502.5
2004/06/28,1300,1507.5
2004/06/29,1294,1544
2004/06/30,1295,1560
2004/07/01,1300,1570
2004/07/02,1290,1580
2004/07/05,1260,1570
2004/07/06,1275,1551
2004/07/07,1270,1531
2004/07/08,1286,1510.5
2004/07/09,1285,1540
2004/07/12,1301,1530
2004/07/13,1310,1534.5
2004/07/14,1300,1510
2004/07/15,1300,1542.5
2004/07/16,1300,1555
2004/07/19,1290,1600
2004/07/20,1298,1598
2004/07/21,1290,1650
2004/07/22,1255,1648
2004/07/23,1245,1660
2004/07/26,1230,1663
2004/07/27,1217,1740.1
2004/07/28,1220,1732.5
2004/07/29,1235,1690
2004/07/30,1259,1689.9
2004/08/02,1275,1660
2004/08/03,1290,1670
2004/08/04,1265,1655
2004/08/05,1260,1652.5
2004/08/06,1225,1622.5
2004/08/10,1205,1614.9
2004/08/11,1210,1586
2004/08/12,1220,1600
2004/08/13,1240,1640
2004/08/16,1261,1635
2004/08/17,1265,1660
2004/08/18,1260,1670
2004/08/19,1250,1680
2004/08/20,1300,1748
2004/08/23,1317,1739.9
2004/08/24,1310,1699.9
2004/08/25,1290,1661
2004/08/26,1274,1665
2004/08/27,1250,1655
2004/08/30,1250,1680
2004/08/31,1230,1730
2004/09/01,1220,1730
2004/09/02,1185,1750
2004/09/03,1210,1800
2004/09/06,1195,1815
2004/09/07,1200,1785
2004/09/08,1200,1780
2004/09/09,1200,1790
2004/09/10,1200,1794.9
2004/09/13,1183,1776
2004/09/14,1200,1776
2004/09/15,1200,1780
2004/09/16,1200,1785
2004/09/17,1200,1790
2004/09/20,1200,1814.6
2004/09/21,1200,1810
2004/09/22,1180,1805
2004/09/23,1180,1800
2004/09/27,1180,1810
2004/09/28,1170,1810
2004/09/29,1180,1800
2004/09/30,1160,1810
2004/10/01,1200,1820
2004/10/04,1220,1822.7
2004/10/05,1225,1870
2004/10/06,1209,1910
2004/10/07,1195,1928
2004/10/08,1200,1900
2004/10/11,1180,1848
2004/10/12,1176,1855
2004/10/13,1180,1880
2004/10/14,1210,1880
2004/10/15,1240,1890
2004/10/18,1230,1905
2004/10/19,1245,1910
2004/10/20,1235,1880
2004/10/21,1252,1900
2004/10/22,1270,1940
2004/10/25,1300,1960
2004/10/26,1363,2036.5
2004/10/27,1402,2040
2004/10/28,1430,2015
2004/10/29,1431,2014
2004/11/01,1475,2020
2004/11/02,1510,2040
2004/11/03,1500,2075
2004/11/04,1490,2175
2004/11/05,1480,2175
2004/11/08,1450,2175
2004/11/09,1435,2180
2004/11/10,1420,2240
2004/11/11,1390,2400
2004/11/12,1440,2460
2004/11/15,1450,2565
2004/11/16,1460,2570
2004/11/17,1475,2500
2004/11/18,1450,2400
2004/11/19,1427,2380
2004/11/22,1440,2350
2004/11/23,1430,2290
2004/11/24,1445,2290
2004/11/25,1470,2400
2004/11/26,1470,2384.9
2004/11/29,1450,2370
2004/11/30,1495,2400
2004/12/01,1449,2430
2004/12/02,1425,2435
2004/12/03,1415,2430
2004/12/06,1410,2440
2004/12/07,1450,2445
2004/12/08,1410,2449
2004/12/09,1405,2500.1
2004/12/10,1400,2580
2004/12/13,1400,2660
2004/12/14,1410,2700
2004/12/15,1380,2720
2004/12/17,1375,2700
2004/12/20,1420,2700
2004/12/21,1430,2735
2004/12/22,1401,2710.5
2004/12/23,1386,2730
2004/12/24,1380,2730
2004/12/28,1345,2800
2004/12/29,1395,2800
2004/12/30,1384,2850
2004/12/31,1375,2850
2005/01/03,1388,2600
2005/01/04,1350,2587.5
2005/01/05,1340,2560
2005/01/06,1350,2500
2005/01/07,1425,2470
2005/01/10,1435,2410
2005/01/11,1440,2420
2005/01/12,1490,2400
2005/01/13,1500,2380
2005/01/14,1534,2269
2005/01/17,1530,2220
2005/01/18,1495,2180
2005/01/19,1515,2285
2005/01/20,1500,2270
2005/01/21,1490,2265
2005/01/24,1475,2260
2005/01/25,1460,2298.9
2005/01/26,1430,2339.7
2005/01/27,1450,2379.9
2005/01/28,1420,2380
2005/01/31,1450,2370
2005/02/01,1460,2320
2005/02/02,1425,2308.3
2005/02/03,1400,2280
2005/02/04,1400,2260
2005/02/07,1396,2260
2005/02/08,1395,2255.1
2005/02/09,1400,2280
2005/02/10,1430,2161.1
2005/02/11,1433,2240
2005/02/14,1430,2270
2005/02/15,1430,2289.3
2005/02/16,1470,2277.5
2005/02/17,1500,2276
2005/02/18,1501,2270
2005/02/21,1530,2275
2005/02/22,1515,2270
2005/02/23,1521,2289.9
2005/02/24,1538,2310
2005/02/25,1530,2310
2005/02/28,1525,2301
2005/03/01,1495,2340
2005/03/02,1488,2345
2005/03/03,1465,2370
2005/03/04,1465,2375
2005/03/07,1480,2357
2005/03/08,1459,2320.1
2005/03/09,1440,2334
2005/03/10,1435,2330
2005/03/11,1400,2350
2005/03/14,1388,2387
2005/03/15,1380,2400
2005/03/16,1353,2310
2005/03/17,1353,2330.5
2005/03/18,1395,2296
2005/03/22,1385,2240
2005/03/23,1355,2165.2
2005/03/24,1330,2280.1
2005/03/29,1310,2300
2005/03/30,1336,2250
2005/03/31,1362,2212
2005/04/01,1402,2289
2005/04/04,1440,2260
2005/04/05,1425,2279
2005/04/06,1440,2265
2005/04/07,1450,2220.1
2005/04/08,1450,2210
2005/04/11,1430,2202
2005/04/12,1400,2180
2005/04/13,1410,2165
2005/04/14,1392,2200
2005/04/15,1380,2200
2005/04/18,1380,2175
2005/04/19,1380,2160
2005/04/20,1378,2190
2005/04/21,1375,2200
2005/04/22,1370,2180
2005/04/25,1380,2180.1
2005/04/26,1390,2210
2005/04/28,1370,2205
2005/04/29,1380,2230
2005/05/03,1360,2290
2005/05/04,1380,2334
2005/05/05,1375,2400
2005/05/06,1445,2339
2005/05/09,1450,2310
2005/05/10,1445,2300
2005/05/11,1430,2250
2005/05/12,1420,2240
2005/05/13,1430,2202.5
2005/05/16,1420,2250
2005/05/17,1445,2235
2005/05/18,1430,2240
2005/05/19,1410,2229.7
2005/05/20,1400,2225
2005/05/23,1365,2225
2005/05/24,1370,2240
2005/05/25,1400,2236
2005/05/26,1403,2240
2005/05/27,1400,2237.5
2005/05/30,1370,2200.5
2005/05/31,1365,2180
2005/06/01,1370,2110.5
2005/06/02,1375,2130
2005/06/03,1380,2170
2005/06/06,1410,2185
2005/06/07,1416,2175.6
2005/06/08,1412,2190
2005/06/09,1415,2150
2005/06/10,1415,2150
2005/06/13,1420,2150
2005/06/14,1380,2160
2005/06/15,1400,2149.9
2005/06/17,1410,2150
2005/06/20,1390,2150
2005/06/21,1401,2150
2005/06/22,1410,2155
2005/06/23,1453,2223
2005/06/24,1420,2220
2005/06/27,1400,2220
2005/06/28,1400,2260.8
2005/06/29,1420,2260
2005/06/30,1400,2299.5
2005/07/01,1400,2420
2005/07/04,1433,2390.1
2005/07/05,1395,2350
2005/07/06,1395,2360
2005/07/07,1395,2355
2005/07/08,1395,2360
2005/07/11,1409,2400
2005/07/12,1400,2410
2005/07/13,1400,2417
2005/07/14,1400,2490.1
2005/07/15,1395,2531
2005/07/18,1448,2539.9
2005/07/19,1435,2531
2005/07/20,1437,2505
2005/07/21,1449,2480
2005/07/22,1451,2500
2005/07/25,1485,2500
2005/07/26,1475,2490
2005/07/27,1470,2520
2005/07/28,1486,2530
2005/07/29,1480,2520
2005/08/01,1510,2550
2005/08/02,1500,2530
2005/08/03,1471,2560
2005/08/04,1470,2572
2005/08/05,1471,2650
2005/08/08,1480,2600.5
2005/08/10,1500,2570
2005/08/11,1490,2520
2005/08/12,1487,2520
2005/08/15,1495,2500
2005/08/16,1495,2549.7
2005/08/17,1502,2500
2005/08/18,1500,2500
2005/08/19,1580,2559.9
2005/08/22,1623,2570
2005/08/23,1600,2590
2005/08/24,1599,2581.5
2005/08/25,1580,2585
2005/08/26,1570,2559.9
2005/08/29,1560,2570
2005/08/30,1590,2560
2005/08/31,1599,2595
2005/09/01,1630,2640
2005/09/02,1700,2640
2005/09/05,1725,2669
2005/09/06,1820,2720
2005/09/07,1785,2800.8
2005/09/08,1755,2834.9
2005/09/09,1770,2850
2005/09/12,1800,2880
2005/09/13,1835,2874
2005/09/14,1835,2858.4
2005/09/15,1865,2829
2005/09/16,1920,2800
2005/09/19,1920,2830
2005/09/20,1902,2820
2005/09/21,1890,2815
2005/09/22,1930,2790
2005/09/23,1920,2750
2005/09/26,1930,2755
2005/09/27,1930,2790
2005/09/28,1935,2850
2005/09/29,1960,2854.9
2005/09/30,1965,2910
2005/10/03,1939,3011
2005/10/04,1930,2995
2005/10/05,1920,2980
2005/10/06,1900,2987.2
2005/10/07,1870,2998
2005/10/10,1870,3130
2005/10/11,1890,3130
2005/10/12,1960,3100
2005/10/13,1950,3020
2005/10/14,1880,2900
2005/10/17,1896,2900
2005/10/18,1875,2900
2005/10/19,1835,2800
2005/10/20,1850,2820
2005/10/21,1855,2820
2005/10/24,1900,2900
2005/10/25,1905,2950
2005/10/26,1928,2970
2005/10/27,1930,2841.7
2005/10/28,1930,2900
2005/10/31,1931,3000
2005/11/01,1935,3000
2005/11/02,1965,3000.6
2005/11/03,2000,3100
2005/11/04,2020,3060
2005/11/07,2060,3099
2005/11/08,2050,3125
2005/11/09,2020,3100
2005/11/10,2045,3060
2005/11/11,2020,3118
2005/11/14,1970,3185
2005/11/15,1900,3160
2005/11/16,1889,3140
2005/11/17,1880,3190
2005/11/18,1900,3210
2005/11/21,1935,3270
2005/11/22,1930,3200
2005/11/23,1940,3275
2005/11/24,1960,3278
2005/11/25,1910,3250
2005/11/28,1890,3243.6
2005/11/29,1900,3168.5
2005/11/30,1890,3100
2005/12/01,1875,3130
2005/12/02,1910,3100.1
2005/12/05,1920,3133
2005/12/06,1950,3139.8
2005/12/07,1930,3159.8
2005/12/08,1890,3180
2005/12/09,1870,3170
2005/12/12,1890,3194
2005/12/13,1885,3193
2005/12/14,1880,3220
2005/12/15,1925,3180
2005/12/19,1935,3220
2005/12/20,1950,3205
2005/12/21,1935,3231.7
2005/12/22,1930,3199.6
2005/12/23,1930,3201
2005/12/27,1935,3249
2005/12/28,1930,3230
2005/12/29,1940,3250
2005/12/30,1960,3067.5
2006/01/03,2020,3070
2006/01/04,2074,3062.5
2006/01/05,2050,3012.6
2006/01/06,2100,3030
2006/01/09,2134,3069.9
2006/01/10,2120,3102
2006/01/11,2115,3165
2006/01/12,2174,3205.4
2006/01/13,2085,3350
2006/01/16,2040,3206.1
2006/01/17,2010,3226
2006/01/18,1999,3280
2006/01/19,2000,3264.9
2006/01/20,1984,3329
2006/01/23,1970,3355
2006/01/24,1970,3326.5
2006/01/25,1980,3315
2006/01/26,2024,3297.5
2006/01/27,2036,3290
2006/01/30,2085,3320
2006/01/31,2110,3340
2006/02/01,2181,3449.8
2006/02/02,2200,3526
2006/02/03,2190,3375
2006/02/06,2200,3448.9
2006/02/07,2225,3540
2006/02/08,2200,3600
2006/02/09,2225,3605
2006/02/10,2190,3750
2006/02/13,2110,3630.2
2006/02/14,2137,3550
2006/02/15,2190,3560
2006/02/16,2160,3520
2006/02/17,2202,3660
2006/02/20,2215,3730
2006/02/21,2205,3722.1
2006/02/22,2225,3794
2006/02/23,2225,3702
2006/02/24,2235,3758.8
2006/02/27,2311,3901.1
2006/02/28,2281,3809.2
2006/03/02,2385,3874.2
2006/03/03,2401,3850
2006/03/06,2520,3882.8
2006/03/07,2465,3610
2006/03/08,2450,3640
2006/03/09,2480,3780
2006/03/10,2480,3902
2006/03/13,2600,4050
2006/03/14,2610,4120
2006/03/15,2601,4117.5
2006/03/16,2595,4119
2006/03/17,2580,4037.5
2006/03/20,2620,4040
2006/03/22,2776,4099
2006/03/23,2800,4150
2006/03/24,2805,4145
2006/03/27,2835,4150
2006/03/28,2850,4101
2006/03/29,2780,4170.2
2006/03/30,2785,4191.3
2006/03/31,2770,4190
2006/04/03,2764,4100
2006/04/04,2761,4080
2006/04/05,2775,4099.9
2006/04/06,2700,4101
2006/04/07,2640,4199.4
2006/04/10,2706,4170
2006/04/11,2784,4200
2006/04/12,2700,4135
2006/04/13,2685,4036
2006/04/18,2725,4020
2006/04/19,2715,4106.4
2006/04/20,2700,4107.5
2006/04/21,2640,4144.9
2006/04/24,2641,4136
2006/04/25,2655,4144.9
2006/04/26,2725,4150
2006/04/28,2720,4190
2006/05/02,2710,4165
2006/05/03,2710,4190.1
2006/05/04,2725,4196.1
2006/05/05,2670,4260
2006/05/08,2637,4270.7
2006/05/09,2711,4300.1
2006/05/10,2735,4330
2006/05/11,2745,4259.1
2006/05/12,2723,4070
2006/05/15,2635,3920
2006/05/16,2650,4015
2006/05/17,2650,3965
2006/05/18,2625,3900
2006/05/19,2549,3950
2006/05/22,2520,3750
2006/05/23,2519,4000
2006/05/24,2515,3830
2006/05/25,2540,3780.2
2006/05/26,2550,3825
2006/05/29,2512,3789.5
2006/05/30,2528,3700
2006/05/31,2451,3570.5
2006/06/01,2472,3600.4
2006/06/02,2500,3650
2006/06/05,2500,3750
2006/06/06,2425,3605.1
2006/06/07,2130,3550
2006/06/08,2215,3405.7
2006/06/09,2180,3500
2006/06/12,2255,3549.9
2006/06/13,2250,3458.8
2006/06/14,2350,3579.9
2006/06/15,2500,3730
2006/06/19,2543,3779.8
2006/06/20,2580,3749
2006/06/21,2520,3750
2006/06/22,2520,3680
2006/06/23,2500,3699.9
2006/06/26,2400,3474.6
2006/06/27,2400,3570.1
2006/06/28,2401,3569
2006/06/29,2410,3599.9
2006/06/30,2540,3674.9
2006/07/03,2650,3727.5
2006/07/04,2585,3706
2006/07/05,2561,3650
2006/07/06,2592,3637.5
2006/07/07,2615,3600
2006/07/10,2601,3635
2006/07/11,2666,3668.5
2006/07/12,2702,3710
2006/07/13,2666,3698.1
2006/07/14,2574,3710
2006/07/17,2521,3675
2006/07/18,2540,3623.5
2006/07/19,2580,3734.5
2006/07/20,2600,3740
2006/07/21,2600,3650
2006/07/24,2686,3670
2006/07/25,2655,3710
2006/07/26,2640,3710
2006/07/27,2600,3704
2006/07/28,2550,3699.5
2006/07/31,2521,3700
2006/08/01,2536,3687.6
2006/08/02,2550,3654.5
2006/08/03,2600,3669.5
2006/08/04,2641,3750
2006/08/07,2660,3710
2006/08/08,2775,3725
2006/08/10,2915,3670
2006/08/11,3021,3750
2006/08/14,2975,3820
2006/08/15,2980,3900
2006/08/16,3045,3915
2006/08/17,3130,3969.5
2006/08/18,3050,3920
2006/08/21,3000,3880
2006/08/22,2990,3869.5
2006/08/23,2944,3833.8
2006/08/24,2920,3820
2006/08/25,3000,3834
2006/08/28,3015,3850
2006/08/29,3046,3888.9
2006/08/30,3030,3875
2006/08/31,2915,3890
2006/09/01,3007,4004.8
2006/09/04,3040,4000
2006/09/05,3100,3945.1
2006/09/06,3200,3912.6
2006/09/07,3100,3741.8
2006/09/08,3120,3795
2006/09/11,3076,3675.4
2006/09/12,3180,3810
2006/09/13,3240,3810
2006/09/14,3210,3820
2006/09/15,3251,3800
2006/09/18,3300,3730
2006/09/19,3320,3832.5
2006/09/20,3325,3729
2006/09/21,3260,3574.3
2006/09/22,3261,3626.6
2006/09/26,3230,3670
2006/09/27,3200,3600
2006/09/28,3200,3570
2006/09/29,3200,3478.8
2006/10/02,3204,3510
2006/10/03,3200,3450
2006/10/04,3200,3390
2006/10/05,3255,3440
2006/10/06,3301,3490
2006/10/09,3326,3570
2006/10/10,3365,3630
2006/10/11,3380,3630
2006/10/12,3501,3615
2006/10/13,3510,3635
2006/10/16,3594,3720
2006/10/17,3500,3683
2006/10/18,3450,3685
2006/10/19,3370,3690
2006/10/20,3350,3630
2006/10/23,3325,3637.5
2006/10/24,3440,3709.1
2006/10/25,3650,3605
2006/10/26,3880,3720
2006/10/27,3800,3760
2006/10/30,3725,3770
2006/10/31,3805,3800
2006/11/01,3945,3770
2006/11/02,3880,3775
2006/11/03,3880,3845
2006/11/06,3861,3849.9
2006/11/07,3859,3800
2006/11/08,3810,3860
2006/11/09,3720,3750
2006/11/10,3720,3724
2006/11/13,3735,3705
2006/11/14,3775,3720
2006/11/15,3791,3750
2006/11/16,3770,3780
2006/11/17,3790,3730
2006/11/20,3810,3745
2006/11/21,3850,3730
2006/11/22,3865,3732.1
2006/11/23,3880,3760
2006/11/24,3850,3791.5
2006/11/27,3875,3720
2006/11/28,3800,3710
2006/11/29,3815,3750
2006/11/30,3900,3784.9
2006/12/01,4150,3819.9
2006/12/04,4050,3861.9
2006/12/05,4135,3920
2006/12/06,4105,3918
2006/12/07,4017,3838.1
2006/12/08,4035,3820
2006/12/11,4030,3786.2
2006/12/12,3950,3735
2006/12/13,3940,3760
2006/12/14,3970,3762.7
2006/12/15,3960,3840
2006/12/18,3950,3859
2006/12/19,3914,3860
2006/12/20,3960,3950.1
2006/12/21,4000,4020
2006/12/22,4006,3920
2006/12/27,4030,4018
2006/12/28,4011,4026
2006/12/29,4010,3880
2007/01/02,4040,3860
2007/01/03,4006,3800
2007/01/04,4011,3738.6
2007/01/05,3990,3735
2007/01/09,4010,3830
2007/01/10,3995,3847.1
2007/01/11,4040,3902
2007/01/12,4124,3820
2007/01/15,4135,3898
2007/01/16,4309,3917.5
2007/01/17,4500,3910
2007/01/18,4570,3967.4
2007/01/19,4520,3925
2007/01/22,4500,4000
2007/01/23,4575,4070
2007/01/24,4675,4231
2007/01/25,4740,4200
2007/01/26,4780,4199
2007/01/29,4770,4141
2007/01/30,4650,4230
2007/01/31,4725,4220
2007/02/01,4800,4220.1
2007/02/02,4780,4250
2007/02/05,4700,4220.5
2007/02/06,4675,4279
2007/02/07,4725,4220.5
2007/02/08,4750,4170
2007/02/09,4900,4175
2007/02/12,4850,4150
2007/02/13,4881,4140
2007/02/14,4960,4170
2007/02/15,5125,4295
2007/02/16,5311,4359.8
2007/02/19,5435,4450
2007/02/20,5440,4400
2007/02/21,5305,4271
2007/02/22,5410,4328
2007/02/23,5400,4310.1
2007/02/26,5415,4260
2007/02/27,5480,4200
2007/02/28,5360,4208.8
2007/03/01,5301,4190
2007/03/02,5230,4210
2007/03/05,5060,4075
2007/03/06,5230,4065
2007/03/07,5410,4115
2007/03/08,5485,4190
2007/03/09,5450,4350
2007/03/12,5550,4361
2007/03/13,5401,4410
2007/03/14,5380,4299.9
2007/03/15,5475,4400
2007/03/16,5505,4370
2007/03/19,5560,4495
2007/03/20,5671,4400
2007/03/22,5810,4500
2007/03/23,5935,4549
2007/03/26,5955,4549.9
2007/03/27,5750,4622
2007/03/28,5500,4560
2007/03/29,5570,4595
2007/03/30,5596,4720
2007/04/02,5760,4590
2007/04/03,5831,4619
2007/04/04,5850,4590
2007/04/05,5825,4630
2007/04/10,5950,4735
2007/04/11,5900,4650
2007/04/12,5885,4679.9
2007/04/13,6151,4690
2007/04/16,6310,4700
2007/04/17,6300,4752.4
2007/04/18,6150,4750.5
2007/04/19,6160,4735
2007/04/20,6175,4831.3
2007/04/23,6085,4900
2007/04/24,6095,4865
2007/04/25,6050,4880
2007/04/26,6000,4850
2007/04/30,6085,4841
2007/05/02,6025,4870.2
2007/05/03,6060,4897.5
2007/05/04,6070,4900
2007/05/07,6250,4898
2007/05/08,6250,4829.9
2007/05/09,6151,4765
2007/05/10,6271,4750
2007/05/11,6451,4917
2007/05/14,6625,4940
2007/05/15,6675,4910
2007/05/16,6970,4980
2007/05/17,6853,4920
2007/05/18,6876,5000
2007/05/21,6950,5085
2007/05/22,7000,5000
2007/05/23,7222,5080
2007/05/24,7225,5055
2007/05/25,6940,5100
2007/05/28,6926,5085
2007/05/29,6906,5080
2007/05/30,6820,5045
2007/05/31,6749,5050
2007/06/01,6726,5030
2007/06/04,6604,4979
2007/06/05,6735,5030.1
2007/06/06,6745,5050
2007/06/07,6645,5128
2007/06/08,6451,4980
2007/06/11,6610,4969.5
2007/06/12,6450,4925
2007/06/13,6305,4875
2007/06/14,6500,4949.9
2007/06/15,6450,4940
2007/06/18,6540,4930
2007/06/19,6670,4927
2007/06/20,6595,4910
2007/06/21,6651,4821.5
2007/06/22,6640,4810
2007/06/25,6598,4800
2007/06/26,6400,4810
2007/06/27,6302,4840
2007/06/28,6250,4880
2007/06/29,6400,4900
2007/07/02,6601,5000
2007/07/03,6700,5075
2007/07/04,6885,5150
2007/07/05,7000,5170
2007/07/06,6975,5110
2007/07/09,7360,5200
2007/07/10,7060,4985
2007/07/11,7230,4940
2007/07/12,7500,5040
2007/07/13,7700,5125
2007/07/16,7850,5210
2007/07/17,7980,5130
2007/07/18,7901,4890
2007/07/19,7828,4850
2007/07/20,7553,4840
2007/07/23,7740,4840
2007/07/24,7525,4698
2007/07/25,7430,4525
2007/07/26,7425,4360
2007/07/27,7400,4225
2007/07/30,7510,4210
2007/07/31,7640,4250
2007/08/01,7400,4140
2007/08/02,7615,4349
2007/08/03,7500,4305
2007/08/06,7025,4255
2007/08/07,7250,4420
2007/08/08,7399,4379
2007/08/10,7000,4111
2007/08/13,6925,4130
2007/08/14,7054,4150
2007/08/15,6955,4021
2007/08/16,6715,3805
2007/08/17,6525,3799
2007/08/20,6789,3975
2007/08/21,6910,4182
2007/08/22,6935,4350
2007/08/23,6990,4445
2007/08/24,6925,4450
2007/08/27,7175,4450
2007/08/28,7345,4419
2007/08/29,7200,4300
2007/08/30,7370,4449
2007/08/31,7530,4525
2007/09/03,7901,4560
2007/09/04,8151,4530
2007/09/05,8015,4560
2007/09/06,8300,4601
2007/09/07,8350,4599
2007/09/10,8607,4530
2007/09/11,8950,4700
2007/09/12,8899,4700
2007/09/13,9101,4651
2007/09/14,8700,4600
2007/09/17,8375,4528
2007/09/18,8400,4500
2007/09/19,8490,4605
2007/09/20,8500,4565
2007/09/21,8225,4490
2007/09/25,8410,4646
2007/09/26,8490,4840
2007/09/27,8796,4840
2007/09/28,8986,4780
2007/10/01,8905,4535
2007/10/02,8800,4650
2007/10/03,9000,4715
2007/10/04,9000,4796
2007/10/05,9150,4700
2007/10/08,9256,4630
2007/10/09,9166,4552
2007/10/10,9699,4580
2007/10/11,9850,4480
2007/10/12,9680,4400
2007/10/15,9800,4399
2007/10/16,9800,4450
2007/10/17,9950,4400
2007/10/18,9950,4428
2007/10/19,10005,4415
2007/10/22,9993,4460
2007/10/23,10400,4540
2007/10/24,10250,4500
2007/10/25,10349,4579
2007/10/26,10475,4600
2007/10/29,10825,4725
2007/10/30,10400,4790
2007/10/31,9950,4730
2007/11/01,9352,4800
2007/11/02,10050,4900
2007/11/05,9525,4700
2007/11/06,9970,4890
2007/11/07,10200,4877
2007/11/08,10010,4727
2007/11/09,9900,4740
2007/11/12,9600,4741
2007/11/13,9400,4735
2007/11/14,9580,4965
2007/11/15,9361,5000
2007/11/16,9300,4880
2007/11/19,9100,4616
2007/11/20,9600,4780
2007/11/21,9460,4689
2007/11/22,9330,4750
2007/11/23,9350,4786
2007/11/26,9401,4750
2007/11/27,9325,4670
2007/11/28,9300,4620
2007/11/29,9100,4700
2007/11/30,9665,4530
2007/12/03,10100,4770
2007/12/04,10100,4700
2007/12/05,10100,4750
2007/12/06,10000,4820
2007/12/07,10200,4881
2007/12/10,10170,4713
2007/12/11,10300,4762
2007/12/12,10415,4700
2007/12/13,10315,4650
2007/12/14,9950,4600
2007/12/18,9700,4620
2007/12/19,9385,4500
2007/12/20,9550,4600
2007/12/21,9900,4600
2007/12/24,9925,4720
2007/12/27,10420,4790
2007/12/28,10325,4529
2007/12/31,10200,4372
2008/01/02,9900,4550
2008/01/03,10000,4390
2008/01/04,9665,4420
2008/01/07,9220,4350
2008/01/08,9200,4371
2008/01/09,9280,4289
2008/01/10,9271,4210
2008/01/11,8675,4160
2008/01/14,8455,4199
2008/01/15,8201,4101
2008/01/16,8350,4000
2008/01/17,9195,4200
2008/01/18,9085,4058
2008/01/21,8800,3950
2008/01/22,8899,3940
2008/01/23,8500,3900
2008/01/24,8500,4118
2008/01/25,8340,3988
2008/01/28,7860,3710
2008/01/29,7800,3723
2008/01/30,8151,3750
2008/01/31,8500,3750
2008/02/01,8872,4000
2008/02/04,9000,3833
2008/02/05,8650,3699
2008/02/06,8501,3880
2008/02/07,8400,3770
2008/02/08,8800,3761
2008/02/11,8440,3650
2008/02/12,8600,3750
2008/02/13,8500,3800
2008/02/14,8900,3820
2008/02/15,9340,3916
2008/02/18,9651,4180
2008/02/19,9600,4160
2008/02/20,9125,4060
2008/02/21,9200,4025
2008/02/22,9149,4170
2008/02/25,9300,4160
2008/02/26,9420,4380
2008/02/27,9400,4275
2008/02/28,9600,4201
2008/02/29,9850,4280
2008/03/03,9840,4100
2008/03/04,9549,3955
2008/03/05,9285,3980
2008/03/06,9300,4000
2008/03/07,9200,3860
2008/03/10,8810,3810
2008/03/11,8801,3930
2008/03/12,9050,4001
2008/03/13,9100,4000
2008/03/14,9180,3951
2008/03/17,8900,3831
2008/03/18,9180,4050
2008/03/19,9300,3990
2008/03/20,8900,3900
2008/03/25,9250,4249
2008/03/26,9100,4250
2008/03/27,9200,4150
2008/03/28,9400,4120
2008/03/31,9550,4005
2008/04/01,9550,4220
2008/04/02,9500,4411
2008/04/03,9633,4299
2008/04/04,9597,4120
2008/04/07,9600,4180
2008/04/08,9399,4179
2008/04/09,9550,4130
2008/04/10,9400,4000
2008/04/11,9450,3900
2008/04/14,9349,3820
2008/04/15,9100,3800
2008/04/16,8802,3825
2008/04/17,8900,3870
2008/04/18,9200,3931
2008/04/21,9200,3884
2008/04/22,9140,3860
2008/04/23,9350,3859
2008/04/24,9150,3825
2008/04/25,9000,3790
2008/04/29,8850,3950
2008/04/30,8850,4000
2008/05/05,9000,4000
2008/05/06,8855,3895
2008/05/07,8650,3850
2008/05/08,8850,3826
2008/05/09,8600,3819
2008/05/12,8395,3800
2008/05/13,8250,3755
2008/05/14,8790,3749
2008/05/15,9000,3760
2008/05/16,9000,3760
2008/05/19,9500,3780
2008/05/20,9490,3750
2008/05/21,9530,3805
2008/05/22,9550,3790
2008/05/23,9600,3730
2008/05/26,9350,3615
2008/05/27,9430,3574
2008/05/28,9300,3600
2008/05/29,8995,3549
2008/05/30,8800,3545
2008/06/02,8500,3460
2008/06/03,8751,3370
2008/06/04,8690,3344
2008/06/05,8800,3475
2008/06/06,8750,3445
2008/06/09,8570,3350
2008/06/10,8599,3175
2008/06/11,8501,3150
2008/06/12,9001,3270
2008/06/13,9050,3200
2008/06/17,8670,3099
2008/06/18,8685,3101
2008/06/19,8510,3225
2008/06/20,8517,3270
2008/06/23,8504,3136
2008/06/24,8495,3010
2008/06/25,8700,3040
2008/06/26,8571,3007
2008/06/27,8700,2950
2008/06/30,8699,2869
2008/07/01,8320,2780
2008/07/02,8440,2820
2008/07/03,8056,2738
2008/07/04,8000,2711
2008/07/07,7850,2690
2008/07/08,7851,2679
2008/07/09,7850,2730
2008/07/10,8060,2738
2008/07/11,7900,2755
2008/07/14,7950,2725
2008/07/15,7650,2715
2008/07/16,7900,2745
2008/07/17,8900,2979
2008/07/18,8521,3008
2008/07/21,8500,2955
2008/07/22,8560,3000
2008/07/23,8650,3100
2008/07/24,8900,3190
2008/07/25,8851,3150
2008/07/28,8895,3150
2008/07/29,9119,3200
2008/07/30,9495,3270
2008/07/31,9600,3400
2008/08/01,9044,3250
2008/08/04,9005,3155
2008/08/05,9188,3140
2008/08/06,9000,3299
2008/08/07,8610,3155
2008/08/08,9500,3150
2008/08/11,9310,3350
2008/08/12,9150,3340
2008/08/13,9200,3325
2008/08/14,9500,3280
2008/08/15,9398,3240
2008/08/18,9200,3210
2008/08/19,9050,3200
2008/08/20,9175,3200
2008/08/21,9020,3200
2008/08/22,9445,3190
2008/08/25,9350,3170
2008/08/26,9660,3120
2008/08/27,10250,3120
2008/08/28,10630,3390
2008/08/29,10400,3398
2008/09/01,10000,3260
2008/09/02,10100,3370
2008/09/03,10151,3370
2008/09/04,10100,3375
2008/09/05,10000,3120
2008/09/08,10200,3191
2008/09/09,10500,3198
2008/09/10,10200,3250
2008/09/11,9903,3250
2008/09/12,9900,3120
2008/09/15,9699,3130
2008/09/16,9580,3200
2008/09/17,9100,3000
2008/09/18,9135,2944
2008/09/19,9900,3010
2008/09/22,10100,3126
2008/09/23,9300,3010
2008/09/25,9301,3050
2008/09/26,9599,3075
2008/09/29,9205,2930
2008/09/30,9590,3125
2008/10/01,9651,3020
2008/10/02,9060,3015
2008/10/03,9140,3010
2008/10/06,8380,2820
2008/10/07,8500,3040
2008/10/08,8010,2890
2008/10/09,8000,2800
2008/10/10,7551,2745
2008/10/13,7550,2717
2008/10/14,7750,2940
2008/10/15,6990,2829
2008/10/16,6320,2452
2008/10/17,6025,2405
2008/10/20,5990,2475
2008/10/21,6465,2670
2008/10/22,6305,2699
2008/10/23,6200,2461
2008/10/24,6000,2500
2008/10/27,6000,2500
2008/10/28,6270,2575
2008/10/29,6299,2758
2008/10/30,6540,2792
2008/10/31,6598,3000
2008/11/03,6490,3025
2008/11/04,6535,3100
2008/11/05,6200,2940
2008/11/06,5750,2710
2008/11/07,5650,2820
2008/11/10,5800,2937
2008/11/11,5541,2810
2008/11/12,5180,2764
2008/11/13,4900,2760
2008/11/14,4800,2887
2008/11/17,4400,2840
2008/11/18,4325,2750
2008/11/19,4390,2850
2008/11/20,4220,2770
2008/11/21,3900,2840
2008/11/24,4350,2870
2008/11/25,4424,3055
2008/11/26,4601,3100
2008/11/27,5000,3100
2008/11/28,4890,3075
2008/12/01,4530,2962
2008/12/02,4050,2990
2008/12/03,3950,2858
2008/12/04,4100,2900
2008/12/05,3895,2990
2008/12/08,4141,3201
2008/12/09,4225,3080
2008/12/10,4400,3098
2008/12/11,4800,3050
2008/12/12,4680,3000
2008/12/15,4450,2981
2008/12/17,4515,3001
2008/12/18,4737,2984
2008/12/19,4510,2900
2008/12/22,4700,3100
2008/12/23,4802,3100
2008/12/24,4880,3000
2008/12/29,4800,3050
2008/12/30,4800,3199
2008/12/31,4800,3135
2009/01/02,4869,3170
2009/01/05,5100,3000
2009/01/06,5300,3050
2009/01/07,4900,3000
2009/01/08,4920,2950
2009/01/09,5010,2950
2009/01/12,5000,2948
2009/01/13,4840,2771
2009/01/14,4700,2845
2009/01/15,4650,2891
2009/01/16,4600,2900
2009/01/19,4400,2865
2009/01/20,4390,2810
2009/01/21,4430,2751
2009/01/22,4350,2795
2009/01/23,4300,2800
2009/01/26,4450,2785
2009/01/27,4325,2840
2009/01/28,4420,2875
2009/01/29,4397,2890
2009/01/30,4320,2960
2009/02/02,4100,2825
2009/02/03,4100,2890
2009/02/04,4170,2875
2009/02/05,4201,2885
2009/02/06,4340,3069
2009/02/09,4330,3100
2009/02/10,4350,3225
2009/02/11,4285,3290
2009/02/12,4250,3200
2009/02/13,4000,3145
2009/02/16,3939,3100
2009/02/17,3650,3061
2009/02/18,3499,3105
2009/02/19,3500,3260
2009/02/20,3498,3100
2009/02/23,3750,3030
2009/02/24,3650,3000
2009/02/25,3739,2970
2009/02/26,3700,3049
2009/02/27,3706,2970
2009/03/02,3759,2975
2009/03/03,3775,2905
2009/03/04,3850,2975
2009/03/05,3850,2817
2009/03/06,3900,2740
2009/03/09,3900,2718
2009/03/10,3800,2609
2009/03/11,3940,2750
2009/03/12,3880,2795
2009/03/13,3945,2835
2009/03/16,3995,2900
2009/03/17,4080,2850
2009/03/18,4175,2801
2009/03/19,4325,2825
2009/03/20,4350,2905
2009/03/23,4380,3000
2009/03/24,4020,3126
2009/03/25,4200,3190
2009/03/26,4162,3148
2009/03/27,4113,3155
2009/03/30,3960,3199
2009/03/31,4050,3139
2009/04/01,4300,3330
2009/04/02,4400,3541
2009/04/03,4360,3450
2009/04/06,4300,3450
2009/04/07,4400,3310
2009/04/08,4300,3190
2009/04/09,4400,3300
2009/04/14,4650,3300
2009/04/15,4500,3300
2009/04/16,4285,3243
2009/04/17,4165,3300
2009/04/20,4005,3150
2009/04/21,4214,3190
2009/04/23,4600,3248
2009/04/24,4700,3150
2009/04/28,4750,3300
2009/04/29,4831,3235
2009/04/30,4775,3275
2009/05/04,5020,3225
2009/05/05,5194,3300
2009/05/06,4811,3280
2009/05/07,4700,3248
2009/05/08,4649,3285
2009/05/11,4600,3174
2009/05/12,4665,3038
2009/05/13,4529,2970
2009/05/14,4440,2985
2009/05/15,4617,3060
2009/05/18,4540,3050
2009/05/19,5000,3090
2009/05/20,5095,3085
2009/05/21,4865,3070
2009/05/22,4800,3100
2009/05/25,4899,3100
2009/05/26,4960,3145
2009/05/27,5145,3100
2009/05/28,5000,3120
2009/05/29,4981,3060
2009/06/01,5130,3035
2009/06/02,4982,3080
2009/06/03,5010,2975
2009/06/04,5101,3050
2009/06/05,5051,3000
2009/06/08,5000,3000
2009/06/09,5080,3000
2009/06/10,5200,2979
2009/06/11,5150,2860
2009/06/12,5200,2900
2009/06/15,5145,2876
2009/06/17,5035,2868
2009/06/18,4984,2950
2009/06/19,5047,2900
2009/06/22,4870,2878
2009/06/23,4740,2816
2009/06/24,4700,2943
2009/06/25,4723,2843
2009/06/26,4905,2885
2009/06/29,4925,2850
2009/06/30,5000,2902
2009/07/01,5043,3051
2009/07/02,4900,3046
2009/07/03,4740,3000
2009/07/06,4683,2925
2009/07/07,4745,2960
2009/07/08,4790,2960
2009/07/09,4870,2987
2009/07/10,4880,2980
2009/07/13,4970,2965
2009/07/14,4959,2914
2009/07/15,5020,2898
2009/07/16,5040,2875
2009/07/17,5000,2890
2009/07/20,5099,2899
2009/07/21,5035,2877
2009/07/22,4970,2850
2009/07/23,4990,2800
2009/07/24,5149,2840
2009/07/27,4925,2874
2009/07/28,4799,2970
2009/07/29,4700,2956
2009/07/30,4798,2857
2009/07/31,4745,2904
2009/08/03,4895,2960
2009/08/04,4915,3000
2009/08/05,5077,2950
2009/08/06,5085,2927
2009/08/07,5080,2970
2009/08/11,4900,2930
2009/08/12,4750,2875
2009/08/13,4900,2840
2009/08/14,4899,2854
2009/08/17,4600,2825
2009/08/18,4771,2810
2009/08/19,4868,2830
2009/08/20,4810,2866
2009/08/21,4802,2905
2009/08/24,4850,3010
2009/08/25,4700,2900
2009/08/26,4775,3000
2009/08/27,4895,3090
2009/08/28,5180,3182
2009/08/31,5500,3213
2009/09/01,5350,3290
2009/09/02,5175,3210
2009/09/03,5313,3319
2009/09/04,5359,3390
2009/09/07,5180,3360
2009/09/08,5225,3310
2009/09/09,5561,3298
2009/09/10,5780,3362
2009/09/11,6270,3480
2009/09/14,6100,3330
2009/09/15,6015,3325
2009/09/16,6301,3335
2009/09/17,6600,3549
2009/09/18,6450,3600
2009/09/21,6280,3500
2009/09/22,6330,3521
2009/09/23,6300,3549
2009/09/25,6275,3489
2009/09/28,6180,3450
2009/09/29,6096,3388
2009/09/30,5935,3390
2009/10/01,5995,3300
2009/10/02,6000,3255
2009/10/05,5761,3329
2009/10/06,5770,3385
2009/10/07,5806,3400
2009/10/08,5900,3300
2009/10/09,5900,3370
2009/10/12,5887,3400
2009/10/13,5813,3380
2009/10/14,5800,3410
2009/10/15,5730,3385
2009/10/16,5730,3254
2009/10/19,5856,3220
2009/10/20,5949,3330
2009/10/21,5680,3290
2009/10/22,5729,3430
2009/10/23,5725,3416
2009/10/26,5725,3319
2009/10/27,5480,3300
2009/10/28,5460,3232
2009/10/29,5549,3350
2009/10/30,5638,3295
2009/11/02,5510,3200
2009/11/03,5465,3170
2009/11/04,5600,3250
2009/11/05,5465,3200
2009/11/06,5450,3134
2009/11/09,5410,3220
2009/11/10,5395,3250
2009/11/11,5600,3360
2009/11/12,5625,3300
2009/11/13,5520,3290
2009/11/16,5525,3300
2009/11/17,5580,3338
2009/11/18,5480,3243
2009/11/19,5425,3225
2009/11/20,5470,3199
2009/11/23,5448,3200
2009/11/24,5285,3199
2009/11/25,5100,3170
2009/11/26,4860,3135
2009/11/27,4840,3105
2009/11/30,4784,3102
2009/12/01,4850,3170
2009/12/02,4780,3145
2009/12/03,4700,3140
2009/12/04,4725,3180
2009/12/07,4599,3148
2009/12/08,4500,3210
2009/12/09,4400,3240
2009/12/10,4500,3340
2009/12/11,4500,3418
2009/12/14,4719,3424
2009/12/15,4599,3443
2009/12/17,4460,3500
2009/12/18,4510,3416
2009/12/21,4460,3475
2009/12/22,4500,3428
2009/12/23,4485,3485
2009/12/24,4538,3499
2009/12/28,4574,3482
2009/12/29,4475,3493
2009/12/30,4520,3439
2009/12/31,4648,3473
2010/01/04,4680,3480
2010/01/05,4575,3501
2010/01/06,4569,3540
2010/01/07,4549,3490
2010/01/08,4525,3542
2010/01/11,4530,3330
2010/01/12,4470,3305
2010/01/13,4330,3250
2010/01/14,4425,3375
2010/01/15,4400,3316
2010/01/18,4396,3338
2010/01/19,4399,3301
2010/01/20,4340,3400
2010/01/21,4299,3359
2010/01/22,4190,3425
2010/01/25,4200,3370
2010/01/26,4040,3360
2010/01/27,4000,3400
2010/01/28,3950,3405
2010/01/29,3952,3355
2010/02/01,4020,3327
2010/02/02,4120,3280
2010/02/03,4332,3310
2010/02/04,4300,3372
2010/02/05,4173,3289
2010/02/08,4200,3345
2010/02/09,4220,3328
2010/02/10,4280,3317
2010/02/11,4241,3285
2010/02/12,4131,3246
2010/02/15,4218,3296
2010/02/16,4175,3290
2010/02/17,4469,3400
2010/02/18,4170,3390
2010/02/19,3953,3230
2010/02/22,4020,3231
2010/02/23,3989,3287
2010/02/24,3905,3220
2010/02/25,3835,3235
2010/02/26,3860,3250
2010/03/01,3750,3239
2010/03/02,3830,3219
2010/03/03,3920,3220
2010/03/04,3890,3235
2010/03/05,3850,3236
2010/03/08,3980,3290
2010/03/09,3835,3300
2010/03/10,3850,3321
2010/03/11,3830,3250
2010/03/12,3800,3275
2010/03/15,3790,3225
2010/03/16,3850,3265
2010/03/17,3900,3300
2010/03/18,3915,3315
2010/03/19,3830,3275
2010/03/23,3860,3270
2010/03/24,3941,3275
2010/03/25,4100,3400
2010/03/26,4230,3352
2010/03/29,4390,3340
2010/03/30,4362,3350
2010/03/31,4329,3420
2010/04/01,4292,3370
2010/04/06,4550,3400
2010/04/07,4661,3400
2010/04/08,4675,3320
2010/04/09,4699,3335
2010/04/12,4600,3322
2010/04/13,4580,3297
2010/04/14,4645,3282
2010/04/15,4620,3294
2010/04/16,4602,3250
2010/04/19,4499,3247
2010/04/20,4490,3259
2010/04/21,4400,3269
2010/04/22,4300,3219
2010/04/23,4297,3320
2010/04/26,4300,3315
2010/04/28,4220,3315
2010/04/29,4220,3330
2010/04/30,4140,3315
2010/05/03,4100,3350
2010/05/04,4089,3300
2010/05/05,4102,3280
2010/05/06,4000,3330
2010/05/07,3804,3250
2010/05/10,4020,3317
2010/05/11,4030,3349
2010/05/12,4165,3430
2010/05/13,4100,3300
2010/05/14,4020,3240
2010/05/17,4000,3225
2010/05/18,4000,3244
2010/05/19,3950,3214
2010/05/20,3840,3160
2010/05/21,3882,3092
2010/05/24,3931,3122
2010/05/25,3830,3061
2010/05/26,3975,3200
2010/05/27,4103,3189
2010/05/28,4130,3230
2010/05/31,4158,3200
2010/06/01,4060,3206
2010/06/02,4099,3194
2010/06/03,4040,3187
2010/06/04,3880,3124
2010/06/07,3850,3065
2010/06/08,3870,3105
2010/06/09,3890,3137
2010/06/10,3900,3179
2010/06/11,3930,3134
2010/06/14,3950,3175
2010/06/15,3957,3250
2010/06/17,4070,3323
2010/06/18,4179,3335
2010/06/21,4089,3337
2010/06/22,4140,3295
2010/06/23,3970,3300
2010/06/24,4010,3287
2010/06/25,3980,3258
2010/06/28,4001,3235
2010/06/29,3939,3229
2010/06/30,3880,3180
2010/07/01,3811,3091
2010/07/02,3889,3116
2010/07/05,3765,3127
2010/07/06,3825,3120
2010/07/07,3755,3100
2010/07/08,3735,3094
2010/07/09,3780,3091
2010/07/12,3840,3080
2010/07/13,3850,3100
2010/07/14,3901,3148
2010/07/15,3905,3185
2010/07/16,3910,3117
2010/07/19,3904,3055
2010/07/20,3930,3062
2010/07/21,4003,3080
2010/07/22,3970,3144
2010/07/23,3930,3127
2010/07/26,4010,3150
2010/07/27,4040,3185
2010/07/28,4165,3208
2010/07/29,4279,3180
2010/07/30,4202,3225
2010/08/02,4243,3165
2010/08/03,4221,3150
2010/08/04,4219,3125
2010/08/05,4215,3125
2010/08/06,4275,3150
2010/08/10,4189,3085
2010/08/11,4109,3076
2010/08/12,4129,3080
2010/08/13,4150,3080
2010/08/16,4201,3068
2010/08/17,4250,3065
2010/08/18,4080,3032
2010/08/19,4130,3019
2010/08/20,4100,2970
2010/08/23,4130,2973
2010/08/24,4097,2967
2010/08/25,4038,2954
2010/08/26,4200,2945
2010/08/27,4100,2939
2010/08/30,4150,2934
2010/08/31,4150,3003
2010/09/01,4085,3001
2010/09/02,4070,2910
2010/09/03,4065,2940
2010/09/06,4065,2958
2010/09/07,4047,2943
2010/09/08,3995,2900
2010/09/09,3999,2886
2010/09/10,4050,2920
2010/09/13,4059,2969
2010/09/14,4080,2969
2010/09/15,4048,2992
2010/09/16,4056,2994
2010/09/17,4075,3000
2010/09/20,4070,2978
2010/09/21,4174,3020
2010/09/22,4106,3004
2010/09/23,4171,3000
2010/09/27,4198,3045
2010/09/28,4290,3058
2010/09/29,4351,3130
2010/09/30,4490,3196
2010/10/01,4470,3161
2010/10/04,4500,3174
2010/10/05,4440,3172
2010/10/06,4439,3190
2010/10/07,4440,3180
2010/10/08,4400,3200
2010/10/11,4360,3200
2010/10/12,4293,3200
2010/10/13,4438,3250
2010/10/14,4456,3228
2010/10/15,4501,3209
2010/10/18,4565,3250
2010/10/19,4500,3218
2010/10/20,4535,3290
2010/10/21,4510,3325
2010/10/22,4447,3312
2010/10/25,4430,3300
2010/10/26,4418,3319
2010/10/27,4400,3327
2010/10/28,4275,3311
2010/10/29,4340,3340
2010/11/01,4369,3370
2010/11/02,4440,3370
2010/11/03,4380,3444
2010/11/04,4340,3470
2010/11/05,4283,3430
2010/11/08,4290,3430
2010/11/09,4290,3386
2010/11/10,4299,3425
2010/11/11,4249,3394
2010/11/12,4200,3330
2010/11/15,4189,3350
2010/11/16,4095,3399
2010/11/17,4077,3387
2010/11/18,4094,3400
2010/11/19,4087,3394
2010/11/22,4060,3369
2010/11/23,4012,3325
2010/11/24,4000,3318
2010/11/25,3970,3327
2010/11/26,3925,3321
2010/11/29,3900,3335
2010/11/30,3849,3251
2010/12/01,3900,3293
2010/12/02,3890,3338
2010/12/03,3875,3283
2010/12/06,3890,3335
2010/12/07,3875,3332
2010/12/08,3885,3275
2010/12/09,3887,3297
2010/12/10,3900,3260
2010/12/13,3876,3280
2010/12/14,3859,3300
2010/12/15,3870,3325
2010/12/17,3920,3405
2010/12/20,3950,3333
2010/12/21,3845,3370
2010/12/22,3900,3375
2010/12/23,3921,3365
2010/12/24,3975,3353
2010/12/28,3974,3378
2010/12/29,3976,3425
2010/12/30,4010,3450
2010/12/31,4017,3495
2011/01/03,4000,3490
2011/01/04,3980,3510
2011/01/05,4000,3488
2011/01/06,4000,3490
2011/01/07,4059,3500
2011/01/10,3933,3313
2011/01/11,4001,3305
2011/01/12,4014,3280
2011/01/13,4031,3270
2011/01/14,4020,3279
2011/01/17,4025,3259
2011/01/18,3994,3200
2011/01/19,4006,3185
2011/01/20,4022,3200
2011/01/21,3990,3252
2011/01/24,3930,3260
2011/01/25,3960,3314
2011/01/26,3945,3350
2011/01/27,3965,3375
2011/01/28,3460,3265
2011/01/31,3110,3120
2011/02/01,2965,3013
2011/02/02,2956,3075
2011/02/03,3000,3040
2011/02/04,3061,3030
2011/02/07,3045,3010
2011/02/08,2995,2987
2011/02/09,2950,2984
2011/02/10,2970,2920
2011/02/11,3000,2900
2011/02/14,2955,2918
2011/02/15,2970,2880
2011/02/16,2905,2880
2011/02/17,2910,2875
2011/02/18,2875,2850
2011/02/21,2875,2845
2011/02/22,2801,2780
2011/02/23,2741,2750
2011/02/24,2497,2700
2011/02/25,2507,2735
2011/02/28,2500,2782
2011/03/01,2400,2746
2011/03/02,2315,2650
2011/03/03,2400,2695
2011/03/04,2460,2655
2011/03/07,2508,2610
2011/03/08,2600,2685
2011/03/09,2590,2718
2011/03/10,2570,2655
2011/03/11,2534,2566
2011/03/14,2540,2637
2011/03/15,2460,2600
2011/03/16,2508,2571
2011/03/17,2500,2534
2011/03/18,2625,2597
2011/03/22,2692,2500
2011/03/23,2600,2428
2011/03/24,2600,2427
2011/03/25,2560,2455
2011/03/28,2617,2405
2011/03/29,2646,2375
2011/03/30,2675,2395
2011/03/31,2654,2400
2011/04/01,2690,2418
2011/04/04,2700,2475
2011/04/05,2700,2583
2011/04/06,2750,2590
2011/04/07,2800,2610
2011/04/08,2815,2624
2011/04/11,2765,2577
2011/04/12,2700,2549
2011/04/13,2722,2544
2011/04/14,2700,2577
2011/04/15,2645,2585
2011/04/18,2528,2579
2011/04/19,2508,2549
2011/04/20,2505,2450
2011/04/21,2510,2450
2011/04/26,2510,2495
2011/04/28,2485,2529
2011/04/29,2520,2500
2011/05/03,2500,2516
2011/05/04,2514,2515
2011/05/05,2527,2521
2011/05/06,2626,2534
2011/05/09,2620,2520
2011/05/10,2602,2555
2011/05/11,2630,2570
2011/05/12,2651,2504
2011/05/13,2660,2509
2011/05/16,2658,2530
2011/05/17,2665,2575
2011/05/19,2680,2570
2011/05/20,2660,2520
2011/05/23,2638,2554
2011/05/24,2685,2625
2011/05/25,2715,2650
2011/05/26,2749,2675
2011/05/27,2804,2725
2011/05/30,2817,2730
2011/05/31,2811,2740
2011/06/01,2821,2748
2011/06/02,2751,2690
2011/06/03,2754,2685
2011/06/06,2760,2626
2011/06/07,2920,2674
2011/06/08,2927,2640
2011/06/09,2970,2652
2011/06/10,2982,2660
2011/06/13,2980,2677
2011/06/14,2980,2635
2011/06/15,2855,2663
2011/06/17,2820,2700
2011/06/20,2776,2660
2011/06/21,2850,2699
2011/06/22,2828,2686
2011/06/23,2765,2626
2011/06/24,2775,2620
2011/06/27,2750,2621
2011/06/28,2782,2650
2011/06/29,2970,2670
2011/06/30,3000,2680
2011/07/01,3000,2690
2011/07/04,3011,2677
2011/07/05,3021,2686
2011/07/06,2998,2719
2011/07/07,3030,2700
2011/07/08,3040,2719
2011/07/11,2996,2761
2011/07/12,2980,2688
2011/07/13,3080,2790
2011/07/14,3076,2785
2011/07/15,3090,2755
2011/07/18,3050,2700
2011/07/19,3050,2727
2011/07/20,2930,2682
2011/07/21,2920,2656
2011/07/22,3025,2638
2011/07/25,2970,2600
2011/07/26,3003,2588
2011/07/27,3060,2610
2011/07/28,3052,2570
2011/07/29,3080,2580
2011/08/01,3050,2560
2011/08/02,2992,2560
2011/08/03,2965,2542
2011/08/04,2907,2500
2011/08/05,2838,2440
2011/08/08,2798,2310
2011/08/10,2729,2330
2011/08/11,2775,2330
2011/08/12,2750,2376
2011/08/15,2760,2425
2011/08/16,2732,2390
2011/08/17,2800,2412
2011/08/18,2720,2425
2011/08/19,2690,2364
2011/08/22,2769,2355
2011/08/23,2750,2369
2011/08/24,2771,2345
2011/08/25,2752,2340
2011/08/26,2745,2360
2011/08/29,2756,2346
2011/08/30,2765,2337
2011/08/31,2781,2360
2011/09/01,2712,2336
2011/09/02,2730,2335
2011/09/05,2695,2315
2011/09/06,2662,2333
2011/09/07,2653,2336
2011/09/08,2680,2340
2011/09/09,2682,2350
2011/09/12,2600,2330
2011/09/13,2607,2302
2011/09/14,2601,2377
2011/09/15,2611,2400
2011/09/16,2624,2389
2011/09/19,2630,2364
2011/09/20,2655,2376
2011/09/21,2626,2420
2011/09/22,2600,2370
2011/09/23,2600,2347
2011/09/26,2679,2340
2011/09/27,2722,2330
2011/09/28,2670,2335
2011/09/29,2675,2302
2011/09/30,2600,2325
2011/10/03,2695,2340
2011/10/04,2650,2310
2011/10/05,2600,2300
2011/10/06,2615,2314
2011/10/07,2600,2310
2011/10/10,2617,2310
2011/10/11,2612,2330
2011/10/12,2600,2360
2011/10/13,2640,2390
2011/10/14,2700,2402
2011/10/17,2660,2370
2011/10/18,2560,2394
2011/10/19,2520,2350
2011/10/20,2462,2360
2011/10/21,2450,2368
2011/10/24,2449,2365
2011/10/25,2399,2360
2011/10/26,2350,2325
2011/10/27,2390,2360
2011/10/28,2390,2400
2011/10/31,2420,2406
2011/11/01,2447,2380
2011/11/02,2510,2410
2011/11/03,2493,2430
2011/11/04,2470,2435
2011/11/07,2440,2488
2011/11/08,2444,2563
2011/11/09,2436,2585
2011/11/10,2447,2612
2011/11/11,2448,2618
2011/11/14,2447,2628
2011/11/15,2500,2676
2011/11/16,2505,2639
2011/11/17,2521,2640
2011/11/18,2480,2610
2011/11/21,2445,2610
2011/11/22,2450,2635
2011/11/23,2376,2621
2011/12/02,2376,2621
2011/12/05,2376,2621
2011/12/06,2376,2621
2011/12/07,2376,2621
2011/12/08,2376,2621
2011/12/09,2376,2621
2011/12/12,2376,2621
2011/12/13,2515,2748
2011/12/14,2402,2668
2011/12/15,2381,2680
2011/12/19,2470,2650
2011/12/20,2462,2645
2011/12/21,2530,2697
2011/12/22,2590,2730
2011/12/23,2585,2724
2011/12/28,2600,2720
2011/12/29,2590,2725
2011/12/30,2565,2739
2012/01/03,2600,2760
2012/01/04,2615,2780
2012/01/05,2635,2782
2012/01/06,2669,2800
2012/01/09,2643,2700
2012/01/10,2634,2690
2012/01/11,2632,2690
2012/01/12,2700,2671
2012/01/13,2669,2699
2012/01/16,2657,2721
2012/01/17,2607,2750
2012/01/18,2613,2808
2012/01/19,2599,2800
2012/01/20,2620,2814
2012/01/23,2644,2820
2012/01/24,2640,2799
2012/01/25,2640,2780
2012/01/26,2710,2805
2012/01/27,2790,2828
2012/01/30,2800,2830
2012/01/31,2680,2828
2012/02/01,2688,2855
2012/02/02,2665,2900
2012/02/03,2680,2905
2012/02/06,2678,2910
2012/02/07,2680,2908
2012/02/08,2700,2936
2012/02/09,2785,2968
2012/02/10,2830,2999
2012/02/13,2794,3050
2012/02/14,2795,3041
2012/02/15,2794,3073
2012/02/16,2795,3040
2012/02/17,2780,3069
2012/02/20,2785,3082
2012/02/21,2777,3085
2012/02/22,2830,3120
2012/02/23,2799,3150
2012/02/24,2800,3163
2012/02/27,2795,3150
2012/02/28,2830,3156
2012/02/29,2900,3160
2012/03/01,2900,3150
2012/03/02,2853,3170
2012/03/05,2850,3135
2012/03/06,2800,3104
2012/03/07,2773,3042
2012/03/08,2840,3012
2012/03/09,2925,3135
2012/03/12,2962,3174
2012/03/13,3106,3190
2012/03/14,3025,3285
2012/03/15,2985,3304
2012/03/16,2877,3220
2012/03/19,2790,3190
2012/03/20,2750,3184
2012/03/22,2761,3151
2012/03/23,2850,3160
2012/03/26,2785,3200
2012/03/27,2811,3256
2012/03/28,2850,3215
2012/03/29,2800,3235
2012/03/30,2810,3280
2012/04/02,2810,3288
2012/04/03,2796,3271
2012/04/04,2810,3275
2012/04/05,2880,3314
2012/04/10,2830,3305
2012/04/11,2810,3305
2012/04/12,2815,3278
2012/04/13,2830,3297
2012/04/16,2800,3181
2012/04/17,2800,3176
2012/04/18,2800,3159
2012/04/19,2756,3147
2012/04/20,2836,3149
2012/04/23,2729,3113
2012/04/24,2751,3080
2012/04/25,2800,3050
2012/04/26,2819,3098
2012/04/30,2859,3098
2012/05/02,2820,3105
2012/05/03,2824,3125
2012/05/04,2824,3131
2012/05/07,2835,3110
2012/05/08,2800,3091
2012/05/09,2750,3051
2012/05/10,2650,3048
2012/05/11,2711,3014
2012/05/14,2696,2955
2012/05/15,2702,2914
2012/05/16,2711,2900
2012/05/17,2700,2906
2012/05/18,2688,2934
2012/05/21,2700,2866
2012/05/22,2691,2870
2012/05/23,2621,2880
2012/05/24,2629,2811
2012/05/25,2626,2815
2012/05/28,2679,2824
2012/05/29,2700,2886
2012/05/30,2678,2800
2012/05/31,2680,2787
2012/06/01,2630,2785
2012/06/04,2610,2752
2012/06/05,2647,2700
2012/06/06,2635,2702
2012/06/07,2687,2735
2012/06/08,2689,2718
2012/06/11,2693,2685
2012/06/12,2755,2700
2012/06/13,2730,2760
2012/06/14,2710,2701
2012/06/15,2741,2816
2012/06/18,2774,2760
2012/06/19,2740,2765
2012/06/20,2700,2803
2012/06/21,2654,2800
2012/06/22,2590,2740
2012/06/25,2511,2679
2012/06/26,2507,2660
2012/06/27,2483,2666
2012/06/28,2390,2640
2012/06/29,2471,2675
2012/07/02,2450,2642
2012/07/03,2500,2685
2012/07/04,2480,2700
2012/07/05,2508,2767
2012/07/06,2500,2751
2012/07/09,2490,2691
2012/07/10,2490,2700
2012/07/11,2461,2659
2012/07/12,2440,2569
2012/07/13,2433,2551
2012/07/16,2415,2561
2012/07/17,2350,2570
2012/07/18,2349,2550
2012/07/19,2350,2500
2012/07/20,2343,2450
2012/07/23,2277,2460
2012/07/24,2298,2460
2012/07/25,2290,2470
2012/07/26,2290,2450
2012/07/27,2340,2500
2012/07/30,2310,2515
2012/07/31,2355,2588
2012/08/01,2320,2655
2012/08/02,2330,2682
2012/08/03,2345,2725
2012/08/06,2325,2665
2012/08/07,2335,2670
2012/08/08,2340,2645
2012/08/10,2345,2649
2012/08/13,2342,2627
2012/08/14,2355,2662
2012/08/15,2335,2640
2012/08/16,2348,2629
2012/08/17,2310,2690
2012/08/20,2310,2702
2012/08/21,2300,2755
2012/08/22,2273,2726
2012/08/23,2282,2792
2012/08/24,2230,2820
2012/08/27,2214,2790
2012/08/28,2215,2815
2012/08/29,2180,2782
2012/08/30,2120,2671
2012/08/31,2181,2660
2012/09/03,2239,2700
2012/09/04,2175,2700
2012/09/05,2170,2674
2012/09/06,2207,2650
2012/09/07,2311,2650
2012/09/10,2329,2774
2012/09/11,2298,2717
2012/09/12,2330,2824
2012/09/13,2240,2828
2012/09/14,2348,2875
2012/09/17,2374,2899
2012/09/18,2391,2975
2012/09/19,2364,2981
2012/09/20,2305,2950
2012/09/21,2290,3046
2012/09/25,2289,2990
2012/09/26,2232,2885
2012/09/27,2270,2925
2012/09/28,2211,2900
2012/10/01,2194,2893
2012/10/02,2234,2883
2012/10/03,2190,2835
2012/10/04,2220,2821
2012/10/05,2210,2813
2012/10/08,2125,2800
2012/10/09,2125,2775
2012/10/10,2108,2805
2012/10/11,2131,2776
2012/10/12,2125,2844
2012/10/15,2126,2838
2012/10/16,2190,2910
2012/10/17,2200,2987
2012/10/18,2209,3000
2012/10/19,2170,2980
2012/10/22,2140,2973
2012/10/23,2144,2890
2012/10/24,2177,2896
2012/10/25,2175,2936
2012/10/26,2174,2932
2012/10/29,2140,2880
2012/10/30,2165,2830
2012/10/31,2245,2899
2012/11/01,2187,2885
2012/11/02,2269,2979
2012/11/05,2265,3006
2012/11/06,2258,2929
2012/11/07,2249,2930
2012/11/08,2249,2870
2012/11/09,2184,2880
2012/11/12,2150,2820
2012/11/13,2111,2866
2012/11/14,2135,2860
2012/11/15,2160,2868
2012/11/16,2159,2846
2012/11/19,2180,2839
2012/11/21,2170,2850
2012/11/22,2223,2860
2012/11/23,2260,2900
2012/11/24,2260,2900
2012/11/25,2260,2900
2012/11/26,2215,2915
2012/11/27,2215,2929
2012/11/28,2130,2898
2012/11/29,2157,2920
2012/11/30,2145,2926
2012/12/03,2116,2870
2012/12/04,2130,2960
2012/12/05,2155,3010
2012/12/06,2152,3020
2012/12/07,2155,3061
2012/12/10,2197,3175
2012/12/11,2235,3285
2012/12/12,2363,3261
2012/12/13,2389,3350
2012/12/14,2360,3315
2012/12/18,2361,3420
2012/12/19,2400,3549
2012/12/20,2450,3494
2012/12/21,2435,3476
2012/12/24,2420,3450
2012/12/27,2438,3477
2012/12/28,2449,3455
2012/12/31,2475,3420
2013/01/02,2430,3520
2013/01/03,2430,3460
2013/01/04,2487,3486
2013/01/07,2490,3317
2013/01/08,2500,3340
2013/01/09,2500,3350
2013/01/10,2507,3300
2013/01/11,2494,3227
2013/01/14,2500,3275
2013/01/15,2500,3268
2013/01/16,2413,3296
2013/01/17,2430,3294
2013/01/18,2450,3300
2013/01/21,2427,3270
2013/01/22,2450,3265
2013/01/23,2482,3275
2013/01/24,2465,3345
2013/01/25,2500,3319
2013/01/28,2500,3200
2013/01/29,2498,3194
2013/01/30,2513,3200
2013/01/31,2545,3275
2013/02/01,2527,3287
2013/02/04,2435,3261
2013/02/05,2447,3209
2013/02/06,2451,3210
2013/02/07,2455,3212
2013/02/08,2425,3259
2013/02/11,2424,3300
2013/02/12,2425,3330
2013/02/13,2450,3355
2013/02/14,2472,3382
2013/02/15,2452,3289
2013/02/18,2500,3335
2013/02/19,2500,3296
2013/02/20,2464,3329
2013/02/21,2450,3315
2013/02/22,2464,3307
2013/02/25,2498,3368
2013/02/26,2502,3400
2013/02/27,2464,3390
2013/02/28,2501,3451
2013/03/01,2470,3504
2013/03/04,2500,3550
2013/03/05,2507,3615
2013/03/06,2485,3620
2013/03/07,2450,3588
2013/03/08,2432,3585
2013/03/11,2479,3597
2013/03/12,2506,3626
2013/03/13,2452,3525
2013/03/14,2460,3440
2013/03/15,2415,3350
2013/03/18,2399,3319
2013/03/19,2417,3280
2013/03/20,2390,3287
2013/03/22,2323,3255
2013/03/25,2353,3200
2013/03/26,2370,3250
2013/03/27,2361,3200
2013/03/28,2349,3205
2013/04/02,2385,3300
2013/04/03,2343,3339
2013/04/04,2310,3349
2013/04/05,2325,3341
2013/04/08,2290,3394
2013/04/09,2309,3335
2013/04/10,2310,3410
2013/04/11,2300,3425
2013/04/12,2260,3480
2013/04/15,2165,3366
2013/04/16,2236,3390
2013/04/17,2252,3395
2013/04/18,2230,3360
2013/04/19,2272,3385
2013/04/22,2270,3420
2013/04/23,2282,3425
2013/04/24,2260,3399
2013/04/25,2294,3460
2013/04/26,2300,3350
2013/04/29,2275,3370
2013/04/30,2197,3281
2013/05/02,2200,3336
2013/05/03,2199,3402
2013/05/06,2224,3352
2013/05/07,2230,3395
2013/05/08,2245,3430
2013/05/09,2250,3450
2013/05/10,2258,3500
2013/05/13,2190,3525
2013/05/14,2151,3476
2013/05/15,2150,3474
2013/05/16,2177,3285
2013/05/17,2202,3234
2013/05/20,2165,3145
2013/05/21,2170,3108
2013/05/22,2200,3150
2013/05/23,2168,3088
2013/05/24,2190,3169
2013/05/27,2202,3188
2013/05/28,2190,3275
2013/05/29,2185,3229
2013/05/30,2202,3180
2013/05/31,2279,3235
2013/06/03,2220,3105
2013/06/04,2227,3080
2013/06/05,2250,3030
2013/06/06,2258,3078
2013/06/07,2286,3050
2013/06/10,2295,3050
2013/06/11,2257,3030
2013/06/12,2275,3000
2013/06/13,2409,2960
2013/06/14,2365,2940
2013/06/18,2429,2938
2013/06/19,2478,2949
2013/06/20,2472,2876
2013/06/21,2509,2990
2013/06/24,2531,2895
2013/06/25,2470,2875
2013/06/26,2441,2851
2013/06/27,2401,2800
2013/06/28,2513,2979
2013/07/01,2566,3037
2013/07/02,2599,3025
2013/07/03,2601,2950
2013/07/04,2625,3000
2013/07/05,2600,2995
2013/07/08,2623,2914
2013/07/09,2560,2900
2013/07/10,2560,2868
2013/07/11,2625,2918
2013/07/12,2634,2952
2013/07/15,2622,2934
2013/07/16,2600,2886
2013/07/17,2550,2853
2013/07/18,2517,2835
2013/07/19,2525,2847
2013/07/22,2576,2883
2013/07/23,2590,2970
2013/07/24,2555,2948
2013/07/25,2580,2862
2013/07/26,2580,2852
2013/07/29,2519,2891
2013/07/30,2519,2922
2013/07/31,2378,2900
2013/08/01,2495,2859
2013/08/02,2500,2855
2013/08/05,2388,2860
2013/08/06,2365,2880
2013/08/07,2496,2917
2013/08/08,2541,3063
2013/08/12,2590,3050
2013/08/13,2450,3219
2013/08/14,2468,3109
2013/08/15,2402,3047
2013/08/16,2360,3037
2013/08/19,2355,3027
2013/08/20,2390,2977
2013/08/21,2434,2992
2013/08/22,2428,3022
2013/08/23,2389,3020
2013/08/26,2530,3031
2013/08/27,2502,2975
2013/08/28,2395,2968
2013/08/29,2450,3010
2013/08/30,2590,2963
2013/09/02,2605,2941
2013/09/03,2745,2925
2013/09/04,2781,2965
2013/09/05,2800,2940
2013/09/06,2820,2900
2013/09/09,2815,2930
2013/09/10,2880,2950
2013/09/11,2846,2950
2013/09/12,2890,2973
2013/09/13,2869,2979
2013/09/16,2865,3020
2013/09/17,2850,3100
2013/09/18,2780,3020
2013/09/19,2788,3110
2013/09/20,2752,3100
2013/09/23,2743,3074
2013/09/25,2750,3046
2013/09/26,2725,3061
2013/09/27,2717,3095
2013/09/30,2750,3020
2013/10/01,2690,3056
2013/10/02,2740,3100
2013/10/03,2750,3152
2013/10/04,2731,3162
2013/10/07,2740,3155
2013/10/08,2808,3115
2013/10/09,2874,3100
2013/10/10,2840,3133
2013/10/11,2899,3121
2013/10/14,2838,3111
2013/10/15,2840,3120
2013/10/16,2882,3129
2013/10/17,2799,3100
2013/10/18,2790,3120
2013/10/21,2880,3174
2013/10/22,2910,3146
2013/10/23,2916,3153
2013/10/24,2940,3137
2013/10/25,2970,3115
2013/10/28,3030,3121
2013/10/29,3057,3155
2013/10/30,3070,3190
2013/10/31,3064,3175
2013/11/01,3030,3165
2013/11/04,3030,3165
2013/11/05,3040,3150
2013/11/06,3125,3225
2013/11/07,3130,3225
2013/11/08,3083,3155
2013/11/11,3100,3170
2013/11/12,3080,3150
2013/11/13,3070,3140
2013/11/14,3084,3162
2013/11/15,3100,3201
2013/11/18,3119,3190
2013/11/19,3042,3239
2013/11/20,3015,3200
2013/11/21,3039,3200
2013/11/22,3012,3154
2013/11/25,2970,3180
2013/11/26,2875,3155
2013/11/27,2851,3084
2013/11/28,2837,3090
2013/11/29,2870,3130
2013/12/02,2866,3125
2013/12/03,2867,3095
2013/12/04,2860,3104
2013/12/05,2805,3044
2013/12/06,2775,3023
2013/12/09,2745,3130
2013/12/10,2763,3149
2013/12/11,2775,3134
2013/12/12,2720,3149
2013/12/13,2700,3101
2013/12/17,2700,3090
2013/12/18,2700,3070
2013/12/19,2671,3060
2013/12/20,2680,3081
2013/12/23,2680,3073
2013/12/24,2680,3085
2013/12/27,2680,3038
2013/12/30,2741,3099
2013/12/31,2681,3140
2014/01/02,2750,3143
2014/01/03,2748,3150
2014/01/06,2707,2938
2014/01/07,2780,2941
2014/01/08,2790,2940
2014/01/09,2759,2961
2014/01/10,2699,2940
2014/01/13,2736,2940
2014/01/14,2738,2945
2014/01/15,2850,3077
2014/01/16,2820,3060
2014/01/17,2845,2960
2014/01/20,2830,2995
2014/01/21,2779,2961
2014/01/22,2756,3040
2014/01/23,2771,3024
2014/01/24,2782,3033
2014/01/27,2717,2951
2014/01/28,2752,2942
2014/01/29,2700,2930
2014/01/30,2600,2945
2014/01/31,2480,2981
2014/02/03,2487,2940
2014/02/04,2569,2913
2014/02/05,2587,2915
2014/02/06,2611,3015
2014/02/07,2630,2931
2014/02/10,2750,2948
2014/02/11,2767,2972
2014/02/12,2767,2940
2014/02/13,2685,2932
2014/02/14,2674,2929
2014/02/17,2683,2960
2014/02/18,2675,2937
2014/02/19,2605,2968
2014/02/20,2500,2917
2014/02/21,2573,2930
2014/02/24,2633,2935
2014/02/25,2620,2926
2014/02/26,2525,2923
2014/02/27,2526,2917
2014/02/28,2500,2940
2014/03/03,2500,2910
2014/03/04,2459,2915
2014/03/05,2450,2940
2014/03/06,2390,2920
2014/03/07,2350,2890
2014/03/10,2335,2850
2014/03/11,2300,2865
2014/03/12,2270,2884
2014/03/13,2254,2850
2014/03/14,2339,2877
2014/03/17,2300,2903
2014/03/18,2334,2929
2014/03/19,2303,2955
2014/03/20,2311,2860
2014/03/24,2336,2970
2014/03/25,2379,2970
2014/03/26,2470,2960
2014/03/27,2415,2930
2014/03/28,2454,2955
2014/03/31,2459,2924
2014/04/01,2465,2939
2014/04/02,2495,2920
2014/04/03,2469,2897
2014/04/04,2444,2958
2014/04/07,2475,2985
2014/04/08,2460,3010
2014/04/09,2455,3016
2014/04/10,2439,3000
2014/04/11,2400,3060
2014/04/14,2378,3067
2014/04/15,2335,3020
2014/04/16,2412,3094
2014/04/17,2410,3040
2014/04/22,2390,3061
2014/04/23,2460,3050
2014/04/24,2437,3040
2014/04/25,2480,3080
2014/04/29,2455,3060
2014/04/30,2460,3060
2014/05/02,2510,3101
2014/05/05,2510,3105
2014/05/06,2586,3139
2014/05/08,2597,3248
2014/05/09,2580,3310
2014/05/12,2583,3290
2014/05/13,2588,3320
2014/05/14,2634,3193
2014/05/15,2576,3235
2014/05/16,2587,3209
2014/05/19,2599,3295
2014/05/20,2598,3135
2014/05/21,2599,3175
2014/05/22,2589,3220
2014/05/23,2598,3225
2014/05/26,2552,3239
2014/05/27,2515,3228
2014/05/28,2558,3255
2014/05/29,2545,3218
2014/05/30,2550,3250
2014/06/02,2566,3175
2014/06/03,2510,3268
2014/06/04,2560,3204
2014/06/05,2509,3245
2014/06/06,2500,3230
2014/06/09,2525,3160
2014/06/10,2589,3170
2014/06/11,2570,3200
2014/06/12,2546,3185
2014/06/13,2573,3160
2014/06/17,2557,3165
2014/06/18,2485,3144
2014/06/19,2470,3177
2014/06/20,2473,3260
2014/06/23,2440,3227
2014/06/24,2458,3226
2014/06/25,2430,3195
2014/06/26,2425,3141
2014/06/27,2423,3160
2014/06/30,2431,3135
2014/07/01,2460,3200
2014/07/02,2440,3183
2014/07/03,2466,3173
2014/07/04,2430,3163
2014/07/07,2421,3121
2014/07/08,2418,3135
2014/07/09,2450,3171
2014/07/10,2423,3080
2014/07/11,2453,3109
2014/07/14,2469,3191
2014/07/15,2439,3179
2014/07/16,2355,3159
2014/07/17,2415,3150
2014/07/18,2399,3169
2014/07/21,2386,3194
2014/07/22,2490,3275
2014/07/23,2487,3286
2014/07/24,2470,3306
2014/07/25,2517,3261
2014/07/28,2425,3280
2014/07/29,2520,3295
2014/07/30,2490,3256
2014/07/31,2506,3216
2014/08/01,2459,3280
2014/08/04,2440,3287
2014/08/05,2461,3250
2014/08/06,2422,3238
2014/08/07,2420,3225
2014/08/08,2424,3270
2014/08/11,2440,3260
2014/08/12,2465,3265
2014/08/13,2433,3270
2014/08/14,2430,3280
2014/08/15,2454,3229
2014/08/18,2432,3317
2014/08/19,2489,3275
2014/08/20,2489,3270
2014/08/21,2486,3250
2014/08/22,2480,3287
2014/08/25,2560,3325
2014/08/26,2556,3310
2014/08/27,2534,3311
2014/08/28,2625,3325
2014/08/29,2639,3311
2014/09/01,2620,3400
2014/09/02,2730,3350
2014/09/03,2700,3385
2014/09/04,2696,3373
2014/09/05,2687,3390
2014/09/08,2687,3450
2014/09/09,2695,3396
2014/09/10,2694,3398
2014/09/11,2698,3395
2014/09/12,2665,3305
2014/09/15,2660,3308
2014/09/16,2630,3295
2014/09/17,2661,3247
2014/09/18,2635,3263
2014/09/19,2660,3250
2014/09/22,2617,3000
2014/09/23,2593,3000
2014/09/25,2590,3000
2014/09/26,2579,2990
2014/09/29,2529,3020
2014/09/30,2520,2956
2014/10/01,2485,2860
2014/10/02,2452,2866
2014/10/03,2524,2900
2014/10/06,2436,2900
2014/10/07,2395,2844
2014/10/08,2354,2807
2014/10/09,2369,2847
2014/10/10,2337,2830
2014/10/13,2315,2810
2014/10/14,2357,2917
2014/10/15,2330,2790
2014/10/16,2373,2771
2014/10/17,2440,2775
2014/10/20,2390,2840
2014/10/21,2357,2812
2014/10/22,2377,2846
2014/10/23,2342,2801
2014/10/24,2287,2790
2014/10/27,2323,2803
2014/10/28,2284,2797
2014/10/29,2291,2804
2014/10/30,2279,2795
2014/10/31,2265,2960
2014/11/03,2394,2871
2014/11/04,2299,2818
2014/11/05,2255,2841
2014/11/06,2238,2790
2014/11/07,2225,2745
2014/11/10,2235,2740
2014/11/11,2230,2700
2014/11/12,2190,2768
2014/11/13,2171,2781
2014/11/14,2177,2700
2014/11/17,2169,2695
2014/11/18,2130,2581
2014/11/19,2105,2603
2014/11/20,2099,2605
2014/11/21,2100,2558
2014/11/24,2100,2615
2014/11/25,2090,2571
2014/11/26,2046,2602
2014/11/27,2049,2580
2014/11/28,2010,2557
2014/12/01,1957,2510
2014/12/02,1983,2508
2014/12/03,1997,2512
2014/12/04,1990,2528
2014/12/05,1999,2500
2014/12/08,2003,2454
2014/12/09,2009,2400
2014/12/10,1990,2454
2014/12/11,1990,2453
2014/12/12,1992,2502
2014/12/15,2011,2500
2014/12/17,2048,2432
2014/12/18,2085,2490
2014/12/19,2119,2550
2014/12/22,2100,2625
2014/12/23,2075,2728
2014/12/24,2081,2700
2014/12/29,2100,2740
2014/12/30,2100,2760
2014/12/31,2126,2750
2015/01/02,2100,2721
2015/01/05,2100,2550
2015/01/06,2070,2565
2015/01/07,2094,2603
2015/01/08,2033,2511
2015/01/09,2072,2485
2015/01/12,2050,2354
2015/01/13,2053,2335
2015/01/14,2015,2380
2015/01/15,2000,2320
2015/01/16,1971,2350
2015/01/19,1990,2417
2015/01/20,2000,2398
2015/01/21,2000,2391
2015/01/22,2000,2352
2015/01/23,2000,2369
2015/01/26,1999,2220
2015/01/27,1979,2189
2015/01/28,1960,2160
2015/01/29,1964,2045
2015/01/30,1967,2140
2015/02/02,1976,2141
2015/02/03,1990,2180
2015/02/04,1961,2150
2015/02/05,1903,2126
2015/02/06,1913,2085
2015/02/09,1920,2112
2015/02/10,1897,2050
2015/02/11,1819,2030
2015/02/12,1800,1991
2015/02/13,1772,1863
2015/02/16,1800,1840
2015/02/17,1870,1851
2015/02/18,1895,1889
2015/02/19,1883,1895
2015/02/20,1899,1915
2015/02/23,1889,1915
2015/02/24,1830,1857
2015/02/25,1785,1818
2015/02/26,1750,1840
2015/02/27,1739,1812
2015/03/02,1761,1831
2015/03/03,1720,1847
2015/03/04,1678,1836
2015/03/05,1600,1781
2015/03/06,1561,1790
2015/03/09,1540,1820
2015/03/10,1503,1800
2015/03/11,1460,1742
2015/03/12,1426,1754
2015/03/13,1434,1716
2015/03/16,1383,1690
2015/03/17,1410,1744
2015/03/18,1372,1744
2015/03/19,1398,1803
2015/03/20,1452,1855
2015/03/23,1515,1908
2015/03/24,1470,1935
2015/03/25,1429,1851
2015/03/26,1440,1796
2015/03/27,1423,1899
2015/03/30,1398,1890
2015/03/31,1369,1833
2015/04/01,1388,1830
2015/04/02,1364,1799
2015/04/07,1330,1742
2015/04/08,1314,1772
2015/04/09,1290,1785
2015/04/10,1280,1825
2015/04/13,1272,1835
2015/04/14,1290,1785
2015/04/15,1359,1783
2015/04/16,1340,1801
2015/04/17,1330,1796
2015/04/20,1315,1777
2015/04/21,1255,1785
2015/04/22,1225,1707
2015/04/23,1251,1723
2015/04/24,1292,1713
2015/04/28,1328,1746
2015/04/29,1326,1713
2015/04/30,1315,1702
2015/05/04,1320,1730
2015/05/05,1358,1778
2015/05/06,1411,1810
2015/05/07,1337,1728
2015/05/08,1336,1672
2015/05/11,1353,1630
2015/05/12,1385,1683
2015/05/13,1357,1720
2015/05/14,1409,1719
2015/05/15,1361,1766
2015/05/18,1361,1767
2015/05/19,1345,1895
2015/05/20,1354,1960
2015/05/21,1370,2116
2015/05/22,1350,2060
2015/05/25,1334,2015
2015/05/26,1308,1870
2015/05/27,1305,1881
2015/05/28,1300,1967
2015/05/29,1307,2030
2015/06/01,1347,2002
2015/06/02,1369,2000
2015/06/03,1328,1976
2015/06/04,1315,2005
2015/06/05,1357,1995
2015/06/08,1340,1939
2015/06/09,1363,1902
2015/06/10,1457,1944
2015/06/11,1438,1920
2015/06/12,1430,1940
2015/06/15,1435,1980
2015/06/17,1440,1985
2015/06/18,1426,1945
2015/06/19,1366,1913
2015/06/22,1392,1898
2015/06/23,1310,1840
2015/06/24,1310,1834
2015/06/25,1325,1833
2015/06/26,1330,1790
2015/06/29,1304,1793
2015/06/30,1285,1765
2015/07/01,1230,1759
2015/07/02,1252,1797
2015/07/03,1232,1820
2015/07/06,1270,1857
2015/07/07,1243,1835
2015/07/08,1190,1855
2015/07/09,1193,1969
2015/07/10,1193,2000
2015/07/13,1195,1926
2015/07/14,1205,1930
2015/07/15,1203,1944
2015/07/16,1277,2012
2015/07/17,1295,2044
2015/07/20,1257,1989
2015/07/21,1306,2035
2015/07/22,1320,2060
2015/07/23,1277,2084
2015/07/24,1230,2030
2015/07/27,1230,2070
2015/07/28,1204,2000
2015/07/29,1277,2113
2015/07/30,1251,2234
2015/07/31,1298,2251
2015/08/03,1228,2230
2015/08/04,1220,2210
2015/08/05,1210,2210
2015/08/06,1234,2204
2015/08/07,1236,2204
2015/08/11,1292,2248
2015/08/12,1235,2228
2015/08/13,1220,2204
2015/08/14,1218,2180
2015/08/17,1209,2200
2015/08/18,1257,2213
2015/08/19,1220,2139
2015/08/20,1299,2200
2015/08/21,1284,2180
2015/08/24,1234,2060
2015/08/25,1248,2117
2015/08/26,1202,2051
2015/08/27,1250,2075
2015/08/28,1275,2139
2015/08/31,1255,2170
2015/09/01,1299,2104
2015/09/02,1264,2130
2015/09/03,1264,2125
2015/09/04,1264,2139
2015/09/07,1179,2060
2015/09/08,1179,2065
2015/09/09,1163,2036
2015/09/10,1110,2035
2015/09/11,1144,2070
2015/09/14,1178,2103
2015/09/15,1245,2085
2015/09/16,1263,2085
2015/09/17,1260,2060
2015/09/18,1327,1998
2015/09/21,1307,1905
2015/09/22,1295,1950
2015/09/23,1245,1840
2015/09/25,1205,1806
2015/09/28,1169,1733
2015/09/29,1167,1716
2015/09/30,1170,1710
2015/10/01,1170,1741
2015/10/02,1255,1783
2015/10/05,1203,1801
2015/10/06,1165,1752
2015/10/07,1189,1725
2015/10/08,1209,1743
2015/10/09,1220,1769
2015/10/12,1180,1770
2015/10/13,1203,1751
2015/10/14,1115,1762
2015/10/15,1110,1765
2015/10/16,1069,1765
2015/10/19,1004,1758
2015/10/20,1051,1737
2015/10/21,1043,1728
2015/10/22,1088,1697
2015/10/23,1073,1763
2015/10/26,1075,1809
2015/10/27,1112,1733
2015/10/28,1101,1730
2015/10/29,1072,1680
2015/10/30,1048,1665
2015/11/02,1020,1650
2015/11/03,1030,1691
2015/11/04,1078,1691
2015/11/05,1004,1685
2015/11/06,981,1639
2015/11/09,973,1573
2015/11/10,933,1600
2015/11/11,977,1606
2015/11/12,927,1575
2015/11/13,920,1605
2015/11/16,966,1565
2015/11/17,957,1525
2015/11/18,949,1602
2015/11/19,936,1690
2015/11/20,927,1675
2015/11/23,932,1668
