Date,PPC,AVENGE
2004/05/12,1402,751
2004/05/13,1440,776
2004/05/14,1410,755
2004/05/17,1465,760
2004/05/18,1423,748
2004/05/19,1410.5,735
2004/05/20,1417,760
2004/05/21,1417.5,760
2004/05/24,1410,765
2004/05/25,1408,760
2004/05/26,1420,786
2004/05/27,1415,785
2004/05/28,1424,788
2004/05/31,1410.5,770
2004/06/01,1426.5,760
2004/06/02,1417,770
2004/06/03,1417,765
2004/06/04,1417.1,755
2004/06/07,1418,770
2004/06/08,1417.3,770
2004/06/09,1421,753
2004/06/10,1423.1,755
2004/06/11,1430,755
2004/06/14,1480.1,756
2004/06/15,1475,760
2004/06/17,1524,770
2004/06/18,1500,770
2004/06/21,1490,755
2004/06/22,1456,756
2004/06/23,1495,746
2004/06/24,1502.5,745
2004/06/25,1502.5,740
2004/06/28,1507.5,745
2004/06/29,1544,745
2004/06/30,1560,740
2004/07/01,1570,740
2004/07/02,1580,750
2004/07/05,1570,750
2004/07/06,1551,747
2004/07/07,1531,745
2004/07/08,1510.5,738
2004/07/09,1540,737
2004/07/12,1530,730
2004/07/13,1534.5,730
2004/07/14,1510,729
2004/07/15,1542.5,738
2004/07/16,1555,735
2004/07/19,1600,735
2004/07/20,1598,735
2004/07/21,1650,736
2004/07/22,1648,733
2004/07/23,1660,728
2004/07/26,1663,725
2004/07/27,1740.1,700
2004/07/28,1732.5,715
2004/07/29,1690,725
2004/07/30,1689.9,740
2004/08/02,1660,759
2004/08/03,1670,770
2004/08/04,1655,770
2004/08/05,1652.5,770
2004/08/06,1622.5,751
2004/08/10,1614.9,740
2004/08/11,1586,740
2004/08/12,1600,750
2004/08/13,1640,750
2004/08/16,1635,780
2004/08/17,1660,756
2004/08/18,1670,770
2004/08/19,1680,787
2004/08/20,1748,805
2004/08/23,1739.9,820
2004/08/24,1699.9,815
2004/08/25,1661,820
2004/08/26,1665,801
2004/08/27,1655,810
2004/08/30,1680,805
2004/08/31,1730,810
2004/09/01,1730,800
2004/09/02,1750,810
2004/09/03,1800,830
2004/09/06,1815,815
2004/09/07,1785,816
2004/09/08,1780,795
2004/09/09,1790,782
2004/09/10,1794.9,780
2004/09/13,1776,775
2004/09/14,1776,803
2004/09/15,1780,810
2004/09/16,1785,806
2004/09/17,1790,810
2004/09/20,1814.6,830
2004/09/21,1810,850
2004/09/22,1805,855
2004/09/23,1800,855
2004/09/27,1810,854
2004/09/28,1810,870
2004/09/29,1800,867
2004/09/30,1810,860
2004/10/01,1820,895
2004/10/04,1822.7,924
2004/10/05,1870,900
2004/10/06,1910,925
2004/10/07,1928,925
2004/10/08,1900,929
2004/10/11,1848,927
2004/10/12,1855,925
2004/10/13,1880,905
2004/10/14,1880,910
2004/10/15,1890,925
2004/10/18,1905,911
2004/10/19,1910,915
2004/10/20,1880,900
2004/10/21,1900,905
2004/10/22,1940,905
2004/10/25,1960,926
2004/10/26,2036.5,971
2004/10/27,2040,990
2004/10/28,2015,1005
2004/10/29,2014,990
2004/11/01,2020,990
2004/11/02,2040,992
2004/11/03,2075,1000
2004/11/04,2175,1005
2004/11/05,2175,1030
2004/11/08,2175,1045
2004/11/09,2180,1055
2004/11/10,2240,1030
2004/11/11,2400,1062
2004/11/12,2460,1080
2004/11/15,2565,1086
2004/11/16,2570,1110
2004/11/17,2500,1110
2004/11/18,2400,1100
2004/11/19,2380,1077
2004/11/22,2350,1073
2004/11/23,2290,1073
2004/11/24,2290,1110
2004/11/25,2400,1125
2004/11/26,2384.9,1180
2004/11/29,2370,1169
2004/11/30,2400,1175
2004/12/01,2430,1150
2004/12/02,2435,1150
2004/12/03,2430,1175
2004/12/06,2440,1165
2004/12/07,2445,1170
2004/12/08,2449,1170
2004/12/09,2500.1,1170
2004/12/10,2580,1178
2004/12/13,2660,1186
2004/12/14,2700,1215
2004/12/15,2720,1187
2004/12/17,2700,1210
2004/12/20,2700,1210
2004/12/21,2735,1200
2004/12/22,2710.5,1190
2004/12/23,2730,1182
2004/12/24,2730,1182
2004/12/28,2800,1200
2004/12/29,2800,1200
2004/12/30,2850,1215
2004/12/31,2850,1200
2005/01/03,2600,1201
2005/01/04,2587.5,1250
2005/01/05,2560,1250
2005/01/06,2500,1255
2005/01/07,2470,1271
2005/01/10,2410,1311
2005/01/11,2420,1335
2005/01/12,2400,1344
2005/01/13,2380,1310
2005/01/14,2269,1290
2005/01/17,2220,1250
2005/01/18,2180,1164
2005/01/19,2285,1160
2005/01/20,2270,1145
2005/01/21,2265,1130
2005/01/24,2260,1130
2005/01/25,2298.9,1122
2005/01/26,2339.7,1107
2005/01/27,2379.9,1122
2005/01/28,2380,1125
2005/01/31,2370,1135
2005/02/01,2320,1146
2005/02/02,2308.3,1145
2005/02/03,2280,1150
2005/02/04,2260,1155
2005/02/07,2260,1154
2005/02/08,2255.1,1140
2005/02/09,2280,1160
2005/02/10,2161.1,1145
2005/02/11,2240,1150
2005/02/14,2270,1150
2005/02/15,2289.3,1148
2005/02/16,2277.5,1150
2005/02/17,2276,1155
2005/02/18,2270,1150
2005/02/21,2275,1160
2005/02/22,2270,1175
2005/02/23,2289.9,1195
2005/02/24,2310,1180
2005/02/25,2310,1180
2005/02/28,2301,1200
2005/03/01,2340,1201
2005/03/02,2345,1215
2005/03/03,2370,1214
2005/03/04,2375,1200
2005/03/07,2357,1185
2005/03/08,2320.1,1195
2005/03/09,2334,1195
2005/03/10,2330,1186
2005/03/11,2350,1185
2005/03/14,2387,1175
2005/03/15,2400,1175
2005/03/16,2310,1180
2005/03/17,2330.5,1184
2005/03/18,2296,1171
2005/03/22,2240,1151
2005/03/23,2165.2,1115
2005/03/24,2280.1,1112
2005/03/29,2300,1120
2005/03/30,2250,1126
2005/03/31,2212,1130
2005/04/01,2289,1161
2005/04/04,2260,1153
2005/04/05,2279,1140
2005/04/06,2265,1135
2005/04/07,2220.1,1130
2005/04/08,2210,1140
2005/04/11,2202,1115
2005/04/12,2180,1100
2005/04/13,2165,1080
2005/04/14,2200,1100
2005/04/15,2200,1075
2005/04/18,2175,1080
2005/04/19,2160,1065
2005/04/20,2190,1065
2005/04/21,2200,1060
2005/04/22,2180,1080
2005/04/25,2180.1,1115
2005/04/26,2210,1100
2005/04/28,2205,1070
2005/04/29,2230,1070
2005/05/03,2290,1081
2005/05/04,2334,1110
2005/05/05,2400,1149
2005/05/06,2339,1140
2005/05/09,2310,1170
2005/05/10,2300,1175
2005/05/11,2250,1162
2005/05/12,2240,1160
2005/05/13,2202.5,1171
2005/05/16,2250,1170
2005/05/17,2235,1170
2005/05/18,2240,1180
2005/05/19,2229.7,1190
2005/05/20,2225,1180
2005/05/23,2225,1150
2005/05/24,2240,1125
2005/05/25,2236,1125
2005/05/26,2240,1145
2005/05/27,2237.5,1160
2005/05/30,2200.5,1156
2005/05/31,2180,1152
2005/06/01,2110.5,1151
2005/06/02,2130,1150
2005/06/03,2170,1150
2005/06/06,2185,1175
2005/06/07,2175.6,1195
2005/06/08,2190,1216
2005/06/09,2150,1200
2005/06/10,2150,1205
2005/06/13,2150,1220
2005/06/14,2160,1225
2005/06/15,2149.9,1235
2005/06/17,2150,1235
2005/06/20,2150,1254
2005/06/21,2150,1250
2005/06/22,2155,1242
2005/06/23,2223,1229
2005/06/24,2220,1220
2005/06/27,2220,1225
2005/06/28,2260.8,1240
2005/06/29,2260,1245
2005/06/30,2299.5,1235
2005/07/01,2420,1245
2005/07/04,2390.1,1230
2005/07/05,2350,1225
2005/07/06,2360,1245
2005/07/07,2355,1240
2005/07/08,2360,1243
2005/07/11,2400,1264
2005/07/12,2410,1280
2005/07/13,2417,1280
2005/07/14,2490.1,1290
2005/07/15,2531,1310
2005/07/18,2539.9,1310
2005/07/19,2531,1330
2005/07/20,2505,1335
2005/07/21,2480,1360
2005/07/22,2500,1365
2005/07/25,2500,1350
2005/07/26,2490,1345
2005/07/27,2520,1335
2005/07/28,2530,1345
2005/07/29,2520,1330
2005/08/01,2550,1335
2005/08/02,2530,1320
2005/08/03,2560,1320
2005/08/04,2572,1280
2005/08/05,2650,1300
2005/08/08,2600.5,1325
2005/08/10,2570,1336
2005/08/11,2520,1315
2005/08/12,2520,1292
2005/08/15,2500,1291
2005/08/16,2549.7,1290
2005/08/17,2500,1290
2005/08/18,2500,1280
2005/08/19,2559.9,1294
2005/08/22,2570,1315
2005/08/23,2590,1320
2005/08/24,2581.5,1312
2005/08/25,2585,1310
2005/08/26,2559.9,1320
2005/08/29,2570,1310
2005/08/30,2560,1316
2005/08/31,2595,1295
2005/09/01,2640,1328
2005/09/02,2640,1330
2005/09/05,2669,1340
2005/09/06,2720,1397
2005/09/07,2800.8,1390
2005/09/08,2834.9,1365
2005/09/09,2850,1365
2005/09/12,2880,1444
2005/09/13,2874,1450
2005/09/14,2858.4,1490
2005/09/15,2829,1519
2005/09/16,2800,1565
2005/09/19,2830,1610
2005/09/20,2820,1580
2005/09/21,2815,1590
2005/09/22,2790,1600
2005/09/23,2750,1601
2005/09/26,2755,1615
2005/09/27,2790,1625
2005/09/28,2850,1630
2005/09/29,2854.9,1640
2005/09/30,2910,1675
2005/10/03,3011,1655
2005/10/04,2995,1695
2005/10/05,2980,1695
2005/10/06,2987.2,1660
2005/10/07,2998,1640
2005/10/10,3130,1649
2005/10/11,3130,1660
2005/10/12,3100,1700
2005/10/13,3020,1660
2005/10/14,2900,1655
2005/10/17,2900,1658
2005/10/18,2900,1660
2005/10/19,2800,1638
2005/10/20,2820,1640
2005/10/21,2820,1645
2005/10/24,2900,1660
2005/10/25,2950,1702
2005/10/26,2970,1720
2005/10/27,2841.7,1705
2005/10/28,2900,1695
2005/10/31,3000,1685
2005/11/01,3000,1700
2005/11/02,3000.6,1720
2005/11/03,3100,1795
2005/11/04,3060,1770
2005/11/07,3099,1800
2005/11/08,3125,1840
2005/11/09,3100,1880
2005/11/10,3060,1910
2005/11/11,3118,1929
2005/11/14,3185,1905
2005/11/15,3160,1915
2005/11/16,3140,1915
2005/11/17,3190,1915
2005/11/18,3210,1920
2005/11/21,3270,1951
2005/11/22,3200,1900
2005/11/23,3275,1900
2005/11/24,3278,1915
2005/11/25,3250,1905
2005/11/28,3243.6,1865
2005/11/29,3168.5,1870
2005/11/30,3100,1841
2005/12/01,3130,1830
2005/12/02,3100.1,1825
2005/12/05,3133,1820
2005/12/06,3139.8,1825
2005/12/07,3159.8,1840
2005/12/08,3180,1840
2005/12/09,3170,1840
2005/12/12,3194,1880
2005/12/13,3193,1900
2005/12/14,3220,1885
2005/12/15,3180,1880
2005/12/19,3220,1860
2005/12/20,3205,1820
2005/12/21,3231.7,1834
2005/12/22,3199.6,1770
2005/12/23,3201,1780
2005/12/27,3249,1805
2005/12/28,3230,1805
2005/12/29,3250,1780
2005/12/30,3067.5,1799
2006/01/03,3070,1830
2006/01/04,3062.5,1835
2006/01/05,3012.6,1845
2006/01/06,3030,1870
2006/01/09,3069.9,1945
2006/01/10,3102,1980
2006/01/11,3165,1985
2006/01/12,3205.4,2075
2006/01/13,3350,2100
2006/01/16,3206.1,2030
2006/01/17,3226,1990
2006/01/18,3280,1950
2006/01/19,3264.9,1965
2006/01/20,3329,1970
2006/01/23,3355,1955
2006/01/24,3326.5,1975
2006/01/25,3315,2050
2006/01/26,3297.5,2040
2006/01/27,3290,2025
2006/01/30,3320,2035
2006/01/31,3340,2055
2006/02/01,3449.8,2101
2006/02/02,3526,2110
2006/02/03,3375,2100
2006/02/06,3448.9,2075
2006/02/07,3540,2110
2006/02/08,3600,2100
2006/02/09,3605,2130
2006/02/10,3750,2202
2006/02/13,3630.2,2200
2006/02/14,3550,2200
2006/02/15,3560,2200
2006/02/16,3520,2190
2006/02/17,3660,2250
2006/02/20,3730,2250
2006/02/21,3722.1,2270
2006/02/22,3794,2323
2006/02/23,3702,2305
2006/02/24,3758.8,2335
2006/02/27,3901.1,2405
2006/02/28,3809.2,2385
2006/03/02,3874.2,2480
2006/03/03,3850,2451
2006/03/06,3882.8,2455
2006/03/07,3610,2326
2006/03/08,3640,2321
2006/03/09,3780,2351
2006/03/10,3902,2340
2006/03/13,4050,2400
2006/03/14,4120,2420
2006/03/15,4117.5,2430
2006/03/16,4119,2391
2006/03/17,4037.5,2361
2006/03/20,4040,2430
2006/03/22,4099,2516
2006/03/23,4150,2517
2006/03/24,4145,2470
2006/03/27,4150,2460
2006/03/28,4101,2400
2006/03/29,4170.2,2375
2006/03/30,4191.3,2340
2006/03/31,4190,2350
2006/04/03,4100,2365
2006/04/04,4080,2375
2006/04/05,4099.9,2400
2006/04/06,4101,2372
2006/04/07,4199.4,2385
2006/04/10,4170,2411
2006/04/11,4200,2375
2006/04/12,4135,2340
2006/04/13,4036,2305
2006/04/18,4020,2331
2006/04/19,4106.4,2310
2006/04/20,4107.5,2309
2006/04/21,4144.9,2300
2006/04/24,4136,2272
2006/04/25,4144.9,2310
2006/04/26,4150,2375
2006/04/28,4190,2376
2006/05/02,4165,2310
2006/05/03,4190.1,2410
2006/05/04,4196.1,2430
2006/05/05,4260,2430
2006/05/08,4270.7,2360
2006/05/09,4300.1,2400
2006/05/10,4330,2430
2006/05/11,4259.1,2465
2006/05/12,4070,2480
2006/05/15,3920,2425
2006/05/16,4015,2400
2006/05/17,3965,2350
2006/05/18,3900,2305
2006/05/19,3950,2307
2006/05/22,3750,2210
2006/05/23,4000,2200
2006/05/24,3830,2142
2006/05/25,3780.2,2160
2006/05/26,3825,2200
2006/05/29,3789.5,2217
2006/05/30,3700,2238
2006/05/31,3570.5,2205
2006/06/01,3600.4,2200
2006/06/02,3650,2240
2006/06/05,3750,2250
2006/06/06,3605.1,2129
2006/06/07,3550,2100
2006/06/08,3405.7,2041
2006/06/09,3500,2079
2006/06/12,3549.9,2169
2006/06/13,3458.8,2149
2006/06/14,3579.9,2130
2006/06/15,3730,2185
2006/06/19,3779.8,2200
2006/06/20,3749,2165
2006/06/21,3750,2130
2006/06/22,3680,2175
2006/06/23,3699.9,2130
2006/06/26,3474.6,2025
2006/06/27,3570.1,2073
2006/06/28,3569,2075
2006/06/29,3599.9,2100
2006/06/30,3674.9,2145
2006/07/03,3727.5,2275
2006/07/04,3706,2260
2006/07/05,3650,2230
2006/07/06,3637.5,2225
2006/07/07,3600,2225
2006/07/10,3635,2220
2006/07/11,3668.5,2240
2006/07/12,3710,2270
2006/07/13,3698.1,2202
2006/07/14,3710,2190
2006/07/17,3675,2104
2006/07/18,3623.5,2100
2006/07/19,3734.5,2180
2006/07/20,3740,2240
2006/07/21,3650,2260
2006/07/24,3670,2259
2006/07/25,3710,2230
2006/07/26,3710,2220
2006/07/27,3704,2248
2006/07/28,3699.5,2195
2006/07/31,3700,2160
2006/08/01,3687.6,2200
2006/08/02,3654.5,2190
2006/08/03,3669.5,2185
2006/08/04,3750,2195
2006/08/07,3710,2195
2006/08/08,3725,2280
2006/08/10,3670,2360
2006/08/11,3750,2425
2006/08/14,3820,2490
2006/08/15,3900,2480
2006/08/16,3915,2518
2006/08/17,3969.5,2500
2006/08/18,3920,2449
2006/08/21,3880,2440
2006/08/22,3869.5,2435
2006/08/23,3833.8,2444
2006/08/24,3820,2498
2006/08/25,3834,2600
2006/08/28,3850,2600
2006/08/29,3888.9,2585
2006/08/30,3875,2630
2006/08/31,3890,2670
2006/09/01,4004.8,2585
2006/09/04,4000,2580
2006/09/05,3945.1,2601
2006/09/06,3912.6,2610
2006/09/07,3741.8,2589
2006/09/08,3795,2600
2006/09/11,3675.4,2600
2006/09/12,3810,2630
2006/09/13,3810,2725
2006/09/14,3820,2750
2006/09/15,3800,2760
2006/09/18,3730,2777
2006/09/19,3832.5,2860
2006/09/20,3729,2840
2006/09/21,3574.3,2840
2006/09/22,3626.6,2840
2006/09/26,3670,2785
2006/09/27,3600,2785
2006/09/28,3570,2760
2006/09/29,3478.8,2750
2006/10/02,3510,2700
2006/10/03,3450,2702
2006/10/04,3390,2754
2006/10/05,3440,2806
2006/10/06,3490,2800
2006/10/09,3570,2760
2006/10/10,3630,2829
2006/10/11,3630,2848
2006/10/12,3615,2870
2006/10/13,3635,2885
2006/10/16,3720,2870
2006/10/17,3683,2860
2006/10/18,3685,2802
2006/10/19,3690,2780
2006/10/20,3630,2789
2006/10/23,3637.5,2795
2006/10/24,3709.1,2888
2006/10/25,3605,3030
2006/10/26,3720,3084
2006/10/27,3760,3140
2006/10/30,3770,3125
2006/10/31,3800,3120
2006/11/01,3770,3150
2006/11/02,3775,3130
2006/11/03,3845,3200
2006/11/06,3849.9,3175
2006/11/07,3800,3200
2006/11/08,3860,3320
2006/11/09,3750,3127
2006/11/10,3724,3181
2006/11/13,3705,3144
2006/11/14,3720,3250
2006/11/15,3750,3225
2006/11/16,3780,3225
2006/11/17,3730,3215
2006/11/20,3745,3235
2006/11/21,3730,3349
2006/11/22,3732.1,3289
2006/11/23,3760,3266
2006/11/24,3791.5,3299
2006/11/27,3720,3250
2006/11/28,3710,3220
2006/11/29,3750,3240
2006/11/30,3784.9,3275
2006/12/01,3819.9,3450
2006/12/04,3861.9,3400
2006/12/05,3920,3400
2006/12/06,3918,3463
2006/12/07,3838.1,3435
2006/12/08,3820,3435
2006/12/11,3786.2,3359
2006/12/12,3735,3325
2006/12/13,3760,3250
2006/12/14,3762.7,3231
2006/12/15,3840,3190
2006/12/18,3859,3235
2006/12/19,3860,3235
2006/12/20,3950.1,3235
2006/12/21,4020,3235
2006/12/22,3920,3270
2006/12/27,4018,3320
2006/12/28,4026,3360
2006/12/29,3880,3360
2007/01/02,3860,3339
2007/01/03,3800,3300
2007/01/04,3738.6,3290
2007/01/05,3735,3270
2007/01/09,3830,3250
2007/01/10,3847.1,3250
2007/01/11,3902,3280
2007/01/12,3820,3295
2007/01/15,3898,3290
2007/01/16,3917.5,3335
2007/01/17,3910,3580
2007/01/18,3967.4,3671
2007/01/19,3925,3540
2007/01/22,4000,3650
2007/01/23,4070,3799
2007/01/24,4231,3881
2007/01/25,4200,3990
2007/01/26,4199,3996
2007/01/29,4141,3960
2007/01/30,4230,3869
2007/01/31,4220,3865
2007/02/01,4220.1,3780
2007/02/02,4250,3800
2007/02/05,4220.5,3680
2007/02/06,4279,3600
2007/02/07,4220.5,3619
2007/02/08,4170,3639
2007/02/09,4175,3700
2007/02/12,4150,3660
2007/02/13,4140,3685
2007/02/14,4170,3760
2007/02/15,4295,3861
2007/02/16,4359.8,3940
2007/02/19,4450,4030
2007/02/20,4400,4028
2007/02/21,4271,4080
2007/02/22,4328,4100
2007/02/23,4310.1,4103
2007/02/26,4260,4140
2007/02/27,4200,4025
2007/02/28,4208.8,3950
2007/03/01,4190,3870
2007/03/02,4210,3780
2007/03/05,4075,3695
2007/03/06,4065,3924
2007/03/07,4115,4030
2007/03/08,4190,4100
2007/03/09,4350,4111
2007/03/12,4361,4221
2007/03/13,4410,4230
2007/03/14,4299.9,4180
2007/03/15,4400,4272
2007/03/16,4370,4500
2007/03/19,4495,4420
2007/03/20,4400,4500
2007/03/22,4500,4410
2007/03/23,4549,4500
2007/03/26,4549.9,4490
2007/03/27,4622,4440
2007/03/28,4560,4430
2007/03/29,4595,4500
2007/03/30,4720,4600
2007/04/02,4590,4570
2007/04/03,4619,4480
2007/04/04,4590,4489
2007/04/05,4630,4500
2007/04/10,4735,4500
2007/04/11,4650,4500
2007/04/12,4679.9,4498
2007/04/13,4690,4591
2007/04/16,4700,4700
2007/04/17,4752.4,4770
2007/04/18,4750.5,4750
2007/04/19,4735,4800
2007/04/20,4831.3,4800
2007/04/23,4900,4870
2007/04/24,4865,4860
2007/04/25,4880,4840
2007/04/26,4850,4800
2007/04/30,4841,4825
2007/05/02,4870.2,4775
2007/05/03,4897.5,4740
2007/05/04,4900,4699
2007/05/07,4898,4689
2007/05/08,4829.9,4650
2007/05/09,4765,4650
2007/05/10,4750,4680
2007/05/11,4917,4700
2007/05/14,4940,4706
2007/05/15,4910,4701
2007/05/16,4980,4835
2007/05/17,4920,4872
2007/05/18,5000,4920
2007/05/21,5085,5050
2007/05/22,5000,5160
2007/05/23,5080,5325
2007/05/24,5055,5348
2007/05/25,5100,5200
2007/05/28,5085,5110
2007/05/29,5080,5150
2007/05/30,5045,5015
2007/05/31,5050,4999
2007/06/01,5030,5010
2007/06/04,4979,4950
2007/06/05,5030.1,4945
2007/06/06,5050,5063
2007/06/07,5128,4975
2007/06/08,4980,4870
2007/06/11,4969.5,4953
2007/06/12,4925,4991
2007/06/13,4875,4930
2007/06/14,4949.9,5000
2007/06/15,4940,4835
2007/06/18,4930,4922
2007/06/19,4927,5000
2007/06/20,4910,4960
2007/06/21,4821.5,5010
2007/06/22,4810,4990
2007/06/25,4800,4925
2007/06/26,4810,4920
2007/06/27,4840,4880
2007/06/28,4880,4850
2007/06/29,4900,4995
2007/07/02,5000,5150
2007/07/03,5075,5170
2007/07/04,5150,5124
2007/07/05,5170,5170
2007/07/06,5110,5225
2007/07/09,5200,5500
2007/07/10,4985,5429
2007/07/11,4940,5374
2007/07/12,5040,5396
2007/07/13,5125,5550
2007/07/16,5210,5580
2007/07/17,5130,5560
2007/07/18,4890,5600
2007/07/19,4850,5665
2007/07/20,4840,5680
2007/07/23,4840,5690
2007/07/24,4698,5550
2007/07/25,4525,5490
2007/07/26,4360,5345
2007/07/27,4225,5200
2007/07/30,4210,5200
2007/07/31,4250,5372
2007/08/01,4140,5199
2007/08/02,4349,5199
2007/08/03,4305,5214
2007/08/06,4255,4995
2007/08/07,4420,5000
2007/08/08,4379,5035
2007/08/10,4111,4900
2007/08/13,4130,4870
2007/08/14,4150,4900
2007/08/15,4021,4790
2007/08/16,3805,4567
2007/08/17,3799,4575
2007/08/20,3975,4700
2007/08/21,4182,4815
2007/08/22,4350,4900
2007/08/23,4445,5075
2007/08/24,4450,5000
2007/08/27,4450,5075
2007/08/28,4419,5129
2007/08/29,4300,5055
2007/08/30,4449,5175
2007/08/31,4525,5290
2007/09/03,4560,5300
2007/09/04,4530,5350
2007/09/05,4560,5301
2007/09/06,4601,5300
2007/09/07,4599,5100
2007/09/10,4530,5011
2007/09/11,4700,5420
2007/09/12,4700,5550
2007/09/13,4651,5802
2007/09/14,4600,5700
2007/09/17,4528,5514
2007/09/18,4500,5600
2007/09/19,4605,5520
2007/09/20,4565,5470
2007/09/21,4490,5400
2007/09/25,4646,5500
2007/09/26,4840,5625
2007/09/27,4840,5600
2007/09/28,4780,5500
2007/10/01,4535,5420
2007/10/02,4650,5400
2007/10/03,4715,5490
2007/10/04,4796,5530
2007/10/05,4700,5733
2007/10/08,4630,5860
2007/10/09,4552,5901
2007/10/10,4580,6120
2007/10/11,4480,6325
2007/10/12,4400,6300
2007/10/15,4399,6200
2007/10/16,4450,6180
2007/10/17,4400,6200
2007/10/18,4428,6069
2007/10/19,4415,6140
2007/10/22,4460,6050
2007/10/23,4540,6170
2007/10/24,4500,6250
2007/10/25,4579,6499
2007/10/26,4600,6650
2007/10/29,4725,6800
2007/10/30,4790,6645
2007/10/31,4730,6410
2007/11/01,4800,6200
2007/11/02,4900,6200
2007/11/05,4700,6071
2007/11/06,4890,6280
2007/11/07,4877,6438
2007/11/08,4727,6449
2007/11/09,4740,6500
2007/11/12,4741,6520
2007/11/13,4735,6390
2007/11/14,4965,6500
2007/11/15,5000,6301
2007/11/16,4880,6405
2007/11/19,4616,6355
2007/11/20,4780,6300
2007/11/21,4689,6100
2007/11/22,4750,6070
2007/11/23,4786,6076
2007/11/26,4750,6080
2007/11/27,4670,5930
2007/11/28,4620,5768
2007/11/29,4700,5673
2007/11/30,4530,5800
2007/12/03,4770,5900
2007/12/04,4700,6100
2007/12/05,4750,6301
2007/12/06,4820,6250
2007/12/07,4881,6100
2007/12/10,4713,6300
2007/12/11,4762,6450
2007/12/12,4700,6550
2007/12/13,4650,6350
2007/12/14,4600,6143
2007/12/18,4620,6060
2007/12/19,4500,6000
2007/12/20,4600,6155
2007/12/21,4600,6075
2007/12/24,4720,6200
2007/12/27,4790,6249
2007/12/28,4529,6175
2007/12/31,4372,6085
2008/01/02,4550,6120
2008/01/03,4390,6125
2008/01/04,4420,6000
2008/01/07,4350,5855
2008/01/08,4371,5945
2008/01/09,4289,5795
2008/01/10,4210,5535
2008/01/11,4160,5280
2008/01/14,4199,5290
2008/01/15,4101,5125
2008/01/16,4000,5150
2008/01/17,4200,5380
2008/01/18,4058,5275
2008/01/21,3950,5115
2008/01/22,3940,5100
2008/01/23,3900,5000
2008/01/24,4118,5150
2008/01/25,3988,4944
2008/01/28,3710,4770
2008/01/29,3723,5010
2008/01/30,3750,5090
2008/01/31,3750,5200
2008/02/01,4000,5300
2008/02/04,3833,5538
2008/02/05,3699,5250
2008/02/06,3880,5460
2008/02/07,3770,5310
2008/02/08,3761,5245
2008/02/11,3650,5190
2008/02/12,3750,5201
2008/02/13,3800,5350
2008/02/14,3820,5550
2008/02/15,3916,5675
2008/02/18,4180,5800
2008/02/19,4160,6100
2008/02/20,4060,5780
2008/02/21,4025,5700
2008/02/22,4170,5640
2008/02/25,4160,5774
2008/02/26,4380,5840
2008/02/27,4275,5700
2008/02/28,4201,5991
2008/02/29,4280,6200
2008/03/03,4100,6050
2008/03/04,3955,5800
2008/03/05,3980,5600
2008/03/06,4000,5593
2008/03/07,3860,5350
2008/03/10,3810,5200
2008/03/11,3930,5250
2008/03/12,4001,5400
2008/03/13,4000,5430
2008/03/14,3951,5650
2008/03/17,3831,5400
2008/03/18,4050,5600
2008/03/19,3990,5500
2008/03/20,3900,5415
2008/03/25,4249,5650
2008/03/26,4250,5998
2008/03/27,4150,5950
2008/03/28,4120,6014
2008/03/31,4005,5800
2008/04/01,4220,6000
2008/04/02,4411,6150
2008/04/03,4299,6150
2008/04/04,4120,5900
2008/04/07,4180,5987
2008/04/08,4179,5750
2008/04/09,4130,5800
2008/04/10,4000,5830
2008/04/11,3900,5850
2008/04/14,3820,5770
2008/04/15,3800,5726
2008/04/16,3825,5425
2008/04/17,3870,5705
2008/04/18,3931,5890
2008/04/21,3884,6125
2008/04/22,3860,5990
2008/04/23,3859,6080
2008/04/24,3825,5900
2008/04/25,3790,5900
2008/04/29,3950,5780
2008/04/30,4000,5705
2008/05/05,4000,5700
2008/05/06,3895,5725
2008/05/07,3850,5700
2008/05/08,3826,5750
2008/05/09,3819,5740
2008/05/12,3800,5700
2008/05/13,3755,5700
2008/05/14,3749,5775
2008/05/15,3760,5899
2008/05/16,3760,5945
2008/05/19,3780,6300
2008/05/20,3750,6450
2008/05/21,3805,6400
2008/05/22,3790,6401
2008/05/23,3730,6450
2008/05/26,3615,6460
2008/05/27,3574,6760
2008/05/28,3600,6830
2008/05/29,3549,6575
2008/05/30,3545,6525
2008/06/02,3460,6410
2008/06/03,3370,6346
2008/06/04,3344,6300
2008/06/05,3475,6490
2008/06/06,3445,6351
2008/06/09,3350,6440
2008/06/10,3175,6290
2008/06/11,3150,6199
2008/06/12,3270,6325
2008/06/13,3200,6416
2008/06/17,3099,6099
2008/06/18,3101,6090
2008/06/19,3225,5990
2008/06/20,3270,5857
2008/06/23,3136,5765
2008/06/24,3010,5638
2008/06/25,3040,5700
2008/06/26,3007,5960
2008/06/27,2950,5654
2008/06/30,2869,5800
2008/07/01,2780,5700
2008/07/02,2820,5800
2008/07/03,2738,5668
2008/07/04,2711,5365
2008/07/07,2690,5225
2008/07/08,2679,5200
2008/07/09,2730,5200
2008/07/10,2738,5480
2008/07/11,2755,5500
2008/07/14,2725,5300
2008/07/15,2715,5000
2008/07/16,2745,5176
2008/07/17,2979,5900
2008/07/18,3008,5800
2008/07/21,2955,5615
2008/07/22,3000,5500
2008/07/23,3100,5500
2008/07/24,3190,5698
2008/07/25,3150,5625
2008/07/28,3150,5700
2008/07/29,3200,5705
2008/07/30,3270,5960
2008/07/31,3400,6200
2008/08/01,3250,5900
2008/08/04,3155,5857
2008/08/05,3140,5850
2008/08/06,3299,5770
2008/08/07,3155,5500
2008/08/08,3150,5700
2008/08/11,3350,5850
2008/08/12,3340,5750
2008/08/13,3325,5900
2008/08/14,3280,6350
2008/08/15,3240,6230
2008/08/18,3210,6100
2008/08/19,3200,5920
2008/08/20,3200,6125
2008/08/21,3200,6695
2008/08/22,3190,6700
2008/08/25,3170,6460
2008/08/26,3120,6495
2008/08/27,3120,6680
2008/08/28,3390,6934
2008/08/29,3398,6620
2008/09/01,3260,6859
2008/09/02,3370,6950
2008/09/03,3370,6930
2008/09/04,3375,6845
2008/09/05,3120,6501
2008/09/08,3191,6900
2008/09/09,3198,6992
2008/09/10,3250,6700
2008/09/11,3250,6300
2008/09/12,3120,6200
2008/09/15,3130,6410
2008/09/16,3200,6613
2008/09/17,3000,6420
2008/09/18,2944,6200
2008/09/19,3010,6600
2008/09/22,3126,6305
2008/09/23,3010,6030
2008/09/25,3050,6115
2008/09/26,3075,6160
2008/09/29,2930,6025
2008/09/30,3125,6250
2008/10/01,3020,6000
2008/10/02,3015,5900
2008/10/03,3010,5990
2008/10/06,2820,5599
2008/10/07,3040,5745
2008/10/08,2890,5200
2008/10/09,2800,5155
2008/10/10,2745,5007
2008/10/13,2717,5299
2008/10/14,2940,5301
2008/10/15,2829,4450
2008/10/16,2452,4240
2008/10/17,2405,4102
2008/10/20,2475,4156
2008/10/21,2670,4530
2008/10/22,2699,4540
2008/10/23,2461,4280
2008/10/24,2500,4140
2008/10/27,2500,3930
2008/10/28,2575,4300
2008/10/29,2758,4400
2008/10/30,2792,4510
2008/10/31,3000,4799
2008/11/03,3025,4421
2008/11/04,3100,4200
2008/11/05,2940,3950
2008/11/06,2710,3655
2008/11/07,2820,3450
2008/11/10,2937,3630
2008/11/11,2810,3585
2008/11/12,2764,3350
2008/11/13,2760,3170
2008/11/14,2887,3066
2008/11/17,2840,2975
2008/11/18,2750,2854
2008/11/19,2850,2801
2008/11/20,2770,2575
2008/11/21,2840,2606
2008/11/24,2870,2840
2008/11/25,3055,3000
2008/11/26,3100,3195
2008/11/27,3100,3170
2008/11/28,3075,2900
2008/12/01,2962,2775
2008/12/02,2990,2499
2008/12/03,2858,2415
2008/12/04,2900,2620
2008/12/05,2990,2750
2008/12/08,3201,2865
2008/12/09,3080,2876
2008/12/10,3098,3133
2008/12/11,3050,3130
2008/12/12,3000,2949
2008/12/15,2981,2800
2008/12/17,3001,2663
2008/12/18,2984,2920
2008/12/19,2900,2805
2008/12/22,3100,2980
2008/12/23,3100,3066
2008/12/24,3000,3100
2008/12/29,3050,3155
2008/12/30,3199,3100
2008/12/31,3135,3072
2009/01/02,3170,3052
2009/01/05,3000,3150
2009/01/06,3050,3320
2009/01/07,3000,3152
2009/01/08,2950,3150
2009/01/09,2950,3211
2009/01/12,2948,3284
2009/01/13,2771,3110
2009/01/14,2845,3035
2009/01/15,2891,3001
2009/01/16,2900,3009
2009/01/19,2865,2850
2009/01/20,2810,2740
2009/01/21,2751,2700
2009/01/22,2795,2635
2009/01/23,2800,2545
2009/01/26,2785,2650
2009/01/27,2840,2650
2009/01/28,2875,2700
2009/01/29,2890,2698
2009/01/30,2960,2640
2009/02/02,2825,2500
2009/02/03,2890,2425
2009/02/04,2875,2490
2009/02/05,2885,2512
2009/02/06,3069,2600
2009/02/09,3100,2757
2009/02/10,3225,2783
2009/02/11,3290,2800
2009/02/12,3200,2800
2009/02/13,3145,2650
2009/02/16,3100,2670
2009/02/17,3061,2550
2009/02/18,3105,2444
2009/02/19,3260,2460
2009/02/20,3100,2365
2009/02/23,3030,2549
2009/02/24,3000,2505
2009/02/25,2970,2600
2009/02/26,3049,2576
2009/02/27,2970,2575
2009/03/02,2975,2580
2009/03/03,2905,2580
2009/03/04,2975,2690
2009/03/05,2817,2625
2009/03/06,2740,2643
2009/03/09,2718,2650
2009/03/10,2609,2700
2009/03/11,2750,2779
2009/03/12,2795,2679
2009/03/13,2835,2689
2009/03/16,2900,2690
2009/03/17,2850,2700
2009/03/18,2801,2765
2009/03/19,2825,2815
2009/03/20,2905,2850
2009/03/23,3000,2861
2009/03/24,3126,2800
2009/03/25,3190,2815
2009/03/26,3148,2790
2009/03/27,3155,2665
2009/03/30,3199,2652
2009/03/31,3139,2605
2009/04/01,3330,2790
2009/04/02,3541,2850
2009/04/03,3450,2850
2009/04/06,3450,2878
2009/04/07,3310,2829
2009/04/08,3190,2830
2009/04/09,3300,2900
2009/04/14,3300,3040
2009/04/15,3300,2900
2009/04/16,3243,2850
2009/04/17,3300,2830
2009/04/20,3150,2817
2009/04/21,3190,2868
2009/04/23,3248,3039
2009/04/24,3150,3140
2009/04/28,3300,3130
2009/04/29,3235,3200
2009/04/30,3275,3270
2009/05/04,3225,3399
2009/05/05,3300,3400
2009/05/06,3280,3250
2009/05/07,3248,3150
2009/05/08,3285,3180
2009/05/11,3174,3180
2009/05/12,3038,3039
2009/05/13,2970,2950
2009/05/14,2985,2897
2009/05/15,3060,2900
2009/05/18,3050,2965
2009/05/19,3090,3140
2009/05/20,3085,3193
2009/05/21,3070,3151
2009/05/22,3100,3210
2009/05/25,3100,3265
2009/05/26,3145,3280
2009/05/27,3100,3425
2009/05/28,3120,3436
2009/05/29,3060,3490
2009/06/01,3035,3700
2009/06/02,3080,3690
2009/06/03,2975,3600
2009/06/04,3050,3575
2009/06/05,3000,3600
2009/06/08,3000,3560
2009/06/09,3000,3599
2009/06/10,2979,3640
2009/06/11,2860,3610
2009/06/12,2900,3605
2009/06/15,2876,3560
2009/06/17,2868,3510
2009/06/18,2950,3530
2009/06/19,2900,3518
2009/06/22,2878,3365
2009/06/23,2816,3300
2009/06/24,2943,3290
2009/06/25,2843,3330
2009/06/26,2885,3400
2009/06/29,2850,3490
2009/06/30,2902,3500
2009/07/01,3051,3479
2009/07/02,3046,3450
2009/07/03,3000,3366
2009/07/06,2925,3280
2009/07/07,2960,3340
2009/07/08,2960,3300
2009/07/09,2987,3402
2009/07/10,2980,3463
2009/07/13,2965,3495
2009/07/14,2914,3536
2009/07/15,2898,3585
2009/07/16,2875,3650
2009/07/17,2890,3560
2009/07/20,2899,3620
2009/07/21,2877,3700
2009/07/22,2850,3685
2009/07/23,2800,3720
2009/07/24,2840,3700
2009/07/27,2874,3664
2009/07/28,2970,3520
2009/07/29,2956,3535
2009/07/30,2857,3600
2009/07/31,2904,3700
2009/08/03,2960,3750
2009/08/04,3000,3850
2009/08/05,2950,3996
2009/08/06,2927,4021
2009/08/07,2970,3960
2009/08/11,2930,3800
2009/08/12,2875,3700
2009/08/13,2840,3790
2009/08/14,2854,3860
2009/08/17,2825,3675
2009/08/18,2810,3770
2009/08/19,2830,3705
2009/08/20,2866,3700
2009/08/21,2905,3781
2009/08/24,3010,3800
2009/08/25,2900,3730
2009/08/26,3000,3700
2009/08/27,3090,3770
2009/08/28,3182,3910
2009/08/31,3213,4120
2009/09/01,3290,3999
2009/09/02,3210,3800
2009/09/03,3319,3804
2009/09/04,3390,3900
2009/09/07,3360,3880
2009/09/08,3310,3825
2009/09/09,3298,4030
2009/09/10,3362,4190
2009/09/11,3480,4420
2009/09/14,3330,4221
2009/09/15,3325,4250
2009/09/16,3335,4450
2009/09/17,3549,4700
2009/09/18,3600,4599
2009/09/21,3500,4370
2009/09/22,3521,4575
2009/09/23,3549,4550
2009/09/25,3489,4611
2009/09/28,3450,4524
2009/09/29,3388,4490
2009/09/30,3390,4325
2009/10/01,3300,4470
2009/10/02,3255,4247
2009/10/05,3329,4250
2009/10/06,3385,4270
2009/10/07,3400,4330
2009/10/08,3300,4420
2009/10/09,3370,4398
2009/10/12,3400,4295
2009/10/13,3380,4187
2009/10/14,3410,4139
2009/10/15,3385,4290
2009/10/16,3254,4190
2009/10/19,3220,4250
2009/10/20,3330,4200
2009/10/21,3290,4105
2009/10/22,3430,4186
2009/10/23,3416,4155
2009/10/26,3319,4200
2009/10/27,3300,4032
2009/10/28,3232,3851
2009/10/29,3350,4024
2009/10/30,3295,4175
2009/11/02,3200,4001
2009/11/03,3170,3960
2009/11/04,3250,3960
2009/11/05,3200,3960
2009/11/06,3134,3980
2009/11/09,3220,3955
2009/11/10,3250,4148
2009/11/11,3360,4134
2009/11/12,3300,4155
2009/11/13,3290,4111
2009/11/16,3300,4126
2009/11/17,3338,4090
2009/11/18,3243,4098
2009/11/19,3225,4010
2009/11/20,3199,3955
2009/11/23,3200,3990
2009/11/24,3199,3940
2009/11/25,3170,3870
2009/11/26,3135,3705
2009/11/27,3105,3711
2009/11/30,3102,3700
2009/12/01,3170,3779
2009/12/02,3145,3750
2009/12/03,3140,3715
2009/12/04,3180,3710
2009/12/07,3148,3700
2009/12/08,3210,3670
2009/12/09,3240,3760
2009/12/10,3340,3900
2009/12/11,3418,3944
2009/12/14,3424,3914
2009/12/15,3443,3940
2009/12/17,3500,3940
2009/12/18,3416,3978
2009/12/21,3475,3923
2009/12/22,3428,3901
2009/12/23,3485,3900
2009/12/24,3499,3900
2009/12/28,3482,3982
2009/12/29,3493,3900
2009/12/30,3439,3990
2009/12/31,3473,3990
2010/01/04,3480,3970
2010/01/05,3501,4020
2010/01/06,3540,3954
2010/01/07,3490,3960
2010/01/08,3542,3960
2010/01/11,3330,3970
2010/01/12,3305,3905
2010/01/13,3250,3840
2010/01/14,3375,3870
2010/01/15,3316,3849
2010/01/18,3338,3850
2010/01/19,3301,3855
2010/01/20,3400,3900
2010/01/21,3359,3800
2010/01/22,3425,3680
2010/01/25,3370,3747
2010/01/26,3360,3615
2010/01/27,3400,3550
2010/01/28,3405,3561
2010/01/29,3355,3550
2010/02/01,3327,3530
2010/02/02,3280,3600
2010/02/03,3310,3700
2010/02/04,3372,3655
2010/02/05,3289,3576
2010/02/08,3345,3598
2010/02/09,3328,3702
2010/02/10,3317,3865
2010/02/11,3285,3790
2010/02/12,3246,3660
2010/02/15,3296,3690
2010/02/16,3290,3680
2010/02/17,3400,3860
2010/02/18,3390,3835
2010/02/19,3230,3742
2010/02/22,3231,3817
2010/02/23,3287,3775
2010/02/24,3220,3750
2010/02/25,3235,3743
2010/02/26,3250,3740
2010/03/01,3239,3765
2010/03/02,3219,3840
2010/03/03,3220,3850
2010/03/04,3235,3860
2010/03/05,3236,3835
2010/03/08,3290,3960
2010/03/09,3300,3911
2010/03/10,3321,3998
2010/03/11,3250,3960
2010/03/12,3275,3978
2010/03/15,3225,4015
2010/03/16,3265,4000
2010/03/17,3300,3950
2010/03/18,3315,3750
2010/03/19,3275,3549
2010/03/23,3270,3571
2010/03/24,3275,3555
2010/03/25,3400,3600
2010/03/26,3352,3640
2010/03/29,3340,3736
2010/03/30,3350,3780
2010/03/31,3420,3760
2010/04/01,3370,3740
2010/04/06,3400,3860
2010/04/07,3400,3900
2010/04/08,3320,3880
2010/04/09,3335,3940
2010/04/12,3322,3832
2010/04/13,3297,3860
2010/04/14,3282,3802
2010/04/15,3294,3777
2010/04/16,3250,3770
2010/04/19,3247,3750
2010/04/20,3259,3795
2010/04/21,3269,3790
2010/04/22,3219,3750
2010/04/23,3320,3800
2010/04/26,3315,3830
2010/04/28,3315,3750
2010/04/29,3330,3746
2010/04/30,3315,3720
2010/05/03,3350,3750
2010/05/04,3300,3762
2010/05/05,3280,3720
2010/05/06,3330,3813
2010/05/07,3250,3657
2010/05/10,3317,3729
2010/05/11,3349,3800
2010/05/12,3430,3947
2010/05/13,3300,3917
2010/05/14,3240,3800
2010/05/17,3225,3795
2010/05/18,3244,3732
2010/05/19,3214,3706
2010/05/20,3160,3650
2010/05/21,3092,3527
2010/05/24,3122,3600
2010/05/25,3061,3521
2010/05/26,3200,3500
2010/05/27,3189,3660
2010/05/28,3230,3626
2010/05/31,3200,3650
2010/06/01,3206,3623
2010/06/02,3194,3627
2010/06/03,3187,3631
2010/06/04,3124,3545
2010/06/07,3065,3450
2010/06/08,3105,3421
2010/06/09,3137,3499
2010/06/10,3179,3560
2010/06/11,3134,3500
2010/06/14,3175,3530
2010/06/15,3250,3520
2010/06/17,3323,3570
2010/06/18,3335,3516
2010/06/21,3337,3485
2010/06/22,3295,3450
2010/06/23,3300,3430
2010/06/24,3287,3530
2010/06/25,3258,3510
2010/06/28,3235,3450
2010/06/29,3229,3400
2010/06/30,3180,3445
2010/07/01,3091,3343
2010/07/02,3116,3372
2010/07/05,3127,3377
2010/07/06,3120,3340
2010/07/07,3100,3265
2010/07/08,3094,3289
2010/07/09,3091,3325
2010/07/12,3080,3360
2010/07/13,3100,3345
2010/07/14,3148,3370
2010/07/15,3185,3351
2010/07/16,3117,3330
2010/07/19,3055,3305
2010/07/20,3062,3353
2010/07/21,3080,3394
2010/07/22,3144,3495
2010/07/23,3127,3535
2010/07/26,3150,3620
2010/07/27,3185,3680
2010/07/28,3208,3700
2010/07/29,3180,3630
2010/07/30,3225,3602
2010/08/02,3165,3660
2010/08/03,3150,3677
2010/08/04,3125,3670
2010/08/05,3125,3687
2010/08/06,3150,3775
2010/08/10,3085,3719
2010/08/11,3076,3731
2010/08/12,3080,3730
2010/08/13,3080,3756
2010/08/16,3068,3737
2010/08/17,3065,3799
2010/08/18,3032,3728
2010/08/19,3019,3714
2010/08/20,2970,3679
2010/08/23,2973,3656
2010/08/24,2967,3620
2010/08/25,2954,3550
2010/08/26,2945,3610
2010/08/27,2939,3671
2010/08/30,2934,3725
2010/08/31,3003,3800
2010/09/01,3001,3800
2010/09/02,2910,3760
2010/09/03,2940,3790
2010/09/06,2958,3799
2010/09/07,2943,3750
2010/09/08,2900,3759
2010/09/09,2886,3790
2010/09/10,2920,3836
2010/09/13,2969,3940
2010/09/14,2969,3930
2010/09/15,2992,3900
2010/09/16,2994,3917
2010/09/17,3000,3900
2010/09/20,2978,3931
2010/09/21,3020,4035
2010/09/22,3004,4006
2010/09/23,3000,4057
2010/09/27,3045,4189
2010/09/28,3058,4186
2010/09/29,3130,4300
2010/09/30,3196,4350
2010/10/01,3161,4230
2010/10/04,3174,4250
2010/10/05,3172,4274
2010/10/06,3190,4300
2010/10/07,3180,4187
2010/10/08,3200,4202
2010/10/11,3200,4075
2010/10/12,3200,4120
2010/10/13,3250,4125
2010/10/14,3228,4170
2010/10/15,3209,4140
2010/10/18,3250,4219
2010/10/19,3218,4203
2010/10/20,3290,4209
2010/10/21,3325,4217
2010/10/22,3312,4275
2010/10/25,3300,4355
2010/10/26,3319,4406
2010/10/27,3327,4400
2010/10/28,3311,4370
2010/10/29,3340,4400
2010/11/01,3370,4403
2010/11/02,3370,4450
2010/11/03,3444,4500
2010/11/04,3470,4470
2010/11/05,3430,4403
2010/11/08,3430,4420
2010/11/09,3386,4390
2010/11/10,3425,4403
2010/11/11,3394,4326
2010/11/12,3330,4400
2010/11/15,3350,4365
2010/11/16,3399,4331
2010/11/17,3387,4300
2010/11/18,3400,4355
2010/11/19,3394,4328
2010/11/22,3369,4320
2010/11/23,3325,4325
2010/11/24,3318,4255
2010/11/25,3327,4263
2010/11/26,3321,4178
2010/11/29,3335,4051
2010/11/30,3251,4080
2010/12/01,3293,4130
2010/12/02,3338,4085
2010/12/03,3283,4065
2010/12/06,3335,4060
2010/12/07,3332,4060
2010/12/08,3275,4100
2010/12/09,3297,4100
2010/12/10,3260,4089
2010/12/13,3280,4050
2010/12/14,3300,4100
2010/12/15,3325,4147
2010/12/17,3405,4249
2010/12/20,3333,4239
2010/12/21,3370,4260
2010/12/22,3375,4269
2010/12/23,3365,4295
2010/12/24,3353,4288
2010/12/28,3378,4300
2010/12/29,3425,4300
2010/12/30,3450,4330
2010/12/31,3495,4325
2011/01/03,3490,4325
2011/01/04,3510,4362
2011/01/05,3488,4404
2011/01/06,3490,4400
2011/01/07,3500,4450
2011/01/10,3313,4379
2011/01/11,3305,4404
2011/01/12,3280,4390
2011/01/13,3270,4230
2011/01/14,3279,4290
2011/01/17,3259,4290
2011/01/18,3200,4197
2011/01/19,3185,4238
2011/01/20,3200,4200
2011/01/21,3252,4199
2011/01/24,3260,4100
2011/01/25,3314,4055
2011/01/26,3350,4050
2011/01/27,3375,4050
2011/01/28,3265,3950
2011/01/31,3120,3802
2011/02/01,3013,3625
2011/02/02,3075,3707
2011/02/03,3040,3722
2011/02/04,3030,3750
2011/02/07,3010,3793
2011/02/08,2987,3775
2011/02/09,2984,3700
2011/02/10,2920,3785
2011/02/11,2900,3814
2011/02/14,2918,3811
2011/02/15,2880,3725
2011/02/16,2880,3750
2011/02/17,2875,3740
2011/02/18,2850,3723
2011/02/21,2845,3720
2011/02/22,2780,3655
2011/02/23,2750,3660
2011/02/24,2700,3560
2011/02/25,2735,3617
2011/02/28,2782,3658
2011/03/01,2746,3604
2011/03/02,2650,3650
2011/03/03,2695,3635
2011/03/04,2655,3627
2011/03/07,2610,3650
2011/03/08,2685,3750
2011/03/09,2718,3775
2011/03/10,2655,3745
2011/03/11,2566,3700
2011/03/14,2637,3565
2011/03/15,2600,3553
2011/03/16,2571,3475
2011/03/17,2534,3461
2011/03/18,2597,3538
2011/03/22,2500,3493
2011/03/23,2428,3519
2011/03/24,2427,3500
2011/03/25,2455,3550
2011/03/28,2405,3475
2011/03/29,2375,3500
2011/03/30,2395,3500
2011/03/31,2400,3567
2011/04/01,2418,3580
2011/04/04,2475,3625
2011/04/05,2583,3650
2011/04/06,2590,3675
2011/04/07,2610,3706
2011/04/08,2624,3700
2011/04/11,2577,3650
2011/04/12,2549,3556
2011/04/13,2544,3595
2011/04/14,2577,3518
2011/04/15,2585,3541
2011/04/18,2579,3467
2011/04/19,2549,3501
2011/04/20,2450,3510
2011/04/21,2450,3560
2011/04/26,2495,3508
2011/04/28,2529,3480
2011/04/29,2500,3487
2011/05/03,2516,3532
2011/05/04,2515,3515
2011/05/05,2521,3500
2011/05/06,2534,3464
2011/05/09,2520,3425
2011/05/10,2555,3444
2011/05/11,2570,3420
2011/05/12,2504,3375
2011/05/13,2509,3460
2011/05/16,2530,3395
2011/05/17,2575,3430
2011/05/19,2570,3407
2011/05/20,2520,3335
2011/05/23,2554,3379
2011/05/24,2625,3376
2011/05/25,2650,3385
2011/05/26,2675,3410
2011/05/27,2725,3429
2011/05/30,2730,3556
2011/05/31,2740,3575
2011/06/01,2748,3560
2011/06/02,2690,3540
2011/06/03,2685,3515
2011/06/06,2626,3510
2011/06/07,2674,3610
2011/06/08,2640,3610
2011/06/09,2652,3507
2011/06/10,2660,3560
2011/06/13,2677,3505
2011/06/14,2635,3548
2011/06/15,2663,3411
2011/06/17,2700,3447
2011/06/20,2660,3417
2011/06/21,2699,3475
2011/06/22,2686,3468
2011/06/23,2626,3400
2011/06/24,2620,3446
2011/06/27,2621,3483
2011/06/28,2650,3560
2011/06/29,2670,3578
2011/06/30,2680,3580
2011/07/01,2690,3620
2011/07/04,2677,3640
2011/07/05,2686,3688
2011/07/06,2719,3660
2011/07/07,2700,3650
2011/07/08,2719,3675
2011/07/11,2761,3660
2011/07/12,2688,3589
2011/07/13,2790,3600
2011/07/14,2785,3644
2011/07/15,2755,3675
2011/07/18,2700,3644
2011/07/19,2727,3630
2011/07/20,2682,3600
2011/07/21,2656,3600
2011/07/22,2638,3600
2011/07/25,2600,3586
2011/07/26,2588,3590
2011/07/27,2610,3600
2011/07/28,2570,3600
2011/07/29,2580,3578
2011/08/01,2560,3523
2011/08/02,2560,3538
2011/08/03,2542,3540
2011/08/04,2500,3488
2011/08/05,2440,3334
2011/08/08,2310,3438
2011/08/10,2330,3369
2011/08/11,2330,3480
2011/08/12,2376,3385
2011/08/15,2425,3390
2011/08/16,2390,3336
2011/08/17,2412,3352
2011/08/18,2425,3240
2011/08/19,2364,3255
2011/08/22,2355,3292
2011/08/23,2369,3187
2011/08/24,2345,3251
2011/08/25,2340,3300
2011/08/26,2360,3300
2011/08/29,2346,3291
2011/08/30,2337,3311
2011/08/31,2360,3400
2011/09/01,2336,3355
2011/09/02,2335,3328
2011/09/05,2315,3352
2011/09/06,2333,3320
2011/09/07,2336,3378
2011/09/08,2340,3380
2011/09/09,2350,3374
2011/09/12,2330,3310
2011/09/13,2302,3310
2011/09/14,2377,3380
2011/09/15,2400,3499
2011/09/16,2389,3600
2011/09/19,2364,3570
2011/09/20,2376,3580
2011/09/21,2420,3577
2011/09/22,2370,3425
2011/09/23,2347,3400
2011/09/26,2340,3481
2011/09/27,2330,3539
2011/09/28,2335,3481
2011/09/29,2302,3400
2011/09/30,2325,3451
2011/10/03,2340,3470
2011/10/04,2310,3398
2011/10/05,2300,3375
2011/10/06,2314,3400
2011/10/07,2310,3500
2011/10/10,2310,3395
2011/10/11,2330,3510
2011/10/12,2360,3553
2011/10/13,2390,3575
2011/10/14,2402,3613
2011/10/17,2370,3540
2011/10/18,2394,3503
2011/10/19,2350,3520
2011/10/20,2360,3541
2011/10/21,2368,3569
2011/10/24,2365,3604
2011/10/25,2360,3621
2011/10/26,2325,3587
2011/10/27,2360,3638
2011/10/28,2400,3720
2011/10/31,2406,3710
2011/11/01,2380,3700
2011/11/02,2410,3735
2011/11/03,2430,3807
2011/11/04,2435,3855
2011/11/07,2488,3831
2011/11/08,2563,3850
2011/11/09,2585,3799
2011/11/10,2612,3699
2011/11/11,2618,3742
2011/11/14,2628,3709
2011/11/15,2676,3710
2011/11/16,2639,3710
2011/11/17,2640,3691
2011/11/18,2610,3645
2011/11/21,2610,3608
2011/11/22,2635,3586
2011/11/23,2621,3520
2011/12/02,2621,3520
2011/12/05,2621,3520
2011/12/06,2621,3520
2011/12/07,2621,3520
2011/12/08,2621,3520
2011/12/09,2621,3520
2011/12/12,2621,3520
2011/12/13,2748,3375
2011/12/14,2668,3270
2011/12/15,2680,3200
2011/12/19,2650,3210
2011/12/20,2645,3190
2011/12/21,2697,3269
2011/12/22,2730,3250
2011/12/23,2724,3280
2011/12/28,2720,3259
2011/12/29,2725,3300
2011/12/30,2739,3300
2012/01/03,2760,3341
2012/01/04,2780,3370
2012/01/05,2782,3370
2012/01/06,2800,3390
2012/01/09,2700,3385
2012/01/10,2690,3384
2012/01/11,2690,3400
2012/01/12,2671,3430
2012/01/13,2699,3466
2012/01/16,2721,3455
2012/01/17,2750,3435
2012/01/18,2808,3475
2012/01/19,2800,3458
2012/01/20,2814,3450
2012/01/23,2820,3435
2012/01/24,2799,3445
2012/01/25,2780,3478
2012/01/26,2805,3504
2012/01/27,2828,3501
2012/01/30,2830,3500
2012/01/31,2828,3477
2012/02/01,2855,3438
2012/02/02,2900,3400
2012/02/03,2905,3425
2012/02/06,2910,3394
2012/02/07,2908,3360
2012/02/08,2936,3432
2012/02/09,2968,3470
2012/02/10,2999,3496
2012/02/13,3050,3497
2012/02/14,3041,3462
2012/02/15,3073,3465
2012/02/16,3040,3435
2012/02/17,3069,3485
2012/02/20,3082,3500
2012/02/21,3085,3513
2012/02/22,3120,3588
2012/02/23,3150,3460
2012/02/24,3163,3529
2012/02/27,3150,3530
2012/02/28,3156,3557
2012/02/29,3160,3620
2012/03/01,3150,3660
2012/03/02,3170,3600
2012/03/05,3135,3609
2012/03/06,3104,3572
2012/03/07,3042,3550
2012/03/08,3012,3600
2012/03/09,3135,3670
2012/03/12,3174,3670
2012/03/13,3190,3718
2012/03/14,3285,3812
2012/03/15,3304,3795
2012/03/16,3220,3754
2012/03/19,3190,3720
2012/03/20,3184,3760
2012/03/22,3151,3696
2012/03/23,3160,3767
2012/03/26,3200,3765
2012/03/27,3256,3863
2012/03/28,3215,3900
2012/03/29,3235,3893
2012/03/30,3280,3909
2012/04/02,3288,3899
2012/04/03,3271,3910
2012/04/04,3275,3916
2012/04/05,3314,3987
2012/04/10,3305,4045
2012/04/11,3305,4060
2012/04/12,3278,4124
2012/04/13,3297,4190
2012/04/16,3181,4195
2012/04/17,3176,4260
2012/04/18,3159,4150
2012/04/19,3147,4130
2012/04/20,3149,4098
2012/04/23,3113,4025
2012/04/24,3080,4006
2012/04/25,3050,4010
2012/04/26,3098,3896
2012/04/30,3098,3976
2012/05/02,3105,3960
2012/05/03,3125,3930
2012/05/04,3131,3860
2012/05/07,3110,3930
2012/05/08,3091,3895
2012/05/09,3051,3854
2012/05/10,3048,3840
2012/05/11,3014,3827
2012/05/14,2955,3740
2012/05/15,2914,3651
2012/05/16,2900,3741
2012/05/17,2906,3776
2012/05/18,2934,3698
2012/05/21,2866,3700
2012/05/22,2870,3740
2012/05/23,2880,3697
2012/05/24,2811,3732
2012/05/25,2815,3800
2012/05/28,2824,3850
2012/05/29,2886,3800
2012/05/30,2800,3788
2012/05/31,2787,3850
2012/06/01,2785,3840
2012/06/04,2752,3817
2012/06/05,2700,3792
2012/06/06,2702,3775
2012/06/07,2735,3876
2012/06/08,2718,3822
2012/06/11,2685,3812
2012/06/12,2700,3860
2012/06/13,2760,3865
2012/06/14,2701,3864
2012/06/15,2816,3884
2012/06/18,2760,3859
2012/06/19,2765,3929
2012/06/20,2803,3914
2012/06/21,2800,3835
2012/06/22,2740,3755
2012/06/25,2679,3720
2012/06/26,2660,3765
2012/06/27,2666,3600
2012/06/28,2640,3590
2012/06/29,2675,3580
2012/07/02,2642,3579
2012/07/03,2685,3581
2012/07/04,2700,3670
2012/07/05,2767,3670
2012/07/06,2751,3670
2012/07/09,2691,3500
2012/07/10,2700,3495
2012/07/11,2659,3440
2012/07/12,2569,3420
2012/07/13,2551,3450
2012/07/16,2561,3450
2012/07/17,2570,3450
2012/07/18,2550,3398
2012/07/19,2500,3395
2012/07/20,2450,3316
2012/07/23,2460,3288
2012/07/24,2460,3331
2012/07/25,2470,3389
2012/07/26,2450,3337
2012/07/27,2500,3475
2012/07/30,2515,3441
2012/07/31,2588,3600
2012/08/01,2655,3570
2012/08/02,2682,3650
2012/08/03,2725,3580
2012/08/06,2665,3540
2012/08/07,2670,3490
2012/08/08,2645,3492
2012/08/10,2649,3502
2012/08/13,2627,3520
2012/08/14,2662,3575
2012/08/15,2640,3476
2012/08/16,2629,3440
2012/08/17,2690,3328
2012/08/20,2702,3288
2012/08/21,2755,3280
2012/08/22,2726,3189
2012/08/23,2792,3195
2012/08/24,2820,3165
2012/08/27,2790,3151
2012/08/28,2815,3175
2012/08/29,2782,3255
2012/08/30,2671,3080
2012/08/31,2660,3077
2012/09/03,2700,3059
2012/09/04,2700,3039
2012/09/05,2674,3030
2012/09/06,2650,3070
2012/09/07,2650,3170
2012/09/10,2774,3129
2012/09/11,2717,3122
2012/09/12,2824,3125
2012/09/13,2828,3122
2012/09/14,2875,3175
2012/09/17,2899,3144
2012/09/18,2975,3135
2012/09/19,2981,3201
2012/09/20,2950,3180
2012/09/21,3046,3132
2012/09/25,2990,3124
2012/09/26,2885,3100
2012/09/27,2925,3163
2012/09/28,2900,3129
2012/10/01,2893,3128
2012/10/02,2883,3148
2012/10/03,2835,3129
2012/10/04,2821,3123
2012/10/05,2813,3150
2012/10/08,2800,3085
2012/10/09,2775,3046
2012/10/10,2805,3040
2012/10/11,2776,3055
2012/10/12,2844,3105
2012/10/15,2838,3070
2012/10/16,2910,3090
2012/10/17,2987,3204
2012/10/18,3000,3175
2012/10/19,2980,3192
2012/10/22,2973,3160
2012/10/23,2890,3170
2012/10/24,2896,3150
2012/10/25,2936,3110
2012/10/26,2932,3045
2012/10/29,2880,3060
2012/10/30,2830,3100
2012/10/31,2899,3094
2012/11/01,2885,3100
2012/11/02,2979,3179
2012/11/05,3006,3120
2012/11/06,2929,3080
2012/11/07,2930,3050
2012/11/08,2870,2992
2012/11/09,2880,2890
2012/11/12,2820,2823
2012/11/13,2866,2800
2012/11/14,2860,2765
2012/11/15,2868,2779
2012/11/16,2846,2748
2012/11/19,2839,2735
2012/11/21,2850,2657
2012/11/22,2860,2635
2012/11/23,2900,2600
2012/11/24,2900,2600
2012/11/25,2900,2600
2012/11/26,2915,2569
2012/11/27,2929,2630
2012/11/28,2898,2602
2012/11/29,2920,2599
2012/11/30,2926,2691
2012/12/03,2870,2652
2012/12/04,2960,2757
2012/12/05,3010,2750
2012/12/06,3020,2710
2012/12/07,3061,2700
2012/12/10,3175,2725
2012/12/11,3285,2815
2012/12/12,3261,2979
2012/12/13,3350,3050
2012/12/14,3315,2974
2012/12/18,3420,2955
2012/12/19,3549,2964
2012/12/20,3494,2979
2012/12/21,3476,2990
2012/12/24,3450,2997
2012/12/27,3477,3037
2012/12/28,3455,3023
2012/12/31,3420,3066
2013/01/02,3520,3060
2013/01/03,3460,3063
2013/01/04,3486,3090
2013/01/07,3317,3189
2013/01/08,3340,3199
2013/01/09,3350,3176
2013/01/10,3300,3070
2013/01/11,3227,3100
2013/01/14,3275,3090
2013/01/15,3268,3107
2013/01/16,3296,3086
2013/01/17,3294,3060
2013/01/18,3300,2959
2013/01/21,3270,2857
2013/01/22,3265,2851
2013/01/23,3275,2840
2013/01/24,3345,2876
2013/01/25,3319,2926
2013/01/28,3200,2998
2013/01/29,3194,3000
2013/01/30,3200,3029
2013/01/31,3275,3125
2013/02/01,3287,3090
2013/02/04,3261,2966
2013/02/05,3209,2965
2013/02/06,3210,2973
2013/02/07,3212,2960
2013/02/08,3259,2965
2013/02/11,3300,2990
2013/02/12,3330,2960
2013/02/13,3355,3016
2013/02/14,3382,3250
2013/02/15,3289,3225
2013/02/18,3335,3175
2013/02/19,3296,3199
2013/02/20,3329,3188
2013/02/21,3315,3167
2013/02/22,3307,3114
2013/02/25,3368,3198
2013/02/26,3400,3162
2013/02/27,3390,3157
2013/02/28,3451,3280
2013/03/01,3504,3388
2013/03/04,3550,3484
2013/03/05,3615,3621
2013/03/06,3620,3574
2013/03/07,3588,3560
2013/03/08,3585,3568
2013/03/11,3597,3688
2013/03/12,3626,3740
2013/03/13,3525,3700
2013/03/14,3440,3700
2013/03/15,3350,3589
2013/03/18,3319,3580
2013/03/19,3280,3580
2013/03/20,3287,3500
2013/03/22,3255,3394
2013/03/25,3200,3365
2013/03/26,3250,3370
2013/03/27,3200,3295
2013/03/28,3205,3227
2013/04/02,3300,3230
2013/04/03,3339,3135
2013/04/04,3349,3090
2013/04/05,3341,3100
2013/04/08,3394,3118
2013/04/09,3335,3074
2013/04/10,3410,3108
2013/04/11,3425,3090
2013/04/12,3480,3048
2013/04/15,3366,2877
2013/04/16,3390,2990
2013/04/17,3395,3020
2013/04/18,3360,3036
2013/04/19,3385,3070
2013/04/22,3420,3100
2013/04/23,3425,3092
2013/04/24,3399,3090
2013/04/25,3460,3161
2013/04/26,3350,3115
2013/04/29,3370,3100
2013/04/30,3281,2950
2013/05/02,3336,3050
2013/05/03,3402,3032
2013/05/06,3352,3024
2013/05/07,3395,3052
2013/05/08,3430,3020
2013/05/09,3450,3005
2013/05/10,3500,3055
2013/05/13,3525,3051
2013/05/14,3476,3084
2013/05/15,3474,3068
2013/05/16,3285,2975
2013/05/17,3234,2826
2013/05/20,3145,2830
2013/05/21,3108,2820
2013/05/22,3150,2807
2013/05/23,3088,2806
2013/05/24,3169,2901
2013/05/27,3188,2900
2013/05/28,3275,2903
2013/05/29,3229,2905
2013/05/30,3180,2901
2013/05/31,3235,2910
2013/06/03,3105,2905
2013/06/04,3080,3060
2013/06/05,3030,3012
2013/06/06,3078,2880
2013/06/07,3050,2936
2013/06/10,3050,2914
2013/06/11,3030,2840
2013/06/12,3000,2808
2013/06/13,2960,2800
2013/06/14,2940,2810
2013/06/18,2938,2866
2013/06/19,2949,2885
2013/06/20,2876,2800
2013/06/21,2990,2785
2013/06/24,2895,2929
2013/06/25,2875,2825
2013/06/26,2851,2800
2013/06/27,2800,2955
2013/06/28,2979,2990
2013/07/01,3037,2975
2013/07/02,3025,2993
2013/07/03,2950,2886
2013/07/04,3000,2900
2013/07/05,2995,2875
2013/07/08,2914,2866
2013/07/09,2900,2828
2013/07/10,2868,2827
2013/07/11,2918,2854
2013/07/12,2952,2935
2013/07/15,2934,2955
2013/07/16,2886,2970
2013/07/17,2853,2985
2013/07/18,2835,2986
2013/07/19,2847,2965
2013/07/22,2883,3053
2013/07/23,2970,3155
2013/07/24,2948,3130
2013/07/25,2862,3096
2013/07/26,2852,3097
2013/07/29,2891,2990
2013/07/30,2922,2970
2013/07/31,2900,2929
2013/08/01,2859,2985
2013/08/02,2855,3015
2013/08/05,2860,2670
2013/08/06,2880,2600
2013/08/07,2917,2600
2013/08/08,3063,2629
2013/08/12,3050,2622
2013/08/13,3219,2650
2013/08/14,3109,2692
2013/08/15,3047,2714
2013/08/16,3037,2700
2013/08/19,3027,2732
2013/08/20,2977,2709
2013/08/21,2992,2738
2013/08/22,3022,2755
2013/08/23,3020,2722
2013/08/26,3031,2730
2013/08/27,2975,2720
2013/08/28,2968,2645
2013/08/29,3010,2660
2013/08/30,2963,2724
2013/09/02,2941,2725
2013/09/03,2925,2890
2013/09/04,2965,2915
2013/09/05,2940,2930
2013/09/06,2900,2960
2013/09/09,2930,2925
2013/09/10,2950,2840
2013/09/11,2950,2710
2013/09/12,2973,2700
2013/09/13,2979,2670
2013/09/16,3020,2620
2013/09/17,3100,2614
2013/09/18,3020,2550
2013/09/19,3110,2485
2013/09/20,3100,2520
2013/09/23,3074,2500
2013/09/25,3046,2535
2013/09/26,3061,2520
2013/09/27,3095,2500
2013/09/30,3020,2440
2013/10/01,3056,2430
2013/10/02,3100,2502
2013/10/03,3152,2529
2013/10/04,3162,2490
2013/10/07,3155,2575
2013/10/08,3115,2657
2013/10/09,3100,2780
2013/10/10,3133,2770
2013/10/11,3121,2845
2013/10/14,3111,2746
2013/10/15,3120,2766
2013/10/16,3129,2780
2013/10/17,3100,2690
2013/10/18,3120,2737
2013/10/21,3174,2850
2013/10/22,3146,2850
2013/10/23,3153,2875
2013/10/24,3137,2980
2013/10/25,3115,2970
2013/10/28,3121,3095
2013/10/29,3155,3000
2013/10/30,3190,2982
2013/10/31,3175,2950
2013/11/01,3165,2900
2013/11/04,3165,2955
2013/11/05,3150,3000
2013/11/06,3225,3040
2013/11/07,3225,3146
2013/11/08,3155,3060
2013/11/11,3170,3007
2013/11/12,3150,2971
2013/11/13,3140,2940
2013/11/14,3162,2900
2013/11/15,3201,3053
2013/11/18,3190,3124
2013/11/19,3239,3001
2013/11/20,3200,3134
2013/11/21,3200,3130
2013/11/22,3154,3100
2013/11/25,3180,3036
2013/11/26,3155,2947
2013/11/27,3084,2975
2013/11/28,3090,3000
2013/11/29,3130,2951
2013/12/02,3125,2992
2013/12/03,3095,2897
2013/12/04,3104,2968
2013/12/05,3044,2846
2013/12/06,3023,2930
2013/12/09,3130,2932
2013/12/10,3149,2950
2013/12/11,3134,2926
2013/12/12,3149,2799
2013/12/13,3101,2824
2013/12/17,3090,2933
2013/12/18,3070,2900
2013/12/19,3060,2783
2013/12/20,3081,2693
2013/12/23,3073,2698
2013/12/24,3085,2696
2013/12/27,3038,2679
2013/12/30,3099,2708
2013/12/31,3140,2644
2014/01/02,3143,2630
2014/01/03,3150,2587
2014/01/06,2938,2530
2014/01/07,2941,2579
2014/01/08,2940,2546
2014/01/09,2961,2580
2014/01/10,2940,2496
2014/01/13,2940,2517
2014/01/14,2945,2480
2014/01/15,3077,2508
2014/01/16,3060,2596
2014/01/17,2960,2554
2014/01/20,2995,2506
2014/01/21,2961,2504
2014/01/22,3040,2510
2014/01/23,3024,2531
2014/01/24,3033,2485
2014/01/27,2951,2417
2014/01/28,2942,2434
2014/01/29,2930,2381
2014/01/30,2945,2312
2014/01/31,2981,2335
2014/02/03,2940,2365
2014/02/04,2913,2364
2014/02/05,2915,2357
2014/02/06,3015,2345
2014/02/07,2931,2360
2014/02/10,2948,2395
2014/02/11,2972,2366
2014/02/12,2940,2350
2014/02/13,2932,2341
2014/02/14,2929,2354
2014/02/17,2960,2335
2014/02/18,2937,2275
2014/02/19,2968,2231
2014/02/20,2917,2205
2014/02/21,2930,2240
2014/02/24,2935,2230
2014/02/25,2926,2180
2014/02/26,2923,2254
2014/02/27,2917,2210
2014/02/28,2940,2220
2014/03/03,2910,2194
2014/03/04,2915,2125
2014/03/05,2940,2140
2014/03/06,2920,2178
2014/03/07,2890,2136
2014/03/10,2850,2085
2014/03/11,2865,2046
2014/03/12,2884,2072
2014/03/13,2850,2155
2014/03/14,2877,2235
2014/03/17,2903,2250
2014/03/18,2929,2205
2014/03/19,2955,2208
2014/03/20,2860,2114
2014/03/24,2970,2190
2014/03/25,2970,2200
2014/03/26,2960,2320
2014/03/27,2930,2217
2014/03/28,2955,2292
2014/03/31,2924,2266
2014/04/01,2939,2277
2014/04/02,2920,2430
2014/04/03,2897,2380
2014/04/04,2958,2357
2014/04/07,2985,2309
2014/04/08,3010,2289
2014/04/09,3016,2293
2014/04/10,3000,2280
2014/04/11,3060,2262
2014/04/14,3067,2288
2014/04/15,3020,2280
2014/04/16,3094,2300
2014/04/17,3040,2305
2014/04/22,3061,2272
2014/04/23,3050,2358
2014/04/24,3040,2297
2014/04/25,3080,2276
2014/04/29,3060,2287
2014/04/30,3060,2260
2014/05/02,3101,2280
2014/05/05,3105,2335
2014/05/06,3139,2320
2014/05/08,3248,2365
2014/05/09,3310,2375
2014/05/12,3290,2411
2014/05/13,3320,2443
2014/05/14,3193,2455
2014/05/15,3235,2399
2014/05/16,3209,2394
2014/05/19,3295,2435
2014/05/20,3135,2482
2014/05/21,3175,2400
2014/05/22,3220,2400
2014/05/23,3225,2389
2014/05/26,3239,2380
2014/05/27,3228,2354
2014/05/28,3255,2355
2014/05/29,3218,2375
2014/05/30,3250,2364
2014/06/02,3175,2350
2014/06/03,3268,2325
2014/06/04,3204,2300
2014/06/05,3245,2270
2014/06/06,3230,2266
2014/06/09,3160,2255
2014/06/10,3170,2265
2014/06/11,3200,2284
2014/06/12,3185,2282
2014/06/13,3160,2278
2014/06/17,3165,2303
2014/06/18,3144,2261
2014/06/19,3177,2269
2014/06/20,3260,2260
2014/06/23,3227,2286
2014/06/24,3226,2286
2014/06/25,3195,2281
2014/06/26,3141,2279
2014/06/27,3160,2265
2014/06/30,3135,2315
2014/07/01,3200,2350
2014/07/02,3183,2250
2014/07/03,3173,2394
2014/07/04,3163,2350
2014/07/07,3121,2380
2014/07/08,3135,2410
2014/07/09,3171,2400
2014/07/10,3080,2398
2014/07/11,3109,2430
2014/07/14,3191,2422
2014/07/15,3179,2344
2014/07/16,3159,2200
2014/07/17,3150,2227
2014/07/18,3169,2267
2014/07/21,3194,2305
2014/07/22,3275,2300
2014/07/23,3286,2311
2014/07/24,3306,2361
2014/07/25,3261,2401
2014/07/28,3280,2419
2014/07/29,3295,2445
2014/07/30,3256,2443
2014/07/31,3216,2431
2014/08/01,3280,2390
2014/08/04,3287,2400
2014/08/05,3250,2408
2014/08/06,3238,2371
2014/08/07,3225,2370
2014/08/08,3270,2311
2014/08/11,3260,2327
2014/08/12,3265,2291
2014/08/13,3270,2308
2014/08/14,3280,2240
2014/08/15,3229,2290
2014/08/18,3317,2317
2014/08/19,3275,2345
2014/08/20,3270,2312
2014/08/21,3250,2320
2014/08/22,3287,2321
2014/08/25,3325,2330
2014/08/26,3310,2382
2014/08/27,3311,2350
2014/08/28,3325,2359
2014/08/29,3311,2284
2014/09/01,3400,2250
2014/09/02,3350,2285
2014/09/03,3385,2280
2014/09/04,3373,2277
2014/09/05,3390,2280
2014/09/08,3450,2267
2014/09/09,3396,2250
2014/09/10,3398,2253
2014/09/11,3395,2278
2014/09/12,3305,2280
2014/09/15,3308,2270
2014/09/16,3295,2240
2014/09/17,3247,2239
2014/09/18,3263,2227
2014/09/19,3250,2261
2014/09/22,3000,2295
2014/09/23,3000,2240
2014/09/25,3000,2241
2014/09/26,2990,2283
2014/09/29,3020,2235
2014/09/30,2956,2222
2014/10/01,2860,2250
2014/10/02,2866,2246
2014/10/03,2900,2270
2014/10/06,2900,2256
2014/10/07,2844,2214
2014/10/08,2807,2214
2014/10/09,2847,2212
2014/10/10,2830,2150
2014/10/13,2810,2158
2014/10/14,2917,2131
2014/10/15,2790,2052
2014/10/16,2771,2080
2014/10/17,2775,2110
2014/10/20,2840,2123
2014/10/21,2812,2082
2014/10/22,2846,2140
2014/10/23,2801,2104
2014/10/24,2790,2070
2014/10/27,2803,2069
2014/10/28,2797,2069
2014/10/29,2804,2034
2014/10/30,2795,2010
2014/10/31,2960,2026
2014/11/03,2871,2100
2014/11/04,2818,2061
2014/11/05,2841,1990
2014/11/06,2790,1934
2014/11/07,2745,1895
2014/11/10,2740,1894
2014/11/11,2700,1849
2014/11/12,2768,1800
2014/11/13,2781,1753
2014/11/14,2700,1745
2014/11/17,2695,1730
2014/11/18,2581,1641
2014/11/19,2603,1627
2014/11/20,2605,1715
2014/11/21,2558,1795
2014/11/24,2615,1829
2014/11/25,2571,1750
2014/11/26,2602,1718
2014/11/27,2580,1661
2014/11/28,2557,1701
2014/12/01,2510,1716
2014/12/02,2508,1720
2014/12/03,2512,1651
2014/12/04,2528,1658
2014/12/05,2500,1710
2014/12/08,2454,1665
2014/12/09,2400,1659
2014/12/10,2454,1581
2014/12/11,2453,1601
2014/12/12,2502,1550
2014/12/15,2500,1513
2014/12/17,2432,1537
2014/12/18,2490,1599
2014/12/19,2550,1652
2014/12/22,2625,1639
2014/12/23,2728,1678
2014/12/24,2700,1695
2014/12/29,2740,1713
2014/12/30,2760,1721
2014/12/31,2750,1740
2015/01/02,2721,1735
2015/01/05,2550,1789
2015/01/06,2565,1700
2015/01/07,2603,1735
2015/01/08,2511,1660
2015/01/09,2485,1619
2015/01/12,2354,1628
2015/01/13,2335,1653
2015/01/14,2380,1650
2015/01/15,2320,1630
2015/01/16,2350,1610
2015/01/19,2417,1648
2015/01/20,2398,1700
2015/01/21,2391,1695
2015/01/22,2352,1670
2015/01/23,2369,1682
2015/01/26,2220,1710
2015/01/27,2189,1688
2015/01/28,2160,1668
2015/01/29,2045,1712
2015/01/30,2140,1781
2015/02/02,2141,1818
2015/02/03,2180,1870
2015/02/04,2150,1809
2015/02/05,2126,1805
2015/02/06,2085,1750
2015/02/09,2112,1726
2015/02/10,2050,1678
2015/02/11,2030,1626
2015/02/12,1991,1532
2015/02/13,1863,1519
2015/02/16,1840,1587
2015/02/17,1851,1710
2015/02/18,1889,1655
2015/02/19,1895,1660
2015/02/20,1915,1660
2015/02/23,1915,1660
2015/02/24,1857,1595
2015/02/25,1818,1554
2015/02/26,1840,1554
2015/02/27,1812,1561
2015/03/02,1831,1587
2015/03/03,1847,1527
2015/03/04,1836,1443
2015/03/05,1781,1320
2015/03/06,1790,1400
2015/03/09,1820,1403
2015/03/10,1800,1375
2015/03/11,1742,1351
2015/03/12,1754,1325
2015/03/13,1716,1344
2015/03/16,1690,1365
2015/03/17,1744,1270
2015/03/18,1744,1256
2015/03/19,1803,1263
2015/03/20,1855,1283
2015/03/23,1908,1289
2015/03/24,1935,1272
2015/03/25,1851,1183
2015/03/26,1796,1150
2015/03/27,1899,1125
2015/03/30,1890,1140
2015/03/31,1833,1124
2015/04/01,1830,1162
2015/04/02,1799,1170
2015/04/07,1742,1165
2015/04/08,1772,1155
2015/04/09,1785,1150
2015/04/10,1825,1160
2015/04/13,1835,1120
2015/04/14,1785,1118
2015/04/15,1783,1127
2015/04/16,1801,1146
2015/04/17,1796,1140
2015/04/20,1777,1145
2015/04/21,1785,1090
2015/04/22,1707,1045
2015/04/23,1723,1063
2015/04/24,1713,1085
2015/04/28,1746,1105
2015/04/29,1713,1054
2015/04/30,1702,1070
2015/05/04,1730,1100
2015/05/05,1778,1137
2015/05/06,1810,1143
2015/05/07,1728,1111
2015/05/08,1672,1124
2015/05/11,1630,1127
2015/05/12,1683,1112
2015/05/13,1720,1108
2015/05/14,1719,1105
2015/05/15,1766,1080
2015/05/18,1767,1064
2015/05/19,1895,1015
2015/05/20,1960,1058
2015/05/21,2116,1025
2015/05/22,2060,998
2015/05/25,2015,955
2015/05/26,1870,890
2015/05/27,1881,880
2015/05/28,1967,858
2015/05/29,2030,855
2015/06/01,2002,845
2015/06/02,2000,835
2015/06/03,1976,835
2015/06/04,2005,815
2015/06/05,1995,815
2015/06/08,1939,825
2015/06/09,1902,828
2015/06/10,1944,900
2015/06/11,1920,755
2015/06/12,1940,730
2015/06/15,1980,726
2015/06/17,1985,725
2015/06/18,1945,730
2015/06/19,1913,667
2015/06/22,1898,630
2015/06/23,1840,595
2015/06/24,1834,580
2015/06/25,1833,585
2015/06/26,1790,585
2015/06/29,1793,576
2015/06/30,1765,575
2015/07/01,1759,570
2015/07/02,1797,578
2015/07/03,1820,590
2015/07/06,1857,600
2015/07/07,1835,594
2015/07/08,1855,581
2015/07/09,1969,588
2015/07/10,2000,580
2015/07/13,1926,574
2015/07/14,1930,570
2015/07/15,1944,570
2015/07/16,2012,543
2015/07/17,2044,584
2015/07/20,1989,603
2015/07/21,2035,641
2015/07/22,2060,655
2015/07/23,2084,703
2015/07/24,2030,670
2015/07/27,2070,641
2015/07/28,2000,625
2015/07/29,2113,620
2015/07/30,2234,623
2015/07/31,2251,645
2015/08/03,2230,620
2015/08/04,2210,635
2015/08/05,2210,633
2015/08/06,2204,623
2015/08/07,2204,625
2015/08/11,2248,623
2015/08/12,2228,608
2015/08/13,2204,596
2015/08/14,2180,551
2015/08/17,2200,512
2015/08/18,2213,498
2015/08/19,2139,500
2015/08/20,2200,500
2015/08/21,2180,485
2015/08/24,2060,471
2015/08/25,2117,471
2015/08/26,2051,470
2015/08/27,2075,460
2015/08/28,2139,485
2015/08/31,2170,481
2015/09/01,2104,500
2015/09/02,2130,545
2015/09/03,2125,576
2015/09/04,2139,535
2015/09/07,2060,570
2015/09/08,2065,516
2015/09/09,2036,515
2015/09/10,2035,500
2015/09/11,2070,485
2015/09/14,2103,483
2015/09/15,2085,465
2015/09/16,2085,462
2015/09/17,2060,441
2015/09/18,1998,405
2015/09/21,1905,399
2015/09/22,1950,396
2015/09/23,1840,382
2015/09/25,1806,360
2015/09/28,1733,357
2015/09/29,1716,356
2015/09/30,1710,360
2015/10/01,1741,341
2015/10/02,1783,344
2015/10/05,1801,363
2015/10/06,1752,395
2015/10/07,1725,417
2015/10/08,1743,435
2015/10/09,1769,450
2015/10/12,1770,465
2015/10/13,1751,435
2015/10/14,1762,400
2015/10/15,1765,406
2015/10/16,1765,399
2015/10/19,1758,380
2015/10/20,1737,375
2015/10/21,1728,366
2015/10/22,1697,345
2015/10/23,1763,350
2015/10/26,1809,351
2015/10/27,1733,350
2015/10/28,1730,345
2015/10/29,1680,347
2015/10/30,1665,342
2015/11/02,1650,341
2015/11/03,1691,337
2015/11/04,1691,333
2015/11/05,1685,333
2015/11/06,1639,325
2015/11/09,1573,316
2015/11/10,1600,304
2015/11/11,1606,290
2015/11/12,1575,266
2015/11/13,1605,273
2015/11/16,1565,275
2015/11/17,1525,289
2015/11/18,1602,287
2015/11/19,1690,270
2015/11/20,1675,258
2015/11/23,1668,262
